resolution,palette,k,mode,operation,weighting,mean_us,mean_nodes,mean_branches,search_fraction,mean_factor_updates,mean_fixed_calls,mean_decompositions,mean_component_solves,identified_fraction,unique_fraction,mean_family_size,mean_free_cells,mean_gac_gap,mean_shape_variables,mean_component,max_us,max_nodes,max_branches,max_component
8,same,0,both,feasibility,family,4.57461809,1,0,0,37.9313048,0.219766034,0,0,0.876654598,0.67090118,4.00065555,0.111016287,0,0,0.514913594,9.795,1,0,8
8,same,0,both,feasibility,occupancy_balanced,4.77182878,1,0,0,36.7936198,0.386067708,0,0,0.720865885,0.455078125,11.2070312,0.1640625,0,0,1.2734375,9.795,1,0,8
8,same,0,both,feasibility,truth,4.77182878,1,0,0,36.7936198,0.386067708,0,0,0.720865885,0.455078125,11.2070312,0.1640625,0,0,1.2734375,9.795,1,0,8
8,same,0,both,projection,family,9.0560816,1.92676321,0,0,78.0449664,0.832496958,0,0,0.876654598,0.67090118,4.00065555,0.111016287,0,0,0.514913594,119.271,9,0,8
8,same,0,both,projection,occupancy_balanced,13.9695332,3.06901042,0,0,103.432292,1.99023438,0,0,0.720865885,0.455078125,11.2070312,0.1640625,0,0,1.2734375,119.271,9,0,8
8,same,0,both,projection,truth,13.9695332,3.06901042,0,0,103.432292,1.99023438,0,0,0.720865885,0.455078125,11.2070312,0.1640625,0,0,1.2734375,119.271,9,0,8
8,same,0,decomposition,feasibility,family,5.13312289,1.69552407,0.400524066,0.219766034,40.924252,0,0.11625,0.295,0.876654598,0.67090118,4.00065555,0.111016287,0,0,0.514913594,28.002,9,4,8
8,same,0,decomposition,feasibility,occupancy_balanced,6.26212044,2.35351562,0.797526042,0.386067708,46.030599,0,0.190104167,0.555989583,0.720865885,0.455078125,11.2070312,0.1640625,0,0,1.2734375,28.002,9,4,8
8,same,0,decomposition,feasibility,truth,6.26212044,2.35351562,0.797526042,0.386067708,46.030599,0,0.190104167,0.555989583,0.720865885,0.455078125,11.2070312,0.1640625,0,0,1.2734375,28.002,9,4,8
8,same,0,decomposition,projection,family,9.13278261,3.17210458,0.948556194,0.219766034,78.9421877,0,0.28625,0.676666667,0.876654598,0.67090118,4.00065555,0.111016287,0,0,0.514913594,66.25,37,16,8
8,same,0,decomposition,projection,occupancy_balanced,14.075735,6.26953125,2.37825521,0.386067708,107.449219,0,0.67578125,1.73828125,0.720865885,0.455078125,11.2070312,0.1640625,0,0,1.2734375,66.25,37,16,8
8,same,0,decomposition,projection,truth,14.075735,6.26953125,2.37825521,0.386067708,107.449219,0,0.67578125,1.73828125,0.720865885,0.455078125,11.2070312,0.1640625,0,0,1.2734375,66.25,37,16,8
8,same,0,fixed_hit,feasibility,family,4.56624418,1,0,0,37.9313048,0.219766034,0,0,0.876654598,0.67090118,4.00065555,0.111016287,0,0,0.514913594,10.436,1,0,8
8,same,0,fixed_hit,feasibility,occupancy_balanced,4.75313281,1,0,0,36.7936198,0.386067708,0,0,0.720865885,0.455078125,11.2070312,0.1640625,0,0,1.2734375,10.436,1,0,8
8,same,0,fixed_hit,feasibility,truth,4.75313281,1,0,0,36.7936198,0.386067708,0,0,0.720865885,0.455078125,11.2070312,0.1640625,0,0,1.2734375,10.436,1,0,8
8,same,0,fixed_hit,projection,family,8.87941723,1.92676321,0,0,78.0449664,0.832496958,0,0,0.876654598,0.67090118,4.00065555,0.111016287,0,0,0.514913594,90.437,9,0,8
8,same,0,fixed_hit,projection,occupancy_balanced,13.3971764,3.06901042,0,0,103.432292,1.99023438,0,0,0.720865885,0.455078125,11.2070312,0.1640625,0,0,1.2734375,90.437,9,0,8
8,same,0,fixed_hit,projection,truth,13.3971764,3.06901042,0,0,103.432292,1.99023438,0,0,0.720865885,0.455078125,11.2070312,0.1640625,0,0,1.2734375,90.437,9,0,8
8,same,0,search,feasibility,family,5.16911186,1.40052407,0.400524066,0.219766034,42.9859187,0,0,0,0.876654598,0.67090118,4.00065555,0.111016287,0,0,0.514913594,34.452,5,4,8
8,same,0,search,feasibility,occupancy_balanced,6.3380957,1.79752604,0.797526042,0.386067708,49.858724,0,0,0,0.720865885,0.455078125,11.2070312,0.1640625,0,0,1.2734375,34.452,5,4,8
8,same,0,search,feasibility,truth,6.3380957,1.79752604,0.797526042,0.386067708,49.858724,0,0,0,0.720865885,0.455078125,11.2070312,0.1640625,0,0,1.2734375,34.452,5,4,8
8,same,0,search,projection,family,9.31102529,2.49543791,0.948556194,0.219766034,83.6855211,0,0,0,0.876654598,0.67090118,4.00065555,0.111016287,0,0,0.514913594,65.48,21,16,8
8,same,0,search,projection,occupancy_balanced,14.5671504,4.53125,2.37825521,0.386067708,119.744792,0,0,0,0.720865885,0.455078125,11.2070312,0.1640625,0,0,1.2734375,65.48,21,16,8
8,same,0,search,projection,truth,14.5671504,4.53125,2.37825521,0.386067708,119.744792,0,0,0,0.720865885,0.455078125,11.2070312,0.1640625,0,0,1.2734375,65.48,21,16,8
8,same,1,both,feasibility,family,4.74753319,1,0,0,38.5577585,0.216428408,0,0,0.885158838,0.662204848,3.33810992,0.122675774,0,0,0.500513066,16.335,1,0,8
8,same,1,both,feasibility,occupancy_balanced,4.91569523,1,0,0,37.708252,0.362548828,0,0,0.750427246,0.471598307,9.03238932,0.176432292,0,0,1.12548828,16.335,1,0,8
8,same,1,both,feasibility,truth,4.95342849,1,0,0,37.7486979,0.376627604,0,0,0.740749783,0.446072049,9.2484809,0.194878472,0,0,1.17599826,16.335,1,0,8
8,same,1,both,projection,family,8.86721644,1.86297719,0,0,78.0036356,0.72312357,0,0,0.885158838,0.662204848,3.33810992,0.122675774,0,0,0.500513066,101.734,9,0,8
8,same,1,both,projection,occupancy_balanced,12.4480946,2.82373047,0,0,97.9951986,1.69539388,0,0,0.750427246,0.471598307,9.03238932,0.176432292,0,0,1.12548828,101.734,9,0,8
8,same,1,both,projection,truth,12.7666478,2.89561632,0,0,100.087023,1.74576823,0,0,0.740749783,0.446072049,9.2484809,0.194878472,0,0,1.17599826,101.734,9,0,8
8,same,1,decomposition,feasibility,family,5.22413753,1.60460549,0.360577714,0.216428408,41.4231419,0,0.101180556,0.244027778,0.885158838,0.662204848,3.33810992,0.122675774,0,0,0.500513066,65.519,9,4,8
8,same,1,decomposition,feasibility,occupancy_balanced,6.16085555,2.21150716,0.711507161,0.362548828,45.3781738,0,0.1796875,0.5,0.750427246,0.471598307,9.03238932,0.176432292,0,0,1.12548828,65.519,9,4,8
8,same,1,decomposition,feasibility,truth,6.25468859,2.23643663,0.730360243,0.376627604,45.9136285,0,0.182725694,0.506076389,0.740749783,0.446072049,9.2484809,0.194878472,0,0,1.17599826,65.519,9,4,8
8,same,1,decomposition,projection,family,9.10775239,2.80085539,0.77922724,0.216428408,78.8424851,0,0.219097222,0.500694444,0.885158838,0.662204848,3.33810992,0.122675774,0,0,0.500513066,88.584,37,16,8
8,same,1,decomposition,projection,occupancy_balanced,13.3238588,5.49348958,1.9987793,0.362548828,101.478678,0,0.579101562,1.43945312,0.750427246,0.471598307,9.03238932,0.176432292,0,0,1.12548828,88.584,37,16,8
8,same,1,decomposition,projection,truth,13.6553065,5.59244792,2.04047309,0.376627604,103.69694,0,0.5859375,1.453125,0.740749783,0.446072049,9.2484809,0.194878472,0,0,1.17599826,88.584,37,16,8
8,same,1,fixed_hit,feasibility,family,4.75174831,1,0,0,38.5577585,0.216428408,0,0,0.885158838,0.662204848,3.33810992,0.122675774,0,0,0.500513066,14.492,1,0,8
8,same,1,fixed_hit,feasibility,occupancy_balanced,4.92571688,1,0,0,37.708252,0.362548828,0,0,0.750427246,0.471598307,9.03238932,0.176432292,0,0,1.12548828,14.492,1,0,8
8,same,1,fixed_hit,feasibility,truth,4.96421506,1,0,0,37.7486979,0.376627604,0,0,0.740749783,0.446072049,9.2484809,0.194878472,0,0,1.17599826,14.492,1,0,8
8,same,1,fixed_hit,projection,family,8.94518921,1.86297719,0,0,78.0036356,0.72312357,0,0,0.885158838,0.662204848,3.33810992,0.122675774,0,0,0.500513066,86.43,9,0,8
8,same,1,fixed_hit,projection,occupancy_balanced,12.5455207,2.82373047,0,0,97.9951986,1.69539388,0,0,0.750427246,0.471598307,9.03238932,0.176432292,0,0,1.12548828,86.43,9,0,8
8,same,1,fixed_hit,projection,truth,12.8500627,2.89561632,0,0,100.087023,1.74576823,0,0,0.740749783,0.446072049,9.2484809,0.194878472,0,0,1.17599826,86.43,9,0,8
8,same,1,search,feasibility,family,5.2930836,1.36057771,0.360577714,0.216428408,43.1324474,0,0,0,0.885158838,0.662204848,3.33810992,0.122675774,0,0,0.500513066,51.588,5,4,8
8,same,1,search,feasibility,occupancy_balanced,6.29793888,1.71150716,0.711507161,0.362548828,48.857666,0,0,0,0.750427246,0.471598307,9.03238932,0.176432292,0,0,1.12548828,51.588,5,4,8
8,same,1,search,feasibility,truth,6.39183691,1.73036024,0.730360243,0.376627604,49.4409722,0,0,0,0.740749783,0.446072049,9.2484809,0.194878472,0,0,1.17599826,51.588,5,4,8
8,same,1,search,projection,family,9.29164154,2.30016094,0.77922724,0.216428408,82.3640129,0,0,0,0.885158838,0.662204848,3.33810992,0.122675774,0,0,0.500513066,73.341,21,16,8
8,same,1,search,projection,occupancy_balanced,13.761679,4.05403646,1.9987793,0.362548828,111.712077,0,0,0,0.750427246,0.471598307,9.03238932,0.176432292,0,0,1.12548828,73.341,21,16,8
8,same,1,search,projection,truth,14.1062665,4.13932292,2.04047309,0.376627604,114.054145,0,0,0,0.740749783,0.446072049,9.2484809,0.194878472,0,0,1.17599826,73.341,21,16,8
8,same,2,both,feasibility,family,4.9126404,1.00286528,0.00286528223,0.00286528223,39.4102248,0.209990507,0,0,0.892234405,0.647316198,2.87250582,0.126493585,0,0.00325839489,0.485051907,34.392,2,1,8
8,same,2,both,feasibility,occupancy_balanced,5.07368319,1.00683594,0.0068359375,0.0068359375,38.902832,0.338419596,0,0,0.775543213,0.473307292,7.37976074,0.173339844,0,0.00764973958,0.997192383,34.392,2,1,8
8,same,2,both,feasibility,truth,5.16187898,1.00889757,0.00889756944,0.00889756944,39.0810909,0.364076968,0,0,0.756600839,0.424189815,7.78240741,0.205946181,0,0.00998263889,1.09743924,34.392,2,1,8
8,same,2,both,projection,family,8.95320038,1.82399763,0.00314122042,0.00286528223,78.8932144,0.612420275,0,0,0.892234405,0.647316198,2.87250582,0.126493585,0,0.00325839489,0.485051907,164.088,9,2,8
8,same,2,both,projection,occupancy_balanced,12.0355451,2.66182454,0.00748697917,0.0068359375,95.382609,1.44340007,0,0,0.775543213,0.473307292,7.37976074,0.173339844,0,0.00764973958,0.997192383,164.088,9,2,8
8,same,2,both,projection,truth,12.6909849,2.80135995,0.0100549769,0.00889756944,99.5345775,1.53074363,0,0,0.756600839,0.424189815,7.78240741,0.205946181,0,0.00998263889,1.09743924,164.088,9,2,8
8,same,2,decomposition,feasibility,family,5.29331618,1.5168648,0.323438877,0.212855789,42.1432923,0,0.0836921296,0.193425926,0.892234405,0.647316198,2.87250582,0.126493585,0,0.00325839489,0.485051907,20.38,9,4,8
8,same,2,decomposition,feasibility,occupancy_balanced,6.06012838,2.0814209,0.638712565,0.345255534,45.2738037,0,0.166666667,0.442708333,0.775543213,0.473307292,7.37976074,0.173339844,0,0.00764973958,0.997192383,20.38,9,4,8
8,same,2,decomposition,feasibility,truth,6.24304478,2.12847222,0.674768519,0.372974537,46.3206742,0,0.172164352,0.453703704,0.756600839,0.424189815,7.78240741,0.205946181,0,0.00998263889,1.09743924,20.38,9,4,8
8,same,2,decomposition,projection,family,9.140998,2.50725219,0.634766593,0.212855789,79.6566045,0,0.159571759,0.355601852,0.892234405,0.647316198,2.87250582,0.126493585,0,0.00325839489,0.485051907,103.747,37,16,8
8,same,2,decomposition,projection,occupancy_balanced,12.8735516,4.84411621,1.67338053,0.345255534,98.2030436,0,0.483072917,1.16927083,0.775543213,0.473307292,7.37976074,0.173339844,0,0.00764973958,0.997192383,103.747,37,16,8
8,same,2,decomposition,projection,truth,13.5045432,5.03399884,1.75086806,0.372974537,102.677083,0,0.493923611,1.19097222,0.756600839,0.424189815,7.78240741,0.205946181,0,0.00998263889,1.09743924,103.747,37,16,8
8,same,2,fixed_hit,feasibility,family,4.89707649,1.00286528,0.00286528223,0.00286528223,39.4102248,0.209990507,0,0,0.892234405,0.647316198,2.87250582,0.126493585,0,0.00325839489,0.485051907,29.024,2,1,8
8,same,2,fixed_hit,feasibility,occupancy_balanced,5.06892912,1.00683594,0.0068359375,0.0068359375,38.902832,0.338419596,0,0,0.775543213,0.473307292,7.37976074,0.173339844,0,0.00764973958,0.997192383,29.024,2,1,8
8,same,2,fixed_hit,feasibility,truth,5.15696087,1.00889757,0.00889756944,0.00889756944,39.0810909,0.364076968,0,0,0.756600839,0.424189815,7.78240741,0.205946181,0,0.00998263889,1.09743924,29.024,2,1,8
8,same,2,fixed_hit,projection,family,9.03939522,1.82399763,0.00314122042,0.00286528223,78.8932144,0.612420275,0,0,0.892234405,0.647316198,2.87250582,0.126493585,0,0.00325839489,0.485051907,134.223,9,2,8
8,same,2,fixed_hit,projection,occupancy_balanced,11.9868483,2.66182454,0.00748697917,0.0068359375,95.382609,1.44340007,0,0,0.775543213,0.473307292,7.37976074,0.173339844,0,0.00764973958,0.997192383,134.223,9,2,8
8,same,2,fixed_hit,projection,truth,12.6145446,2.80135995,0.0100549769,0.00889756944,99.5345775,1.53074363,0,0,0.756600839,0.424189815,7.78240741,0.205946181,0,0.00998263889,1.09743924,134.223,9,2,8
8,same,2,search,feasibility,family,5.33919167,1.32343888,0.323438877,0.212855789,43.5061627,0,0,0,0.892234405,0.647316198,2.87250582,0.126493585,0,0.00325839489,0.485051907,24.647,5,4,8
8,same,2,search,feasibility,occupancy_balanced,6.18989693,1.63871257,0.638712565,0.345255534,48.3844808,0,0,0,0.775543213,0.473307292,7.37976074,0.173339844,0,0.00764973958,0.997192383,24.647,5,4,8
8,same,2,search,feasibility,truth,6.37788621,1.67476852,0.674768519,0.372974537,49.5255353,0,0,0,0.756600839,0.424189815,7.78240741,0.205946181,0,0.00998263889,1.09743924,24.647,5,4,8
8,same,2,search,projection,family,9.25003759,2.15165034,0.634766593,0.212855789,82.1710026,0,0,0,0.892234405,0.647316198,2.87250582,0.126493585,0,0.00325839489,0.485051907,96.816,21,16,8
8,same,2,search,projection,occupancy_balanced,12.9456356,3.67484538,1.67338053,0.345255534,106.549072,0,0,0,0.775543213,0.473307292,7.37976074,0.173339844,0,0.00764973958,0.997192383,96.816,21,16,8
8,same,2,search,projection,truth,13.5975027,3.84302662,1.75086806,0.372974537,111.225116,0,0,0,0.756600839,0.424189815,7.78240741,0.205946181,0,0.00998263889,1.09743924,96.816,21,16,8
8,same,3,both,feasibility,family,5.10086472,1.055118,0.0323990544,0.0196675729,40.4455618,0.205333443,0.00908082562,0.0227189429,0.892375885,0.645650135,2.81741811,0.116424612,0.025462963,0.0356570663,0.478024263,51.569,7,2,8
8,same,3,both,feasibility,occupancy_balanced,5.23190179,1.04927572,0.0299072266,0.0207926432,39.9009399,0.325642904,0.00699869792,0.0193684896,0.789077759,0.487650553,6.67938232,0.159383138,0.0182291667,0.0328369141,0.917175293,51.569,7,2,8
8,same,3,both,feasibility,truth,5.41005208,1.08318866,0.0479841821,0.0317804784,40.4252508,0.365981867,0.0128279321,0.0352044753,0.760380498,0.415653935,7.35358796,0.207995756,0.0324074074,0.0527584877,1.04923804,51.569,7,2,8
8,same,3,both,projection,family,9.21366477,1.98934967,0.0928359728,0.0196675729,80.6804098,0.57222989,0.0266251929,0.0617139275,0.892375885,0.645650135,2.81741811,0.116424612,0.025462963,0.0356570663,0.478024263,128.465,46,14,8
8,same,3,both,projection,occupancy_balanced,11.7043278,2.73592122,0.0935872396,0.0207926432,94.6214396,1.3098348,0.0284830729,0.0711263021,0.789077759,0.487650553,6.67938232,0.159383138,0.0182291667,0.0328369141,0.917175293,128.465,46,14,8
8,same,3,both,projection,truth,12.7764965,3.08275463,0.162374614,0.0317804784,101.318625,1.44256366,0.0516010802,0.128375772,0.760380498,0.415653935,7.35358796,0.207995756,0.0324074074,0.0527584877,1.04923804,128.465,46,14,8
8,same,3,decomposition,feasibility,family,5.4610117,1.50937538,0.32630729,0.208481961,42.9578506,0,0.0785132137,0.183068094,0.892375885,0.645650135,2.81741811,0.116424612,0.025462963,0.0356570663,0.478024263,31.347,10,5,8
8,same,3,decomposition,feasibility,occupancy_balanced,6.09017204,2.01611328,0.604003906,0.329182943,45.3303426,0,0.157226562,0.412109375,0.789077759,0.487650553,6.67938232,0.159383138,0.0182291667,0.0328369141,0.917175293,31.347,10,5,8
8,same,3,decomposition,feasibility,truth,6.38172637,2.09997106,0.665123457,0.366994599,46.925299,0,0.16642554,0.434847608,0.760380498,0.415653935,7.35358796,0.207995756,0.0324074074,0.0527584877,1.04923804,31.347,10,5,8
8,same,3,decomposition,projection,family,9.31915173,2.5502987,0.647723584,0.208481961,81.25231,0,0.154366802,0.34649402,0.892375885,0.645650135,2.81741811,0.116424612,0.025462963,0.0356570663,0.478024263,67.562,43,20,8
8,same,3,decomposition,projection,occupancy_balanced,12.1987038,4.61350505,1.55444336,0.329182943,97.0373535,0,0.441894531,1.06347656,0.789077759,0.487650553,6.67938232,0.159383138,0.0182291667,0.0328369141,0.917175293,67.562,43,20,8
8,same,3,decomposition,projection,truth,13.2288173,5.00597994,1.71407215,0.366994599,104.03043,0,0.471402392,1.13334298,0.760380498,0.415653935,7.35358796,0.207995756,0.0324074074,0.0527584877,1.04923804,67.562,43,20,8
8,same,3,fixed_hit,feasibility,family,5.10113052,1.03239905,0.0323990544,0.0196675729,40.5033357,0.20046751,0,0,0.892375885,0.645650135,2.81741811,0.116424612,0.025462963,0.0356570663,0.478024263,54.994,3,2,8
8,same,3,fixed_hit,feasibility,occupancy_balanced,5.24282361,1.02990723,0.0299072266,0.0207926432,39.9377238,0.318806966,0,0,0.789077759,0.487650553,6.67938232,0.159383138,0.0182291667,0.0328369141,0.917175293,54.994,3,2,8
8,same,3,fixed_hit,feasibility,truth,5.40564911,1.04798418,0.0479841821,0.0317804784,40.4925733,0.353539738,0,0,0.760380498,0.415653935,7.35358796,0.207995756,0.0324074074,0.0527584877,1.04923804,54.994,3,2,8
8,same,3,fixed_hit,projection,family,9.21611571,1.92763574,0.0928359728,0.0196675729,80.8567794,0.563457707,0,0,0.892375885,0.645650135,2.81741811,0.116424612,0.025462963,0.0356570663,0.478024263,125.039,24,14,8
8,same,3,fixed_hit,projection,occupancy_balanced,11.7396908,2.66479492,0.0935872396,0.0207926432,94.7961629,1.2942098,0,0,0.789077759,0.487650553,6.67938232,0.159383138,0.0182291667,0.0328369141,0.917175293,125.039,24,14,8
8,same,3,fixed_hit,projection,truth,12.8071149,2.95437886,0.162374614,0.0317804784,101.635368,1.41449653,0,0,0.760380498,0.415653935,7.35358796,0.207995756,0.0324074074,0.0527584877,1.04923804,125.039,24,14,8
8,same,3,search,feasibility,family,5.5077026,1.32630729,0.32630729,0.208481961,44.2676355,0,0,0,0.892375885,0.645650135,2.81741811,0.116424612,0.025462963,0.0356570663,0.478024263,30.336,6,5,8
8,same,3,search,feasibility,occupancy_balanced,6.21713969,1.60400391,0.604003906,0.329182943,48.2574259,0,0,0,0.789077759,0.487650553,6.67938232,0.159383138,0.0182291667,0.0328369141,0.917175293,30.336,6,5,8
8,same,3,search,feasibility,truth,6.51587929,1.66512346,0.665123457,0.366994599,50.041088,0,0,0,0.760380498,0.415653935,7.35358796,0.207995756,0.0324074074,0.0527584877,1.04923804,30.336,6,5,8
8,same,3,search,projection,family,9.44135518,2.20380468,0.647723584,0.208481961,83.7453029,0,0,0,0.892375885,0.645650135,2.81741811,0.116424612,0.025462963,0.0356570663,0.478024263,69.956,27,20,8
8,same,3,search,projection,occupancy_balanced,12.5634292,3.55002848,1.55444336,0.329182943,104.714742,0,0,0,0.789077759,0.487650553,6.67938232,0.159383138,0.0182291667,0.0328369141,0.917175293,69.956,27,20,8
8,same,3,search,projection,truth,13.6328309,3.87263696,1.71407215,0.366994599,112.302951,0,0,0,0.760380498,0.415653935,7.35358796,0.207995756,0.0324074074,0.0527584877,1.04923804,69.956,27,20,8
8,same,4,both,feasibility,family,5.24057229,1.00865225,0.00865224725,0.00837260519,41.1107043,0.170867176,0,0,0.913241845,0.665252765,2.23176326,0.0888088436,0.000317529856,0.0109547912,0.40086191,51.798,3,2,8
8,same,4,both,feasibility,occupancy_balanced,5.37712493,1.01755778,0.0175577799,0.0171508789,40.7980448,0.286590576,0,0,0.820844014,0.50491333,5.16375732,0.125508626,0.000813802083,0.0222371419,0.792643229,51.798,3,2,8
8,same,4,both,feasibility,truth,5.57037465,1.02546296,0.025462963,0.0245627572,41.4946631,0.322080761,0,0,0.791694798,0.419431584,5.77591307,0.176761831,0.000964506173,0.0324074074,0.93444573,51.798,3,2,8
8,same,4,both,projection,family,9.09685559,1.69840846,0.0110591261,0.00837260519,80.013201,0.382344965,0,0,0.913241845,0.665252765,2.23176326,0.0888088436,0.000317529856,0.0109547912,0.40086191,186.592,9,4,8
8,same,4,both,projection,occupancy_balanced,11.3070435,2.39454142,0.024230957,0.0171508789,92.4590047,1.02480062,0,0,0.820844014,0.50491333,5.16375732,0.125508626,0.000813802083,0.0222371419,0.792643229,186.592,9,4,8
8,same,4,both,projection,truth,12.426216,2.63342335,0.0364583333,0.0245627572,99.9714506,1.1249357,0,0,0.791694798,0.419431584,5.77591307,0.176761831,0.000964506173,0.0324074074,0.93444573,186.592,9,4,8
8,same,4,decomposition,feasibility,family,5.51487864,1.33671061,0.235148107,0.179053354,43.3101006,0,0.0462239583,0.1015625,0.913241845,0.665252765,2.23176326,0.0888088436,0.000317529856,0.0109547912,0.40086191,23.546,9,4,8
8,same,4,decomposition,feasibility,occupancy_balanced,6.08142254,1.82493083,0.503092448,0.303334554,45.2895203,0,0.129669189,0.321838379,0.820844014,0.50491333,5.16375732,0.125508626,0.000813802083,0.0222371419,0.792643229,23.546,9,4,8
8,same,4,decomposition,feasibility,truth,6.39833539,1.89065715,0.555523405,0.346225566,47.0881237,0,0.136316872,0.335133745,0.791694798,0.419431584,5.77591307,0.176761831,0.000964506173,0.0324074074,0.93444573,23.546,9,4,8
8,same,4,decomposition,projection,family,9.16517238,2.02530892,0.390556618,0.179053354,80.5662069,0,0.0740017361,0.159722222,0.913241845,0.665252765,2.23176326,0.0888088436,0.000317529856,0.0109547912,0.40086191,90.186,37,16,8
8,same,4,decomposition,projection,occupancy_balanced,11.6318091,3.79042562,1.15826416,0.303334554,94.418101,0,0.313975016,0.732116699,0.820844014,0.50491333,5.16375732,0.125508626,0.000813802083,0.0222371419,0.792643229,90.186,37,16,8
8,same,4,decomposition,projection,truth,12.730507,4.09487526,1.26134902,0.346225566,102.436953,0,0.326388889,0.756944444,0.791694798,0.419431584,5.77591307,0.176761831,0.000964506173,0.0324074074,0.93444573,90.186,37,16,8
8,same,4,fixed_hit,feasibility,family,5.23710587,1.00865225,0.00865224725,0.00837260519,41.1107043,0.170867176,0,0,0.913241845,0.665252765,2.23176326,0.0888088436,0.000317529856,0.0109547912,0.40086191,42.615,3,2,8
8,same,4,fixed_hit,feasibility,occupancy_balanced,5.38144721,1.01755778,0.0175577799,0.0171508789,40.7980448,0.286590576,0,0,0.820844014,0.50491333,5.16375732,0.125508626,0.000813802083,0.0222371419,0.792643229,42.615,3,2,8
8,same,4,fixed_hit,feasibility,truth,5.57734893,1.02546296,0.025462963,0.0245627572,41.4946631,0.322080761,0,0,0.791694798,0.419431584,5.77591307,0.176761831,0.000964506173,0.0324074074,0.93444573,42.615,3,2,8
8,same,4,fixed_hit,projection,family,9.09119481,1.69840846,0.0110591261,0.00837260519,80.013201,0.382344965,0,0,0.913241845,0.665252765,2.23176326,0.0888088436,0.000317529856,0.0109547912,0.40086191,76.155,9,4,8
8,same,4,fixed_hit,projection,occupancy_balanced,11.1941012,2.39454142,0.024230957,0.0171508789,92.4590047,1.02480062,0,0,0.820844014,0.50491333,5.16375732,0.125508626,0.000813802083,0.0222371419,0.792643229,76.155,9,4,8
8,same,4,fixed_hit,projection,truth,12.2644334,2.63342335,0.0364583333,0.0245627572,99.9714506,1.1249357,0,0,0.791694798,0.419431584,5.77591307,0.176761831,0.000964506173,0.0324074074,0.93444573,76.155,9,4,8
8,same,4,search,feasibility,family,5.54093006,1.23514811,0.235148107,0.179053354,44.0331909,0,0,0,0.913241845,0.665252765,2.23176326,0.0888088436,0.000317529856,0.0109547912,0.40086191,60.331,5,4,8
8,same,4,search,feasibility,occupancy_balanced,6.161099,1.50309245,0.503092448,0.303334554,47.57488,0,0,0,0.820844014,0.50491333,5.16375732,0.125508626,0.000813802083,0.0222371419,0.792643229,60.331,5,4,8
8,same,4,search,feasibility,truth,6.48030167,1.55552341,0.555523405,0.346225566,49.4909015,0,0,0,0.791694798,0.419431584,5.77591307,0.176761831,0.000964506173,0.0324074074,0.93444573,60.331,5,4,8
8,same,4,search,projection,family,9.203577,1.8655867,0.390556618,0.179053354,81.7074106,0,0,0,0.913241845,0.665252765,2.23176326,0.0888088436,0.000317529856,0.0109547912,0.40086191,74.613,21,16,8
8,same,4,search,projection,occupancy_balanced,11.8183961,3.05830892,1.15826416,0.303334554,99.6649475,0,0,0,0.820844014,0.50491333,5.16375732,0.125508626,0.000813802083,0.0222371419,0.792643229,74.613,21,16,8
8,same,4,search,projection,truth,12.9286502,3.33793081,1.26134902,0.346225566,107.916635,0,0,0,0.791694798,0.419431584,5.77591307,0.176761831,0.000964506173,0.0324074074,0.93444573,74.613,21,16,8
8,same,5,both,feasibility,family,5.68903305,1.24980088,0.156895689,0.0870346739,42.8398564,0.216831727,0.0385587178,0.0929051959,0.870870384,0.59768355,3.15201402,0.0862021159,0.139687257,0.173489475,0.562616507,144.158,9,4,8
8,same,5,both,feasibility,occupancy_balanced,5.68627023,1.19509379,0.111923218,0.0672047933,41.7453918,0.317708333,0.0317382812,0.0831705729,0.795005798,0.499725342,6.30202738,0.11505127,0.0898030599,0.124643962,0.854919434,144.158,9,4,8
8,same,5,both,feasibility,truth,6.12133978,1.35575274,0.200360082,0.117305384,43.3494942,0.383766289,0.059627915,0.155392661,0.741981203,0.3802512,7.71069102,0.181177126,0.164823388,0.222136488,1.06618656,144.158,9,4,8
8,same,5,both,projection,family,10.5644733,2.69894577,0.403904623,0.0870346739,87.5511274,0.628886854,0.101074219,0.23063151,0.870870384,0.59768355,3.15201402,0.0862021159,0.139687257,0.173489475,0.562616507,126.772,57,24,8
8,same,5,both,projection,occupancy_balanced,12.25731,3.2235616,0.367355347,0.0672047933,96.6592306,1.23111979,0.112426758,0.272379557,0.795005798,0.499725342,6.30202738,0.11505127,0.0898030599,0.124643962,0.854919434,126.772,57,24,8
8,same,5,both,projection,truth,14.5345409,4.23499657,0.686685528,0.117305384,110.347201,1.47708762,0.212920096,0.515217764,0.741981203,0.3802512,7.71069102,0.181177126,0.164823388,0.222136488,1.06618656,126.772,57,24,8
8,same,5,decomposition,feasibility,family,6.01819194,1.68305092,0.447477173,0.24400986,45.0779892,0,0.0997204654,0.235573743,0.870870384,0.59768355,3.15201402,0.0862021159,0.139687257,0.173489475,0.562616507,81.303,11,6,8
8,same,5,decomposition,feasibility,occupancy_balanced,6.38779041,2.04212952,0.625198364,0.319788615,45.9609578,0,0.159637451,0.416931152,0.795005798,0.499725342,6.30202738,0.11505127,0.0898030599,0.124643962,0.854919434,81.303,11,6,8
8,same,5,decomposition,feasibility,truth,6.9503281,2.25898062,0.770919067,0.382716049,48.6803412,0,0.186321159,0.488061557,0.741981203,0.3802512,7.71069102,0.181177126,0.164823388,0.222136488,1.06618656,81.303,11,6,8
8,same,5,decomposition,projection,family,10.5541041,3.16684155,0.920479023,0.24400986,87.3935425,0,0.206315621,0.466342179,0.870870384,0.59768355,3.15201402,0.0862021159,0.139687257,0.173489475,0.562616507,150.638,49,24,8
8,same,5,decomposition,projection,occupancy_balanced,12.5868903,4.75146484,1.61025492,0.319788615,97.6786855,0,0.446695964,1.07307943,0.795005798,0.499725342,6.30202738,0.11505127,0.0898030599,0.124643962,0.854919434,150.638,49,24,8
8,same,5,decomposition,projection,truth,14.7152662,5.765625,2.03386488,0.382716049,111.018647,0,0.540166324,1.30069016,0.741981203,0.3802512,7.71069102,0.181177126,0.164823388,0.222136488,1.06618656,150.638,49,24,8
8,same,5,fixed_hit,feasibility,family,5.65863497,1.15689569,0.156895689,0.0870346739,43.1890214,0.201534832,0,0,0.870870384,0.59768355,3.15201402,0.0862021159,0.139687257,0.173489475,0.562616507,35.924,5,4,8
8,same,5,fixed_hit,feasibility,occupancy_balanced,5.65176634,1.11192322,0.111923218,0.0672047933,41.9890747,0.293965658,0,0,0.795005798,0.499725342,6.30202738,0.11505127,0.0898030599,0.124643962,0.854919434,35.924,5,4,8
8,same,5,fixed_hit,feasibility,truth,6.05826245,1.20036008,0.200360082,0.117305384,43.8209019,0.339270405,0,0,0.741981203,0.3802512,7.71069102,0.181177126,0.164823388,0.222136488,1.06618656,35.924,5,4,8
8,same,5,fixed_hit,projection,family,10.5384567,2.46831426,0.403904623,0.0870346739,88.4760148,0.602031385,0,0,0.870870384,0.59768355,3.15201402,0.0862021159,0.139687257,0.173489475,0.562616507,153.372,35,24,8
8,same,5,fixed_hit,projection,occupancy_balanced,12.2557808,2.95118205,0.367355347,0.0672047933,97.5860799,1.18003337,0,0,0.795005798,0.499725342,6.30202738,0.11505127,0.0898030599,0.124643962,0.854919434,153.372,35,24,8
8,same,5,fixed_hit,projection,truth,14.5054851,3.71977881,0.686685528,0.117305384,112.150141,1.3808942,0,0,0.741981203,0.3802512,7.71069102,0.181177126,0.164823388,0.222136488,1.06618656,153.372,35,24,8
8,same,5,search,feasibility,family,6.06711524,1.44747717,0.447477173,0.24400986,46.8994746,0,0,0,0.870870384,0.59768355,3.15201402,0.0862021159,0.139687257,0.173489475,0.562616507,38.798,7,6,8
8,same,5,search,feasibility,occupancy_balanced,6.49419081,1.62519836,0.625198364,0.319788615,49.0622508,0,0,0,0.795005798,0.499725342,6.30202738,0.11505127,0.0898030599,0.124643962,0.854919434,38.798,7,6,8
8,same,5,search,feasibility,truth,7.07330348,1.77091907,0.770919067,0.382716049,52.4095508,0,0,0,0.741981203,0.3802512,7.71069102,0.181177126,0.164823388,0.222136488,1.06618656,38.798,7,6,8
8,same,5,search,projection,family,10.6684893,2.70049937,0.920479023,0.24400986,91.0067927,0,0,0,0.870870384,0.59768355,3.15201402,0.0862021159,0.139687257,0.173489475,0.562616507,419.965,33,24,8
8,same,5,search,projection,occupancy_balanced,12.9137374,3.67838542,1.61025492,0.319788615,105.781398,0,0,0,0.795005798,0.499725342,6.30202738,0.11505127,0.0898030599,0.124643962,0.854919434,419.965,33,24,8
8,same,5,search,projection,truth,15.1390679,4.46493484,2.03386488,0.382716049,121.137924,0,0,0,0.741981203,0.3802512,7.71069102,0.181177126,0.164823388,0.222136488,1.06618656,419.965,33,24,8
8,same,6,both,feasibility,family,6.13678779,1.42273278,0.252585033,0.130932412,44.2946535,0.238372772,0.0714019983,0.170147747,0.848323622,0.565605067,3.61092511,0.0703553441,0.231974678,0.286257263,0.635155688,79.01,9,4,8
8,same,6,both,feasibility,occupancy_balanced,6.01257573,1.30470276,0.170588175,0.0966542562,42.7815425,0.328130086,0.0514322917,0.134114583,0.786018372,0.496887207,6.66034953,0.0937296549,0.144327799,0.194814046,0.876881917,79.01,9,4,8
8,same,6,both,feasibility,truth,6.6516959,1.56977309,0.311199703,0.168738569,45.0135602,0.413151578,0.0994513032,0.258573388,0.716706676,0.356567215,8.670639,0.158093278,0.272062186,0.357696045,1.13808871,79.01,9,4,8
8,same,6,both,projection,family,12.08711,3.39804292,0.700311722,0.130932412,93.0312984,0.742916662,0.182769983,0.412414966,0.848323622,0.565605067,3.61092511,0.0703553441,0.231974678,0.286257263,0.635155688,148.916,57,24,8
8,same,6,both,projection,occupancy_balanced,13.4527798,3.71481832,0.581985474,0.0966542562,100.046539,1.29716492,0.182291667,0.438802083,0.786018372,0.496887207,6.66034953,0.0937296549,0.144327799,0.194814046,0.876881917,148.916,57,24,8
8,same,6,both,projection,truth,16.7140054,5.29972565,1.12858653,0.168738569,118.514918,1.64080361,0.361454047,0.868998628,0.716706676,0.356567215,8.670639,0.158093278,0.272062186,0.357696045,1.13808871,148.916,57,24,8
8,same,6,decomposition,feasibility,family,6.47720179,1.88839618,0.566914466,0.272084151,46.479699,0,0.135350234,0.321481718,0.848323622,0.565605067,3.61092511,0.0703553441,0.231974678,0.286257263,0.635155688,108.814,11,6,8
8,same,6,decomposition,feasibility,occupancy_balanced,6.68539125,2.13603719,0.680877686,0.325663249,46.7548396,0,0.172892253,0.455159505,0.786018372,0.496887207,6.66034953,0.0937296549,0.144327799,0.194814046,0.876881917,108.814,11,6,8
8,same,6,decomposition,feasibility,truth,7.46305333,2.46077675,0.890017718,0.400763032,50.2434414,0,0.215420668,0.570759031,0.716706676,0.356567215,8.670639,0.158093278,0.272062186,0.357696045,1.13808871,108.814,11,6,8
8,same,6,decomposition,projection,family,11.9398754,3.86770547,1.24553476,0.272084151,92.2587476,0,0.287879996,0.649978741,0.848323622,0.565605067,3.61092511,0.0703553441,0.231974678,0.286257263,0.635155688,123.527,49,24,8
8,same,6,decomposition,projection,occupancy_balanced,13.6336985,5.1679891,1.80126444,0.325663249,100.187243,0,0.498087565,1.19930013,0.786018372,0.496887207,6.66034953,0.0937296549,0.144327799,0.194814046,0.876881917,123.527,49,24,8
8,same,6,decomposition,projection,truth,16.6148488,6.70123171,2.45660437,0.400763032,117.777235,0,0.653463649,1.57853224,0.716706676,0.356567215,8.670639,0.158093278,0.272062186,0.357696045,1.13808871,123.527,49,24,8
8,same,6,fixed_hit,feasibility,family,6.1001871,1.25258503,0.252585033,0.130932412,45.0108126,0.213673048,0,0,0.848323622,0.565605067,3.61092511,0.0703553441,0.231974678,0.286257263,0.635155688,141.755,5,4,8
8,same,6,fixed_hit,feasibility,occupancy_balanced,5.96967377,1.17058818,0.170588175,0.0966542562,43.1983312,0.291997274,0,0,0.786018372,0.496887207,6.66034953,0.0937296549,0.144327799,0.194814046,0.876881917,141.755,5,4,8
8,same,6,fixed_hit,feasibility,truth,6.56292365,1.3111997,0.311199703,0.168738569,45.8815301,0.343878601,0,0,0.716706676,0.356567215,8.670639,0.158093278,0.272062186,0.357696045,1.13808871,141.755,5,4,8
8,same,6,fixed_hit,projection,family,11.986487,2.98562795,0.700311722,0.130932412,94.8117778,0.700864684,0,0,0.848323622,0.565605067,3.61092511,0.0703553441,0.231974678,0.286257263,0.635155688,185.882,35,24,8
8,same,6,fixed_hit,projection,occupancy_balanced,13.3404415,3.27601624,0.581985474,0.0966542562,101.598582,1.21936544,0,0,0.786018372,0.496887207,6.66034953,0.0937296549,0.144327799,0.194814046,0.876881917,185.882,35,24,8
8,same,6,fixed_hit,projection,truth,16.4820618,4.43072702,1.12858653,0.168738569,121.771091,1.48922611,0,0,0.716706676,0.356567215,8.670639,0.158093278,0.272062186,0.357696045,1.13808871,185.882,35,24,8
8,same,6,search,feasibility,family,6.58435214,1.56691447,0.566914466,0.272084151,49.055552,0,0,0,0.848323622,0.565605067,3.61092511,0.0703553441,0.231974678,0.286257263,0.635155688,113.261,7,6,8
8,same,6,search,feasibility,occupancy_balanced,6.85764095,1.68087769,0.680877686,0.325663249,50.2252579,0,0,0,0.786018372,0.496887207,6.66034953,0.0937296549,0.144327799,0.194814046,0.876881917,113.261,7,6,8
8,same,6,search,feasibility,truth,7.65786044,1.89001772,0.890017718,0.400763032,54.7517861,0,0,0,0.716706676,0.356567215,8.670639,0.158093278,0.272062186,0.357696045,1.13808871,113.261,7,6,8
8,same,6,search,projection,family,12.1558842,3.21772673,1.24553476,0.272084151,97.4507384,0,0,0,0.848323622,0.565605067,3.61092511,0.0703553441,0.231974678,0.286257263,0.635155688,268.055,33,24,8
8,same,6,search,projection,occupancy_balanced,14.0999555,3.96868896,1.80126444,0.325663249,109.468249,0,0,0,0.786018372,0.496887207,6.66034953,0.0937296549,0.144327799,0.194814046,0.876881917,268.055,33,24,8
8,same,6,search,projection,truth,17.2828461,5.12269947,2.45660437,0.400763032,130.460077,0,0,0,0.716706676,0.356567215,8.670639,0.158093278,0.272062186,0.357696045,1.13808871,268.055,33,24,8
8,same,7,both,feasibility,family,6.58720761,1.66032205,0.380932169,0.172242023,45.9182583,0.28706189,0.103887649,0.279389881,0.814008292,0.54070522,4.85161956,0.0563446502,0.354620363,0.421161719,0.731745215,201.314,11,6,8
8,same,7,both,feasibility,occupancy_balanced,6.34695546,1.46346283,0.258140564,0.134691874,43.9267705,0.359260559,0.0750732422,0.205322266,0.764386813,0.483281453,7.73850759,0.0774230957,0.223103841,0.290786743,0.941596985,201.314,11,6,8
8,same,7,both,feasibility,truth,7.27165412,1.87101814,0.481138546,0.229138089,47.0757697,0.47991922,0.13938424,0.389879592,0.671830942,0.317158208,10.9528083,0.143127953,0.434537418,0.540361606,1.27581542,201.314,11,6,8
8,same,7,both,projection,family,13.7144525,4.82778,1.28995864,0.172242023,101.730038,1.00606951,0.38625372,0.917689732,0.814008292,0.54070522,4.85161956,0.0563446502,0.354620363,0.421161719,0.731745215,201.656,61,30,8
8,same,7,both,projection,occupancy_balanced,14.5208829,4.63393148,0.960594177,0.134691874,106.51178,1.47714996,0.306111654,0.756103516,0.764386813,0.483281453,7.73850759,0.0774230957,0.223103841,0.290786743,0.941596985,201.656,61,30,8
8,same,7,both,projection,truth,19.5847824,7.31356691,1.96008611,0.229138089,133.127658,2.01588935,0.628334095,1.56988264,0.671830942,0.317158208,10.9528083,0.143127953,0.434537418,0.540361606,1.27581542,201.656,61,30,8
8,same,7,decomposition,feasibility,family,6.95546725,2.16589298,0.734717385,0.290375383,48.2264109,0,0.162853423,0.431175595,0.814008292,0.54070522,4.85161956,0.0563446502,0.354620363,0.421161719,0.731745215,81.694,12,7,8
8,same,7,decomposition,feasibility,occupancy_balanced,7.02210116,2.29753113,0.781906128,0.338577271,47.8852564,0,0.1875,0.515625,0.764386813,0.483281453,7.73850759,0.0774230957,0.223103841,0.290786743,0.941596985,81.694,12,7,8
8,same,7,decomposition,feasibility,truth,8.11607221,2.75462963,1.08339049,0.426326017,52.5146605,0,0.236854138,0.67123914,0.671830942,0.317158208,10.9528083,0.143127953,0.434537418,0.540361606,1.27581542,81.694,12,7,8
8,same,7,decomposition,projection,family,13.3110472,5.27403374,1.91198792,0.290375383,99.8847515,0,0.469122024,1.1140253,0.814008292,0.54070522,4.85161956,0.0563446502,0.354620363,0.421161719,0.731745215,604.164,55,28,8
8,same,7,decomposition,projection,occupancy_balanced,14.4852163,6.05243937,2.21557109,0.338577271,105.554769,0,0.602457682,1.48616536,0.764386813,0.483281453,7.73850759,0.0774230957,0.223103841,0.290786743,0.941596985,604.164,55,28,8
8,same,7,decomposition,projection,truth,18.9619372,8.50473442,3.30492684,0.426326017,130.198083,0,0.852766347,2.13717421,0.671830942,0.317158208,10.9528083,0.143127953,0.434537418,0.540361606,1.27581542,604.164,55,28,8
8,same,7,fixed_hit,feasibility,family,6.53254623,1.38093217,0.380932169,0.172242023,47.0612549,0.231816354,0,0,0.814008292,0.54070522,4.85161956,0.0563446502,0.354620363,0.421161719,0.731745215,117.238,7,6,8
8,same,7,fixed_hit,feasibility,occupancy_balanced,6.26715435,1.25814056,0.258140564,0.134691874,44.5639776,0.298306783,0,0,0.764386813,0.483281453,7.73850759,0.0774230957,0.223103841,0.290786743,0.941596985,117.238,7,6,8
8,same,7,fixed_hit,feasibility,truth,7.12255306,1.48113855,0.481138546,0.229138089,48.3841449,0.359205914,0,0,0.671830942,0.317158208,10.9528083,0.143127953,0.434537418,0.540361606,1.27581542,117.238,7,6,8
8,same,7,fixed_hit,projection,family,13.536496,3.91009027,1.28995864,0.172242023,105.852109,0.894648383,0,0,0.814008292,0.54070522,4.85161956,0.0563446502,0.354620363,0.421161719,0.731745215,189.607,42,30,8
8,same,7,fixed_hit,projection,occupancy_balanced,14.3381978,3.87782796,0.960594177,0.134691874,109.260111,1.33481598,0,0,0.764386813,0.483281453,7.73850759,0.0774230957,0.223103841,0.290786743,0.941596985,189.607,42,30,8
8,same,7,fixed_hit,projection,truth,19.1770609,5.74368427,1.96008611,0.229138089,139.268985,1.71959305,0,0,0.671830942,0.317158208,10.9528083,0.143127953,0.434537418,0.540361606,1.27581542,189.607,42,30,8
8,same,7,search,feasibility,family,7.11813942,1.73471738,0.734717385,0.290375383,51.7483138,0,0,0,0.814008292,0.54070522,4.85161956,0.0563446502,0.354620363,0.421161719,0.731745215,132.691,8,7,8
8,same,7,search,feasibility,occupancy_balanced,7.18792148,1.78190613,0.781906128,0.338577271,51.9077784,0,0,0,0.764386813,0.483281453,7.73850759,0.0774230957,0.223103841,0.290786743,0.941596985,132.691,8,7,8
8,same,7,search,feasibility,truth,8.34621195,2.08339049,1.08339049,0.426326017,57.9590287,0,0,0,0.671830942,0.317158208,10.9528083,0.143127953,0.434537418,0.540361606,1.27581542,132.691,8,7,8
8,same,7,search,projection,family,13.6883348,4.16000844,1.91198792,0.290375383,109.050674,0,0,0,0.814008292,0.54070522,4.85161956,0.0563446502,0.354620363,0.421161719,0.731745215,123.537,39,28,8
8,same,7,search,projection,occupancy_balanced,15.0341006,4.56627401,2.21557109,0.338577271,117.399353,0,0,0,0.764386813,0.483281453,7.73850759,0.0774230957,0.223103841,0.290786743,0.941596985,123.537,39,28,8
8,same,7,search,projection,truth,19.8440526,6.3675602,3.30492684,0.426326017,148.032026,0,0,0,0.671830942,0.317158208,10.9528083,0.143127953,0.434537418,0.540361606,1.27581542,123.537,39,28,8
8,same,8,both,feasibility,family,7.02999038,1.90147008,0.510519562,0.207104354,47.5566472,0.344624435,0.128417969,0.390950521,0.779451299,0.524430885,6.59145928,0.0465316203,0.484136209,0.562987575,0.823995138,76.696,13,8,8
8,same,8,both,feasibility,occupancy_balanced,6.65213192,1.62363688,0.344258626,0.167134603,45.058136,0.3956604,0.0975748698,0.279378255,0.742193858,0.476623535,8.9788208,0.0621744792,0.305664062,0.389068604,1.01085409,76.696,13,8,8
8,same,8,both,feasibility,truth,7.88257161,2.18322918,0.656886653,0.282121628,49.2514861,0.560051821,0.177005538,0.526342529,0.622266042,0.287024336,13.8341716,0.125438195,0.613117919,0.739724635,1.43542651,76.696,13,8,8
8,same,8,both,projection,family,15.9634905,6.58231784,2.02942954,0.207104354,110.435768,1.35422671,0.616048177,1.61360677,0.779451299,0.524430885,6.59145928,0.0465316203,0.484136209,0.562987575,0.823995138,192.101,61,32,8
8,same,8,both,projection,occupancy_balanced,15.9377055,5.65420532,1.39261882,0.167134603,112.430486,1.69894409,0.448160807,1.14347331,0.742193858,0.476623535,8.9788208,0.0621744792,0.305664062,0.389068604,1.01085409,192.101,61,32,8
8,same,8,both,projection,truth,23.2406428,9.68907179,2.98610476,0.282121628,148.488264,2.52133821,0.927297668,2.44800081,0.622266042,0.287024336,13.8341716,0.125438195,0.613117919,0.739724635,1.43542651,192.101,61,32,8
8,same,8,decomposition,feasibility,family,7.48055875,2.43759144,0.906015921,0.307471923,50.1343661,0,0.177897135,0.531575521,0.779451299,0.524430885,6.59145928,0.0465316203,0.484136209,0.562987575,0.823995138,81.664,13,8,8
8,same,8,decomposition,feasibility,occupancy_balanced,7.43911461,2.46151733,0.885996501,0.351003011,49.1980489,0,0.199869792,0.575520833,0.742193858,0.476623535,8.9788208,0.0621744792,0.305664062,0.389068604,1.01085409,81.664,13,8,8
8,same,8,decomposition,feasibility,truth,8.85945867,3.06881573,1.29413707,0.458796931,55.4172128,0,0.257277854,0.774678657,0.622266042,0.287024336,13.8341716,0.125438195,0.613117919,0.739724635,1.43542651,81.664,13,8,8
8,same,8,decomposition,projection,family,15.1593873,6.89387333,2.71847301,0.307471923,107.343221,0,0.642740885,1.67220052,0.779451299,0.524430885,6.59145928,0.0465316203,0.484136209,0.562987575,0.823995138,174.765,61,32,8
8,same,8,decomposition,projection,occupancy_balanced,15.6935998,6.99116007,2.68156942,0.351003011,110.362239,0,0.710286458,1.80729167,0.742193858,0.476623535,8.9788208,0.0621744792,0.305664062,0.389068604,1.01085409,174.765,61,32,8
8,same,8,decomposition,projection,truth,22.0384088,10.5148351,4.31984454,0.458796931,143.17068,0,1.04902708,2.77437383,0.622266042,0.287024336,13.8341716,0.125438195,0.613117919,0.739724635,1.43542651,174.765,61,32,8
8,same,8,fixed_hit,feasibility,family,6.98353685,1.51051956,0.510519562,0.207104354,49.1044988,0.248270268,0,0,0.779451299,0.524430885,6.59145928,0.0465316203,0.484136209,0.562987575,0.823995138,67.963,9,8,8
8,same,8,fixed_hit,feasibility,occupancy_balanced,6.57630932,1.34425863,0.344258626,0.167134603,45.9319967,0.306549072,0,0,0.742193858,0.476623535,8.9788208,0.0621744792,0.305664062,0.389068604,1.01085409,67.963,9,8,8
8,same,8,fixed_hit,feasibility,truth,7.72868168,1.65688665,0.656886653,0.282121628,51.0443022,0.379591526,0,0,0.622266042,0.287024336,13.8341716,0.125438195,0.613117919,0.739724635,1.43542651,67.963,9,8,8
8,same,8,fixed_hit,projection,family,15.7214706,4.96871107,2.02942954,0.207104354,117.57444,1.09641421,0,0,0.779451299,0.524430885,6.59145928,0.0465316203,0.484136209,0.562987575,0.823995138,124.068,45,32,8
8,same,8,fixed_hit,projection,occupancy_balanced,15.7570321,4.51073201,1.39261882,0.167134603,116.683253,1.4674174,0,0,0.742193858,0.476623535,8.9788208,0.0621744792,0.305664062,0.389068604,1.01085409,124.068,45,32,8
8,same,8,fixed_hit,projection,truth,22.8264446,7.24107097,2.98610476,0.282121628,158.309938,2.00434385,0,0,0.622266042,0.287024336,13.8341716,0.125438195,0.613117919,0.739724635,1.43542651,124.068,45,32,8
8,same,8,search,feasibility,family,7.68936548,1.90601592,0.906015921,0.307471923,54.5298739,0,0,0,0.779451299,0.524430885,6.59145928,0.0465316203,0.484136209,0.562987575,0.823995138,288.247,9,8,8
8,same,8,search,feasibility,occupancy_balanced,7.58382097,1.8859965,0.885996501,0.351003011,53.7735697,0,0,0,0.742193858,0.476623535,8.9788208,0.0621744792,0.305664062,0.389068604,1.01085409,288.247,9,8,8
8,same,8,search,feasibility,truth,9.14759559,2.29413707,1.29413707,0.458796931,61.8402174,0,0,0,0.622266042,0.287024336,13.8341716,0.125438195,0.613117919,0.739724635,1.43542651,288.247,9,8,8
8,same,8,search,projection,family,15.9849956,5.22167281,2.71847301,0.307471923,121.349406,0,0,0,0.779451299,0.524430885,6.59145928,0.0465316203,0.484136209,0.562987575,0.823995138,193.293,45,32,8
8,same,8,search,projection,occupancy_balanced,16.4744526,5.18386841,2.68156942,0.351003011,125.136408,0,0,0,0.742193858,0.476623535,8.9788208,0.0621744792,0.305664062,0.389068604,1.01085409,193.293,45,32,8
8,same,8,search,projection,truth,23.3883224,7.74046131,4.31984454,0.458796931,167.081263,0,0,0,0.622266042,0.287024336,13.8341716,0.125438195,0.613117919,0.739724635,1.43542651,193.293,45,32,8
8,split,0,both,feasibility,family,4.60650603,1,0,0,37.9313048,0.219766034,0,0,0.876654598,0.67090118,4.00065555,0.111016287,0,0,0.514913594,9.565,1,0,8
8,split,0,both,feasibility,occupancy_balanced,4.81329883,1,0,0,36.7936198,0.386067708,0,0,0.720865885,0.455078125,11.2070312,0.1640625,0,0,1.2734375,9.565,1,0,8
8,split,0,both,feasibility,truth,4.81329883,1,0,0,36.7936198,0.386067708,0,0,0.720865885,0.455078125,11.2070312,0.1640625,0,0,1.2734375,9.565,1,0,8
8,split,0,both,projection,family,8.96262578,1.92676321,0,0,78.0449664,0.832496958,0,0,0.876654598,0.67090118,4.00065555,0.111016287,0,0,0.514913594,76.185,9,0,8
8,split,0,both,projection,occupancy_balanced,13.5304427,3.06901042,0,0,103.432292,1.99023438,0,0,0.720865885,0.455078125,11.2070312,0.1640625,0,0,1.2734375,76.185,9,0,8
8,split,0,both,projection,truth,13.5304427,3.06901042,0,0,103.432292,1.99023438,0,0,0.720865885,0.455078125,11.2070312,0.1640625,0,0,1.2734375,76.185,9,0,8
8,split,0,decomposition,feasibility,family,5.17985049,1.69552407,0.400524066,0.219766034,40.924252,0,0.11625,0.295,0.876654598,0.67090118,4.00065555,0.111016287,0,0,0.514913594,64.888,9,4,8
8,split,0,decomposition,feasibility,occupancy_balanced,6.3185,2.35351562,0.797526042,0.386067708,46.030599,0,0.190104167,0.555989583,0.720865885,0.455078125,11.2070312,0.1640625,0,0,1.2734375,64.888,9,4,8
8,split,0,decomposition,feasibility,truth,6.3185,2.35351562,0.797526042,0.386067708,46.030599,0,0.190104167,0.555989583,0.720865885,0.455078125,11.2070312,0.1640625,0,0,1.2734375,64.888,9,4,8
8,split,0,decomposition,projection,family,9.26017686,3.17210458,0.948556194,0.219766034,78.9421877,0,0.28625,0.676666667,0.876654598,0.67090118,4.00065555,0.111016287,0,0,0.514913594,69.115,37,16,8
8,split,0,decomposition,projection,occupancy_balanced,14.407873,6.26953125,2.37825521,0.386067708,107.449219,0,0.67578125,1.73828125,0.720865885,0.455078125,11.2070312,0.1640625,0,0,1.2734375,69.115,37,16,8
8,split,0,decomposition,projection,truth,14.407873,6.26953125,2.37825521,0.386067708,107.449219,0,0.67578125,1.73828125,0.720865885,0.455078125,11.2070312,0.1640625,0,0,1.2734375,69.115,37,16,8
8,split,0,fixed_hit,feasibility,family,4.60675589,1,0,0,37.9313048,0.219766034,0,0,0.876654598,0.67090118,4.00065555,0.111016287,0,0,0.514913594,10.386,1,0,8
8,split,0,fixed_hit,feasibility,occupancy_balanced,4.81331706,1,0,0,36.7936198,0.386067708,0,0,0.720865885,0.455078125,11.2070312,0.1640625,0,0,1.2734375,10.386,1,0,8
8,split,0,fixed_hit,feasibility,truth,4.81331706,1,0,0,36.7936198,0.386067708,0,0,0.720865885,0.455078125,11.2070312,0.1640625,0,0,1.2734375,10.386,1,0,8
8,split,0,fixed_hit,projection,family,8.97350239,1.92676321,0,0,78.0449664,0.832496958,0,0,0.876654598,0.67090118,4.00065555,0.111016287,0,0,0.514913594,77.097,9,0,8
8,split,0,fixed_hit,projection,occupancy_balanced,13.5910404,3.06901042,0,0,103.432292,1.99023438,0,0,0.720865885,0.455078125,11.2070312,0.1640625,0,0,1.2734375,77.097,9,0,8
8,split,0,fixed_hit,projection,truth,13.5910404,3.06901042,0,0,103.432292,1.99023438,0,0,0.720865885,0.455078125,11.2070312,0.1640625,0,0,1.2734375,77.097,9,0,8
8,split,0,search,feasibility,family,5.73231592,1.40052407,0.400524066,0.219766034,42.9859187,0,0,0,0.876654598,0.67090118,4.00065555,0.111016287,0,0,0.514913594,331.071,5,4,8
8,split,0,search,feasibility,occupancy_balanced,16.7290957,1.79752604,0.797526042,0.386067708,49.858724,0,0,0,0.720865885,0.455078125,11.2070312,0.1640625,0,0,1.2734375,331.071,5,4,8
8,split,0,search,feasibility,truth,16.7290957,1.79752604,0.797526042,0.386067708,49.858724,0,0,0,0.720865885,0.455078125,11.2070312,0.1640625,0,0,1.2734375,331.071,5,4,8
8,split,0,search,projection,family,9.48659313,2.49543791,0.948556194,0.219766034,83.6855211,0,0,0,0.876654598,0.67090118,4.00065555,0.111016287,0,0,0.514913594,72.76,21,16,8
8,split,0,search,projection,occupancy_balanced,15.1571458,4.53125,2.37825521,0.386067708,119.744792,0,0,0,0.720865885,0.455078125,11.2070312,0.1640625,0,0,1.2734375,72.76,21,16,8
8,split,0,search,projection,truth,15.1571458,4.53125,2.37825521,0.386067708,119.744792,0,0,0,0.720865885,0.455078125,11.2070312,0.1640625,0,0,1.2734375,72.76,21,16,8
8,split,1,both,feasibility,family,4.72716677,1,0,0,38.4221957,0.208313181,0,0,0.889568727,0.6801377,3.28272771,0.112004076,0,0,0.47985459,26.27,1,0,8
8,split,1,both,feasibility,occupancy_balanced,4.89257015,1,0,0,37.6405436,0.3515625,0,0,0.758219401,0.493652344,8.89420573,0.161783854,0,0,1.08984375,26.27,1,0,8
8,split,1,both,feasibility,truth,4.91850271,1,0,0,37.672309,0.361979167,0,0,0.751139323,0.475477431,9.06423611,0.175347222,0,0,1.12847222,26.27,1,0,8
8,split,1,both,projection,family,8.83736339,1.82977941,0,0,76.9620289,0.709599518,0,0,0.889568727,0.6801377,3.28272771,0.112004076,0,0,0.47985459,264.841,9,0,8
8,split,1,both,projection,occupancy_balanced,12.2641523,2.76318359,0,0,96.2012533,1.6578776,0,0,0.758219401,0.493652344,8.89420573,0.161783854,0,0,1.08984375,264.841,9,0,8
8,split,1,both,projection,truth,12.5206926,2.81488715,0,0,97.7089844,1.69574653,0,0,0.751139323,0.475477431,9.06423611,0.175347222,0,0,1.12847222,264.841,9,0,8
8,split,1,decomposition,feasibility,family,5.1806361,1.59458729,0.351801338,0.208313181,41.1115193,0,0.100559641,0.242785948,0.889568727,0.6801377,3.28272771,0.112004076,0,0,0.47985459,35.053,9,4,8
8,split,1,decomposition,feasibility,occupancy_balanced,6.11494255,2.19026693,0.697102865,0.3515625,45.001709,0,0.176269531,0.493164062,0.758219401,0.493652344,8.89420573,0.161783854,0,0,1.08984375,35.053,9,4,8
8,split,1,decomposition,feasibility,truth,6.18890907,2.20811632,0.711154514,0.361979167,45.4255642,0,0.178168403,0.496961806,0.751139323,0.475477431,9.06423611,0.175347222,0,0,1.12847222,35.053,9,4,8
8,split,1,decomposition,projection,family,9.02626116,2.76200882,0.76652714,0.208313181,77.7660059,0,0.217790033,0.498080065,0.889568727,0.6801377,3.28272771,0.112004076,0,0,0.47985459,180.994,37,16,8
8,split,1,decomposition,projection,occupancy_balanced,13.070724,5.41015625,1.96826172,0.3515625,99.5773926,0,0.572265625,1.42578125,0.758219401,0.493652344,8.89420573,0.161783854,0,0,1.08984375,180.994,37,16,8
8,split,1,decomposition,projection,truth,13.313352,5.48133681,1.99978299,0.361979167,101.175781,0,0.576822917,1.43489583,0.751139323,0.475477431,9.06423611,0.175347222,0,0,1.12847222,180.994,37,16,8
8,split,1,fixed_hit,feasibility,family,4.75281272,1,0,0,38.4221957,0.208313181,0,0,0.889568727,0.6801377,3.28272771,0.112004076,0,0,0.47985459,157.478,1,0,8
8,split,1,fixed_hit,feasibility,occupancy_balanced,4.91943416,1,0,0,37.6405436,0.3515625,0,0,0.758219401,0.493652344,8.89420573,0.161783854,0,0,1.08984375,157.478,1,0,8
8,split,1,fixed_hit,feasibility,truth,4.95285775,1,0,0,37.672309,0.361979167,0,0,0.751139323,0.475477431,9.06423611,0.175347222,0,0,1.12847222,157.478,1,0,8
8,split,1,fixed_hit,projection,family,8.7879203,1.82977941,0,0,76.9620289,0.709599518,0,0,0.889568727,0.6801377,3.28272771,0.112004076,0,0,0.47985459,89.465,9,0,8
8,split,1,fixed_hit,projection,occupancy_balanced,12.2760771,2.76318359,0,0,96.2012533,1.6578776,0,0,0.758219401,0.493652344,8.89420573,0.161783854,0,0,1.08984375,89.465,9,0,8
8,split,1,fixed_hit,projection,truth,12.5247388,2.81488715,0,0,97.7089844,1.69574653,0,0,0.751139323,0.475477431,9.06423611,0.175347222,0,0,1.12847222,89.465,9,0,8
8,split,1,search,feasibility,family,5.2278786,1.35180134,0.351801338,0.208313181,42.8105961,0,0,0,0.889568727,0.6801377,3.28272771,0.112004076,0,0,0.47985459,53.431,5,4,8
8,split,1,search,feasibility,occupancy_balanced,6.20358398,1.69710286,0.697102865,0.3515625,48.4230957,0,0,0,0.758219401,0.493652344,8.89420573,0.161783854,0,0,1.08984375,53.431,5,4,8
8,split,1,search,feasibility,truth,6.27962109,1.71115451,0.711154514,0.361979167,48.875434,0,0,0,0.751139323,0.475477431,9.06423611,0.175347222,0,0,1.12847222,53.431,5,4,8
8,split,1,search,projection,family,9.1298757,2.26392875,0.76652714,0.208313181,81.2628605,0,0,0,0.889568727,0.6801377,3.28272771,0.112004076,0,0,0.47985459,71.118,21,16,8
8,split,1,search,projection,occupancy_balanced,13.3906079,3.984375,1.96826172,0.3515625,109.67749,0,0,0,0.758219401,0.493652344,8.89420573,0.161783854,0,0,1.08984375,71.118,21,16,8
8,split,1,search,projection,truth,13.6297384,4.04644097,1.99978299,0.361979167,111.355252,0,0,0,0.751139323,0.475477431,9.06423611,0.175347222,0,0,1.12847222,71.118,21,16,8
8,split,2,both,feasibility,family,4.82623242,1.00068681,0.000686813187,0.000686813187,39.0386671,0.194221542,0,0,0.902259721,0.6881084,2.74274756,0.108024749,0,0.000686813187,0.439971421,71.488,2,1,8
8,split,2,both,feasibility,occupancy_balanced,4.97863318,1.00146484,0.00146484375,0.00146484375,38.5419922,0.316975911,0,0,0.792215983,0.525716146,7.09741211,0.146484375,0,0.00146484375,0.921468099,71.488,2,1,8
8,split,2,both,feasibility,truth,5.02794198,1.00173611,0.00173611111,0.00173611111,38.641276,0.334852431,0,0,0.779622396,0.491391782,7.38049769,0.172453704,0,0.00173611111,0.99146412,71.488,2,1,8
8,split,2,both,projection,family,8.52413655,1.74635986,0.000686813187,0.000686813187,76.3709662,0.58650997,0,0,0.902259721,0.6881084,2.74274756,0.108024749,0,0.000686813187,0.439971421,76.005,9,1,8
8,split,2,both,projection,occupancy_balanced,11.1045206,2.52652995,0.00146484375,0.00146484375,91.1827799,1.38435872,0,0,0.792215983,0.525716146,7.09741211,0.146484375,0,0.00146484375,0.921468099,76.005,9,1,8
8,split,2,both,projection,truth,11.5113301,2.61791088,0.00173611111,0.00173611111,93.8412182,1.44596354,0,0,0.779622396,0.491391782,7.38049769,0.172453704,0,0.00173611111,0.99146412,76.005,9,1,8
8,split,2,decomposition,feasibility,family,5.20763345,1.49459105,0.304014025,0.194908355,41.4357571,0,0.0822676775,0.190577022,0.902259721,0.6881084,2.74274756,0.108024749,0,0.000686813187,0.439971421,183.268,9,4,8
8,split,2,decomposition,feasibility,occupancy_balanced,5.91914119,2.03812663,0.606404622,0.318440755,44.3572591,0,0.161173503,0.431722005,0.792215983,0.525716146,7.09741211,0.146484375,0,0.00146484375,0.921468099,183.268,9,4,8
8,split,2,decomposition,feasibility,truth,6.05006076,2.06799769,0.630353009,0.336588542,45.094184,0,0.164134838,0.437644676,0.779622396,0.491391782,7.38049769,0.172453704,0,0.00173611111,0.99146412,183.268,9,4,8
8,split,2,decomposition,projection,family,8.70169695,2.41649262,0.606786359,0.194908355,77.0437545,0,0.157193828,0.350845989,0.902259721,0.6881084,2.74274756,0.108024749,0,0.000686813187,0.439971421,357.982,37,16,8
8,split,2,decomposition,projection,occupancy_balanced,11.7687235,4.67374674,1.61726888,0.318440755,93.8917236,0,0.473185221,1.14949544,0.792215983,0.525716146,7.09741211,0.146484375,0,0.00146484375,0.921468099,357.982,37,16,8
8,split,2,decomposition,projection,truth,12.1402713,4.79716435,1.66992188,0.336588542,96.7380642,0,0.479817708,1.16276042,0.779622396,0.491391782,7.38049769,0.172453704,0,0.00173611111,0.99146412,357.982,37,16,8
8,split,2,fixed_hit,feasibility,family,4.84072642,1.00068681,0.000686813187,0.000686813187,39.0386671,0.194221542,0,0,0.902259721,0.6881084,2.74274756,0.108024749,0,0.000686813187,0.439971421,50.096,2,1,8
8,split,2,fixed_hit,feasibility,occupancy_balanced,4.98596216,1.00146484,0.00146484375,0.00146484375,38.5419922,0.316975911,0,0,0.792215983,0.525716146,7.09741211,0.146484375,0,0.00146484375,0.921468099,50.096,2,1,8
8,split,2,fixed_hit,feasibility,truth,5.04234252,1.00173611,0.00173611111,0.00173611111,38.641276,0.334852431,0,0,0.779622396,0.491391782,7.38049769,0.172453704,0,0.00173611111,0.99146412,50.096,2,1,8
8,split,2,fixed_hit,projection,family,8.5471402,1.74635986,0.000686813187,0.000686813187,76.3709662,0.58650997,0,0,0.902259721,0.6881084,2.74274756,0.108024749,0,0.000686813187,0.439971421,75.475,9,1,8
8,split,2,fixed_hit,projection,occupancy_balanced,11.161558,2.52652995,0.00146484375,0.00146484375,91.1827799,1.38435872,0,0,0.792215983,0.525716146,7.09741211,0.146484375,0,0.00146484375,0.921468099,75.475,9,1,8
8,split,2,fixed_hit,projection,truth,11.5679006,2.61791088,0.00173611111,0.00173611111,93.8412182,1.44596354,0,0,0.779622396,0.491391782,7.38049769,0.172453704,0,0.00173611111,0.99146412,75.475,9,1,8
8,split,2,search,feasibility,family,5.22973974,1.30401403,0.304014025,0.194908355,42.772057,0,0,0,0.902259721,0.6881084,2.74274756,0.108024749,0,0.000686813187,0.439971421,37.847,5,4,8
8,split,2,search,feasibility,occupancy_balanced,6.02608256,1.60640462,0.606404622,0.318440755,47.3690592,0,0,0,0.792215983,0.525716146,7.09741211,0.146484375,0,0.00146484375,0.921468099,37.847,5,4,8
8,split,2,search,feasibility,truth,6.15139193,1.63035301,0.630353009,0.336588542,48.1527778,0,0,0,0.779622396,0.491391782,7.38049769,0.172453704,0,0.00173611111,0.99146412,37.847,5,4,8
8,split,2,search,projection,family,8.84053627,2.06564663,0.606786359,0.194908355,79.5114514,0,0,0,0.902259721,0.6881084,2.74274756,0.108024749,0,0.000686813187,0.439971421,87.783,21,16,8
8,split,2,search,projection,occupancy_balanced,12.3626073,3.5242513,1.61726888,0.318440755,102.042196,0,0,0,0.792215983,0.525716146,7.09741211,0.146484375,0,0.00146484375,0.921468099,87.783,21,16,8
8,split,2,search,projection,truth,12.7804732,3.63440394,1.66992188,0.336588542,105.006149,0,0,0,0.779622396,0.491391782,7.38049769,0.172453704,0,0.00173611111,0.99146412,87.783,21,16,8
8,split,3,both,feasibility,family,4.91308306,1.04277727,0.0212928922,0.0108762255,39.5462164,0.18609542,0.00846354167,0.021484375,0.906687913,0.695494572,2.61463303,0.107921429,0.0208333333,0.0212928922,0.408520661,56.035,7,2,8
8,split,3,both,feasibility,occupancy_balanced,5.01955841,1.02709961,0.0116373698,0.00642903646,39.0231527,0.293457031,0.00504557292,0.0154622396,0.814318339,0.556213379,6.15472412,0.14050293,0.0104166667,0.0116373698,0.797892253,56.035,7,2,8
8,split,3,both,feasibility,truth,5.11998828,1.04716435,0.0196759259,0.0104166667,39.2971161,0.321807485,0.00896990741,0.0274884259,0.796175733,0.505642361,6.59037423,0.180073302,0.0185185185,0.0196759259,0.8828125,56.035,7,2,8
8,split,3,both,projection,family,8.67570336,1.86128974,0.0733762255,0.0108762255,76.6727787,0.53812133,0.025390625,0.0592447917,0.906687913,0.695494572,2.61463303,0.107921429,0.0208333333,0.0212928922,0.408520661,128.284,46,14,8
8,split,3,both,projection,occupancy_balanced,10.7218209,2.48384603,0.0533040365,0.00642903646,87.8433024,1.21657308,0.0236002604,0.0613606771,0.814318339,0.556213379,6.15472412,0.14050293,0.0104166667,0.0116373698,0.797892253,128.284,46,14,8
8,split,3,both,projection,truth,11.3400218,2.71103395,0.09375,0.0104166667,91.704186,1.309076,0.0419560185,0.109085648,0.796175733,0.505642361,6.59037423,0.180073302,0.0185185185,0.0196759259,0.8828125,128.284,46,14,8
8,split,3,decomposition,feasibility,family,5.236887,1.47629288,0.297360471,0.183950812,41.6704599,0,0.0764453696,0.178932406,0.906687913,0.695494572,2.61463303,0.107921429,0.0208333333,0.0212928922,0.408520661,39.951,10,5,8
8,split,3,decomposition,feasibility,occupancy_balanced,5.78662795,1.94704183,0.551900228,0.289469401,43.7281087,0,0.148742676,0.395141602,0.814318339,0.556213379,6.15472412,0.14050293,0.0104166667,0.0116373698,0.797892253,39.951,10,5,8
8,split,3,decomposition,feasibility,truth,5.96486126,2.00241127,0.592447917,0.313705633,44.7630691,0,0.15398341,0.409963349,0.796175733,0.505642361,6.59037423,0.180073302,0.0185185185,0.0196759259,0.8828125,39.951,10,5,8
8,split,3,decomposition,projection,family,8.75482352,2.40206453,0.596678039,0.183950812,77.0395448,0,0.150260997,0.338282411,0.906687913,0.695494572,2.61463303,0.107921429,0.0208333333,0.0212928922,0.408520661,168.595,43,20,8
8,split,3,decomposition,projection,occupancy_balanced,11.160166,4.30413818,1.44256592,0.289469401,89.9835612,0,0.421691895,1.02307129,0.814318339,0.556213379,6.15472412,0.14050293,0.0104166667,0.0116373698,0.797892253,168.595,43,20,8
8,split,3,decomposition,projection,truth,11.7531046,4.55680941,1.54793596,0.313705633,93.9505208,0,0.441695602,1.0739294,0.796175733,0.505642361,6.59037423,0.180073302,0.0185185185,0.0196759259,0.8828125,168.595,43,20,8
8,split,3,fixed_hit,feasibility,family,4.90693054,1.02129289,0.0212928922,0.0108762255,39.6009039,0.181538128,0,0,0.906687913,0.695494572,2.61463303,0.107921429,0.0208333333,0.0212928922,0.408520661,23.896,3,2,8
8,split,3,fixed_hit,feasibility,occupancy_balanced,5.01045258,1.01163737,0.0116373698,0.00642903646,39.0531006,0.288085938,0,0,0.814318339,0.556213379,6.15472412,0.14050293,0.0104166667,0.0116373698,0.797892253,23.896,3,2,8
8,split,3,fixed_hit,feasibility,truth,5.09869338,1.01967593,0.0196759259,0.0104166667,39.3503569,0.312258873,0,0,0.796175733,0.505642361,6.59037423,0.180073302,0.0185185185,0.0196759259,0.8828125,23.896,3,2,8
8,split,3,fixed_hit,projection,family,8.64904855,1.80204495,0.0733762255,0.0108762255,76.8420496,0.529657788,0,0,0.906687913,0.695494572,2.61463303,0.107921429,0.0208333333,0.0212928922,0.408520661,76.245,24,14,8
8,split,3,fixed_hit,projection,occupancy_balanced,10.6533358,2.42248535,0.0533040365,0.00642903646,87.9943441,1.20241292,0,0,0.814318339,0.556213379,6.15472412,0.14050293,0.0104166667,0.0116373698,0.797892253,76.245,24,14,8
8,split,3,fixed_hit,projection,truth,11.2529129,2.6019483,0.09375,0.0104166667,91.9727045,1.28390239,0,0,0.796175733,0.505642361,6.59037423,0.180073302,0.0185185185,0.0196759259,0.8828125,76.245,24,14,8
8,split,3,search,feasibility,family,5.28392419,1.29736047,0.297360471,0.183950812,42.9421643,0,0,0,0.906687913,0.695494572,2.61463303,0.107921429,0.0208333333,0.0212928922,0.408520661,98.179,6,5,8
8,split,3,search,feasibility,occupancy_balanced,5.91176113,1.55190023,0.551900228,0.289469401,46.5107829,0,0,0,0.814318339,0.556213379,6.15472412,0.14050293,0.0104166667,0.0116373698,0.797892253,98.179,6,5,8
8,split,3,search,feasibility,truth,6.09824484,1.59244792,0.592447917,0.313705633,47.6610725,0,0,0,0.796175733,0.505642361,6.59037423,0.180073302,0.0185185185,0.0196759259,0.8828125,98.179,6,5,8
8,split,3,search,projection,family,8.83835282,2.06378212,0.596678039,0.183950812,79.4519585,0,0,0,0.906687913,0.695494572,2.61463303,0.107921429,0.0208333333,0.0212928922,0.408520661,172.341,27,20,8
8,split,3,search,projection,occupancy_balanced,11.4638148,3.28106689,1.44256592,0.289469401,97.2797852,0,0,0,0.814318339,0.556213379,6.15472412,0.14050293,0.0104166667,0.0116373698,0.797892253,172.341,27,20,8
8,split,3,search,projection,truth,12.074989,3.48288002,1.54793596,0.313705633,101.650945,0,0,0,0.796175733,0.505642361,6.59037423,0.180073302,0.0185185185,0.0196759259,0.8828125,172.341,27,20,8
8,split,4,both,feasibility,family,5.04852085,1.00139772,0.00139772142,0.00139772142,40.0601698,0.150357022,0,0,0.928219308,0.729163419,2.02213704,0.0875907242,0,0.00139772142,0.334827694,1225.435,2,1,8
8,split,4,both,feasibility,occupancy_balanced,5.16285152,1.00297038,0.0029703776,0.0029703776,39.7027995,0.256225586,0,0,0.845258077,0.589589437,4.71345011,0.112670898,0,0.0029703776,0.679158529,1225.435,2,1,8
8,split,4,both,feasibility,truth,5.25420657,1.00385802,0.00385802469,0.00385802469,40.0698302,0.281378601,0,0,0.826477302,0.528870885,5.07908951,0.158950617,0,0.00385802469,0.77031893,1225.435,2,1,8
8,split,4,both,projection,family,8.39746502,1.56967223,0.00158484717,0.00139772142,75.2463826,0.352265292,0,0,0.928219308,0.729163419,2.02213704,0.0875907242,0,0.00139772142,0.334827694,85.339,9,2,8
8,split,4,both,projection,occupancy_balanced,10.0922195,2.16949463,0.00358072917,0.0029703776,84.8214925,0.959920247,0,0,0.845258077,0.589589437,4.71345011,0.112670898,0,0.0029703776,0.679158529,85.339,9,2,8
8,split,4,both,projection,truth,10.6993321,2.3123071,0.00462962963,0.00385802469,88.9836998,1.02893519,0,0,0.826477302,0.528870885,5.07908951,0.158950617,0,0.00385802469,0.77031893,85.339,9,2,8
8,split,4,decomposition,feasibility,family,5.24943139,1.30412473,0.205798177,0.151754744,41.8442297,0,0.044605985,0.0983265533,0.928219308,0.729163419,2.02213704,0.0875907242,0,0.00139772142,0.334827694,40.742,9,4,8
8,split,4,decomposition,feasibility,occupancy_balanced,5.73361124,1.76286825,0.452260335,0.259195964,43.4468384,0,0.124053955,0.31060791,0.845258077,0.589589437,4.71345011,0.112670898,0,0.0029703776,0.679158529,40.742,9,4,8
8,split,4,decomposition,feasibility,truth,5.92043641,1.80156893,0.484182099,0.285236626,44.6094393,0,0.127443416,0.317386831,0.826477302,0.528870885,5.07908951,0.158950617,0,0.00385802469,0.77031893,40.742,9,4,8
8,split,4,decomposition,projection,family,8.46706474,1.88099885,0.350600835,0.151754744,75.6708418,0,0.0716338449,0.15498644,0.928219308,0.729163419,2.02213704,0.0875907242,0,0.00139772142,0.334827694,154.383,37,16,8
8,split,4,decomposition,projection,occupancy_balanced,10.4864408,3.52579753,1.07868449,0.259195964,86.5930074,0,0.304697673,0.713562012,0.845258077,0.589589437,4.71345011,0.112670898,0,0.0029703776,0.679158529,154.383,37,16,8
8,split,4,decomposition,projection,truth,11.0997184,3.71045525,1.14358282,0.285236626,91.0465213,0,0.312114198,0.728395062,0.826477302,0.528870885,5.07908951,0.158950617,0,0.00385802469,0.77031893,154.383,37,16,8
8,split,4,fixed_hit,feasibility,family,5.00997634,1.00139772,0.00139772142,0.00139772142,40.0601698,0.150357022,0,0,0.928219308,0.729163419,2.02213704,0.0875907242,0,0.00139772142,0.334827694,48.784,2,1,8
8,split,4,fixed_hit,feasibility,occupancy_balanced,5.11446488,1.00297038,0.0029703776,0.0029703776,39.7027995,0.256225586,0,0,0.845258077,0.589589437,4.71345011,0.112670898,0,0.0029703776,0.679158529,48.784,2,1,8
8,split,4,fixed_hit,feasibility,truth,5.21575974,1.00385802,0.00385802469,0.00385802469,40.0698302,0.281378601,0,0,0.826477302,0.528870885,5.07908951,0.158950617,0,0.00385802469,0.77031893,48.784,2,1,8
8,split,4,fixed_hit,projection,family,8.38526654,1.56967223,0.00158484717,0.00139772142,75.2463826,0.352265292,0,0,0.928219308,0.729163419,2.02213704,0.0875907242,0,0.00139772142,0.334827694,76.035,9,2,8
8,split,4,fixed_hit,projection,occupancy_balanced,10.0806445,2.16949463,0.00358072917,0.0029703776,84.8214925,0.959920247,0,0,0.845258077,0.589589437,4.71345011,0.112670898,0,0.0029703776,0.679158529,76.035,9,2,8
8,split,4,fixed_hit,projection,truth,10.6705665,2.3123071,0.00462962963,0.00385802469,88.9836998,1.02893519,0,0,0.826477302,0.528870885,5.07908951,0.158950617,0,0.00385802469,0.77031893,76.035,9,2,8
8,split,4,search,feasibility,family,5.26831482,1.20579818,0.205798177,0.151754744,42.5354741,0,0,0,0.928219308,0.729163419,2.02213704,0.0875907242,0,0.00139772142,0.334827694,35.984,5,4,8
8,split,4,search,feasibility,occupancy_balanced,5.8114735,1.45226034,0.452260335,0.259195964,45.6269735,0,0,0,0.845258077,0.589589437,4.71345011,0.112670898,0,0.0029703776,0.679158529,35.984,5,4,8
8,split,4,search,feasibility,truth,5.99719419,1.4841821,0.484182099,0.285236626,46.8440072,0,0,0,0.826477302,0.528870885,5.07908951,0.158950617,0,0.00385802469,0.77031893,35.984,5,4,8
8,split,4,search,projection,family,8.52773174,1.72601241,0.350600835,0.151754744,76.7641295,0,0,0,0.928219308,0.729163419,2.02213704,0.0875907242,0,0.00139772142,0.334827694,716.044,21,16,8
8,split,4,search,projection,occupancy_balanced,10.7937982,2.81223551,1.07868449,0.259195964,91.6540629,0,0,0,0.845258077,0.589589437,4.71345011,0.112670898,0,0.0029703776,0.679158529,716.044,21,16,8
8,split,4,search,projection,truth,11.4076988,2.98206019,1.14358282,0.285236626,96.2391654,0,0,0,0.826477302,0.528870885,5.07908951,0.158950617,0,0.00385802469,0.77031893,716.044,21,16,8
8,split,5,both,feasibility,family,5.35041625,1.20565685,0.119538785,0.0574983441,40.9619865,0.194763752,0.0351651546,0.0861180697,0.893502797,0.668120184,2.80927819,0.085255524,0.118872549,0.119538785,0.442715786,61.703,9,4,8
8,split,5,both,feasibility,occupancy_balanced,5.30449883,1.13645426,0.0669759115,0.0334472656,39.9783529,0.27150472,0.0248921712,0.0694783529,0.833709081,0.591486613,5.42778524,0.10164388,0.0657552083,0.0669759115,0.654271444,61.703,9,4,8
8,split,5,both,feasibility,truth,5.54770257,1.24858539,0.122170782,0.0599279835,40.8461077,0.319744513,0.0451388889,0.126414609,0.80071427,0.507094479,6.24995713,0.151813272,0.12037037,0.122170782,0.777820645,61.703,9,4,8
8,split,5,both,projection,family,9.57682091,2.45324719,0.339841295,0.0574983441,80.5871601,0.58230856,0.0944957788,0.217474631,0.893502797,0.668120184,2.80927819,0.085255524,0.118872549,0.119538785,0.442715786,85.469,57,24,8
8,split,5,both,projection,occupancy_balanced,10.7176351,2.78705343,0.259928385,0.0334472656,86.115092,1.09239705,0.0956624349,0.238850911,0.833709081,0.591486613,5.42778524,0.10164388,0.0657552083,0.0669759115,0.654271444,85.469,57,24,8
8,split,5,both,projection,truth,11.9369253,3.48263889,0.47968107,0.0599279835,93.2581662,1.26208848,0.17502572,0.439429012,0.80071427,0.507094479,6.24995713,0.151813272,0.12037037,0.122170782,0.777820645,85.469,57,24,8
8,split,5,decomposition,feasibility,family,5.62205441,1.61842511,0.391441705,0.203913348,42.7474382,0,0.0954252975,0.226983408,0.893502797,0.668120184,2.80927819,0.085255524,0.118872549,0.119538785,0.442715786,44.918,11,6,8
8,split,5,decomposition,feasibility,occupancy_balanced,5.88396192,1.92901611,0.537597656,0.261016846,43.2120107,0,0.146881104,0.391418457,0.833709081,0.591486613,5.42778524,0.10164388,0.0657552083,0.0669759115,0.654271444,44.918,11,6,8
8,split,5,decomposition,feasibility,truth,6.20365237,2.08288323,0.637688615,0.30045439,44.8174726,0,0.164887689,0.445194616,0.80071427,0.507094479,6.24995713,0.151813272,0.12037037,0.122170782,0.777820645,44.918,11,6,8
8,split,5,decomposition,projection,family,9.52008288,2.89321575,0.813793781,0.203913348,80.1703915,0,0.19701709,0.447745117,0.893502797,0.668120184,2.80927819,0.085255524,0.118872549,0.119538785,0.442715786,84.829,49,24,8
8,split,5,decomposition,projection,occupancy_balanced,11.0020519,4.23808289,1.40021769,0.261016846,86.8045654,0,0.412231445,1.00415039,0.833709081,0.591486613,5.42778524,0.10164388,0.0657552083,0.0669759115,0.654271444,84.829,49,24,8
8,split,5,decomposition,projection,truth,12.1428467,4.92890518,1.69251543,0.30045439,93.6577503,0,0.480967078,1.18229167,0.80071427,0.507094479,6.24995713,0.151813272,0.12037037,0.122170782,0.777820645,84.829,49,24,8
8,split,5,fixed_hit,feasibility,family,5.3255469,1.11953879,0.119538785,0.0574983441,41.2830821,0.180603596,0,0,0.893502797,0.668120184,2.80927819,0.085255524,0.118872549,0.119538785,0.442715786,66.611,5,4,8
8,split,5,fixed_hit,feasibility,occupancy_balanced,5.28875236,1.06697591,0.0669759115,0.0334472656,40.1832631,0.252380371,0,0,0.833709081,0.591486613,5.42778524,0.10164388,0.0657552083,0.0669759115,0.654271444,66.611,5,4,8
8,split,5,fixed_hit,feasibility,truth,5.51483582,1.12217078,0.122170782,0.0599279835,41.2283093,0.285408093,0,0,0.80071427,0.507094479,6.24995713,0.151813272,0.12037037,0.122170782,0.777820645,66.611,5,4,8
8,split,5,fixed_hit,projection,family,9.53967351,2.23567829,0.339018589,0.0574983441,81.458883,0.557483613,0,0,0.893502797,0.668120184,2.80927819,0.085255524,0.118872549,0.119538785,0.442715786,137.959,35,24,8
8,split,5,fixed_hit,projection,occupancy_balanced,10.723853,2.54764303,0.257385254,0.0334472656,86.9458313,1.04840088,0,0,0.833709081,0.591486613,5.42778524,0.10164388,0.0657552083,0.0669759115,0.654271444,137.959,35,24,8
8,split,5,fixed_hit,projection,truth,11.9239082,3.0420096,0.47350823,0.0599279835,94.822638,1.1825703,0,0,0.80071427,0.507094479,6.24995713,0.151813272,0.12037037,0.122170782,0.777820645,137.959,35,24,8
8,split,5,search,feasibility,family,5.69028043,1.39144171,0.391441705,0.203913348,44.4887302,0,0,0,0.893502797,0.668120184,2.80927819,0.085255524,0.118872549,0.119538785,0.442715786,62.304,7,6,8
8,split,5,search,feasibility,occupancy_balanced,6.01720061,1.53759766,0.537597656,0.261016846,46.1006826,0,0,0,0.833709081,0.591486613,5.42778524,0.10164388,0.0657552083,0.0669759115,0.654271444,62.304,7,6,8
8,split,5,search,feasibility,truth,6.35918298,1.63768861,0.637688615,0.30045439,48.1702675,0,0,0,0.80071427,0.507094479,6.24995713,0.151813272,0.12037037,0.122170782,0.777820645,62.304,7,6,8
8,split,5,search,projection,family,9.64568044,2.44547063,0.813793781,0.203913348,83.5894819,0,0,0,0.893502797,0.668120184,2.80927819,0.085255524,0.118872549,0.119538785,0.442715786,106.851,33,24,8
8,split,5,search,projection,occupancy_balanced,11.3004194,3.2339325,1.40021769,0.261016846,94.2360687,0,0,0,0.833709081,0.591486613,5.42778524,0.10164388,0.0657552083,0.0669759115,0.654271444,106.851,33,24,8
8,split,5,search,projection,truth,12.5028442,3.74661351,1.69251543,0.30045439,102.567194,0,0,0,0.80071427,0.507094479,6.24995713,0.151813272,0.12037037,0.122170782,0.777820645,106.851,33,24,8
8,split,6,both,feasibility,family,5.62672489,1.33949297,0.187251748,0.0834797737,41.8385247,0.209729971,0.062448735,0.15224122,0.879853401,0.656515525,3.1367762,0.0632296754,0.186570018,0.187399502,0.461026255,134.905,9,4,8
8,split,6,both,feasibility,occupancy_balanced,5.48922164,1.21140035,0.103068034,0.0495071411,40.5771434,0.270362854,0.038541158,0.108332316,0.834802628,0.599736532,5.48523204,0.0767110189,0.101765951,0.103169759,0.61114502,134.905,9,4,8
8,split,6,both,feasibility,truth,5.82299406,1.38711706,0.187871513,0.0863054412,41.794553,0.331461477,0.06978738,0.199245542,0.795038866,0.507415981,6.55552698,0.119484454,0.18609968,0.188328761,0.746056241,134.905,9,4,8
8,split,6,both,projection,family,10.3832481,3.00925515,0.579808694,0.0834797737,83.8808568,0.675854916,0.166010815,0.37889663,0.879853401,0.656515525,3.1367762,0.0632296754,0.186570018,0.187399502,0.461026255,270.179,57,24,8
8,split,6,both,projection,occupancy_balanced,11.0753962,3.106987,0.408655802,0.0495071411,86.9171397,1.10642242,0.150794983,0.375808716,0.834802628,0.599736532,5.48523204,0.0767110189,0.101765951,0.103169759,0.61114502,270.179,57,24,8
8,split,6,both,projection,truth,12.728224,4.15504973,0.770576132,0.0863054412,95.7947245,1.3271462,0.284007773,0.714106081,0.795038866,0.507415981,6.55552698,0.119484454,0.18609968,0.188328761,0.746056241,270.179,57,24,8
8,split,6,decomposition,feasibility,family,5.91515534,1.77929021,0.478270623,0.213978102,43.4692768,0,0.125119168,0.301019586,0.879853401,0.656515525,3.1367762,0.0632296754,0.186570018,0.187399502,0.461026255,133.331,11,6,8
8,split,6,decomposition,feasibility,occupancy_balanced,6.0407562,1.97727966,0.561894735,0.252807617,43.3498764,0,0.153004964,0.415384928,0.834802628,0.599736532,5.48523204,0.0767110189,0.101765951,0.103169759,0.61114502,133.331,11,6,8
8,split,6,decomposition,feasibility,truth,6.45071765,2.19374428,0.698774005,0.297053612,45.2822217,0,0.177526292,0.494970279,0.795038866,0.507415981,6.55552698,0.119484454,0.18609968,0.188328761,0.746056241,133.331,11,6,8
8,split,6,decomposition,projection,family,10.2406459,3.44726615,1.07208264,0.213978102,82.9110024,0,0.267780105,0.609778959,0.879853401,0.656515525,3.1367762,0.0632296754,0.186570018,0.187399502,0.461026255,102.666,49,24,8
8,split,6,decomposition,projection,occupancy_balanced,11.2871798,4.47251638,1.50085704,0.252807617,86.9027786,0,0.444661458,1.09244792,0.834802628,0.599736532,5.48523204,0.0767110189,0.101765951,0.103169759,0.61114502,102.666,49,24,8
8,split,6,decomposition,projection,truth,12.7441181,5.47586591,1.93474223,0.297053612,95.2487426,0,0.550983082,1.3735711,0.795038866,0.507415981,6.55552698,0.119484454,0.18609968,0.188328761,0.746056241,102.666,49,24,8
8,split,6,fixed_hit,feasibility,family,5.59773075,1.18725175,0.187251748,0.0834797737,42.456239,0.186943513,0,0,0.879853401,0.656515525,3.1367762,0.0632296754,0.186570018,0.187399502,0.461026255,167.934,5,4,8
8,split,6,fixed_hit,feasibility,occupancy_balanced,5.46778614,1.10306803,0.103068034,0.0495071411,40.9029388,0.241065979,0,0,0.834802628,0.599736532,5.48523204,0.0767110189,0.101765951,0.103169759,0.61114502,167.934,5,4,8
8,split,6,fixed_hit,feasibility,truth,5.77438503,1.18787151,0.187871513,0.0863054412,42.4257259,0.277963535,0,0,0.795038866,0.507415981,6.55552698,0.119484454,0.18609968,0.188328761,0.746056241,167.934,5,4,8
8,split,6,fixed_hit,projection,family,10.3382552,2.63028936,0.578702051,0.0834797737,85.4829737,0.637178852,0,0,0.879853401,0.656515525,3.1367762,0.0632296754,0.186570018,0.187399502,0.461026255,174.925,35,24,8
8,split,6,fixed_hit,projection,occupancy_balanced,11.0708656,2.73082225,0.405858358,0.0495071411,88.2367096,1.03920237,0,0,0.834802628,0.599736532,5.48523204,0.0767110189,0.101765951,0.103169759,0.61114502,174.925,35,24,8
8,split,6,fixed_hit,projection,truth,12.6668363,3.44014346,0.763260174,0.0863054412,98.413323,1.20197474,0,0,0.795038866,0.507415981,6.55552698,0.119484454,0.18609968,0.188328761,0.746056241,174.925,35,24,8
8,split,6,search,feasibility,family,5.99434114,1.47827062,0.478270623,0.213978102,45.8463215,0,0,0,0.879853401,0.656515525,3.1367762,0.0632296754,0.186570018,0.187399502,0.461026255,73.972,7,6,8
8,split,6,search,feasibility,occupancy_balanced,6.16013681,1.56189473,0.561894735,0.252807617,46.4803187,0,0,0,0.834802628,0.599736532,5.48523204,0.0767110189,0.101765951,0.103169759,0.61114502,73.972,7,6,8
8,split,6,search,feasibility,truth,6.60599323,1.69877401,0.698774005,0.297053612,49.105667,0,0,0,0.795038866,0.507415981,6.55552698,0.119484454,0.18609968,0.188328761,0.746056241,73.972,7,6,8
8,split,6,search,projection,family,10.449798,2.83748719,1.07208264,0.213978102,87.6754159,0,0,0,0.879853401,0.656515525,3.1367762,0.0632296754,0.186570018,0.187399502,0.461026255,153.843,33,24,8
8,split,6,search,projection,occupancy_balanced,11.7944449,3.38006846,1.50085704,0.252807617,95.1236394,0,0,0,0.834802628,0.599736532,5.48523204,0.0767110189,0.101765951,0.103169759,0.61114502,153.843,33,24,8
8,split,6,search,projection,truth,13.4432634,4.10229481,1.93474223,0.297053612,105.798354,0,0,0,0.795038866,0.507415981,6.55552698,0.119484454,0.18609968,0.188328761,0.746056241,153.843,33,24,8
8,split,7,both,feasibility,family,5.992052,1.54945924,0.290896173,0.116900479,42.960197,0.254749201,0.0934742417,0.258563067,0.85088138,0.630836722,4.19085449,0.0544860046,0.290222973,0.291290884,0.519503118,123.777,11,6,8
8,split,7,both,feasibility,occupancy_balanced,5.70013353,1.3252004,0.156580607,0.0712432861,41.1667837,0.292785645,0.0567220052,0.168619792,0.820138295,0.591771444,6.26635742,0.0640258789,0.155314128,0.156763713,0.634483337,123.777,11,6,8
8,split,7,both,feasibility,truth,6.19238846,1.60496685,0.294038637,0.124247447,42.9571997,0.37953437,0.0999085505,0.310928212,0.765101071,0.47828075,8.01284103,0.108662932,0.292104862,0.29502934,0.809356424,123.777,11,6,8
8,split,7,both,projection,family,11.8465832,4.25582066,1.07007397,0.116900479,89.9228128,0.911705908,0.353769417,0.852721126,0.85088138,0.630836722,4.19085449,0.0544860046,0.290222973,0.291290884,0.519503118,415.959,61,30,8
8,split,7,both,projection,occupancy_balanced,11.859338,3.7675794,0.658561707,0.0712432861,90.1171875,1.24008942,0.249440511,0.64276123,0.820138295,0.591771444,6.26635742,0.0640258789,0.155314128,0.156763713,0.634483337,415.959,61,30,8
8,split,7,both,projection,truth,14.3599348,5.53462696,1.29725842,0.124247447,102.749971,1.58880125,0.481100442,1.27541533,0.765101071,0.47828075,8.01284103,0.108662932,0.292104862,0.29502934,0.809356424,415.959,61,30,8
8,split,7,decomposition,feasibility,family,6.29306836,2.04003111,0.628945671,0.235642418,44.6360236,0,0.152808346,0.411085442,0.85088138,0.630836722,4.19085449,0.0544860046,0.290222973,0.291290884,0.519503118,459.966,12,7,8
8,split,7,decomposition,feasibility,occupancy_balanced,6.23743134,2.10395304,0.633412679,0.259902954,43.8159777,0,0.164957682,0.470540365,0.820138295,0.591771444,6.26635742,0.0640258789,0.155314128,0.156763713,0.634483337,459.966,12,7,8
8,split,7,decomposition,feasibility,truth,6.79530344,2.42391594,0.835286161,0.316996266,46.3813157,0,0.195549459,0.588629782,0.765101071,0.47828075,8.01284103,0.108662932,0.292104862,0.29502934,0.809356424,459.966,12,7,8
8,split,7,decomposition,projection,family,11.5148726,4.69693286,1.64692056,0.235642418,88.0206118,0,0.438074127,1.0519295,0.85088138,0.630836722,4.19085449,0.0544860046,0.290222973,0.291290884,0.519503118,546.677,55,28,8
8,split,7,decomposition,projection,occupancy_balanced,11.929449,5.15006383,1.80431112,0.259902954,89.4909643,0,0.530487061,1.34222412,0.820138295,0.591771444,6.26635742,0.0640258789,0.155314128,0.156763713,0.634483337,546.677,55,28,8
8,split,7,decomposition,projection,truth,14.1393884,6.7835791,2.52656798,0.316996266,101.110559,0,0.702103338,1.83584819,0.765101071,0.47828075,8.01284103,0.108662932,0.292104862,0.29502934,0.809356424,546.677,55,28,8
8,split,7,fixed_hit,feasibility,family,5.94394918,1.29089617,0.290896173,0.116900479,43.9968076,0.203967951,0,0,0.85088138,0.630836722,4.19085449,0.0544860046,0.290222973,0.291290884,0.519503118,110.377,7,6,8
8,split,7,fixed_hit,feasibility,occupancy_balanced,5.65337066,1.15658061,0.156580607,0.0712432861,41.6763407,0.24395752,0,0,0.820138295,0.591771444,6.26635742,0.0640258789,0.155314128,0.156763713,0.634483337,110.377,7,6,8
8,split,7,fixed_hit,feasibility,truth,6.12278779,1.29403864,0.294038637,0.124247447,43.962801,0.28899939,0,0,0.765101071,0.47828075,8.01284103,0.108662932,0.292104862,0.29502934,0.809356424,110.377,7,6,8
8,split,7,fixed_hit,projection,family,11.7509783,3.40299281,1.06836638,0.116900479,93.6827737,0.807838023,0,0,0.85088138,0.630836722,4.19085449,0.0544860046,0.290222973,0.291290884,0.519503118,443.401,42,30,8
8,split,7,fixed_hit,projection,occupancy_balanced,11.7868913,3.12438838,0.655255636,0.0712432861,92.4018656,1.11601257,0,0,0.820138295,0.591771444,6.26635742,0.0640258789,0.155314128,0.156763713,0.634483337,443.401,42,30,8
8,split,7,fixed_hit,projection,truth,14.1780452,4.25814472,1.28750381,0.124247447,107.551336,1.34234492,0,0,0.765101071,0.47828075,8.01284103,0.108662932,0.292104862,0.29502934,0.809356424,443.401,42,30,8
8,split,7,search,feasibility,family,6.43816546,1.62894567,0.628945671,0.235642418,47.9676303,0,0,0,0.85088138,0.630836722,4.19085449,0.0544860046,0.290222973,0.291290884,0.519503118,117.418,8,7,8
8,split,7,search,feasibility,occupancy_balanced,6.4048775,1.63341268,0.633412679,0.259902954,47.447539,0,0,0,0.820138295,0.591771444,6.26635742,0.0640258789,0.155314128,0.156763713,0.634483337,117.418,8,7,8
8,split,7,search,feasibility,truth,7.03748417,1.83528616,0.835286161,0.316996266,51.0558318,0,0,0,0.765101071,0.47828075,8.01284103,0.108662932,0.292104862,0.29502934,0.809356424,117.418,8,7,8
8,split,7,search,projection,family,11.8919211,3.64500336,1.64692056,0.235642418,96.4970747,0,0,0,0.85088138,0.630836722,4.19085449,0.0544860046,0.290222973,0.291290884,0.519503118,387.346,39,28,8
8,split,7,search,projection,occupancy_balanced,12.4617822,3.80783971,1.80431112,0.259902954,99.8501816,0,0,0,0.820138295,0.591771444,6.26635742,0.0640258789,0.155314128,0.156763713,0.634483337,387.346,39,28,8
8,split,7,search,projection,truth,14.8821994,4.94773091,2.52656798,0.316996266,115.637689,0,0,0,0.765101071,0.47828075,8.01284103,0.108662932,0.292104862,0.29502934,0.809356424,387.346,39,28,8
8,split,8,both,feasibility,family,6.60432179,1.76458993,0.39465037,0.143760049,44.0880536,0.308289728,0.117912487,0.369939558,0.822468006,0.613231854,5.70701087,0.0446296296,0.394763703,0.395735925,0.572770467,55.093,13,8,8
8,split,8,both,feasibility,occupancy_balanced,6.1616163,1.44122314,0.209940592,0.0905558268,41.8261846,0.321523031,0.0735270182,0.231282552,0.805554708,0.589314779,7.1858724,0.0491536458,0.209147135,0.210347493,0.670033773,55.093,13,8,8
8,split,8,both,feasibility,truth,6.83258068,1.82998019,0.400370878,0.155387898,44.1180714,0.437636539,0.128638927,0.429609308,0.734307524,0.458923945,9.86221613,0.0868007926,0.400345476,0.403012752,0.891810192,55.093,13,8,8
8,split,8,both,projection,family,13.4914253,5.79587485,1.69141255,0.143760049,96.0720099,1.22760218,0.562596129,1.50670267,0.822468006,0.613231854,5.70701087,0.0446296296,0.394763703,0.395735925,0.572770467,100.603,61,32,8
8,split,8,both,projection,occupancy_balanced,12.6151535,4.49655151,0.940907796,0.0905558268,93.2674611,1.4092509,0.357055664,0.961263021,0.805554708,0.589314779,7.1858724,0.0491536458,0.209147135,0.210347493,0.670033773,100.603,61,32,8
8,split,8,both,projection,truth,16.1437744,7.10199157,1.91975309,0.155387898,110.000813,1.94533354,0.678148656,1.94970279,0.734307524,0.458923945,9.86221613,0.0868007926,0.400345476,0.403012752,0.891810192,100.603,61,32,8
8,split,8,decomposition,feasibility,family,6.91769458,2.29761538,0.781724179,0.254073953,45.9115785,0,0.170054977,0.515891204,0.822468006,0.613231854,5.70701087,0.0446296296,0.394763703,0.395735925,0.572770467,134.073,13,8,8
8,split,8,decomposition,feasibility,occupancy_balanced,6.68671413,2.23471069,0.70997111,0.269337972,44.5550334,0,0.174479167,0.524739583,0.805554708,0.589314779,7.1858724,0.0491536458,0.209147135,0.210347493,0.670033773,134.073,13,8,8
8,split,8,decomposition,feasibility,truth,7.44777135,2.67192501,0.981786313,0.338185236,47.8376518,0,0.215007875,0.690138698,0.734307524,0.458923945,9.86221613,0.0868007926,0.400345476,0.403012752,0.891810192,134.073,13,8,8
8,split,8,decomposition,projection,family,12.8202695,6.15091259,2.35477918,0.254073953,93.1019332,0,0.599831211,1.58638117,0.822468006,0.613231854,5.70701087,0.0446296296,0.394763703,0.395735925,0.572770467,279.773,61,32,8
8,split,8,decomposition,projection,occupancy_balanced,12.5157693,5.87051392,2.15061442,0.269337972,92.0343526,0,0.615071615,1.61686198,0.805554708,0.589314779,7.1858724,0.0491536458,0.209147135,0.210347493,0.670033773,279.773,61,32,8
8,split,8,decomposition,projection,truth,15.5153935,8.21297566,3.23017325,0.338185236,107.215364,0,0.836457857,2.34923538,0.734307524,0.458923945,9.86221613,0.0868007926,0.400345476,0.403012752,0.891810192,279.773,61,32,8
8,split,8,fixed_hit,feasibility,family,6.57613487,1.39465037,0.39465037,0.143760049,45.5434863,0.219748061,0,0,0.822468006,0.613231854,5.70701087,0.0446296296,0.394763703,0.395735925,0.572770467,94.953,9,8,8
8,split,8,fixed_hit,feasibility,occupancy_balanced,6.11738574,1.20994059,0.209940592,0.0905558268,42.5260544,0.250315348,0,0,0.805554708,0.589314779,7.1858724,0.0491536458,0.209147135,0.210347493,0.670033773,94.953,9,8,8
8,split,8,fixed_hit,feasibility,truth,6.76194317,1.40037088,0.400370878,0.155387898,45.5515927,0.305949296,0,0,0.734307524,0.458923945,9.86221613,0.0868007926,0.400345476,0.403012752,0.891810192,94.953,9,8,8
8,split,8,fixed_hit,projection,family,13.2565181,4.28900756,1.68877881,0.143760049,102.60327,0.98527965,0,0,0.822468006,0.613231854,5.70701087,0.0446296296,0.394763703,0.395735925,0.572770467,90.717,45,32,8
8,split,8,fixed_hit,projection,occupancy_balanced,12.4089478,3.53476969,0.937001546,0.0905558268,96.6889496,1.20715332,0,0,0.805554708,0.589314779,7.1858724,0.0491536458,0.209147135,0.210347493,0.670033773,90.717,45,32,8
8,split,8,fixed_hit,projection,truth,15.7798906,5.15086623,1.90674694,0.155387898,117.340344,1.51795966,0,0,0.734307524,0.458923945,9.86221613,0.0868007926,0.400345476,0.403012752,0.891810192,90.717,45,32,8
8,split,8,search,feasibility,family,7.19532177,1.78172418,0.781724179,0.254073953,50.1681467,0,0,0,0.822468006,0.613231854,5.70701087,0.0446296296,0.394763703,0.395735925,0.572770467,57.607,9,8,8
8,split,8,search,feasibility,occupancy_balanced,6.95262644,1.70997111,0.70997111,0.269337972,48.6831258,0,0,0,0.805554708,0.589314779,7.1858724,0.0491536458,0.209147135,0.210347493,0.670033773,57.607,9,8,8
8,split,8,search,feasibility,truth,7.8281609,1.98178631,0.981786313,0.338185236,53.4392369,0,0,0,0.734307524,0.458923945,9.86221613,0.0868007926,0.400345476,0.403012752,0.891810192,57.607,9,8,8
8,split,8,search,projection,family,13.489595,4.56453141,2.35477918,0.254073953,106.127832,0,0,0,0.822468006,0.613231854,5.70701087,0.0446296296,0.394763703,0.395735925,0.572770467,235.177,45,32,8
8,split,8,search,projection,occupancy_balanced,13.2371014,4.25365194,2.15061442,0.269337972,104.779083,0,0,0,0.805554708,0.589314779,7.1858724,0.0491536458,0.209147135,0.210347493,0.670033773,235.177,45,32,8
8,split,8,search,projection,truth,16.6322844,5.86374028,3.23017325,0.338185236,126.239496,0,0,0,0.734307524,0.458923945,9.86221613,0.0868007926,0.400345476,0.403012752,0.891810192,235.177,45,32,8
16,same,0,both,feasibility,family,7.17845875,1,0,0,65.1100367,0.00218719453,0,0,0.960799818,0.780464469,1.4548629,0.309227063,0,0,0.00437438905,24.076,1,0,2
16,same,0,both,feasibility,occupancy_balanced,7.19811068,1,0,0,64.9570312,0.005859375,0,0,0.93766276,0.694661458,1.85286458,0.486979167,0,0,0.01171875,24.076,1,0,2
16,same,0,both,feasibility,truth,7.19811068,1,0,0,64.9570312,0.005859375,0,0,0.93766276,0.694661458,1.85286458,0.486979167,0,0,0.01171875,24.076,1,0,2
16,same,0,both,projection,family,12.325176,1.31360145,0,0,122.287248,0.00218719453,0,0,0.960799818,0.780464469,1.4548629,0.309227063,0,0,0.00437438905,62.044,5,0,2
16,same,0,both,projection,occupancy_balanced,12.8933171,1.49869792,0,0,127.266927,0.005859375,0,0,0.93766276,0.694661458,1.85286458,0.486979167,0,0,0.01171875,62.044,5,0,2
16,same,0,both,projection,truth,12.8933171,1.49869792,0,0,127.266927,0.005859375,0,0,0.93766276,0.694661458,1.85286458,0.486979167,0,0,0.01171875,62.044,5,0,2
16,same,0,decomposition,feasibility,family,7.19901399,1.00218719,0.00218719453,0.00218719453,65.2969135,0,0,0,0.960799818,0.780464469,1.4548629,0.309227063,0,0,0.00437438905,33.521,2,1,2
16,same,0,decomposition,feasibility,occupancy_balanced,7.25296484,1.00585938,0.005859375,0.005859375,65.4648438,0,0,0,0.93766276,0.694661458,1.85286458,0.486979167,0,0,0.01171875,33.521,2,1,2
16,same,0,decomposition,feasibility,truth,7.25296484,1.00585938,0.005859375,0.005859375,65.4648438,0,0,0,0.93766276,0.694661458,1.85286458,0.486979167,0,0,0.01171875,33.521,2,1,2
16,same,0,decomposition,projection,family,12.3055946,1.31360145,0.00218719453,0.00218719453,122.263189,0,0,0,0.960799818,0.780464469,1.4548629,0.309227063,0,0,0.00437438905,60.091,5,1,2
16,same,0,decomposition,projection,occupancy_balanced,12.8588874,1.49869792,0.005859375,0.005859375,127.202474,0,0,0,0.93766276,0.694661458,1.85286458,0.486979167,0,0,0.01171875,60.091,5,1,2
16,same,0,decomposition,projection,truth,12.8588874,1.49869792,0.005859375,0.005859375,127.202474,0,0,0,0.93766276,0.694661458,1.85286458,0.486979167,0,0,0.01171875,60.091,5,1,2
16,same,0,fixed_hit,feasibility,family,7.20592021,1,0,0,65.1100367,0.00218719453,0,0,0.960799818,0.780464469,1.4548629,0.309227063,0,0,0.00437438905,36.986,1,0,2
16,same,0,fixed_hit,feasibility,occupancy_balanced,7.22107878,1,0,0,64.9570312,0.005859375,0,0,0.93766276,0.694661458,1.85286458,0.486979167,0,0,0.01171875,36.986,1,0,2
16,same,0,fixed_hit,feasibility,truth,7.22107878,1,0,0,64.9570312,0.005859375,0,0,0.93766276,0.694661458,1.85286458,0.486979167,0,0,0.01171875,36.986,1,0,2
16,same,0,fixed_hit,projection,family,12.418609,1.31360145,0,0,122.287248,0.00218719453,0,0,0.960799818,0.780464469,1.4548629,0.309227063,0,0,0.00437438905,139.942,5,0,2
16,same,0,fixed_hit,projection,occupancy_balanced,12.9739199,1.49869792,0,0,127.266927,0.005859375,0,0,0.93766276,0.694661458,1.85286458,0.486979167,0,0,0.01171875,139.942,5,0,2
16,same,0,fixed_hit,projection,truth,12.9739199,1.49869792,0,0,127.266927,0.005859375,0,0,0.93766276,0.694661458,1.85286458,0.486979167,0,0,0.01171875,139.942,5,0,2
16,same,0,search,feasibility,family,7.22601142,1.00218719,0.00218719453,0.00218719453,65.2969135,0,0,0,0.960799818,0.780464469,1.4548629,0.309227063,0,0,0.00437438905,41.272,2,1,2
16,same,0,search,feasibility,occupancy_balanced,7.27720117,1.00585938,0.005859375,0.005859375,65.4648438,0,0,0,0.93766276,0.694661458,1.85286458,0.486979167,0,0,0.01171875,41.272,2,1,2
16,same,0,search,feasibility,truth,7.27720117,1.00585938,0.005859375,0.005859375,65.4648438,0,0,0,0.93766276,0.694661458,1.85286458,0.486979167,0,0,0.01171875,41.272,2,1,2
16,same,0,search,projection,family,12.2870286,1.31360145,0.00218719453,0.00218719453,122.263189,0,0,0,0.960799818,0.780464469,1.4548629,0.309227063,0,0,0.00437438905,59.23,5,1,2
16,same,0,search,projection,occupancy_balanced,12.8400977,1.49869792,0.005859375,0.005859375,127.202474,0,0,0,0.93766276,0.694661458,1.85286458,0.486979167,0,0,0.01171875,59.23,5,1,2
16,same,0,search,projection,truth,12.8400977,1.49869792,0.005859375,0.005859375,127.202474,0,0,0,0.93766276,0.694661458,1.85286458,0.486979167,0,0,0.01171875,59.23,5,1,2
16,same,4,both,feasibility,family,8.15060414,1.00076782,0.000767822988,0.000719260439,68.9457465,0.00407703274,0,0,0.970348439,0.806055536,1.30683493,0.119178346,0,0.000767822988,0.00927791227,136.527,3,2,3
16,same,4,both,feasibility,occupancy_balanced,8.1066833,1.00238037,0.00238037109,0.00213623047,68.3915914,0.00887044271,0,0,0.956019084,0.74512736,1.52263387,0.144978841,0,0.00238037109,0.0209960938,136.527,3,2,3
16,same,4,both,feasibility,truth,8.28317975,1.00398663,0.00398662551,0.00372942387,68.9551505,0.0156571502,0,0,0.946236818,0.689461163,1.65805041,0.209104938,0,0.00398662551,0.0364583333,136.527,3,2,3
16,same,4,both,projection,family,13.4392717,1.2515663,0.000816385536,0.000719260439,127.178021,0.00444026937,0,0,0.970348439,0.806055536,1.30683493,0.119178346,0,0.000767822988,0.00927791227,158.31,7,3,3
16,same,4,both,projection,occupancy_balanced,13.8900736,1.37656657,0.00262451172,0.00213623047,130.821859,0.0101318359,0,0,0.956019084,0.74512736,1.52263387,0.144978841,0,0.00238037109,0.0209960938,158.31,7,3,3
16,same,4,both,projection,truth,14.724624,1.47080761,0.00424382716,0.00372942387,136.511638,0.0182291667,0,0,0.946236818,0.689461163,1.65805041,0.209104938,0,0.00398662551,0.0364583333,158.31,7,3,3
16,same,4,decomposition,feasibility,family,8.17104069,1.00453018,0.00453018164,0.00443305654,69.2793443,0,0,0,0.970348439,0.806055536,1.30683493,0.119178346,0,0.000767822988,0.00927791227,97.728,3,2,3
16,same,4,decomposition,feasibility,occupancy_balanced,8.17436743,1.01023356,0.0102335612,0.00974527995,69.1026001,0,0,0,0.956019084,0.74512736,1.52263387,0.144978841,0,0.00238037109,0.0209960938,97.728,3,2,3
16,same,4,decomposition,feasibility,truth,8.40304945,1.01784336,0.0178433642,0.0168145576,70.2366898,0,0,0,0.946236818,0.689461163,1.65805041,0.209104938,0,0.00398662551,0.0364583333,97.728,3,2,3
16,same,4,decomposition,projection,family,13.4243696,1.25286884,0.00494198082,0.00443305654,127.263518,0,0,0,0.970348439,0.806055536,1.30683493,0.119178346,0,0.000767822988,0.00927791227,334.957,8,3,3
16,same,4,decomposition,projection,occupancy_balanced,13.8959692,1.37990316,0.0117390951,0.00974527995,131.05304,0,0,0,0.956019084,0.74512736,1.52263387,0.144978841,0,0.00238037109,0.0209960938,334.957,8,3,3
16,same,4,decomposition,projection,truth,14.7498906,1.47842721,0.0206725823,0.0168145576,137.076453,0,0,0,0.946236818,0.689461163,1.65805041,0.209104938,0,0.00398662551,0.0364583333,334.957,8,3,3
16,same,4,fixed_hit,feasibility,family,8.14813957,1.00076782,0.000767822988,0.000719260439,68.9457465,0.00407703274,0,0,0.970348439,0.806055536,1.30683493,0.119178346,0,0.000767822988,0.00927791227,131.969,3,2,3
16,same,4,fixed_hit,feasibility,occupancy_balanced,8.11115685,1.00238037,0.00238037109,0.00213623047,68.3915914,0.00887044271,0,0,0.956019084,0.74512736,1.52263387,0.144978841,0,0.00238037109,0.0209960938,131.969,3,2,3
16,same,4,fixed_hit,feasibility,truth,8.27845869,1.00398663,0.00398662551,0.00372942387,68.9551505,0.0156571502,0,0,0.946236818,0.689461163,1.65805041,0.209104938,0,0.00398662551,0.0364583333,131.969,3,2,3
16,same,4,fixed_hit,projection,family,13.4341299,1.2515663,0.000816385536,0.000719260439,127.178021,0.00444026937,0,0,0.970348439,0.806055536,1.30683493,0.119178346,0,0.000767822988,0.00927791227,288.137,7,3,3
16,same,4,fixed_hit,projection,occupancy_balanced,13.8911966,1.37656657,0.00262451172,0.00213623047,130.821859,0.0101318359,0,0,0.956019084,0.74512736,1.52263387,0.144978841,0,0.00238037109,0.0209960938,288.137,7,3,3
16,same,4,fixed_hit,projection,truth,14.7150651,1.47080761,0.00424382716,0.00372942387,136.511638,0.0182291667,0,0,0.946236818,0.689461163,1.65805041,0.209104938,0,0.00398662551,0.0364583333,288.137,7,3,3
16,same,4,search,feasibility,family,8.19162692,1.00453018,0.00453018164,0.00443305654,69.2793443,0,0,0,0.970348439,0.806055536,1.30683493,0.119178346,0,0.000767822988,0.00927791227,292.874,3,2,3
16,same,4,search,feasibility,occupancy_balanced,8.22175944,1.01023356,0.0102335612,0.00974527995,69.1026001,0,0,0,0.956019084,0.74512736,1.52263387,0.144978841,0,0.00238037109,0.0209960938,292.874,3,2,3
16,same,4,search,feasibility,truth,8.49849187,1.01784336,0.0178433642,0.0168145576,70.2366898,0,0,0,0.946236818,0.689461163,1.65805041,0.209104938,0,0.00398662551,0.0364583333,292.874,3,2,3
16,same,4,search,projection,family,13.4006203,1.25286884,0.00494198082,0.00443305654,127.263518,0,0,0,0.970348439,0.806055536,1.30683493,0.119178346,0,0.000767822988,0.00927791227,215.637,8,3,3
16,same,4,search,projection,occupancy_balanced,13.8719811,1.37990316,0.0117390951,0.00974527995,131.05304,0,0,0,0.956019084,0.74512736,1.52263387,0.144978841,0,0.00238037109,0.0209960938,215.637,8,3,3
16,same,4,search,projection,truth,14.7575332,1.47842721,0.0206725823,0.0168145576,137.076453,0,0,0,0.946236818,0.689461163,1.65805041,0.209104938,0,0.00398662551,0.0364583333,215.637,8,3,3
16,same,8,both,feasibility,family,9.09456172,1.00204952,0.00204951631,0.00196753566,73.7898473,0.0168270105,0,0,0.952152437,0.718985904,1.55113336,0.027440949,0,0.00299229382,0.0373431503,101.303,3,2,3
16,same,8,both,feasibility,occupancy_balanced,8.8286926,1.00229899,0.00229899089,0.00217692057,72.2343089,0.0193684896,0,0,0.943659465,0.697255452,1.70439657,0.0264282227,0,0.00315348307,0.0425211589,101.303,3,2,3
16,same,8,both,feasibility,truth,9.35090751,1.0087131,0.00871310268,0.00830666057,73.8556876,0.0495097292,0,0,0.914891658,0.572168877,2.21013057,0.065386374,0,0.0113549764,0.112203424,101.303,3,2,3
16,same,8,both,projection,family,15.1662473,1.41424546,0.00229545827,0.00196753566,137.845776,0.0182857146,0,0,0.952152437,0.718985904,1.55113336,0.027440949,0,0.00299229382,0.0373431503,134.393,7,3,3
16,same,8,both,projection,occupancy_balanced,14.9772848,1.48126221,0.00270589193,0.00217692057,137.275569,0.0215250651,0,0,0.943659465,0.697255452,1.70439657,0.0264282227,0,0.00315348307,0.0425211589,134.393,7,3,3
16,same,8,both,projection,truth,17.6319744,1.76909008,0.0103388711,0.00830666057,154.730173,0.0577909871,0,0,0.914891658,0.572168877,2.21013057,0.065386374,0,0.0113549764,0.112203424,134.393,7,3,3
16,same,8,decomposition,feasibility,family,9.16850971,1.0190935,0.0187575629,0.0182206816,74.5745843,0,0.000167968422,0.000335936844,0.952152437,0.718985904,1.55113336,0.027440949,0,0.00299229382,0.0373431503,66.14,5,2,3
16,same,8,decomposition,feasibility,occupancy_balanced,8.9120208,1.021993,0.021484375,0.0206502279,73.0869649,0,0.000254313151,0.000508626302,0.943659465,0.697255452,1.70439657,0.0264282227,0,0.00315348307,0.0425211589,66.14,5,2,3
16,same,8,decomposition,feasibility,truth,9.63789755,1.05959457,0.0577655845,0.0533709292,76.5866992,0,0.000914494742,0.00182898948,0.914891658,0.572168877,2.21013057,0.065386374,0,0.0113549764,0.112203424,66.14,5,2,3
16,same,8,decomposition,projection,family,15.1977259,1.42192194,0.0219779319,0.0182206816,138.0892,0,0.000167968422,0.000335936844,0.952152437,0.718985904,1.55113336,0.027440949,0,0.00299229382,0.0373431503,290.73,9,4,3
16,same,8,decomposition,projection,occupancy_balanced,15.006009,1.49061076,0.0258483887,0.0206502279,137.548299,0,0.000254313151,0.000508626302,0.943659465,0.697255452,1.70439657,0.0264282227,0,0.00315348307,0.0425211589,290.73,9,4,3
16,same,8,decomposition,projection,truth,17.7903062,1.80533963,0.071940253,0.0533709292,156.276228,0,0.000914494742,0.00182898948,0.914891658,0.572168877,2.21013057,0.065386374,0,0.0113549764,0.112203424,290.73,9,4,3
16,same,8,fixed_hit,feasibility,family,9.08821116,1.00204952,0.00204951631,0.00196753566,73.7898473,0.0168270105,0,0,0.952152437,0.718985904,1.55113336,0.027440949,0,0.00299229382,0.0373431503,77.107,3,2,3
16,same,8,fixed_hit,feasibility,occupancy_balanced,8.82481973,1.00229899,0.00229899089,0.00217692057,72.2343089,0.0193684896,0,0,0.943659465,0.697255452,1.70439657,0.0264282227,0,0.00315348307,0.0425211589,77.107,3,2,3
16,same,8,fixed_hit,feasibility,truth,9.35150064,1.0087131,0.00871310268,0.00830666057,73.8556876,0.0495097292,0,0,0.914891658,0.572168877,2.21013057,0.065386374,0,0.0113549764,0.112203424,77.107,3,2,3
16,same,8,fixed_hit,projection,family,15.1626313,1.41424546,0.00229545827,0.00196753566,137.845776,0.0182857146,0,0,0.952152437,0.718985904,1.55113336,0.027440949,0,0.00299229382,0.0373431503,204.539,7,3,3
16,same,8,fixed_hit,projection,occupancy_balanced,14.9787747,1.48126221,0.00270589193,0.00217692057,137.275569,0.0215250651,0,0,0.943659465,0.697255452,1.70439657,0.0264282227,0,0.00315348307,0.0425211589,204.539,7,3,3
16,same,8,fixed_hit,projection,truth,17.6291279,1.76909008,0.0103388711,0.00830666057,154.730173,0.0577909871,0,0,0.914891658,0.572168877,2.21013057,0.065386374,0,0.0113549764,0.112203424,204.539,7,3,3
16,same,8,search,feasibility,family,9.19963194,1.01875756,0.0187575629,0.0182206816,74.5823109,0,0,0,0.952152437,0.718985904,1.55113336,0.027440949,0,0.00299229382,0.0373431503,749.465,3,2,3
16,same,8,search,feasibility,occupancy_balanced,8.94260776,1.02148438,0.021484375,0.0206502279,73.0986633,0,0,0,0.943659465,0.697255452,1.70439657,0.0264282227,0,0.00315348307,0.0425211589,749.465,3,2,3
16,same,8,search,feasibility,truth,9.67243634,1.05776558,0.0577655845,0.0533709292,76.6287659,0,0,0,0.914891658,0.572168877,2.21013057,0.065386374,0,0.0113549764,0.112203424,749.465,3,2,3
16,same,8,search,projection,family,15.2015253,1.421586,0.0219779319,0.0182206816,138.096927,0,0,0,0.952152437,0.718985904,1.55113336,0.027440949,0,0.00299229382,0.0373431503,304.591,8,4,3
16,same,8,search,projection,occupancy_balanced,15.0061957,1.49010213,0.0258483887,0.0206502279,137.559998,0,0,0,0.943659465,0.697255452,1.70439657,0.0264282227,0,0.00315348307,0.0425211589,304.591,8,4,3
16,same,8,search,projection,truth,17.8587327,1.80351064,0.071940253,0.0533709292,156.318295,0,0,0,0.914891658,0.572168877,2.21013057,0.065386374,0,0.0113549764,0.112203424,304.591,8,4,3
16,split,0,both,feasibility,family,7.19525524,1,0,0,65.1100367,0.00218719453,0,0,0.960799818,0.780464469,1.4548629,0.309227063,0,0,0.00437438905,22.114,1,0,2
16,split,0,both,feasibility,occupancy_balanced,7.21661328,1,0,0,64.9570312,0.005859375,0,0,0.93766276,0.694661458,1.85286458,0.486979167,0,0,0.01171875,22.114,1,0,2
16,split,0,both,feasibility,truth,7.21661328,1,0,0,64.9570312,0.005859375,0,0,0.93766276,0.694661458,1.85286458,0.486979167,0,0,0.01171875,22.114,1,0,2
16,split,0,both,projection,family,12.3643446,1.31360145,0,0,122.287248,0.00218719453,0,0,0.960799818,0.780464469,1.4548629,0.309227063,0,0,0.00437438905,92.039,5,0,2
16,split,0,both,projection,occupancy_balanced,12.9792441,1.49869792,0,0,127.266927,0.005859375,0,0,0.93766276,0.694661458,1.85286458,0.486979167,0,0,0.01171875,92.039,5,0,2
16,split,0,both,projection,truth,12.9792441,1.49869792,0,0,127.266927,0.005859375,0,0,0.93766276,0.694661458,1.85286458,0.486979167,0,0,0.01171875,92.039,5,0,2
16,split,0,decomposition,feasibility,family,7.22374277,1.00218719,0.00218719453,0.00218719453,65.2969135,0,0,0,0.960799818,0.780464469,1.4548629,0.309227063,0,0,0.00437438905,35.935,2,1,2
16,split,0,decomposition,feasibility,occupancy_balanced,7.28263086,1.00585938,0.005859375,0.005859375,65.4648438,0,0,0,0.93766276,0.694661458,1.85286458,0.486979167,0,0,0.01171875,35.935,2,1,2
16,split,0,decomposition,feasibility,truth,7.28263086,1.00585938,0.005859375,0.005859375,65.4648438,0,0,0,0.93766276,0.694661458,1.85286458,0.486979167,0,0,0.01171875,35.935,2,1,2
16,split,0,decomposition,projection,family,12.3786579,1.31360145,0.00218719453,0.00218719453,122.263189,0,0,0,0.960799818,0.780464469,1.4548629,0.309227063,0,0,0.00437438905,81.253,5,1,2
16,split,0,decomposition,projection,occupancy_balanced,12.9674876,1.49869792,0.005859375,0.005859375,127.202474,0,0,0,0.93766276,0.694661458,1.85286458,0.486979167,0,0,0.01171875,81.253,5,1,2
16,split,0,decomposition,projection,truth,12.9674876,1.49869792,0.005859375,0.005859375,127.202474,0,0,0,0.93766276,0.694661458,1.85286458,0.486979167,0,0,0.01171875,81.253,5,1,2
16,split,0,fixed_hit,feasibility,family,7.26835318,1,0,0,65.1100367,0.00218719453,0,0,0.960799818,0.780464469,1.4548629,0.309227063,0,0,0.00437438905,61.894,1,0,2
16,split,0,fixed_hit,feasibility,occupancy_balanced,7.28113672,1,0,0,64.9570312,0.005859375,0,0,0.93766276,0.694661458,1.85286458,0.486979167,0,0,0.01171875,61.894,1,0,2
16,split,0,fixed_hit,feasibility,truth,7.28113672,1,0,0,64.9570312,0.005859375,0,0,0.93766276,0.694661458,1.85286458,0.486979167,0,0,0.01171875,61.894,1,0,2
16,split,0,fixed_hit,projection,family,12.359881,1.31360145,0,0,122.287248,0.00218719453,0,0,0.960799818,0.780464469,1.4548629,0.309227063,0,0,0.00437438905,94.373,5,0,2
16,split,0,fixed_hit,projection,occupancy_balanced,12.9303529,1.49869792,0,0,127.266927,0.005859375,0,0,0.93766276,0.694661458,1.85286458,0.486979167,0,0,0.01171875,94.373,5,0,2
16,split,0,fixed_hit,projection,truth,12.9303529,1.49869792,0,0,127.266927,0.005859375,0,0,0.93766276,0.694661458,1.85286458,0.486979167,0,0,0.01171875,94.373,5,0,2
16,split,0,search,feasibility,family,7.20716259,1.00218719,0.00218719453,0.00218719453,65.2969135,0,0,0,0.960799818,0.780464469,1.4548629,0.309227063,0,0,0.00437438905,37.557,2,1,2
16,split,0,search,feasibility,occupancy_balanced,7.27116797,1.00585938,0.005859375,0.005859375,65.4648438,0,0,0,0.93766276,0.694661458,1.85286458,0.486979167,0,0,0.01171875,37.557,2,1,2
16,split,0,search,feasibility,truth,7.27116797,1.00585938,0.005859375,0.005859375,65.4648438,0,0,0,0.93766276,0.694661458,1.85286458,0.486979167,0,0,0.01171875,37.557,2,1,2
16,split,0,search,projection,family,12.3449646,1.31360145,0.00218719453,0.00218719453,122.263189,0,0,0,0.960799818,0.780464469,1.4548629,0.309227063,0,0,0.00437438905,77.898,5,1,2
16,split,0,search,projection,occupancy_balanced,12.9081387,1.49869792,0.005859375,0.005859375,127.202474,0,0,0,0.93766276,0.694661458,1.85286458,0.486979167,0,0,0.01171875,77.898,5,1,2
16,split,0,search,projection,truth,12.9081387,1.49869792,0.005859375,0.005859375,127.202474,0,0,0,0.93766276,0.694661458,1.85286458,0.486979167,0,0,0.01171875,77.898,5,1,2
16,split,4,both,feasibility,family,7.77639443,1,0,0,67.2626319,0.000703046872,0,0,0.973203408,0.823383561,1.27239052,0.115333223,0,0,0.00140609374,182.427,1,0,2
16,split,4,both,feasibility,occupancy_balanced,7.74319368,1,0,0,66.9033305,0.000986735026,0,0,0.960755666,0.770294189,1.45463053,0.140258789,0,0,0.00197347005,182.427,1,0,2
16,split,4,both,feasibility,truth,7.79867062,1,0,0,67.1559285,0.00196116255,0,0,0.953723798,0.727044753,1.53941615,0.201678241,0,0,0.0039223251,182.427,1,0,2
16,split,4,both,projection,family,12.8457269,1.2246706,0,0,123.155499,0.000703046872,0,0,0.973203408,0.823383561,1.27239052,0.115333223,0,0,0.00140609374,139.942,5,0,2
16,split,4,both,projection,occupancy_balanced,13.0681449,1.3290507,0,0,125.342723,0.000986735026,0,0,0.960755666,0.770294189,1.45463053,0.140258789,0,0,0.00197347005,139.942,5,0,2
16,split,4,both,projection,truth,13.4384956,1.39474023,0,0,128.242413,0.00196116255,0,0,0.953723798,0.727044753,1.53941615,0.201678241,0,0,0.0039223251,139.942,5,0,2
16,split,4,decomposition,feasibility,family,7.77741724,1.00070305,0.000703046872,0.000703046872,67.3186395,0,0,0,0.973203408,0.823383561,1.27239052,0.115333223,0,0,0.00140609374,137.137,2,1,2
16,split,4,decomposition,feasibility,occupancy_balanced,7.74216326,1.00098674,0.000986735026,0.000986735026,66.9819946,0,0,0,0.960755666,0.770294189,1.45463053,0.140258789,0,0,0.00197347005,137.137,2,1,2
16,split,4,decomposition,feasibility,truth,7.80951887,1.00196116,0.00196116255,0.00196116255,67.3133038,0,0,0,0.953723798,0.727044753,1.53941615,0.201678241,0,0,0.0039223251,137.137,2,1,2
16,split,4,decomposition,projection,family,12.8070646,1.2246706,0.000703046872,0.000703046872,123.147765,0,0,0,0.973203408,0.823383561,1.27239052,0.115333223,0,0,0.00140609374,94.814,5,1,2
16,split,4,decomposition,projection,occupancy_balanced,13.0399925,1.3290507,0.000986735026,0.000986735026,125.331868,0,0,0,0.960755666,0.770294189,1.45463053,0.140258789,0,0,0.00197347005,94.814,5,1,2
16,split,4,decomposition,projection,truth,13.3945746,1.39474023,0.00196116255,0.00196116255,128.22084,0,0,0,0.953723798,0.727044753,1.53941615,0.201678241,0,0,0.0039223251,94.814,5,1,2
16,split,4,fixed_hit,feasibility,family,7.77014629,1,0,0,67.2626319,0.000703046872,0,0,0.973203408,0.823383561,1.27239052,0.115333223,0,0,0.00140609374,128.926,1,0,2
16,split,4,fixed_hit,feasibility,occupancy_balanced,7.73263358,1,0,0,66.9033305,0.000986735026,0,0,0.960755666,0.770294189,1.45463053,0.140258789,0,0,0.00197347005,128.926,1,0,2
16,split,4,fixed_hit,feasibility,truth,7.79150588,1,0,0,67.1559285,0.00196116255,0,0,0.953723798,0.727044753,1.53941615,0.201678241,0,0,0.0039223251,128.926,1,0,2
16,split,4,fixed_hit,projection,family,12.8168826,1.2246706,0,0,123.155499,0.000703046872,0,0,0.973203408,0.823383561,1.27239052,0.115333223,0,0,0.00140609374,109.425,5,0,2
16,split,4,fixed_hit,projection,occupancy_balanced,13.037635,1.3290507,0,0,125.342723,0.000986735026,0,0,0.960755666,0.770294189,1.45463053,0.140258789,0,0,0.00197347005,109.425,5,0,2
16,split,4,fixed_hit,projection,truth,13.4063737,1.39474023,0,0,128.242413,0.00196116255,0,0,0.953723798,0.727044753,1.53941615,0.201678241,0,0,0.0039223251,109.425,5,0,2
16,split,4,search,feasibility,family,7.77892616,1.00070305,0.000703046872,0.000703046872,67.3186395,0,0,0,0.973203408,0.823383561,1.27239052,0.115333223,0,0,0.00140609374,102.615,2,1,2
16,split,4,search,feasibility,occupancy_balanced,7.73397283,1.00098674,0.000986735026,0.000986735026,66.9819946,0,0,0,0.960755666,0.770294189,1.45463053,0.140258789,0,0,0.00197347005,102.615,2,1,2
16,split,4,search,feasibility,truth,7.81236034,1.00196116,0.00196116255,0.00196116255,67.3133038,0,0,0,0.953723798,0.727044753,1.53941615,0.201678241,0,0,0.0039223251,102.615,2,1,2
16,split,4,search,projection,family,12.8111631,1.2246706,0.000703046872,0.000703046872,123.147765,0,0,0,0.973203408,0.823383561,1.27239052,0.115333223,0,0,0.00140609374,142.225,5,1,2
16,split,4,search,projection,occupancy_balanced,13.0332944,1.3290507,0.000986735026,0.000986735026,125.331868,0,0,0,0.960755666,0.770294189,1.45463053,0.140258789,0,0,0.00197347005,142.225,5,1,2
16,split,4,search,projection,truth,13.3967609,1.39474023,0.00196116255,0.00196116255,128.22084,0,0,0,0.953723798,0.727044753,1.53941615,0.201678241,0,0,0.0039223251,142.225,5,1,2
16,split,8,both,feasibility,family,8.44569329,1,0,0,70.9864413,0.00559066408,0,0,0.960075571,0.760926951,1.45080539,0.024260481,0,0,0.0111813282,208.545,1,0,2
16,split,8,both,feasibility,occupancy_balanced,8.31970119,1,0,0,70.1541138,0.00683848063,0,0,0.951325099,0.735120138,1.60158285,0.0225524902,0,0,0.0136769613,208.545,1,0,2
16,split,8,both,feasibility,truth,8.47439201,1,0,0,70.8697099,0.0137428238,0,0,0.933991261,0.652771427,1.86948128,0.0521262003,0,0,0.0274856475,208.545,1,0,2
16,split,8,both,projection,family,13.821734,1.34291498,0,0,130.058353,0.00582023249,0,0,0.960075571,0.760926951,1.45080539,0.024260481,0,0,0.0111813282,142.175,5,0,2
16,split,8,both,projection,occupancy_balanced,13.8282895,1.4107844,0,0,130.490639,0.0072072347,0,0,0.951325099,0.735120138,1.60158285,0.0225524902,0,0,0.0136769613,142.175,5,0,2
16,split,8,both,projection,truth,14.6712864,1.57704618,0,0,137.312503,0.0149621501,0,0,0.933991261,0.652771427,1.86948128,0.0521262003,0,0,0.0274856475,142.175,5,0,2
16,split,8,decomposition,feasibility,family,8.44037974,1.00570545,0.00562892548,0.00559066408,71.1512715,0,3.82614019e-05,7.65228038e-05,0.960075571,0.760926951,1.45080539,0.024260481,0,0,0.0111813282,93.631,5,2,2
16,split,8,decomposition,feasibility,occupancy_balanced,8.32022222,1.00702922,0.00690205892,0.00683848063,70.342603,0,6.35782878e-05,0.000127156576,0.951325099,0.735120138,1.60158285,0.0225524902,0,0,0.0136769613,93.631,5,2,2
16,split,8,decomposition,feasibility,truth,8.4913993,1.01442869,0.0139714474,0.0137428238,71.2797338,0,0.000228623685,0.000457247371,0.933991261,0.652771427,1.86948128,0.0521262003,0,0,0.0274856475,93.631,5,2,2
16,split,8,decomposition,projection,family,13.8522308,1.34505204,0.00670024473,0.00559066408,130.088489,0,3.82614019e-05,7.65228038e-05,0.960075571,0.760926951,1.45080539,0.024260481,0,0,0.0111813282,220.915,9,4,2
16,split,8,decomposition,projection,occupancy_balanced,13.8853222,1.41371663,0.00840250651,0.00683848063,130.53345,0,6.35782878e-05,0.000127156576,0.951325099,0.735120138,1.60158285,0.0225524902,0,0,0.0136769613,220.915,9,4,2
16,split,8,decomposition,projection,truth,14.7476669,1.58578469,0.0183915054,0.0137428238,137.459788,0,0.000228623685,0.000457247371,0.933991261,0.652771427,1.86948128,0.0521262003,0,0,0.0274856475,220.915,9,4,2
16,split,8,fixed_hit,feasibility,family,8.4502213,1,0,0,70.9864413,0.00559066408,0,0,0.960075571,0.760926951,1.45080539,0.024260481,0,0,0.0111813282,501.099,1,0,2
16,split,8,fixed_hit,feasibility,occupancy_balanced,8.3124667,1,0,0,70.1541138,0.00683848063,0,0,0.951325099,0.735120138,1.60158285,0.0225524902,0,0,0.0136769613,501.099,1,0,2
16,split,8,fixed_hit,feasibility,truth,8.47612445,1,0,0,70.8697099,0.0137428238,0,0,0.933991261,0.652771427,1.86948128,0.0521262003,0,0,0.0274856475,501.099,1,0,2
16,split,8,fixed_hit,projection,family,13.8125925,1.34291498,0,0,130.058353,0.00582023249,0,0,0.960075571,0.760926951,1.45080539,0.024260481,0,0,0.0111813282,197.6,5,0,2
16,split,8,fixed_hit,projection,occupancy_balanced,13.8014576,1.4107844,0,0,130.490639,0.0072072347,0,0,0.951325099,0.735120138,1.60158285,0.0225524902,0,0,0.0136769613,197.6,5,0,2
16,split,8,fixed_hit,projection,truth,14.6701965,1.57704618,0,0,137.312503,0.0149621501,0,0,0.933991261,0.652771427,1.86948128,0.0521262003,0,0,0.0274856475,197.6,5,0,2
16,split,8,search,feasibility,family,8.44464777,1.00562893,0.00562892548,0.00559066408,71.1530315,0,0,0,0.960075571,0.760926951,1.45080539,0.024260481,0,0,0.0111813282,309.058,3,2,2
16,split,8,search,feasibility,occupancy_balanced,8.31021239,1.00690206,0.00690205892,0.00683848063,70.3455276,0,0,0,0.951325099,0.735120138,1.60158285,0.0225524902,0,0,0.0136769613,309.058,3,2,2
16,split,8,search,feasibility,truth,8.50180735,1.01397145,0.0139714474,0.0137428238,71.2902505,0,0,0,0.933991261,0.652771427,1.86948128,0.0521262003,0,0,0.0274856475,309.058,3,2,2
16,split,8,search,projection,family,13.8012465,1.34497551,0.00670024473,0.00559066408,130.090249,0,0,0,0.960075571,0.760926951,1.45080539,0.024260481,0,0,0.0111813282,101.313,7,4,2
16,split,8,search,projection,occupancy_balanced,13.7959967,1.41358948,0.00840250651,0.00683848063,130.536374,0,0,0,0.951325099,0.735120138,1.60158285,0.0225524902,0,0,0.0136769613,101.313,7,4,2
16,split,8,search,projection,truth,14.6601578,1.58532744,0.0183915054,0.0137428238,137.470304,0,0,0,0.933991261,0.652771427,1.86948128,0.0521262003,0,0,0.0274856475,101.313,7,4,2
