phase,suite,views,representative_id,feasible_worlds,initial_candidates,root_candidates,root_domains,root_removed,root_unsupported_survivors,exact_candidates,identifiable_cells,freely_variable_cells,components,component_sizes,shape_component_sizes,largest_component,shape_variables,search_nodes,unresolved_variables,occupancy_variables,literal_queries,infeasible_queries,max_query_nodes,max_unsat_query_nodes,branches,propagation_calls,fixed_kernel_calls,factor_updates,seconds,audited_pruning_steps
A0,axis_1,1,0,1,24,8,"[1, 1, 1, 1, 1, 1, 1, 1]",16,0,8,8,0,0,[],[],0,0,0,0,0,8,0,0,0,0,10,9,98,8.41460000629013e-05,8
A0,axis_1,1,1,3,24,10,"[2, 1, 1, 1, 7, 1, 1, 1]",14,0,10,7,1,0,[],[],0,0,0,1,1,7,0,0,0,0,9,8,88,9.831700003815058e-05,8
A0,axis_1,1,2,3,24,10,"[4, 1, 1, 1, 7, 1, 1, 1]",14,0,10,7,1,0,[],[],0,0,0,1,1,7,0,0,0,0,9,8,88,9.217899992108869e-05,8
A0,axis_1,1,3,3,24,10,"[1, 2, 1, 1, 1, 7, 1, 1]",14,0,10,7,1,0,[],[],0,0,0,1,1,7,0,0,0,0,9,8,88,0.00010972400013997685,8
A0,axis_1,1,6,3,24,10,"[1, 4, 1, 1, 1, 7, 1, 1]",14,0,10,7,1,0,[],[],0,0,0,1,1,7,0,0,0,0,9,8,88,8.61989999521029e-05,8
A0,axis_1,1,9,3,24,10,"[1, 1, 2, 1, 1, 1, 7, 1]",14,0,10,7,1,0,[],[],0,0,0,1,1,7,0,0,0,0,9,8,89,9.223899996868568e-05,8
A0,axis_1,1,16,27,24,14,"[2, 4, 2, 1, 7, 7, 7, 1]",10,0,14,5,3,0,[],[],0,0,0,3,3,5,0,0,0,0,7,6,69,0.00010391599994363787,8
A0,axis_1,1,18,3,24,10,"[1, 1, 4, 1, 1, 1, 7, 1]",14,0,10,7,1,0,[],[],0,0,0,1,1,7,0,0,0,0,9,8,89,9.274900003219955e-05,8
A0,axis_1,1,27,3,24,10,"[1, 1, 1, 2, 1, 1, 1, 7]",14,0,10,7,1,0,[],[],0,0,0,1,1,7,0,0,0,0,9,8,88,8.844299986776605e-05,8
A0,axis_1,1,34,27,24,14,"[2, 4, 1, 2, 7, 7, 1, 7]",10,0,14,5,3,0,[],[],0,0,0,3,3,5,0,0,0,0,7,6,68,0.00011610399997152854,8
A0,axis_1,1,39,27,24,14,"[1, 2, 2, 2, 1, 7, 7, 7]",10,0,14,5,3,0,[],[],0,0,0,3,3,5,0,0,0,0,7,6,69,0.00010103099998559628,8
A0,axis_1,1,40,81,24,16,"[2, 2, 2, 2, 7, 7, 7, 7]",8,0,16,4,4,0,[],[],0,0,0,4,4,4,0,0,0,0,6,5,59,0.00010159299995393667,8
A0,axis_1,1,52,81,24,16,"[2, 4, 4, 2, 7, 7, 7, 7]",8,0,16,4,4,0,[],[],0,0,0,4,4,4,0,0,0,0,6,5,59,0.00010205399985352415,8
A0,axis_1,1,54,3,24,10,"[1, 1, 1, 4, 1, 1, 1, 7]",14,0,10,7,1,0,[],[],0,0,0,1,1,7,0,0,0,0,9,8,88,8.638899998913985e-05,8
A0,axis_1,1,71,81,24,16,"[4, 4, 2, 4, 7, 7, 7, 7]",8,0,16,4,4,0,[],[],0,0,0,4,4,4,0,0,0,0,6,5,59,0.00010271400014971732,8
A0,axis_1,1,80,81,24,16,"[4, 4, 4, 4, 7, 7, 7, 7]",8,0,16,4,4,0,[],[],0,0,0,4,4,4,0,0,0,0,6,5,59,0.000101623000091422,8
A0,axis_1,1,81,1,24,8,"[1, 1, 1, 1, 2, 1, 1, 1]",16,0,8,8,0,0,[],[],0,0,0,0,0,7,0,0,0,0,9,8,89,9.683500002211076e-05,9
A0,axis_1,1,102,9,24,12,"[1, 2, 4, 1, 2, 7, 7, 1]",12,0,12,6,2,0,[],[],0,0,0,2,2,5,0,0,0,0,7,6,70,0.00011354100001881307,9
A0,axis_1,1,105,9,24,12,"[1, 4, 4, 1, 2, 7, 7, 1]",12,0,12,6,2,0,[],[],0,0,0,2,2,5,0,0,0,0,7,6,70,0.00010495800006538047,9
A0,axis_1,1,120,27,24,14,"[1, 2, 2, 2, 2, 7, 7, 7]",10,0,14,5,3,0,[],[],0,0,0,3,3,4,0,0,0,0,6,5,60,0.00010216300006504753,9
A0,axis_1,1,129,27,24,14,"[1, 2, 4, 2, 2, 7, 7, 7]",10,0,14,5,3,0,[],[],0,0,0,3,3,4,0,0,0,0,6,5,60,9.999999997489795e-05,9
A0,axis_1,1,159,27,24,14,"[1, 4, 4, 4, 2, 7, 7, 7]",10,0,14,5,3,0,[],[],0,0,0,3,3,4,0,0,0,0,6,5,60,9.805800004869525e-05,9
A0,axis_1,1,162,1,24,8,"[1, 1, 1, 1, 4, 1, 1, 1]",16,0,8,8,0,0,[],[],0,0,0,0,0,7,0,0,0,0,9,8,89,7.892899998296343e-05,9
A0,axis_1,1,207,9,24,12,"[1, 1, 4, 2, 4, 1, 7, 7]",12,0,12,6,2,0,[],[],0,0,0,2,2,5,0,0,0,0,7,6,70,0.00010765199999696051,9
A0,axis_1,1,210,27,24,14,"[1, 2, 4, 2, 4, 7, 7, 7]",10,0,14,5,3,0,[],[],0,0,0,3,3,4,0,0,0,0,6,5,60,0.00010574899988569086,9
A0,axis_1,1,243,1,24,8,"[1, 1, 1, 1, 1, 2, 1, 1]",16,0,8,8,0,0,[],[],0,0,0,0,0,7,0,0,0,0,9,8,89,8.306499989885197e-05,9
A0,axis_1,1,281,27,24,14,"[4, 1, 2, 2, 7, 2, 7, 7]",10,0,14,5,3,0,[],[],0,0,0,3,3,4,0,0,0,0,6,5,60,9.887800001706637e-05,9
A0,axis_1,1,308,27,24,14,"[4, 1, 2, 4, 7, 2, 7, 7]",10,0,14,5,3,0,[],[],0,0,0,3,3,4,0,0,0,0,6,5,60,0.00012292399992475112,9
A0,axis_1,1,486,1,24,8,"[1, 1, 1, 1, 1, 4, 1, 1]",16,0,8,8,0,0,[],[],0,0,0,0,0,7,0,0,0,0,9,8,89,7.98800001575728e-05,9
A0,axis_1,1,585,3,24,10,"[1, 1, 4, 1, 2, 4, 7, 1]",14,0,10,7,1,0,[],[],0,0,0,1,1,5,0,0,0,0,7,6,71,0.00016569800004617719,10
A0,axis_1,1,657,3,24,10,"[1, 1, 2, 1, 4, 4, 7, 1]",14,0,10,7,1,0,[],[],0,0,0,1,1,5,0,0,0,0,7,6,71,9.861800003818644e-05,10
A0,axis_1,1,729,1,24,8,"[1, 1, 1, 1, 1, 1, 2, 1]",16,0,8,8,0,0,[],[],0,0,0,0,0,7,0,0,0,0,9,8,90,0.00010603000009723473,10
A0,axis_1,1,761,27,24,14,"[4, 2, 1, 2, 7, 7, 2, 7]",10,0,14,5,3,0,[],[],0,0,0,3,3,4,0,0,0,0,6,5,60,9.606399999029236e-05,10
A0,axis_1,1,1028,9,24,12,"[4, 1, 1, 4, 7, 2, 2, 7]",12,0,12,6,2,0,[],[],0,0,0,2,2,4,0,0,0,0,6,5,61,9.400099997947109e-05,11
A0,axis_1,1,1270,9,24,12,"[2, 1, 1, 4, 7, 4, 2, 7]",12,0,12,6,2,0,[],[],0,0,0,2,2,4,0,0,0,0,6,5,61,9.267900009035657e-05,11
A0,axis_1,1,1458,1,24,8,"[1, 1, 1, 1, 1, 1, 4, 1]",16,0,8,8,0,0,[],[],0,0,0,0,0,7,0,0,0,0,9,8,90,8.030999993025034e-05,10
A0,axis_1,1,1491,9,24,12,"[1, 4, 1, 2, 1, 7, 4, 7]",12,0,12,6,2,0,[],[],0,0,0,2,2,5,0,0,0,0,7,6,70,9.572399994794978e-05,10
A0,axis_1,1,1755,3,24,10,"[1, 1, 1, 4, 1, 2, 4, 7]",14,0,10,7,1,0,[],[],0,0,0,1,1,5,0,0,0,0,7,6,71,9.176799994747853e-05,11
A0,axis_1,1,2106,1,24,8,"[1, 1, 1, 1, 4, 4, 4, 1]",16,0,8,8,0,0,[],[],0,0,0,0,0,5,0,0,0,0,7,6,72,8.406599999943865e-05,12
A0,axis_1,1,2133,3,24,10,"[1, 1, 1, 2, 4, 4, 4, 7]",14,0,10,7,1,0,[],[],0,0,0,1,1,4,0,0,0,0,6,5,62,0.00010567899994384788,12
A0,axis_1,1,2187,1,24,8,"[1, 1, 1, 1, 1, 1, 1, 2]",16,0,8,8,0,0,[],[],0,0,0,0,0,7,0,0,0,0,9,8,89,7.95589999142976e-05,9
A0,axis_1,1,2200,27,24,14,"[2, 2, 2, 1, 7, 7, 7, 2]",10,0,14,5,3,0,[],[],0,0,0,3,3,4,0,0,0,0,6,5,60,9.95299999431154e-05,9
A0,axis_1,1,2292,9,24,12,"[1, 4, 4, 1, 2, 7, 7, 2]",12,0,12,6,2,0,[],[],0,0,0,2,2,4,0,0,0,0,6,5,61,9.867799985840975e-05,10
A0,axis_1,1,3240,1,24,8,"[1, 1, 1, 1, 2, 2, 2, 2]",16,0,8,8,0,0,[],[],0,0,0,0,0,4,0,0,0,0,6,5,63,8.468700002595142e-05,13
A0,axis_1,1,4374,1,24,8,"[1, 1, 1, 1, 1, 1, 1, 4]",16,0,8,8,0,0,[],[],0,0,0,0,0,7,0,0,0,0,9,8,89,8.082100021056249e-05,9
A0,axis_1,1,4376,3,24,10,"[4, 1, 1, 1, 7, 1, 1, 4]",14,0,10,7,1,0,[],[],0,0,0,1,1,6,0,0,0,0,8,7,79,8.790199990471592e-05,9
A0,axis_1,1,4387,27,24,14,"[2, 2, 2, 1, 7, 7, 7, 4]",10,0,14,5,3,0,[],[],0,0,0,3,3,4,0,0,0,0,6,5,60,9.995000004892063e-05,9
A0,axis_1,1,4716,3,24,10,"[1, 1, 4, 1, 2, 2, 7, 4]",14,0,10,7,1,0,[],[],0,0,0,1,1,4,0,0,0,0,6,5,62,9.151700010079367e-05,11
A0,axis_1,1,5265,1,24,8,"[1, 1, 1, 1, 4, 1, 2, 4]",16,0,8,8,0,0,[],[],0,0,0,0,0,5,0,0,0,0,7,6,72,8.81329999629088e-05,12
A0,axis_1,1,5839,9,24,12,"[2, 4, 1, 1, 7, 7, 4, 4]",12,0,12,6,2,0,[],[],0,0,0,2,2,4,0,0,0,0,6,5,61,9.234899994225998e-05,11
A0,axis_1,1,6480,1,24,8,"[1, 1, 1, 1, 4, 4, 4, 4]",16,0,8,8,0,0,[],[],0,0,0,0,0,4,0,0,0,0,6,5,63,8.725099996809149e-05,13
A0,axis_2,2,0,1,24,8,"[1, 1, 1, 1, 1, 1, 1, 1]",16,0,8,8,0,0,[],[],0,0,0,0,0,8,0,0,0,0,10,9,158,0.00011500300001898722,8
A0,axis_2,2,1,1,24,8,"[2, 1, 1, 1, 1, 1, 1, 1]",16,0,8,8,0,0,[],[],0,0,0,0,0,7,0,0,0,0,9,8,144,0.00015121699993869697,9
A0,axis_2,2,2,1,24,8,"[4, 1, 1, 1, 1, 1, 1, 1]",16,0,8,8,0,0,[],[],0,0,0,0,0,7,0,0,0,0,9,8,144,0.00012660000015785045,9
A0,axis_2,2,3,1,24,8,"[1, 2, 1, 1, 1, 1, 1, 1]",16,0,8,8,0,0,[],[],0,0,0,0,0,7,0,0,0,0,9,8,144,0.0003700060001392558,9
A0,axis_2,2,6,1,24,8,"[1, 4, 1, 1, 1, 1, 1, 1]",16,0,8,8,0,0,[],[],0,0,0,0,0,7,0,0,0,0,9,8,144,0.00012978399990970502,9
A0,axis_2,2,9,1,24,8,"[1, 1, 2, 1, 1, 1, 1, 1]",16,0,8,8,0,0,[],[],0,0,0,0,0,7,0,0,0,0,9,8,144,0.00013430200010589033,9
A0,axis_2,2,18,1,24,8,"[1, 1, 4, 1, 1, 1, 1, 1]",16,0,8,8,0,0,[],[],0,0,0,0,0,7,0,0,0,0,9,8,144,0.0001294539999889821,9
A0,axis_2,2,27,1,24,8,"[1, 1, 1, 2, 1, 1, 1, 1]",16,0,8,8,0,0,[],[],0,0,0,0,0,7,0,0,0,0,9,8,144,0.0001592789999449451,9
A0,axis_2,2,40,1,24,8,"[2, 2, 2, 2, 1, 1, 1, 1]",16,0,8,8,0,0,[],[],0,0,0,0,0,4,0,0,0,0,6,5,102,0.00014764200000172423,12
A0,axis_2,2,54,1,24,8,"[1, 1, 1, 4, 1, 1, 1, 1]",16,0,8,8,0,0,[],[],0,0,0,0,0,7,0,0,0,0,9,8,144,0.0001255979998404655,9
A0,axis_2,2,76,1,24,8,"[2, 2, 4, 4, 1, 1, 1, 1]",16,0,8,8,0,0,[],[],0,0,0,0,0,4,0,0,0,0,6,5,102,0.0001587879999078723,12
A0,axis_2,2,81,1,24,8,"[1, 1, 1, 1, 2, 1, 1, 1]",16,0,8,8,0,0,[],[],0,0,0,0,0,7,0,0,0,0,9,8,144,0.00013900799990551604,9
A0,axis_2,2,86,1,24,8,"[4, 2, 1, 1, 2, 1, 1, 1]",16,0,8,8,0,0,[],[],0,0,0,0,0,5,0,0,0,0,7,6,116,0.0001778670000476268,11
A0,axis_2,2,90,3,24,10,"[1, 1, 2, 1, 2, 1, 7, 1]",14,0,10,7,1,0,[],[],0,0,0,1,1,6,0,0,0,0,8,7,128,0.00015477200008717773,9
A0,axis_2,2,162,1,24,8,"[1, 1, 1, 1, 4, 1, 1, 1]",16,0,8,8,0,0,[],[],0,0,0,0,0,7,0,0,0,0,9,8,144,0.00013297000009515614,9
A0,axis_2,2,243,1,24,8,"[1, 1, 1, 1, 1, 2, 1, 1]",16,0,8,8,0,0,[],[],0,0,0,0,0,7,0,0,0,0,9,8,143,0.00019886800009771832,9
A0,axis_2,2,249,1,24,8,"[1, 4, 1, 1, 1, 2, 1, 1]",16,0,8,8,0,0,[],[],0,0,0,0,0,6,0,0,0,0,8,7,129,0.00013751599999523023,10
A0,axis_2,2,364,9,24,12,"[2, 2, 2, 2, 2, 2, 7, 7]",12,0,12,6,2,0,[],[],0,0,0,2,2,2,0,0,0,0,4,3,70,0.00029743599998255377,12
A0,axis_2,2,446,9,24,12,"[4, 2, 2, 2, 4, 2, 7, 7]",12,0,12,6,2,0,[],[],0,0,0,2,2,2,0,0,0,0,4,3,70,0.00013767699988420645,12
A0,axis_2,2,457,9,24,12,"[2, 4, 4, 2, 4, 2, 7, 7]",12,0,12,6,2,0,[],[],0,0,0,2,2,2,0,0,0,0,4,3,70,0.00013414099998954043,12
A0,axis_2,2,484,9,24,12,"[2, 4, 4, 4, 4, 2, 7, 7]",12,0,12,6,2,0,[],[],0,0,0,2,2,2,0,0,0,0,4,3,70,0.0002335199999379256,12
A0,axis_2,2,486,1,24,8,"[1, 1, 1, 1, 1, 4, 1, 1]",16,0,8,8,0,0,[],[],0,0,0,0,0,7,0,0,0,0,9,8,143,0.0005865299999641138,9
A0,axis_2,2,574,1,24,8,"[2, 4, 1, 1, 2, 4, 1, 1]",16,0,8,8,0,0,[],[],0,0,0,0,0,4,0,0,0,0,6,5,101,0.00017609400015317078,12
A0,axis_2,2,688,9,24,12,"[2, 2, 2, 2, 4, 4, 7, 7]",12,0,12,6,2,0,[],[],0,0,0,2,2,2,0,0,0,0,4,3,70,0.00013473200010594155,12
A0,axis_2,2,699,9,24,12,"[1, 4, 4, 2, 4, 4, 7, 7]",12,0,12,6,2,0,[],[],0,0,0,2,2,3,0,0,0,0,5,4,83,0.00014996499999142543,11
A0,axis_2,2,724,9,24,12,"[2, 2, 4, 4, 4, 4, 7, 7]",12,0,12,6,2,0,[],[],0,0,0,2,2,2,0,0,0,0,4,3,70,0.00013766699998996046,12
A0,axis_2,2,728,9,24,12,"[4, 4, 4, 4, 4, 4, 7, 7]",12,0,12,6,2,0,[],[],0,0,0,2,2,2,0,0,0,0,4,3,70,0.00019599400002334733,12
A0,axis_2,2,729,1,24,8,"[1, 1, 1, 1, 1, 1, 2, 1]",16,0,8,8,0,0,[],[],0,0,0,0,0,7,0,0,0,0,9,8,144,0.0001215429999774642,10
A0,axis_2,2,1011,3,24,10,"[1, 2, 2, 2, 1, 2, 2, 7]",14,0,10,7,1,0,[],[],0,0,0,1,1,3,0,0,0,0,5,4,84,0.00015392099999189668,12
A0,axis_2,2,1088,3,24,10,"[4, 4, 1, 2, 2, 2, 2, 7]",14,0,10,7,1,0,[],[],0,0,0,1,1,2,0,0,0,0,4,3,71,0.00012823299994124682,14
A0,axis_2,2,1194,3,24,10,"[1, 4, 1, 4, 4, 2, 2, 7]",14,0,10,7,1,0,[],[],0,0,0,1,1,3,0,0,0,0,5,4,84,0.00013174800005799625,13
A0,axis_2,2,1247,3,24,10,"[4, 2, 1, 2, 1, 4, 2, 7]",14,0,10,7,1,0,[],[],0,0,0,1,1,3,0,0,0,0,5,4,86,0.00013464199992085923,14
A0,axis_2,2,1250,3,24,10,"[4, 4, 1, 2, 1, 4, 2, 7]",14,0,10,7,1,0,[],[],0,0,0,1,1,3,0,0,0,0,5,4,86,0.00013651499989464355,14
A0,axis_2,2,1299,1,24,8,"[1, 2, 1, 1, 2, 4, 2, 1]",16,0,8,8,0,0,[],[],0,0,0,0,0,4,0,0,0,0,6,5,100,0.00014386599991667026,13
A0,axis_2,2,1458,1,24,8,"[1, 1, 1, 1, 1, 1, 4, 1]",16,0,8,8,0,0,[],[],0,0,0,0,0,7,0,0,0,0,9,8,144,0.00012060099993504991,10
A0,axis_2,2,1534,1,24,8,"[2, 2, 4, 4, 1, 1, 4, 1]",16,0,8,8,0,0,[],[],0,0,0,0,0,3,0,0,0,0,5,4,88,0.00013244900014797167,14
A0,axis_2,2,1568,1,24,8,"[4, 1, 1, 2, 2, 1, 4, 1]",16,0,8,8,0,0,[],[],0,0,0,0,0,4,0,0,0,0,6,5,101,0.0001980570000341686,13
A0,axis_2,2,1747,3,24,10,"[2, 1, 4, 2, 1, 2, 4, 7]",14,0,10,7,1,0,[],[],0,0,0,1,1,3,0,0,0,0,5,4,85,0.00013938899996901455,13
A0,axis_2,2,1755,3,24,10,"[1, 1, 1, 4, 1, 2, 4, 7]",14,0,10,7,1,0,[],[],0,0,0,1,1,5,0,0,0,0,7,6,113,0.00014277399986895034,11
A0,axis_2,2,1809,3,24,10,"[1, 1, 1, 2, 2, 2, 4, 7]",14,0,10,7,1,0,[],[],0,0,0,1,1,4,0,0,0,0,6,5,98,0.0003540709999469982,12
A0,axis_2,2,1991,3,24,10,"[4, 1, 4, 2, 1, 4, 4, 7]",14,0,10,7,1,0,[],[],0,0,0,1,1,3,0,0,0,0,5,4,85,0.0002464000001509703,13
A0,axis_2,2,2187,1,24,8,"[1, 1, 1, 1, 1, 1, 1, 2]",16,0,8,8,0,0,[],[],0,0,0,0,0,7,0,0,0,0,9,8,143,0.00012012999991384277,9
A0,axis_2,2,2262,1,24,8,"[1, 2, 4, 4, 1, 1, 1, 2]",16,0,8,8,0,0,[],[],0,0,0,0,0,4,0,0,0,0,6,5,101,0.0002148730000044452,12
A0,axis_2,2,2924,1,24,8,"[4, 4, 1, 1, 1, 1, 2, 2]",16,0,8,8,0,0,[],[],0,0,0,0,0,4,0,0,0,0,6,5,102,0.00019251899993832922,14
A0,axis_2,2,2957,1,24,8,"[4, 2, 2, 2, 1, 1, 2, 2]",16,0,8,8,0,0,[],[],0,0,0,0,0,2,0,0,0,0,4,3,73,0.00019730700000764045,15
A0,axis_2,2,2989,1,24,8,"[2, 1, 4, 4, 1, 1, 2, 2]",16,0,8,8,0,0,[],[],0,0,0,0,0,3,0,0,0,0,5,4,86,0.0001625340000828146,14
A0,axis_2,2,3240,1,24,8,"[1, 1, 1, 1, 2, 2, 2, 2]",16,0,8,8,0,0,[],[],0,0,0,0,0,4,0,0,0,0,6,5,99,0.00012512800003605662,13
A0,axis_2,2,3910,1,24,8,"[2, 2, 4, 1, 1, 2, 4, 2]",16,0,8,8,0,0,[],[],0,0,0,0,0,2,0,0,0,0,4,3,72,0.00012176300015198649,15
A0,axis_2,2,4140,1,24,8,"[1, 1, 2, 1, 1, 4, 4, 2]",16,0,8,8,0,0,[],[],0,0,0,0,0,4,0,0,0,0,6,5,98,0.0001285129999359924,12
A0,axis_2,2,4374,1,24,8,"[1, 1, 1, 1, 1, 1, 1, 4]",16,0,8,8,0,0,[],[],0,0,0,0,0,7,0,0,0,0,9,8,143,0.00012926499994136975,9
A0,axis_2,2,4802,3,24,10,"[4, 2, 4, 1, 4, 2, 7, 4]",14,0,10,7,1,0,[],[],0,0,0,1,1,2,0,0,0,0,4,3,71,0.00012904400000479654,13
A0,axis_2,2,5023,1,24,8,"[2, 1, 1, 1, 4, 4, 1, 4]",16,0,8,8,0,0,[],[],0,0,0,0,0,4,0,0,0,0,6,5,100,0.0001556830000026821,12
A0,axis_2,2,5356,1,24,8,"[2, 1, 2, 1, 1, 2, 2, 4]",16,0,8,8,0,0,[],[],0,0,0,0,0,3,0,0,0,0,5,4,86,0.00017957900013243489,14
A0,axis_2,2,5610,1,24,8,"[1, 2, 4, 1, 1, 4, 2, 4]",16,0,8,8,0,0,[],[],0,0,0,0,0,3,0,0,0,0,5,4,84,0.0001504959998328559,13
A0,axis_2,2,5670,1,24,8,"[1, 1, 1, 1, 2, 4, 2, 4]",16,0,8,8,0,0,[],[],0,0,0,0,0,4,0,0,0,0,6,5,99,0.00012839300006817211,13
A0,axis_2,2,6029,1,24,8,"[4, 4, 1, 2, 4, 1, 4, 4]",16,0,8,8,0,0,[],[],0,0,0,0,0,2,0,0,0,0,4,3,73,0.00012320500013629498,15
A0,axis_3,3,0,1,24,8,"[1, 1, 1, 1, 1, 1, 1, 1]",16,0,8,8,0,0,[],[],0,0,0,0,0,8,0,0,0,0,10,9,208,0.00014247399985833908,8
A0,axis_3,3,1,1,24,8,"[2, 1, 1, 1, 1, 1, 1, 1]",16,0,8,8,0,0,[],[],0,0,0,0,0,7,0,0,0,0,9,8,189,0.0005719989999306563,9
A0,axis_3,3,2,1,24,8,"[4, 1, 1, 1, 1, 1, 1, 1]",16,0,8,8,0,0,[],[],0,0,0,0,0,7,0,0,0,0,9,8,189,0.00021688599986191548,9
A0,axis_3,3,3,1,24,8,"[1, 2, 1, 1, 1, 1, 1, 1]",16,0,8,8,0,0,[],[],0,0,0,0,0,7,0,0,0,0,9,8,189,0.00016051099987635098,9
A0,axis_3,3,6,1,24,8,"[1, 4, 1, 1, 1, 1, 1, 1]",16,0,8,8,0,0,[],[],0,0,0,0,0,7,0,0,0,0,9,8,189,0.00018392599986327696,9
A0,axis_3,3,9,1,24,8,"[1, 1, 2, 1, 1, 1, 1, 1]",16,0,8,8,0,0,[],[],0,0,0,0,0,7,0,0,0,0,9,8,189,0.00015759699999762233,9
A0,axis_3,3,18,1,24,8,"[1, 1, 4, 1, 1, 1, 1, 1]",16,0,8,8,0,0,[],[],0,0,0,0,0,7,0,0,0,0,9,8,189,0.0001593790000242734,9
A0,axis_3,3,27,1,24,8,"[1, 1, 1, 2, 1, 1, 1, 1]",16,0,8,8,0,0,[],[],0,0,0,0,0,7,0,0,0,0,9,8,189,0.00020460700011426525,9
A0,axis_3,3,40,1,24,8,"[2, 2, 2, 2, 1, 1, 1, 1]",16,0,8,8,0,0,[],[],0,0,0,0,0,4,0,0,0,0,6,5,132,0.00022506799996335758,12
A0,axis_3,3,54,1,24,8,"[1, 1, 1, 4, 1, 1, 1, 1]",16,0,8,8,0,0,[],[],0,0,0,0,0,7,0,0,0,0,9,8,189,0.00016197299987652514,9
A0,axis_3,3,61,1,24,8,"[2, 4, 1, 4, 1, 1, 1, 1]",16,0,8,8,0,0,[],[],0,0,0,0,0,5,0,0,0,0,7,6,151,0.00019071600013376155,11
A0,axis_3,3,81,1,24,8,"[1, 1, 1, 1, 2, 1, 1, 1]",16,0,8,8,0,0,[],[],0,0,0,0,0,7,0,0,0,0,9,8,189,0.0001961250000022119,9
A0,axis_3,3,162,1,24,8,"[1, 1, 1, 1, 4, 1, 1, 1]",16,0,8,8,0,0,[],[],0,0,0,0,0,7,0,0,0,0,9,8,189,0.00015962899988153367,9
A0,axis_3,3,187,1,24,8,"[2, 4, 4, 1, 4, 1, 1, 1]",16,0,8,8,0,0,[],[],0,0,0,0,0,4,0,0,0,0,6,5,132,0.00023449199989045155,12
A0,axis_3,3,206,1,24,8,"[4, 4, 2, 2, 4, 1, 1, 1]",16,0,8,8,0,0,[],[],0,0,0,0,0,3,0,0,0,0,5,4,113,0.0002499449999504577,13
A0,axis_3,3,243,1,24,8,"[1, 1, 1, 1, 1, 2, 1, 1]",16,0,8,8,0,0,[],[],0,0,0,0,0,7,0,0,0,0,9,8,188,0.00016037099999266502,9
A0,axis_3,3,462,1,24,8,"[1, 2, 1, 4, 4, 2, 1, 1]",16,0,8,8,0,0,[],[],0,0,0,0,0,4,0,0,0,0,6,5,132,0.00017764700010047818,12
A0,axis_3,3,486,1,24,8,"[1, 1, 1, 1, 1, 4, 1, 1]",16,0,8,8,0,0,[],[],0,0,0,0,0,7,0,0,0,0,9,8,188,0.00015681500008213334,9
A0,axis_3,3,728,1,24,8,"[4, 4, 4, 4, 4, 4, 1, 1]",16,0,8,8,0,0,[],[],0,0,0,0,0,2,0,0,0,0,4,3,94,0.00023359100009656686,14
A0,axis_3,3,729,1,24,8,"[1, 1, 1, 1, 1, 1, 2, 1]",16,0,8,8,0,0,[],[],0,0,0,0,0,7,0,0,0,0,9,8,189,0.00016169299988177954,10
A0,axis_3,3,1064,1,24,8,"[4, 1, 2, 1, 2, 2, 2, 1]",16,0,8,8,0,0,[],[],0,0,0,0,0,3,0,0,0,0,5,4,111,0.00021937900010016165,13
A0,axis_3,3,1458,1,24,8,"[1, 1, 1, 1, 1, 1, 4, 1]",16,0,8,8,0,0,[],[],0,0,0,0,0,7,0,0,0,0,9,8,189,0.00015514300002905657,10
A0,axis_3,3,1636,1,24,8,"[2, 4, 2, 1, 4, 1, 4, 1]",16,0,8,8,0,0,[],[],0,0,0,0,0,3,0,0,0,0,5,4,111,0.0001690239998879406,13
A0,axis_3,3,1672,1,24,8,"[2, 4, 4, 2, 4, 1, 4, 1]",16,0,8,8,0,0,[],[],0,0,0,0,0,2,0,0,0,0,4,3,93,0.00015255899984367716,14
A0,axis_3,3,1886,1,24,8,"[4, 2, 4, 1, 4, 2, 4, 1]",16,0,8,8,0,0,[],[],0,0,0,0,0,2,0,0,0,0,4,3,92,0.00017370999989907432,14
A0,axis_3,3,1991,1,24,8,"[4, 1, 4, 2, 1, 4, 4, 1]",16,0,8,8,0,0,[],[],0,0,0,0,0,3,0,0,0,0,5,4,113,0.0001704360001895111,14
A0,axis_3,3,2011,1,24,8,"[2, 2, 2, 4, 1, 4, 4, 1]",16,0,8,8,0,0,[],[],0,0,0,0,0,2,0,0,0,0,4,3,93,0.00016715100014152995,15
A0,axis_3,3,2056,1,24,8,"[2, 2, 1, 2, 2, 4, 4, 1]",16,0,8,8,0,0,[],[],0,0,0,0,0,2,0,0,0,0,4,3,93,0.0002162050000151794,15
A0,axis_3,3,2063,1,24,8,"[4, 1, 2, 2, 2, 4, 4, 1]",16,0,8,8,0,0,[],[],0,0,0,0,0,2,0,0,0,0,4,3,91,0.00015640500009794778,14
A0,axis_3,3,2187,1,24,8,"[1, 1, 1, 1, 1, 1, 1, 2]",16,0,8,8,0,0,[],[],0,0,0,0,0,7,0,0,0,0,9,8,188,0.00020169300000816293,9
A0,axis_3,3,2429,3,24,10,"[4, 4, 4, 4, 4, 1, 7, 2]",14,0,10,7,1,0,[],[],0,0,0,1,1,2,0,0,0,0,4,3,92,0.00022496800011140294,13
A0,axis_3,3,2461,1,24,8,"[2, 2, 1, 2, 1, 2, 1, 2]",16,0,8,8,0,0,[],[],0,0,0,0,0,3,0,0,0,0,5,4,113,0.00017436200005249702,13
A0,axis_3,3,2551,3,24,10,"[2, 2, 2, 2, 2, 2, 7, 2]",14,0,10,7,1,0,[],[],0,0,0,1,1,1,0,0,0,0,3,2,73,0.00015068599986989284,14
A0,axis_3,3,2676,1,24,8,"[1, 2, 1, 1, 1, 4, 1, 2]",16,0,8,8,0,0,[],[],0,0,0,0,0,5,0,0,0,0,7,6,149,0.00018452699987392407,11
A0,axis_3,3,2756,1,24,8,"[4, 1, 1, 1, 2, 4, 1, 2]",16,0,8,8,0,0,[],[],0,0,0,0,0,4,0,0,0,0,6,5,131,0.00018730099986896676,12
A0,axis_3,3,2821,3,24,10,"[2, 2, 2, 4, 2, 4, 7, 2]",14,0,10,7,1,0,[],[],0,0,0,1,1,1,0,0,0,0,3,2,73,0.00014906299998074246,14
A0,axis_3,3,3198,1,24,8,"[1, 2, 2, 2, 1, 2, 2, 2]",16,0,8,8,0,0,[],[],0,0,0,0,0,2,0,0,0,0,4,3,92,0.0003399709999030165,14
A0,axis_3,3,3240,1,24,8,"[1, 1, 1, 1, 2, 2, 2, 2]",16,0,8,8,0,0,[],[],0,0,0,0,0,4,0,0,0,0,6,5,129,0.00017004599999381753,13
A0,axis_3,3,3540,1,24,8,"[1, 2, 1, 4, 2, 4, 2, 2]",16,0,8,8,0,0,[],[],0,0,0,0,0,2,0,0,0,0,4,3,92,0.00015325000003940659,15
A0,axis_3,3,3726,1,24,8,"[1, 1, 1, 1, 2, 1, 4, 2]",16,0,8,8,0,0,[],[],0,0,0,0,0,5,0,0,0,0,7,6,149,0.0002216819998466235,12
A0,axis_3,3,3913,1,24,8,"[2, 4, 4, 1, 1, 2, 4, 2]",16,0,8,8,0,0,[],[],0,0,0,0,0,2,0,0,0,0,4,3,92,0.00021347999995668943,15
A0,axis_3,3,3927,1,24,8,"[1, 2, 2, 2, 1, 2, 4, 2]",16,0,8,8,0,0,[],[],0,0,0,0,0,2,0,0,0,0,4,3,91,0.0001535200001399062,14
A0,axis_3,3,4003,1,24,8,"[2, 4, 1, 2, 2, 2, 4, 2]",16,0,8,8,0,0,[],[],0,0,0,0,0,1,0,0,0,0,3,2,73,0.0001416820000486041,16
A0,axis_3,3,4197,1,24,8,"[1, 2, 2, 4, 1, 4, 4, 2]",16,0,8,8,0,0,[],[],0,0,0,0,0,2,0,0,0,0,4,3,91,0.00015184799985945574,14
A0,axis_3,3,4374,1,24,8,"[1, 1, 1, 1, 1, 1, 1, 4]",16,0,8,8,0,0,[],[],0,0,0,0,0,7,0,0,0,0,9,8,188,0.0001583880000453064,9
A0,axis_3,3,4468,3,24,10,"[2, 2, 2, 1, 2, 1, 7, 4]",14,0,10,7,1,0,[],[],0,0,0,1,1,3,0,0,0,0,5,4,111,0.00018456700013302907,12
A0,axis_3,3,4493,3,24,10,"[4, 1, 2, 2, 2, 1, 7, 4]",14,0,10,7,1,0,[],[],0,0,0,1,1,3,0,0,0,0,5,4,111,0.00018363499998486077,12
A0,axis_3,3,4820,3,24,10,"[4, 2, 2, 2, 4, 2, 7, 4]",14,0,10,7,1,0,[],[],0,0,0,1,1,1,0,0,0,0,3,2,73,0.0002365650000228925,14
A0,axis_3,3,4831,3,24,10,"[2, 4, 4, 2, 4, 2, 7, 4]",14,0,10,7,1,0,[],[],0,0,0,1,1,1,0,0,0,0,3,2,73,0.0001705560000573314,14
A0,axis_3,3,5062,3,24,10,"[2, 2, 2, 2, 4, 4, 7, 4]",14,0,10,7,1,0,[],[],0,0,0,1,1,1,0,0,0,0,3,2,73,0.00016540899991923652,14
A0,axis_3,3,5102,3,24,10,"[4, 4, 4, 4, 4, 4, 7, 4]",14,0,10,7,1,0,[],[],0,0,0,1,1,1,0,0,0,0,3,2,73,0.00015875799999776063,14
A0,axis_3,3,5144,1,24,8,"[4, 2, 2, 2, 1, 1, 2, 4]",16,0,8,8,0,0,[],[],0,0,0,0,0,2,0,0,0,0,4,3,93,0.00016129200002978905,15
A0,axis_3,3,5460,1,24,8,"[1, 4, 1, 2, 2, 2, 2, 4]",16,0,8,8,0,0,[],[],0,0,0,0,0,2,0,0,0,0,4,3,92,0.000154961999896841,15
A0,axis_3,3,5484,1,24,8,"[1, 2, 1, 4, 2, 2, 2, 4]",16,0,8,8,0,0,[],[],0,0,0,0,0,2,0,0,0,0,4,3,92,0.00015535300008195918,15
A0,axis_3,3,5658,1,24,8,"[1, 4, 2, 4, 1, 4, 2, 4]",16,0,8,8,0,0,[],[],0,0,0,0,0,2,0,0,0,0,4,3,92,0.00015394100000776234,14
A0,axis_3,3,5758,1,24,8,"[2, 4, 1, 1, 4, 4, 2, 4]",16,0,8,8,0,0,[],[],0,0,0,0,0,2,0,0,0,0,4,3,91,0.00018338499990022683,15
A0,axis_4,4,0,1,24,8,"[1, 1, 1, 1, 1, 1, 1, 1]",16,0,8,8,0,0,[],[],0,0,0,0,0,8,0,0,0,0,10,9,258,0.00017031500010489253,8
A0,axis_4,4,1,1,24,8,"[2, 1, 1, 1, 1, 1, 1, 1]",16,0,8,8,0,0,[],[],0,0,0,0,0,7,0,0,0,0,9,8,234,0.00019983000015599828,9
A0,axis_4,4,2,1,24,8,"[4, 1, 1, 1, 1, 1, 1, 1]",16,0,8,8,0,0,[],[],0,0,0,0,0,7,0,0,0,0,9,8,234,0.0001961150001079659,9
A0,axis_4,4,3,1,24,8,"[1, 2, 1, 1, 1, 1, 1, 1]",16,0,8,8,0,0,[],[],0,0,0,0,0,7,0,0,0,0,9,8,234,0.00019631499981187517,9
A0,axis_4,4,6,1,24,8,"[1, 4, 1, 1, 1, 1, 1, 1]",16,0,8,8,0,0,[],[],0,0,0,0,0,7,0,0,0,0,9,8,234,0.00020246399981260765,9
A0,axis_4,4,9,1,24,8,"[1, 1, 2, 1, 1, 1, 1, 1]",16,0,8,8,0,0,[],[],0,0,0,0,0,7,0,0,0,0,9,8,234,0.00021481199996742362,9
A0,axis_4,4,18,1,24,8,"[1, 1, 4, 1, 1, 1, 1, 1]",16,0,8,8,0,0,[],[],0,0,0,0,0,7,0,0,0,0,9,8,234,0.00019754599998123012,9
A0,axis_4,4,27,1,24,8,"[1, 1, 1, 2, 1, 1, 1, 1]",16,0,8,8,0,0,[],[],0,0,0,0,0,7,0,0,0,0,9,8,234,0.00019727599988073052,9
A0,axis_4,4,40,1,24,8,"[2, 2, 2, 2, 1, 1, 1, 1]",16,0,8,8,0,0,[],[],0,0,0,0,0,4,0,0,0,0,6,5,162,0.0002219629998307937,12
A0,axis_4,4,54,1,24,8,"[1, 1, 1, 4, 1, 1, 1, 1]",16,0,8,8,0,0,[],[],0,0,0,0,0,7,0,0,0,0,9,8,234,0.00019536300010258856,9
A0,axis_4,4,81,1,24,8,"[1, 1, 1, 1, 2, 1, 1, 1]",16,0,8,8,0,0,[],[],0,0,0,0,0,7,0,0,0,0,9,8,234,0.0004890039999736473,9
A0,axis_4,4,102,1,24,8,"[1, 2, 4, 1, 2, 1, 1, 1]",16,0,8,8,0,0,[],[],0,0,0,0,0,5,0,0,0,0,7,6,186,0.0002333009999802016,11
A0,axis_4,4,162,1,24,8,"[1, 1, 1, 1, 4, 1, 1, 1]",16,0,8,8,0,0,[],[],0,0,0,0,0,7,0,0,0,0,9,8,234,0.000192348000155107,9
A0,axis_4,4,243,1,24,8,"[1, 1, 1, 1, 1, 2, 1, 1]",16,0,8,8,0,0,[],[],0,0,0,0,0,7,0,0,0,0,9,8,233,0.00020008000001325854,9
A0,axis_4,4,420,1,24,8,"[1, 4, 2, 1, 4, 2, 1, 1]",16,0,8,8,0,0,[],[],0,0,0,0,0,4,0,0,0,0,6,5,161,0.00024717099995541503,12
A0,axis_4,4,486,1,24,8,"[1, 1, 1, 1, 1, 4, 1, 1]",16,0,8,8,0,0,[],[],0,0,0,0,0,7,0,0,0,0,9,8,233,0.00019803700001830293,9
A0,axis_4,4,529,1,24,8,"[2, 4, 2, 2, 1, 4, 1, 1]",16,0,8,8,0,0,[],[],0,0,0,0,0,3,0,0,0,0,5,4,138,0.00020808199997190968,13
A0,axis_4,4,729,1,24,8,"[1, 1, 1, 1, 1, 1, 2, 1]",16,0,8,8,0,0,[],[],0,0,0,0,0,7,0,0,0,0,9,8,234,0.00019549300009202852,10
A0,axis_4,4,803,1,24,8,"[4, 1, 4, 4, 1, 1, 2, 1]",16,0,8,8,0,0,[],[],0,0,0,0,0,4,0,0,0,0,6,5,161,0.0003114170001481398,13
A0,axis_4,4,933,1,24,8,"[1, 4, 2, 2, 4, 1, 2, 1]",16,0,8,8,0,0,[],[],0,0,0,0,0,3,0,0,0,0,5,4,137,0.00020879400017292937,13
A0,axis_4,4,1036,1,24,8,"[2, 1, 2, 4, 1, 2, 2, 1]",16,0,8,8,0,0,[],[],0,0,0,0,0,3,0,0,0,0,5,4,138,0.00021801799994136672,14
A0,axis_4,4,1133,1,24,8,"[4, 4, 4, 4, 2, 2, 2, 1]",16,0,8,8,0,0,[],[],0,0,0,0,0,1,0,0,0,0,3,2,88,0.00016599900004621304,15
A0,axis_4,4,1157,1,24,8,"[4, 2, 4, 1, 4, 2, 2, 1]",16,0,8,8,0,0,[],[],0,0,0,0,0,2,0,0,0,0,4,3,110,0.00022298499993667065,14
A0,axis_4,4,1168,1,24,8,"[2, 4, 1, 2, 4, 2, 2, 1]",16,0,8,8,0,0,[],[],0,0,0,0,0,2,0,0,0,0,4,3,113,0.00018540799987931678,15
A0,axis_4,4,1289,1,24,8,"[4, 1, 4, 4, 1, 4, 2, 1]",16,0,8,8,0,0,[],[],0,0,0,0,0,3,0,0,0,0,5,4,137,0.00020899399987683864,14
A0,axis_4,4,1458,1,24,8,"[1, 1, 1, 1, 1, 1, 4, 1]",16,0,8,8,0,0,[],[],0,0,0,0,0,7,0,0,0,0,9,8,234,0.0002014320000398584,10
A0,axis_4,4,1696,1,24,8,"[2, 2, 4, 4, 4, 1, 4, 1]",16,0,8,8,0,0,[],[],0,0,0,0,0,2,0,0,0,0,4,3,113,0.00021053600016784912,14
A0,axis_4,4,1705,1,24,8,"[2, 2, 1, 1, 1, 2, 4, 1]",16,0,8,8,0,0,[],[],0,0,0,0,0,4,0,0,0,0,6,5,162,0.00022026999999980035,14
A0,axis_4,4,1758,1,24,8,"[1, 2, 1, 4, 1, 2, 4, 1]",16,0,8,8,0,0,[],[],0,0,0,0,0,4,0,0,0,0,6,5,162,0.00024091199998110824,13
A0,axis_4,4,2040,1,24,8,"[1, 4, 2, 1, 2, 4, 4, 1]",16,0,8,8,0,0,[],[],0,0,0,0,0,3,0,0,0,0,5,4,135,0.00022227399995244923,13
A0,axis_4,4,2101,1,24,8,"[2, 2, 4, 4, 2, 4, 4, 1]",16,0,8,8,0,0,[],[],0,0,0,0,0,1,0,0,0,0,3,2,88,0.00024975499991342076,15
A0,axis_4,4,2163,1,24,8,"[1, 2, 1, 4, 4, 4, 4, 1]",16,0,8,8,0,0,[],[],0,0,0,0,0,3,0,0,0,0,5,4,137,0.00020782199999302975,14
A0,axis_4,4,2187,1,24,8,"[1, 1, 1, 1, 1, 1, 1, 2]",16,0,8,8,0,0,[],[],0,0,0,0,0,7,0,0,0,0,9,8,233,0.00019525400011843885,9
A0,axis_4,4,2549,1,24,8,"[4, 1, 2, 2, 2, 2, 1, 2]",16,0,8,8,0,0,[],[],0,0,0,0,0,2,0,0,0,0,4,3,114,0.00019176800014975015,14
A0,axis_4,4,2788,1,24,8,"[2, 4, 1, 2, 2, 4, 1, 2]",16,0,8,8,0,0,[],[],0,0,0,0,0,2,0,0,0,0,4,3,114,0.00023092600008567388,14
A0,axis_4,4,2874,1,24,8,"[1, 2, 2, 2, 4, 4, 1, 2]",16,0,8,8,0,0,[],[],0,0,0,0,0,2,0,0,0,0,4,3,114,0.00019139699998049764,14
A0,axis_4,4,3198,1,24,8,"[1, 2, 2, 2, 1, 2, 2, 2]",16,0,8,8,0,0,[],[],0,0,0,0,0,2,0,0,0,0,4,3,112,0.0001906559998587909,14
A0,axis_4,4,3240,1,24,8,"[1, 1, 1, 1, 2, 2, 2, 2]",16,0,8,8,0,0,[],[],0,0,0,0,0,4,0,0,0,0,6,5,159,0.00020770199989783578,13
A0,axis_4,4,3280,1,24,8,"[2, 2, 2, 2, 2, 2, 2, 2]",16,0,8,8,0,0,[],[],0,0,0,0,0,0,0,0,0,0,2,1,65,0.00014570899998034292,16
A0,axis_4,4,3323,1,24,8,"[4, 1, 1, 1, 4, 2, 2, 2]",16,0,8,8,0,0,[],[],0,0,0,0,0,3,0,0,0,0,5,4,135,0.0002011520000451128,14
A0,axis_4,4,3515,1,24,8,"[4, 2, 1, 2, 2, 4, 2, 2]",16,0,8,8,0,0,[],[],0,0,0,0,0,1,0,0,0,0,3,2,89,0.0013095159999920725,16
A0,axis_4,4,3910,1,24,8,"[2, 2, 4, 1, 1, 2, 4, 2]",16,0,8,8,0,0,[],[],0,0,0,0,0,2,0,0,0,0,4,3,112,0.00019486299993332068,15
A0,axis_4,4,4067,1,24,8,"[4, 4, 2, 1, 4, 2, 4, 2]",16,0,8,8,0,0,[],[],0,0,0,0,0,1,0,0,0,0,3,2,87,0.00016684000001987442,15
A0,axis_4,4,4374,1,24,8,"[1, 1, 1, 1, 1, 1, 1, 4]",16,0,8,8,0,0,[],[],0,0,0,0,0,7,0,0,0,0,9,8,233,0.00038995499994598504,9
A0,axis_4,4,4403,1,24,8,"[4, 1, 1, 2, 1, 1, 1, 4]",16,0,8,8,0,0,[],[],0,0,0,0,0,5,0,0,0,0,7,6,186,0.0003314569999020023,11
A0,axis_4,4,4550,1,24,8,"[4, 2, 2, 1, 4, 1, 1, 4]",16,0,8,8,0,0,[],[],0,0,0,0,0,3,0,0,0,0,5,4,138,0.0002367650001815491,13
A0,axis_4,4,4716,1,24,8,"[1, 1, 4, 1, 2, 2, 1, 4]",16,0,8,8,0,0,[],[],0,0,0,0,0,4,0,0,0,0,6,5,161,0.00024240399989139405,12
A0,axis_4,4,4884,1,24,8,"[1, 4, 4, 1, 1, 4, 1, 4]",16,0,8,8,0,0,[],[],0,0,0,0,0,4,0,0,0,0,6,5,160,0.00021428199988804408,12
A0,axis_4,4,5414,1,24,8,"[4, 2, 2, 4, 1, 2, 2, 4]",16,0,8,8,0,0,[],[],0,0,0,0,0,1,0,0,0,0,3,2,89,0.00016915399987738056,16
A0,axis_4,4,5496,1,24,8,"[1, 4, 2, 4, 2, 2, 2, 4]",16,0,8,8,0,0,[],[],0,0,0,0,0,1,0,0,0,0,3,2,89,0.00017361999994136568,15
A0,axis_4,4,5560,1,24,8,"[2, 4, 4, 2, 4, 2, 2, 4]",16,0,8,8,0,0,[],[],0,0,0,0,0,0,0,0,0,0,2,1,63,0.00014280400000643567,16
A0,axis_4,4,5708,1,24,8,"[4, 1, 2, 2, 2, 4, 2, 4]",16,0,8,8,0,0,[],[],0,0,0,0,0,1,0,0,0,0,3,2,89,0.00017406100005246117,15
A0,axis_4,4,5720,1,24,8,"[4, 2, 4, 2, 2, 4, 2, 4]",16,0,8,8,0,0,[],[],0,0,0,0,0,0,0,0,0,0,2,1,64,0.0001565049999499024,16
A0,axis_4,4,6090,1,24,8,"[1, 4, 2, 1, 1, 2, 4, 4]",16,0,8,8,0,0,[],[],0,0,0,0,0,3,0,0,0,0,5,4,134,0.00019955900006607408,13
A0,axis_4,4,6520,1,24,8,"[2, 2, 2, 2, 4, 4, 4, 4]",16,0,8,8,0,0,[],[],0,0,0,0,0,0,0,0,0,0,2,1,64,0.00014163200012262678,16
A0,axis_4,4,6560,1,24,8,"[4, 4, 4, 4, 4, 4, 4, 4]",16,0,8,8,0,0,[],[],0,0,0,0,0,0,0,0,0,0,2,1,65,0.00014170300005389436,16
A0,axis_5,5,0,1,24,8,"[1, 1, 1, 1, 1, 1, 1, 1]",16,0,8,8,0,0,[],[],0,0,0,0,0,8,0,0,0,0,10,9,298,0.00019195799995941343,8
A0,axis_5,5,1,1,24,8,"[2, 1, 1, 1, 1, 1, 1, 1]",16,0,8,8,0,0,[],[],0,0,0,0,0,7,0,0,0,0,9,8,270,0.00022864299990033032,9
A0,axis_5,5,2,1,24,8,"[4, 1, 1, 1, 1, 1, 1, 1]",16,0,8,8,0,0,[],[],0,0,0,0,0,7,0,0,0,0,9,8,270,0.0002320879998478631,9
A0,axis_5,5,3,1,24,8,"[1, 2, 1, 1, 1, 1, 1, 1]",16,0,8,8,0,0,[],[],0,0,0,0,0,7,0,0,0,0,9,8,270,0.00022667000007459137,9
A0,axis_5,5,6,1,24,8,"[1, 4, 1, 1, 1, 1, 1, 1]",16,0,8,8,0,0,[],[],0,0,0,0,0,7,0,0,0,0,9,8,270,0.00024133200008691347,9
A0,axis_5,5,9,1,24,8,"[1, 1, 2, 1, 1, 1, 1, 1]",16,0,8,8,0,0,[],[],0,0,0,0,0,7,0,0,0,0,9,8,270,0.00022597900010623562,9
A0,axis_5,5,18,1,24,8,"[1, 1, 4, 1, 1, 1, 1, 1]",16,0,8,8,0,0,[],[],0,0,0,0,0,7,0,0,0,0,9,8,270,0.0002258889999211533,9
A0,axis_5,5,27,1,24,8,"[1, 1, 1, 2, 1, 1, 1, 1]",16,0,8,8,0,0,[],[],0,0,0,0,0,7,0,0,0,0,9,8,270,0.00022679099993183627,9
A0,axis_5,5,40,1,24,8,"[2, 2, 2, 2, 1, 1, 1, 1]",16,0,8,8,0,0,[],[],0,0,0,0,0,4,0,0,0,0,6,5,186,0.00023571400015498511,12
A0,axis_5,5,54,1,24,8,"[1, 1, 1, 4, 1, 1, 1, 1]",16,0,8,8,0,0,[],[],0,0,0,0,0,7,0,0,0,0,9,8,270,0.00023802700002306665,9
A0,axis_5,5,81,1,24,8,"[1, 1, 1, 1, 2, 1, 1, 1]",16,0,8,8,0,0,[],[],0,0,0,0,0,7,0,0,0,0,9,8,270,0.0002238360000319517,9
A0,axis_5,5,162,1,24,8,"[1, 1, 1, 1, 4, 1, 1, 1]",16,0,8,8,0,0,[],[],0,0,0,0,0,7,0,0,0,0,9,8,270,0.00022776199989493762,9
A0,axis_5,5,243,1,24,8,"[1, 1, 1, 1, 1, 2, 1, 1]",16,0,8,8,0,0,[],[],0,0,0,0,0,7,0,0,0,0,9,8,269,0.00027198900011171645,9
A0,axis_5,5,423,1,24,8,"[1, 1, 4, 1, 4, 2, 1, 1]",16,0,8,8,0,0,[],[],0,0,0,0,0,5,0,0,0,0,7,6,213,0.0002951930000563152,11
A0,axis_5,5,483,1,24,8,"[1, 4, 4, 4, 4, 2, 1, 1]",16,0,8,8,0,0,[],[],0,0,0,0,0,3,0,0,0,0,5,4,158,0.000240602000076251,13
A0,axis_5,5,484,1,24,8,"[2, 4, 4, 4, 4, 2, 1, 1]",16,0,8,8,0,0,[],[],0,0,0,0,0,2,0,0,0,0,4,3,130,0.0002848569999969186,14
A0,axis_5,5,486,1,24,8,"[1, 1, 1, 1, 1, 4, 1, 1]",16,0,8,8,0,0,[],[],0,0,0,0,0,7,0,0,0,0,9,8,269,0.00022721199979969242,9
A0,axis_5,5,729,1,24,8,"[1, 1, 1, 1, 1, 1, 2, 1]",16,0,8,8,0,0,[],[],0,0,0,0,0,7,0,0,0,0,9,8,270,0.00023905900002318958,10
A0,axis_5,5,1458,1,24,8,"[1, 1, 1, 1, 1, 1, 4, 1]",16,0,8,8,0,0,[],[],0,0,0,0,0,7,0,0,0,0,9,8,270,0.00024240399989139405,10
A0,axis_5,5,2187,1,24,8,"[1, 1, 1, 1, 1, 1, 1, 2]",16,0,8,8,0,0,[],[],0,0,0,0,0,7,0,0,0,0,9,8,269,0.00022191300013219006,9
A0,axis_5,5,2372,1,24,8,"[4, 2, 4, 1, 4, 1, 1, 2]",16,0,8,8,0,0,[],[],0,0,0,0,0,3,0,0,0,0,5,4,158,0.00024288400004479627,13
A0,axis_5,5,2670,1,24,8,"[1, 4, 4, 4, 4, 2, 1, 2]",16,0,8,8,0,0,[],[],0,0,0,0,0,2,0,0,0,0,4,3,130,0.00023038600011204835,14
A0,axis_5,5,2961,1,24,8,"[1, 1, 4, 2, 1, 1, 2, 2]",16,0,8,8,0,0,[],[],0,0,0,0,0,4,0,0,0,0,6,5,183,0.00023712600000180828,12
A0,axis_5,5,3198,1,24,8,"[1, 2, 2, 2, 1, 2, 2, 2]",16,0,8,8,0,0,[],[],0,0,0,0,0,2,0,0,0,0,4,3,128,0.000230406000127914,14
A0,axis_5,5,3240,1,24,8,"[1, 1, 1, 1, 2, 2, 2, 2]",16,0,8,8,0,0,[],[],0,0,0,0,0,4,0,0,0,0,6,5,183,0.0002463490000081947,13
A0,axis_5,5,3280,1,24,8,"[2, 2, 2, 2, 2, 2, 2, 2]",16,0,8,8,0,0,[],[],0,0,0,0,0,0,0,0,0,0,2,1,73,0.00016060099983405962,16
A0,axis_5,5,3295,1,24,8,"[2, 1, 1, 4, 2, 2, 2, 2]",16,0,8,8,0,0,[],[],0,0,0,0,0,2,0,0,0,0,4,3,129,0.00022009999997862906,15
A0,axis_5,5,3380,1,24,8,"[4, 2, 1, 4, 4, 2, 2, 2]",16,0,8,8,0,0,[],[],0,0,0,0,0,1,0,0,0,0,3,2,100,0.0001833850001276005,16
A0,axis_5,5,3551,1,24,8,"[4, 2, 2, 4, 2, 4, 2, 2]",16,0,8,8,0,0,[],[],0,0,0,0,0,0,0,0,0,0,2,1,73,0.00016222299996115908,16
A0,axis_5,5,3607,1,24,8,"[2, 4, 2, 2, 4, 4, 2, 2]",16,0,8,8,0,0,[],[],0,0,0,0,0,0,0,0,0,0,2,1,72,0.00015577399994981533,16
A0,axis_5,5,3929,1,24,8,"[4, 2, 2, 2, 1, 2, 4, 2]",16,0,8,8,0,0,[],[],0,0,0,0,0,1,0,0,0,0,3,2,100,0.00021743700017395895,16
A0,axis_5,5,4009,1,24,8,"[2, 2, 2, 2, 2, 2, 4, 2]",16,0,8,8,0,0,[],[],0,0,0,0,0,0,0,0,0,0,2,1,71,0.00015951999989738397,16
A0,axis_5,5,4033,1,24,8,"[2, 1, 2, 4, 2, 2, 4, 2]",16,0,8,8,0,0,[],[],0,0,0,0,0,1,0,0,0,0,3,2,99,0.00018827300004886638,15
A0,axis_5,5,4374,1,24,8,"[1, 1, 1, 1, 1, 1, 1, 4]",16,0,8,8,0,0,[],[],0,0,0,0,0,7,0,0,0,0,9,8,269,0.00023568300002807518,9
A0,axis_5,5,4530,1,24,8,"[1, 2, 4, 4, 2, 1, 1, 4]",16,0,8,8,0,0,[],[],0,0,0,0,0,3,0,0,0,0,5,4,158,0.0002591790000678884,13
A0,axis_5,5,4641,1,24,8,"[1, 4, 4, 1, 1, 2, 1, 4]",16,0,8,8,0,0,[],[],0,0,0,0,0,4,0,0,0,0,6,5,184,0.00024892400006137905,12
A0,axis_5,5,4688,1,24,8,"[4, 4, 2, 4, 1, 2, 1, 4]",16,0,8,8,0,0,[],[],0,0,0,0,0,2,0,0,0,0,4,3,130,0.00023053600011735398,14
A0,axis_5,5,4846,1,24,8,"[2, 2, 2, 4, 4, 2, 1, 4]",16,0,8,8,0,0,[],[],0,0,0,0,0,1,0,0,0,0,3,2,102,0.0001880529998743441,15
A0,axis_5,5,4849,1,24,8,"[2, 4, 2, 4, 4, 2, 1, 4]",16,0,8,8,0,0,[],[],0,0,0,0,0,1,0,0,0,0,3,2,102,0.00018782199981615122,15
A0,axis_5,5,4881,1,24,8,"[1, 2, 4, 1, 1, 4, 1, 4]",16,0,8,8,0,0,[],[],0,0,0,0,0,4,0,0,0,0,6,5,184,0.0002641169999151316,12
A0,axis_5,5,4913,1,24,8,"[4, 4, 4, 2, 1, 4, 1, 4]",16,0,8,8,0,0,[],[],0,0,0,0,0,2,0,0,0,0,4,3,130,0.00020653000001402688,14
A0,axis_5,5,5081,1,24,8,"[4, 2, 1, 4, 4, 4, 1, 4]",16,0,8,8,0,0,[],[],0,0,0,0,0,2,0,0,0,0,4,3,130,0.0002131000001099892,14
A0,axis_5,5,5132,1,24,8,"[4, 1, 1, 2, 1, 1, 2, 4]",16,0,8,8,0,0,[],[],0,0,0,0,0,4,0,0,0,0,6,5,186,0.0002675519999684184,14
A0,axis_5,5,5223,1,24,8,"[1, 2, 2, 2, 2, 1, 2, 4]",16,0,8,8,0,0,[],[],0,0,0,0,0,2,0,0,0,0,4,3,129,0.00021783700003652484,14
A0,axis_5,5,5356,1,24,8,"[2, 1, 2, 1, 1, 2, 2, 4]",16,0,8,8,0,0,[],[],0,0,0,0,0,3,0,0,0,0,5,4,156,0.00024029099995459546,14
A0,axis_5,5,5476,1,24,8,"[2, 2, 4, 2, 2, 2, 2, 4]",16,0,8,8,0,0,[],[],0,0,0,0,0,0,0,0,0,0,2,1,72,0.00015769700007695064,16
A0,axis_5,5,5560,1,24,8,"[2, 4, 4, 2, 4, 2, 2, 4]",16,0,8,8,0,0,[],[],0,0,0,0,0,0,0,0,0,0,2,1,71,0.00015931899997667642,16
A0,axis_5,5,5601,1,24,8,"[1, 2, 2, 1, 1, 4, 2, 4]",16,0,8,8,0,0,[],[],0,0,0,0,0,3,0,0,0,0,5,4,155,0.0002761339999324264,13
A0,axis_5,5,5645,1,24,8,"[4, 1, 1, 4, 1, 4, 2, 4]",16,0,8,8,0,0,[],[],0,0,0,0,0,3,0,0,0,0,5,4,158,0.00024150199988071108,15
A0,axis_5,5,5663,1,24,8,"[4, 1, 4, 4, 1, 4, 2, 4]",16,0,8,8,0,0,[],[],0,0,0,0,0,2,0,0,0,0,4,3,128,0.00022148300013213884,15
A0,axis_5,5,5735,1,24,8,"[4, 1, 2, 4, 2, 4, 2, 4]",16,0,8,8,0,0,[],[],0,0,0,0,0,1,0,0,0,0,3,2,101,0.000227601999995386,15
A0,axis_5,5,5784,1,24,8,"[1, 4, 1, 2, 4, 4, 2, 4]",16,0,8,8,0,0,[],[],0,0,0,0,0,2,0,0,0,0,4,3,128,0.00021423099997264217,15
A0,axis_5,5,6401,1,24,8,"[4, 1, 1, 1, 2, 4, 4, 4]",16,0,8,8,0,0,[],[],0,0,0,0,0,3,0,0,0,0,5,4,155,0.0002290240001912025,14
A0,axis_5,5,6509,1,24,8,"[4, 1, 1, 2, 4, 4, 4, 4]",16,0,8,8,0,0,[],[],0,0,0,0,0,2,0,0,0,0,4,3,129,0.00023450200001207122,15
A0,axis_5,5,6520,1,24,8,"[2, 2, 2, 2, 4, 4, 4, 4]",16,0,8,8,0,0,[],[],0,0,0,0,0,0,0,0,0,0,2,1,72,0.000156835000097999,16
A0,axis_5,5,6560,1,24,8,"[4, 4, 4, 4, 4, 4, 4, 4]",16,0,8,8,0,0,[],[],0,0,0,0,0,0,0,0,0,0,2,1,73,0.0001732100001845538,16
A0,axis_6,6,0,1,24,8,"[1, 1, 1, 1, 1, 1, 1, 1]",16,0,8,8,0,0,[],[],0,0,0,0,0,8,0,0,0,0,10,9,338,0.0002178769998408825,8
A0,axis_6,6,1,1,24,8,"[2, 1, 1, 1, 1, 1, 1, 1]",16,0,8,8,0,0,[],[],0,0,0,0,0,7,0,0,0,0,9,8,306,0.0002612420000787097,9
A0,axis_6,6,2,1,24,8,"[4, 1, 1, 1, 1, 1, 1, 1]",16,0,8,8,0,0,[],[],0,0,0,0,0,7,0,0,0,0,9,8,306,0.0002522689999295835,9
A0,axis_6,6,3,1,24,8,"[1, 2, 1, 1, 1, 1, 1, 1]",16,0,8,8,0,0,[],[],0,0,0,0,0,7,0,0,0,0,9,8,306,0.00026082199997290445,9
A0,axis_6,6,6,1,24,8,"[1, 4, 1, 1, 1, 1, 1, 1]",16,0,8,8,0,0,[],[],0,0,0,0,0,7,0,0,0,0,9,8,306,0.0002591290001419111,9
A0,axis_6,6,9,1,24,8,"[1, 1, 2, 1, 1, 1, 1, 1]",16,0,8,8,0,0,[],[],0,0,0,0,0,7,0,0,0,0,9,8,306,0.00026014100012616836,9
A0,axis_6,6,18,1,24,8,"[1, 1, 4, 1, 1, 1, 1, 1]",16,0,8,8,0,0,[],[],0,0,0,0,0,7,0,0,0,0,9,8,306,0.0002694349998364487,9
A0,axis_6,6,27,1,24,8,"[1, 1, 1, 2, 1, 1, 1, 1]",16,0,8,8,0,0,[],[],0,0,0,0,0,7,0,0,0,0,9,8,306,0.0003697050001392199,9
A0,axis_6,6,40,1,24,8,"[2, 2, 2, 2, 1, 1, 1, 1]",16,0,8,8,0,0,[],[],0,0,0,0,0,4,0,0,0,0,6,5,210,0.00031078600000000733,12
A0,axis_6,6,54,1,24,8,"[1, 1, 1, 4, 1, 1, 1, 1]",16,0,8,8,0,0,[],[],0,0,0,0,0,7,0,0,0,0,9,8,306,0.0002730600001541461,9
A0,axis_6,6,75,1,24,8,"[1, 2, 4, 4, 1, 1, 1, 1]",16,0,8,8,0,0,[],[],0,0,0,0,0,5,0,0,0,0,7,6,242,0.00027642500003821624,11
A0,axis_6,6,81,1,24,8,"[1, 1, 1, 1, 2, 1, 1, 1]",16,0,8,8,0,0,[],[],0,0,0,0,0,7,0,0,0,0,9,8,306,0.0002539909999086376,9
A0,axis_6,6,97,1,24,8,"[2, 4, 2, 1, 2, 1, 1, 1]",16,0,8,8,0,0,[],[],0,0,0,0,0,4,0,0,0,0,6,5,210,0.00033040600010281196,12
A0,axis_6,6,162,1,24,8,"[1, 1, 1, 1, 4, 1, 1, 1]",16,0,8,8,0,0,[],[],0,0,0,0,0,7,0,0,0,0,9,8,306,0.0002560240000093472,9
A0,axis_6,6,243,1,24,8,"[1, 1, 1, 1, 1, 2, 1, 1]",16,0,8,8,0,0,[],[],0,0,0,0,0,7,0,0,0,0,9,8,305,0.0002729099999214668,9
A0,axis_6,6,486,1,24,8,"[1, 1, 1, 1, 1, 4, 1, 1]",16,0,8,8,0,0,[],[],0,0,0,0,0,7,0,0,0,0,9,8,305,0.0002747130001807818,9
A0,axis_6,6,729,1,24,8,"[1, 1, 1, 1, 1, 1, 2, 1]",16,0,8,8,0,0,[],[],0,0,0,0,0,7,0,0,0,0,9,8,306,0.0002543510001942195,10
A0,axis_6,6,747,1,24,8,"[1, 1, 4, 1, 1, 1, 2, 1]",16,0,8,8,0,0,[],[],0,0,0,0,0,6,0,0,0,0,8,7,272,0.0002745620001860516,10
A0,axis_6,6,791,1,24,8,"[4, 4, 1, 4, 1, 1, 2, 1]",16,0,8,8,0,0,[],[],0,0,0,0,0,4,0,0,0,0,6,5,211,0.00029250900001898117,14
A0,axis_6,6,894,1,24,8,"[1, 2, 1, 1, 4, 1, 2, 1]",16,0,8,8,0,0,[],[],0,0,0,0,0,5,0,0,0,0,7,6,241,0.00029196800005593104,12
A0,axis_6,6,1178,1,24,8,"[4, 4, 2, 2, 4, 2, 2, 1]",16,0,8,8,0,0,[],[],0,0,0,0,0,1,0,0,0,0,3,2,112,0.00022340600003190048,15
A0,axis_6,6,1445,1,24,8,"[4, 2, 2, 4, 4, 4, 2, 1]",16,0,8,8,0,0,[],[],0,0,0,0,0,1,0,0,0,0,3,2,112,0.00020630900007745367,15
A0,axis_6,6,1458,1,24,8,"[1, 1, 1, 1, 1, 1, 4, 1]",16,0,8,8,0,0,[],[],0,0,0,0,0,7,0,0,0,0,9,8,306,0.00029983099989294715,10
A0,axis_6,6,2044,1,24,8,"[2, 1, 4, 1, 2, 4, 4, 1]",16,0,8,8,0,0,[],[],0,0,0,0,0,3,0,0,0,0,5,4,175,0.0003095350000421604,13
A0,axis_6,6,2187,1,24,8,"[1, 1, 1, 1, 1, 1, 1, 2]",16,0,8,8,0,0,[],[],0,0,0,0,0,7,0,0,0,0,9,8,305,0.0002697950001220306,9
A0,axis_6,6,2607,1,24,8,"[1, 4, 2, 1, 4, 2, 1, 2]",16,0,8,8,0,0,[],[],0,0,0,0,0,3,0,0,0,0,5,4,177,0.0002729000000272208,13
A0,axis_6,6,2966,1,24,8,"[4, 2, 4, 2, 1, 1, 2, 2]",16,0,8,8,0,0,[],[],0,0,0,0,0,2,0,0,0,0,4,3,144,0.00023023600010674272,15
A0,axis_6,6,3198,1,24,8,"[1, 2, 2, 2, 1, 2, 2, 2]",16,0,8,8,0,0,[],[],0,0,0,0,0,2,0,0,0,0,4,3,144,0.0002528899999560963,14
A0,axis_6,6,3240,1,24,8,"[1, 1, 1, 1, 2, 2, 2, 2]",16,0,8,8,0,0,[],[],0,0,0,0,0,4,0,0,0,0,6,5,207,0.00039758699995218194,13
A0,axis_6,6,3280,1,24,8,"[2, 2, 2, 2, 2, 2, 2, 2]",16,0,8,8,0,0,[],[],0,0,0,0,0,0,0,0,0,0,2,1,81,0.00018133199978365155,16
A0,axis_6,6,3312,1,24,8,"[1, 1, 4, 4, 2, 2, 2, 2]",16,0,8,8,0,0,[],[],0,0,0,0,0,2,0,0,0,0,4,3,144,0.00023824799995963986,14
A0,axis_6,6,3350,1,24,8,"[4, 1, 1, 2, 4, 2, 2, 2]",16,0,8,8,0,0,[],[],0,0,0,0,0,2,0,0,0,0,4,3,144,0.00025998999990406446,15
A0,axis_6,6,3483,1,24,8,"[1, 1, 1, 1, 2, 4, 2, 2]",16,0,8,8,0,0,[],[],0,0,0,0,0,4,0,0,0,0,6,5,207,0.0002721880000535748,13
A0,axis_6,6,3554,1,24,8,"[4, 4, 2, 4, 2, 4, 2, 2]",16,0,8,8,0,0,[],[],0,0,0,0,0,0,0,0,0,0,2,1,81,0.000182953999910751,16
A0,axis_6,6,3943,1,24,8,"[2, 1, 1, 4, 1, 2, 4, 2]",16,0,8,8,0,0,[],[],0,0,0,0,0,3,0,0,0,0,5,4,178,0.00027825799998026923,15
A0,axis_6,6,4085,1,24,8,"[4, 4, 1, 2, 4, 2, 4, 2]",16,0,8,8,0,0,[],[],0,0,0,0,0,1,0,0,0,0,3,2,113,0.00020782199999302975,16
A0,axis_6,6,4133,1,24,8,"[4, 1, 1, 1, 1, 4, 4, 2]",16,0,8,8,0,0,[],[],0,0,0,0,0,4,0,0,0,0,6,5,209,0.0002815420000388258,14
A0,axis_6,6,4242,1,24,8,"[1, 2, 1, 2, 2, 4, 4, 2]",16,0,8,8,0,0,[],[],0,0,0,0,0,2,0,0,0,0,4,3,144,0.00023566300001220952,15
A0,axis_6,6,4307,1,24,8,"[4, 2, 2, 1, 4, 4, 4, 2]",16,0,8,8,0,0,[],[],0,0,0,0,0,1,0,0,0,0,3,2,111,0.00020641000014620658,15
A0,axis_6,6,4374,1,24,8,"[1, 1, 1, 1, 1, 1, 1, 4]",16,0,8,8,0,0,[],[],0,0,0,0,0,7,0,0,0,0,9,8,305,0.0002573659999143274,9
A0,axis_6,6,4653,1,24,8,"[1, 1, 2, 2, 1, 2, 1, 4]",16,0,8,8,0,0,[],[],0,0,0,0,0,4,0,0,0,0,6,5,209,0.0002747320002072229,12
A0,axis_6,6,4824,1,24,8,"[1, 1, 4, 2, 4, 2, 1, 4]",16,0,8,8,0,0,[],[],0,0,0,0,0,3,0,0,0,0,5,4,178,0.00026555800013738917,13
A0,axis_6,6,4843,1,24,8,"[2, 1, 2, 4, 4, 2, 1, 4]",16,0,8,8,0,0,[],[],0,0,0,0,0,2,0,0,0,0,4,3,146,0.00025336099997730344,14
A0,axis_6,6,4935,1,24,8,"[1, 2, 4, 4, 1, 4, 1, 4]",16,0,8,8,0,0,[],[],0,0,0,0,0,3,0,0,0,0,5,4,177,0.0002603410000574513,13
A0,axis_6,6,5395,1,24,8,"[2, 2, 4, 2, 1, 2, 2, 4]",16,0,8,8,0,0,[],[],0,0,0,0,0,1,0,0,0,0,3,2,112,0.00025052599994523916,16
A0,axis_6,6,5436,1,24,8,"[1, 1, 2, 1, 2, 2, 2, 4]",16,0,8,8,0,0,[],[],0,0,0,0,0,3,0,0,0,0,5,4,176,0.0003036759999304195,13
A0,axis_6,6,5547,1,24,8,"[1, 2, 2, 2, 4, 2, 2, 4]",16,0,8,8,0,0,[],[],0,0,0,0,0,1,0,0,0,0,3,2,113,0.00020870299999842246,15
A0,axis_6,6,5550,1,24,8,"[1, 4, 2, 2, 4, 2, 2, 4]",16,0,8,8,0,0,[],[],0,0,0,0,0,1,0,0,0,0,3,2,113,0.00027499299994815374,15
A0,axis_6,6,5560,1,24,8,"[2, 4, 4, 2, 4, 2, 2, 4]",16,0,8,8,0,0,[],[],0,0,0,0,0,0,0,0,0,0,2,1,79,0.0001700059999620862,16
A0,axis_6,6,6064,1,24,8,"[2, 4, 2, 4, 4, 1, 4, 4]",16,0,8,8,0,0,[],[],0,0,0,0,0,1,0,0,0,0,3,2,112,0.0002108359999510867,15
A0,axis_6,6,6154,1,24,8,"[2, 4, 4, 4, 1, 2, 4, 4]",16,0,8,8,0,0,[],[],0,0,0,0,0,1,0,0,0,0,3,2,113,0.00020438699993974296,16
A0,axis_6,6,6278,1,24,8,"[4, 2, 2, 2, 4, 2, 4, 4]",16,0,8,8,0,0,[],[],0,0,0,0,0,0,0,0,0,0,2,1,80,0.00017782700001589546,16
A0,axis_6,6,6414,1,24,8,"[1, 4, 2, 1, 2, 4, 4, 4]",16,0,8,8,0,0,[],[],0,0,0,0,0,2,0,0,0,0,4,3,143,0.0002769960001387517,14
A0,axis_6,6,6475,1,24,8,"[2, 2, 4, 4, 2, 4, 4, 4]",16,0,8,8,0,0,[],[],0,0,0,0,0,0,0,0,0,0,2,1,80,0.00017147800008388003,16
A0,axis_6,6,6520,1,24,8,"[2, 2, 2, 2, 4, 4, 4, 4]",16,0,8,8,0,0,[],[],0,0,0,0,0,0,0,0,0,0,2,1,80,0.00019052599986935093,16
A0,axis_6,6,6560,1,24,8,"[4, 4, 4, 4, 4, 4, 4, 4]",16,0,8,8,0,0,[],[],0,0,0,0,0,0,0,0,0,0,2,1,81,0.0001747119999890856,16
A0,oblique_1,1,0,1,24,8,"[1, 1, 1, 1, 1, 1, 1, 1]",16,0,8,8,0,0,[],[],0,0,0,0,0,8,0,0,0,0,10,9,318,0.0002496649999557121,8
A0,oblique_1,1,1,1,24,8,"[2, 1, 1, 1, 1, 1, 1, 1]",16,0,8,8,0,0,[],[],0,0,0,0,0,7,0,0,0,0,9,8,289,0.0003084130000843288,9
A0,oblique_1,1,2,1,24,8,"[4, 1, 1, 1, 1, 1, 1, 1]",16,0,8,8,0,0,[],[],0,0,0,0,0,7,0,0,0,0,9,8,289,0.00035498300007930084,9
A0,oblique_1,1,3,1,24,8,"[1, 2, 1, 1, 1, 1, 1, 1]",16,0,8,8,0,0,[],[],0,0,0,0,0,7,0,0,0,0,9,8,288,0.0002905559999817342,9
A0,oblique_1,1,6,1,24,8,"[1, 4, 1, 1, 1, 1, 1, 1]",16,0,8,8,0,0,[],[],0,0,0,0,0,7,0,0,0,0,9,8,288,0.0003059299999677023,9
A0,oblique_1,1,9,1,24,8,"[1, 1, 2, 1, 1, 1, 1, 1]",16,0,8,8,0,0,[],[],0,0,0,0,0,7,0,0,0,0,9,8,291,0.00031132700019043114,9
A0,oblique_1,1,18,1,24,8,"[1, 1, 4, 1, 1, 1, 1, 1]",16,0,8,8,0,0,[],[],0,0,0,0,0,7,0,0,0,0,9,8,291,0.00038983500007816474,9
A0,oblique_1,1,27,1,24,8,"[1, 1, 1, 2, 1, 1, 1, 1]",16,0,8,8,0,0,[],[],0,0,0,0,0,7,0,0,0,0,9,8,289,0.0003686530001232313,9
A0,oblique_1,1,40,3,24,10,"[2, 2, 2, 2, 7, 1, 1, 1]",14,0,10,7,1,0,[],[],0,0,0,1,1,4,0,0,0,0,6,5,196,0.00034065099998770165,11
A0,oblique_1,1,42,3,24,10,"[1, 4, 2, 2, 7, 1, 1, 1]",14,0,10,7,1,0,[],[],0,0,0,1,1,5,0,0,0,0,7,6,227,0.0003599300000587391,10
A0,oblique_1,1,54,1,24,8,"[1, 1, 1, 4, 1, 1, 1, 1]",16,0,8,8,0,0,[],[],0,0,0,0,0,7,0,0,0,0,9,8,289,0.0004181979998065799,9
A0,oblique_1,1,78,3,24,10,"[1, 4, 4, 4, 7, 1, 1, 1]",14,0,10,7,1,0,[],[],0,0,0,1,1,5,0,0,0,0,7,6,227,0.00037085700000716315,10
A0,oblique_1,1,81,1,24,8,"[1, 1, 1, 1, 2, 1, 1, 1]",16,0,8,8,0,0,[],[],0,0,0,0,0,7,0,0,0,0,9,8,287,0.00031575399998473586,9
A0,oblique_1,1,162,1,24,8,"[1, 1, 1, 1, 4, 1, 1, 1]",16,0,8,8,0,0,[],[],0,0,0,0,0,7,0,0,0,0,9,8,287,0.0003339209999921877,9
A0,oblique_1,1,179,1,24,8,"[4, 4, 2, 1, 4, 1, 1, 1]",16,0,8,8,0,0,[],[],0,0,0,0,0,4,0,0,0,0,6,5,204,0.0003258890001234249,12
A0,oblique_1,1,243,1,24,8,"[1, 1, 1, 1, 1, 2, 1, 1]",16,0,8,8,0,0,[],[],0,0,0,0,0,7,0,0,0,0,9,8,287,0.0003095250001479144,9
A0,oblique_1,1,247,1,24,8,"[2, 2, 1, 1, 1, 2, 1, 1]",16,0,8,8,0,0,[],[],0,0,0,0,0,5,0,0,0,0,7,6,228,0.00031778700008544547,11
A0,oblique_1,1,284,3,24,10,"[4, 2, 2, 2, 7, 2, 1, 1]",14,0,10,7,1,0,[],[],0,0,0,1,1,3,0,0,0,0,5,4,165,0.0002843070001290471,12
A0,oblique_1,1,310,3,24,10,"[2, 2, 2, 4, 7, 2, 1, 1]",14,0,10,7,1,0,[],[],0,0,0,1,1,3,0,0,0,0,5,4,165,0.0002876220000871399,12
A0,oblique_1,1,486,1,24,8,"[1, 1, 1, 1, 1, 4, 1, 1]",16,0,8,8,0,0,[],[],0,0,0,0,0,7,0,0,0,0,9,8,287,0.000292930000114211,9
A0,oblique_1,1,729,1,24,8,"[1, 1, 1, 1, 1, 1, 2, 1]",16,0,8,8,0,0,[],[],0,0,0,0,0,7,0,0,0,0,9,8,288,0.00027846800003317185,10
A0,oblique_1,1,757,1,24,8,"[2, 1, 1, 2, 1, 1, 2, 1]",16,0,8,8,0,0,[],[],0,0,0,0,0,5,0,0,0,0,7,6,229,0.00032312500002262823,12
A0,oblique_1,1,765,3,24,10,"[1, 1, 2, 2, 7, 1, 2, 1]",14,0,10,7,1,0,[],[],0,0,0,1,1,5,0,0,0,0,7,6,226,0.00035291900007905497,10
A0,oblique_1,1,988,3,24,10,"[2, 4, 2, 1, 7, 2, 2, 1]",14,0,10,7,1,0,[],[],0,0,0,1,1,3,0,0,0,0,5,4,164,0.00029943000004095666,12
A0,oblique_1,1,1254,3,24,10,"[1, 2, 2, 2, 7, 4, 2, 1]",14,0,10,7,1,0,[],[],0,0,0,1,1,3,0,0,0,0,5,4,165,0.00029556300000876945,12
A0,oblique_1,1,1358,1,24,8,"[4, 4, 1, 4, 2, 4, 2, 1]",16,0,8,8,0,0,[],[],0,0,0,0,0,2,0,0,0,0,4,3,137,0.0002625440001793322,15
A0,oblique_1,1,1458,1,24,8,"[1, 1, 1, 1, 1, 1, 4, 1]",16,0,8,8,0,0,[],[],0,0,0,0,0,7,0,0,0,0,9,8,288,0.0003981679999469634,10
A0,oblique_1,1,1536,3,24,10,"[1, 4, 4, 4, 7, 1, 4, 1]",14,0,10,7,1,0,[],[],0,0,0,1,1,4,0,0,0,0,6,5,196,0.00033241899996028224,11
A0,oblique_1,1,1756,1,24,8,"[2, 1, 1, 4, 1, 2, 4, 1]",16,0,8,8,0,0,[],[],0,0,0,0,0,4,0,0,0,0,6,5,198,0.00031044600018503843,13
A0,oblique_1,1,2060,1,24,8,"[4, 4, 1, 2, 2, 4, 4, 1]",16,0,8,8,0,0,[],[],0,0,0,0,0,2,0,0,0,0,4,3,137,0.00026424699990457157,15
A0,oblique_1,1,2187,1,24,8,"[1, 1, 1, 1, 1, 1, 1, 2]",16,0,8,8,0,0,[],[],0,0,0,0,0,7,0,0,0,0,9,8,289,0.00028726100003950705,10
A0,oblique_1,1,2260,3,24,10,"[2, 1, 4, 4, 7, 1, 1, 2]",14,0,10,7,1,0,[],[],0,0,0,1,1,4,0,0,0,0,6,5,195,0.00031364100004793727,11
A0,oblique_1,1,2262,3,24,10,"[1, 2, 4, 4, 7, 1, 1, 2]",14,0,10,7,1,0,[],[],0,0,0,1,1,4,0,0,0,0,6,5,196,0.00031663499999012856,11
A0,oblique_1,1,2568,1,24,8,"[1, 2, 1, 4, 2, 2, 1, 2]",16,0,8,8,0,0,[],[],0,0,0,0,0,3,0,0,0,0,5,4,166,0.0002764850000858132,13
A0,oblique_1,1,3171,6,24,11,"[1, 2, 2, 3, 7, 2, 2, 2]",13,0,11,6,1,0,[],[],0,0,0,2,2,3,0,0,0,0,5,4,165,0.00034511800004111137,12
A0,oblique_1,1,3172,6,24,11,"[2, 2, 2, 3, 7, 2, 2, 2]",13,0,11,6,1,0,[],[],0,0,0,2,2,2,0,0,0,0,4,3,134,0.0002951430001303379,13
A0,oblique_1,1,3203,3,24,10,"[4, 4, 2, 2, 7, 2, 2, 2]",14,0,10,7,1,0,[],[],0,0,0,1,1,1,0,0,0,0,3,2,104,0.0002306860001226596,14
A0,oblique_1,1,3240,1,24,8,"[1, 1, 1, 1, 2, 2, 2, 2]",16,0,8,8,0,0,[],[],0,0,0,0,0,4,0,0,0,0,6,5,196,0.0003031250000731234,14
A0,oblique_1,1,3684,3,24,10,"[1, 2, 2, 2, 7, 1, 4, 2]",14,0,10,7,1,0,[],[],0,0,0,1,1,3,0,0,0,0,5,4,175,0.00035597500004769245,12
A0,oblique_1,1,3697,3,24,10,"[2, 4, 4, 2, 7, 1, 4, 2]",14,0,10,7,1,0,[],[],0,0,0,1,1,2,0,0,0,0,4,3,135,0.0002784380001230602,13
A0,oblique_1,1,3901,6,24,11,"[2, 2, 2, 3, 7, 2, 4, 2]",13,0,11,6,1,0,[],[],0,0,0,2,2,2,0,0,0,0,4,3,133,0.0002757740001015918,13
A0,oblique_1,1,4197,3,24,10,"[1, 2, 2, 4, 7, 4, 4, 2]",14,0,10,7,1,0,[],[],0,0,0,1,1,2,0,0,0,0,4,3,133,0.00027692499998011044,13
A0,oblique_1,1,4374,1,24,8,"[1, 1, 1, 1, 1, 1, 1, 4]",16,0,8,8,0,0,[],[],0,0,0,0,0,7,0,0,0,0,9,8,289,0.00030622999997831357,10
A0,oblique_1,1,4471,1,24,8,"[2, 4, 2, 1, 2, 1, 1, 4]",16,0,8,8,0,0,[],[],0,0,0,0,0,3,0,0,0,0,5,4,177,0.0003393900001356087,14
A0,oblique_1,1,4648,1,24,8,"[2, 2, 1, 2, 1, 2, 1, 4]",16,0,8,8,0,0,[],[],0,0,0,0,0,3,0,0,0,0,5,4,167,0.00026929399996333814,13
A0,oblique_1,1,5050,1,24,8,"[2, 1, 1, 2, 4, 4, 1, 4]",16,0,8,8,0,0,[],[],0,0,0,0,0,3,0,0,0,0,5,4,166,0.0002801610000915389,13
A0,oblique_1,1,5266,1,24,8,"[2, 1, 1, 1, 4, 1, 2, 4]",16,0,8,8,0,0,[],[],0,0,0,0,0,4,0,0,0,0,6,5,198,0.00030772200011597306,14
A0,oblique_1,1,5398,3,24,10,"[2, 4, 4, 2, 7, 2, 2, 4]",14,0,10,7,1,0,[],[],0,0,0,1,1,1,0,0,0,0,3,2,102,0.00024018099998102116,14
A0,oblique_1,1,5856,1,24,8,"[1, 4, 4, 1, 1, 1, 4, 4]",16,0,8,8,0,0,[],[],0,0,0,0,0,4,0,0,0,0,6,5,216,0.0003521880000789679,13
A0,oblique_1,1,5857,1,24,8,"[2, 4, 4, 1, 1, 1, 4, 4]",16,0,8,8,0,0,[],[],0,0,0,0,0,3,0,0,0,0,5,4,185,0.00030183299986674683,14
A0,oblique_1,1,5900,3,24,10,"[4, 2, 2, 4, 7, 1, 4, 4]",14,0,10,7,1,0,[],[],0,0,0,1,1,2,0,0,0,0,4,3,134,0.00026176300002589414,13
A0,oblique_1,1,6029,1,24,8,"[4, 4, 1, 2, 4, 1, 4, 4]",16,0,8,8,0,0,[],[],0,0,0,0,0,2,0,0,0,0,4,3,136,0.0002606909999940399,15
A0,oblique_1,1,6344,6,24,11,"[4, 4, 4, 5, 7, 4, 4, 4]",13,0,11,6,1,0,[],[],0,0,0,2,2,2,0,0,0,0,4,3,134,0.00031311999987337913,13
A0,oblique_1,1,6358,3,24,10,"[2, 2, 2, 2, 7, 4, 4, 4]",14,0,10,7,1,0,[],[],0,0,0,1,1,1,0,0,0,0,3,2,102,0.00022155299984660815,14
A0,oblique_1,1,6361,3,24,10,"[2, 4, 2, 2, 7, 4, 4, 4]",14,0,10,7,1,0,[],[],0,0,0,1,1,1,0,0,0,0,3,2,102,0.00022258400008468016,14
A0,oblique_1,1,6538,1,24,8,"[2, 2, 1, 4, 4, 4, 4, 4]",16,0,8,8,0,0,[],[],0,0,0,0,0,1,0,0,0,0,3,2,106,0.0002310269999270531,16
A0,oblique_2,2,0,1,24,8,"[1, 1, 1, 1, 1, 1, 1, 1]",16,0,8,8,0,0,[],[],0,0,0,0,0,8,0,0,0,0,10,9,558,0.0004355639998721017,8
A0,oblique_2,2,1,1,24,8,"[2, 1, 1, 1, 1, 1, 1, 1]",16,0,8,8,0,0,[],[],0,0,0,0,0,7,0,0,0,0,9,8,503,0.000539208999953189,9
A0,oblique_2,2,2,1,24,8,"[4, 1, 1, 1, 1, 1, 1, 1]",16,0,8,8,0,0,[],[],0,0,0,0,0,7,0,0,0,0,9,8,503,0.0004970959998900071,9
A0,oblique_2,2,3,1,24,8,"[1, 2, 1, 1, 1, 1, 1, 1]",16,0,8,8,0,0,[],[],0,0,0,0,0,7,0,0,0,0,9,8,504,0.000512169000103313,9
A0,oblique_2,2,6,1,24,8,"[1, 4, 1, 1, 1, 1, 1, 1]",16,0,8,8,0,0,[],[],0,0,0,0,0,7,0,0,0,0,9,8,504,0.0005186779999348801,9
A0,oblique_2,2,9,1,24,8,"[1, 1, 2, 1, 1, 1, 1, 1]",16,0,8,8,0,0,[],[],0,0,0,0,0,7,0,0,0,0,9,8,504,0.0005356439999104623,9
A0,oblique_2,2,18,1,24,8,"[1, 1, 4, 1, 1, 1, 1, 1]",16,0,8,8,0,0,[],[],0,0,0,0,0,7,0,0,0,0,9,8,504,0.0005311869999786722,9
A0,oblique_2,2,27,1,24,8,"[1, 1, 1, 2, 1, 1, 1, 1]",16,0,8,8,0,0,[],[],0,0,0,0,0,7,0,0,0,0,9,8,504,0.0005848779999269027,9
A0,oblique_2,2,40,1,24,8,"[2, 2, 2, 2, 1, 1, 1, 1]",16,0,8,8,0,0,[],[],0,0,0,0,0,4,0,0,0,0,6,5,341,0.0005738520001159486,12
A0,oblique_2,2,54,1,24,8,"[1, 1, 1, 4, 1, 1, 1, 1]",16,0,8,8,0,0,[],[],0,0,0,0,0,7,0,0,0,0,9,8,504,0.0005740919998515892,9
A0,oblique_2,2,81,1,24,8,"[1, 1, 1, 1, 2, 1, 1, 1]",16,0,8,8,0,0,[],[],0,0,0,0,0,7,0,0,0,0,9,8,504,0.0005837769999743614,9
A0,oblique_2,2,162,1,24,8,"[1, 1, 1, 1, 4, 1, 1, 1]",16,0,8,8,0,0,[],[],0,0,0,0,0,7,0,0,0,0,9,8,504,0.0005911769999329408,9
A0,oblique_2,2,239,1,24,8,"[4, 2, 4, 4, 4, 1, 1, 1]",16,0,8,8,0,0,[],[],0,0,0,0,0,3,0,0,0,0,5,4,287,0.0007892650000940193,13
A0,oblique_2,2,243,1,24,8,"[1, 1, 1, 1, 1, 2, 1, 1]",16,0,8,8,0,0,[],[],0,0,0,0,0,7,0,0,0,0,9,8,504,0.0007990200001586345,9
A0,oblique_2,2,486,1,24,8,"[1, 1, 1, 1, 1, 4, 1, 1]",16,0,8,8,0,0,[],[],0,0,0,0,0,7,0,0,0,0,9,8,504,0.0005580679999184213,9
A0,oblique_2,2,729,1,24,8,"[1, 1, 1, 1, 1, 1, 2, 1]",16,0,8,8,0,0,[],[],0,0,0,0,0,7,0,0,0,0,9,8,505,0.0005204419999245147,11
A0,oblique_2,2,749,1,24,8,"[4, 1, 4, 1, 1, 1, 2, 1]",16,0,8,8,0,0,[],[],0,0,0,0,0,5,0,0,0,0,7,6,394,0.0006310479998319352,12
A0,oblique_2,2,798,1,24,8,"[1, 4, 2, 4, 1, 1, 2, 1]",16,0,8,8,0,0,[],[],0,0,0,0,0,4,0,0,0,0,6,5,342,0.000632580000001326,13
A0,oblique_2,2,882,1,24,8,"[1, 1, 4, 4, 2, 1, 2, 1]",16,0,8,8,0,0,[],[],0,0,0,0,0,4,0,0,0,0,6,5,340,0.0005408319998423394,12
A0,oblique_2,2,1095,1,24,8,"[1, 4, 2, 2, 2, 2, 2, 1]",16,0,8,8,0,0,[],[],0,0,0,0,0,2,0,0,0,0,4,3,233,0.0004916780001167353,14
A0,oblique_2,2,1458,1,24,8,"[1, 1, 1, 1, 1, 1, 4, 1]",16,0,8,8,0,0,[],[],0,0,0,0,0,7,0,0,0,0,9,8,505,0.0006932310000138386,11
A0,oblique_2,2,1496,1,24,8,"[4, 1, 2, 2, 1, 1, 4, 1]",16,0,8,8,0,0,[],[],0,0,0,0,0,4,0,0,0,0,6,5,353,0.0008096750000277098,13
A0,oblique_2,2,1687,1,24,8,"[2, 2, 2, 4, 4, 1, 4, 1]",16,0,8,8,0,0,[],[],0,0,0,0,0,2,0,0,0,0,4,3,231,0.0004883130000052915,14
A0,oblique_2,2,1704,1,24,8,"[1, 2, 1, 1, 1, 2, 4, 1]",16,0,8,8,0,0,[],[],0,0,0,0,0,5,0,0,0,0,7,6,397,0.0005963850001080573,13
A0,oblique_2,2,1894,1,24,8,"[2, 2, 1, 2, 4, 2, 4, 1]",16,0,8,8,0,0,[],[],0,0,0,0,0,2,0,0,0,0,4,3,233,0.0004279229999610834,15
A0,oblique_2,2,2157,1,24,8,"[1, 4, 4, 2, 4, 4, 4, 1]",16,0,8,8,0,0,[],[],0,0,0,0,0,2,0,0,0,0,4,3,233,0.0004707969999344641,14
A0,oblique_2,2,2187,1,24,8,"[1, 1, 1, 1, 1, 1, 1, 2]",16,0,8,8,0,0,[],[],0,0,0,0,0,7,0,0,0,0,9,8,505,0.0005193490001147438,10
A0,oblique_2,2,2215,1,24,8,"[2, 1, 1, 2, 1, 1, 1, 2]",16,0,8,8,0,0,[],[],0,0,0,0,0,5,0,0,0,0,7,6,395,0.0005854789999375498,11
A0,oblique_2,2,2283,1,24,8,"[1, 4, 2, 1, 2, 1, 1, 2]",16,0,8,8,0,0,[],[],0,0,0,0,0,4,0,0,0,0,6,5,343,0.0005892539998058055,13
A0,oblique_2,2,2288,1,24,8,"[4, 1, 4, 1, 2, 1, 1, 2]",16,0,8,8,0,0,[],[],0,0,0,0,0,4,0,0,0,0,6,5,342,0.0005599600001460203,13
A0,oblique_2,2,2426,1,24,8,"[4, 2, 4, 4, 4, 1, 1, 2]",16,0,8,8,0,0,[],[],0,0,0,0,0,2,0,0,0,0,4,3,232,0.000422783999965759,14
A0,oblique_2,2,2901,1,24,8,"[1, 2, 2, 4, 4, 4, 1, 2]",16,0,8,8,0,0,[],[],0,0,0,0,0,2,0,0,0,0,4,3,233,0.000485177999962616,14
A0,oblique_2,2,3056,1,24,8,"[4, 2, 1, 4, 2, 1, 2, 2]",16,0,8,8,0,0,[],[],0,0,0,0,0,2,0,0,0,0,4,3,231,0.0004296549998343835,15
A0,oblique_2,2,3171,2,24,9,"[1, 2, 2, 3, 1, 2, 2, 2]",15,0,9,7,0,0,[],[],0,0,0,1,1,3,0,0,0,0,5,4,287,0.0007634560001861246,14
A0,oblique_2,2,3172,4,24,10,"[2, 2, 2, 3, 3, 2, 2, 2]",14,0,10,6,0,0,[],[],0,0,0,2,2,2,0,0,0,0,4,3,232,0.0005338710000160063,14
A0,oblique_2,2,3188,1,24,8,"[4, 1, 1, 2, 1, 2, 2, 2]",16,0,8,8,0,0,[],[],0,0,0,0,0,3,0,0,0,0,5,4,287,0.0005270909998671414,15
A0,oblique_2,2,3240,1,24,8,"[1, 1, 1, 1, 2, 2, 2, 2]",16,0,8,8,0,0,[],[],0,0,0,0,0,4,0,0,0,0,6,5,341,0.0005566160000398668,14
A0,oblique_2,2,3718,1,24,8,"[2, 1, 4, 4, 1, 1, 4, 2]",16,0,8,8,0,0,[],[],0,0,0,0,0,3,0,0,0,0,5,4,285,0.0004969960000380524,14
A0,oblique_2,2,4253,1,24,8,"[4, 2, 2, 2, 2, 4, 4, 2]",16,0,8,8,0,0,[],[],0,0,0,0,0,0,0,0,0,0,2,1,130,0.0003465510001205985,16
A0,oblique_2,2,4255,1,24,8,"[2, 4, 2, 2, 2, 4, 4, 2]",16,0,8,8,0,0,[],[],0,0,0,0,0,0,0,0,0,0,2,1,122,0.00030319500001496635,16
A0,oblique_2,2,4363,1,24,8,"[2, 4, 2, 4, 4, 4, 4, 2]",16,0,8,8,0,0,[],[],0,0,0,0,0,0,0,0,0,0,2,1,122,0.00030320499990921235,16
A0,oblique_2,2,4374,1,24,8,"[1, 1, 1, 1, 1, 1, 1, 4]",16,0,8,8,0,0,[],[],0,0,0,0,0,7,0,0,0,0,9,8,505,0.0005408120000538474,10
A0,oblique_2,2,4496,1,24,8,"[4, 2, 2, 2, 2, 1, 1, 4]",16,0,8,8,0,0,[],[],0,0,0,0,0,2,0,0,0,0,4,3,232,0.00042873400002463313,14
A0,oblique_2,2,4743,1,24,8,"[1, 1, 4, 2, 2, 2, 1, 4]",16,0,8,8,0,0,[],[],0,0,0,0,0,3,0,0,0,0,5,4,287,0.0004930899999635585,13
A0,oblique_2,2,4802,1,24,8,"[4, 2, 4, 1, 4, 2, 1, 4]",16,0,8,8,0,0,[],[],0,0,0,0,0,2,0,0,0,0,4,3,233,0.0004919779998999729,15
A0,oblique_2,2,4991,1,24,8,"[4, 2, 4, 2, 2, 4, 1, 4]",16,0,8,8,0,0,[],[],0,0,0,0,0,1,0,0,0,0,3,2,178,0.0004247869999289833,15
A0,oblique_2,2,5087,1,24,8,"[4, 1, 2, 4, 4, 4, 1, 4]",16,0,8,8,0,0,[],[],0,0,0,0,0,2,0,0,0,0,4,3,233,0.00042739100013022835,14
A0,oblique_2,2,5120,1,24,8,"[4, 4, 2, 1, 1, 1, 2, 4]",16,0,8,8,0,0,[],[],0,0,0,0,0,3,0,0,0,0,5,4,289,0.0005555440000080125,15
A0,oblique_2,2,5229,1,24,8,"[1, 1, 4, 2, 2, 1, 2, 4]",16,0,8,8,0,0,[],[],0,0,0,0,0,3,0,0,0,0,5,4,285,0.0004976479999641015,13
A0,oblique_2,2,5448,1,24,8,"[1, 2, 4, 1, 2, 2, 2, 4]",16,0,8,8,0,0,[],[],0,0,0,0,0,2,0,0,0,0,4,3,232,0.0004700760000559967,15
A0,oblique_2,2,5560,1,24,8,"[2, 4, 4, 2, 4, 2, 2, 4]",16,0,8,8,0,0,[],[],0,0,0,0,0,0,0,0,0,0,2,1,121,0.0003817130000243196,16
A0,oblique_2,2,5583,1,24,8,"[1, 2, 4, 4, 4, 2, 2, 4]",16,0,8,8,0,0,[],[],0,0,0,0,0,1,0,0,0,0,3,2,177,0.00041318000012324774,15
A0,oblique_2,2,5777,2,24,9,"[4, 4, 4, 5, 4, 4, 2, 4]",15,0,9,7,0,0,[],[],0,0,0,1,1,1,0,0,0,0,3,2,176,0.0005049680000865919,15
A0,oblique_2,2,6241,1,24,8,"[2, 2, 1, 1, 4, 2, 4, 4]",16,0,8,8,0,0,[],[],0,0,0,0,0,2,0,0,0,0,4,3,232,0.00043868900002053124,16
A0,oblique_2,2,6344,4,24,10,"[4, 4, 4, 5, 5, 4, 4, 4]",14,0,10,6,0,0,[],[],0,0,0,2,2,2,0,0,0,0,4,3,232,0.0006288839999797347,14
A0,oblique_2,2,6520,1,24,8,"[2, 2, 2, 2, 4, 4, 4, 4]",16,0,8,8,0,0,[],[],0,0,0,0,0,0,0,0,0,0,2,1,122,0.00030873300011080573,16
A1,axis_1,1,0,1,32,8,"[1, 1, 1, 1, 1, 1, 1, 1]",24,0,8,8,0,0,[],[],0,0,1,0,0,1,0,1,0,0,3,1,58,0.00013596400003734743,8
A1,axis_1,1,1,4,32,11,"[2, 1, 1, 1, 15, 1, 1, 1]",21,0,11,7,1,0,[],[],0,1,4,1,1,4,0,1,0,0,8,3,142,0.0003252389999488514,7
A1,axis_1,1,2,4,32,11,"[4, 1, 1, 1, 15, 1, 1, 1]",21,0,11,7,1,0,[],[],0,1,4,1,1,4,0,1,0,0,8,3,145,0.0003348019999975804,8
A1,axis_1,1,3,2,32,9,"[8, 1, 1, 1, 9, 1, 1, 1]",23,0,9,7,0,0,[],[],0,0,2,1,1,2,0,1,0,0,5,2,93,0.00022127200008981163,9
A1,axis_1,1,4,4,32,11,"[1, 2, 1, 1, 1, 15, 1, 1]",21,0,11,7,1,0,[],[],0,1,4,1,1,4,0,1,0,0,8,3,142,0.0004239869999764778,7
A1,axis_1,1,8,4,32,11,"[1, 4, 1, 1, 1, 15, 1, 1]",21,0,11,7,1,0,[],[],0,1,4,1,1,4,0,1,0,0,8,3,144,0.00035230900016358646,8
A1,axis_1,1,12,2,32,9,"[1, 8, 1, 1, 1, 9, 1, 1]",23,0,9,7,0,0,[],[],0,0,2,1,1,2,0,1,0,0,5,2,94,0.00020620000009330397,9
A1,axis_1,1,16,4,32,11,"[1, 1, 2, 1, 1, 1, 15, 1]",21,0,11,7,1,0,[],[],0,1,4,1,1,4,0,1,0,0,8,3,144,0.00032283500013363664,8
A1,axis_1,1,32,4,32,11,"[1, 1, 4, 1, 1, 1, 15, 1]",21,0,11,7,1,0,[],[],0,1,4,1,1,4,0,1,0,0,8,3,146,0.0004535200000646,9
A1,axis_1,1,48,2,32,9,"[1, 1, 8, 1, 1, 1, 9, 1]",23,0,9,7,0,0,[],[],0,0,2,1,1,2,0,1,0,0,5,2,94,0.000205298000082621,10
A1,axis_1,1,64,4,32,11,"[1, 1, 1, 2, 1, 1, 1, 15]",21,0,11,7,1,0,[],[],0,1,4,1,1,4,0,1,0,0,8,3,142,0.0003146330000163289,7
A1,axis_1,1,84,64,32,17,"[1, 2, 2, 2, 1, 15, 15, 15]",15,0,17,5,3,0,[],[],0,3,10,3,3,10,0,1,0,0,11,0,193,0.0007493049999993673,6
A1,axis_1,1,85,256,32,20,"[2, 2, 2, 2, 15, 15, 15, 15]",12,0,20,4,4,0,[],[],0,4,13,4,4,13,0,1,0,0,14,0,243,0.0009629559999666526,5
A1,axis_1,1,105,256,32,20,"[2, 4, 4, 2, 15, 15, 15, 15]",12,0,20,4,4,0,[],[],0,4,13,4,4,13,0,1,0,0,14,0,247,0.0009857499999270658,7
A1,axis_1,1,128,4,32,11,"[1, 1, 1, 4, 1, 1, 1, 15]",21,0,11,7,1,0,[],[],0,1,4,1,1,4,0,1,0,0,8,3,144,0.0003467610001735011,8
A1,axis_1,1,169,256,32,20,"[2, 4, 4, 4, 15, 15, 15, 15]",12,0,20,4,4,0,[],[],0,4,13,4,4,13,0,1,0,0,14,0,249,0.0010919999999714491,8
A1,axis_1,1,170,256,32,20,"[4, 4, 4, 4, 15, 15, 15, 15]",12,0,20,4,4,0,[],[],0,4,13,4,4,13,0,1,0,0,14,0,252,0.001051679000056538,9
A1,axis_1,1,175,64,32,16,"[8, 8, 4, 4, 9, 9, 15, 15]",16,0,16,4,2,0,[],[],0,2,9,4,4,9,0,1,0,0,10,0,184,0.000849065000011251,11
A1,axis_1,1,192,2,32,9,"[1, 1, 1, 8, 1, 1, 1, 9]",23,0,9,7,0,0,[],[],0,0,2,1,1,2,0,1,0,0,5,2,94,0.0002041569998709747,9
A1,axis_1,1,256,1,32,8,"[1, 1, 1, 1, 2, 1, 1, 1]",24,0,8,8,0,0,[],[],0,0,1,0,0,1,0,1,0,0,3,1,58,0.00015214900008686527,8
A1,axis_1,1,475,32,32,15,"[8, 4, 2, 8, 2, 15, 15, 9]",17,0,15,5,2,0,[],[],0,2,8,3,3,8,0,1,0,0,9,0,165,0.0006368260001181625,10
A1,axis_1,1,512,1,32,8,"[1, 1, 1, 1, 4, 1, 1, 1]",24,0,8,8,0,0,[],[],0,0,1,0,0,1,0,1,0,0,3,1,59,0.00013534300001083466,9
A1,axis_1,1,591,8,32,12,"[8, 8, 1, 2, 4, 9, 1, 15]",20,0,12,6,1,0,[],[],0,1,5,2,2,5,0,1,0,0,9,3,165,0.00044997500003773894,9
A1,axis_1,1,768,1,32,8,"[1, 1, 1, 1, 8, 1, 1, 1]",24,0,8,8,0,0,[],[],0,0,1,0,0,1,0,1,0,0,3,1,59,0.0001347120000900759,9
A1,axis_1,1,1000,32,32,15,"[1, 4, 4, 8, 8, 15, 15, 9]",17,0,15,5,2,0,[],[],0,2,8,3,3,8,0,1,0,0,9,0,167,0.0006432959999074228,11
A1,axis_1,1,1024,1,32,8,"[1, 1, 1, 1, 1, 2, 1, 1]",24,0,8,8,0,0,[],[],0,0,1,0,0,1,0,1,0,0,3,1,58,0.00013214799992056214,8
A1,axis_1,1,1488,8,32,12,"[1, 1, 2, 8, 2, 2, 15, 9]",20,0,12,6,1,0,[],[],0,1,4,2,2,4,0,1,0,0,8,3,146,0.0003650280000329076,9
A1,axis_1,1,2048,1,32,8,"[1, 1, 1, 1, 1, 4, 1, 1]",24,0,8,8,0,0,[],[],0,0,1,0,0,1,0,1,0,0,3,1,59,0.00013180799987821956,9
A1,axis_1,1,2239,16,32,13,"[8, 8, 8, 4, 9, 4, 9, 15]",19,0,13,5,1,0,[],[],0,1,6,3,3,6,0,1,0,0,10,3,183,0.000563405999855604,12
A1,axis_1,1,2242,8,32,12,"[4, 1, 1, 8, 15, 4, 1, 9]",20,0,12,6,1,0,[],[],0,1,4,2,2,4,0,1,0,0,8,3,148,0.00037152799995965324,10
A1,axis_1,1,2364,2,32,9,"[1, 8, 8, 1, 2, 4, 9, 1]",23,0,9,7,0,0,[],[],0,0,2,1,1,2,0,1,0,0,5,2,96,0.00022990499996922154,11
A1,axis_1,1,2607,4,32,11,"[8, 8, 4, 1, 4, 4, 15, 1]",21,0,11,7,1,0,[],[],0,1,4,1,1,4,0,1,0,0,8,3,152,0.0004197299999759707,11
A1,axis_1,1,3072,1,32,8,"[1, 1, 1, 1, 1, 8, 1, 1]",24,0,8,8,0,0,[],[],0,0,1,0,0,1,0,1,0,0,3,1,59,0.0001332700001057674,9
A1,axis_1,1,3075,2,32,9,"[8, 1, 1, 1, 9, 8, 1, 1]",23,0,9,7,0,0,[],[],0,0,2,1,1,2,0,1,0,0,5,2,94,0.00021114699984536855,10
A1,axis_1,1,4096,1,32,8,"[1, 1, 1, 1, 1, 1, 2, 1]",24,0,8,8,0,0,[],[],0,0,1,0,0,1,0,1,0,0,3,1,60,0.00013646499996866623,9
A1,axis_1,1,4111,4,32,10,"[8, 8, 1, 1, 9, 9, 2, 1]",22,0,10,6,0,0,[],[],0,0,3,2,2,3,0,1,0,0,7,3,131,0.00029766600005132204,11
A1,axis_1,1,4162,16,32,14,"[4, 1, 1, 2, 15, 1, 2, 15]",18,0,14,6,2,0,[],[],0,2,7,2,2,7,0,1,0,0,8,0,146,0.0005804410000109783,8
A1,axis_1,1,5315,4,32,10,"[8, 1, 1, 8, 9, 2, 2, 9]",22,0,10,6,0,0,[],[],0,0,3,2,2,3,0,1,0,0,7,3,131,0.0003094050000527204,11
A1,axis_1,1,5552,4,32,11,"[1, 1, 8, 4, 2, 2, 2, 15]",21,0,11,7,1,0,[],[],0,1,4,1,1,4,0,1,0,0,8,3,146,0.0003706669999701262,10
A1,axis_1,1,8192,1,32,8,"[1, 1, 1, 1, 1, 1, 4, 1]",24,0,8,8,0,0,[],[],0,0,1,0,0,1,0,1,0,0,3,1,60,0.00013728599992646195,9
A1,axis_1,1,9100,8,32,12,"[1, 8, 1, 4, 8, 9, 4, 15]",20,0,12,6,1,0,[],[],0,1,5,2,2,5,0,1,0,0,9,3,166,0.00047658600010436203,11
A1,axis_1,1,9871,4,32,11,"[8, 8, 1, 4, 4, 2, 4, 15]",21,0,11,7,1,0,[],[],0,1,4,1,1,4,0,1,0,0,8,3,152,0.0004088440000487026,11
A1,axis_1,1,12288,1,32,8,"[1, 1, 1, 1, 1, 1, 8, 1]",24,0,8,8,0,0,[],[],0,0,1,0,0,1,0,1,0,0,3,1,61,0.00016493700013597845,10
A1,axis_1,1,12360,16,32,14,"[1, 4, 1, 2, 1, 15, 8, 15]",18,0,14,6,2,0,[],[],0,2,7,2,2,7,0,1,0,0,8,0,146,0.0005546630000026198,9
A1,axis_1,1,16384,1,32,8,"[1, 1, 1, 1, 1, 1, 1, 2]",24,0,8,8,0,0,[],[],0,0,1,0,0,1,0,1,0,0,3,1,58,0.00013058600006843335,8
A1,axis_1,1,16412,8,32,12,"[1, 8, 2, 1, 1, 9, 15, 2]",20,0,12,6,1,0,[],[],0,1,5,2,2,5,0,1,0,0,9,3,163,0.00045251999995343795,9
A1,axis_1,1,17439,8,32,12,"[8, 8, 2, 1, 9, 2, 15, 2]",20,0,12,6,1,0,[],[],0,1,5,2,2,5,0,1,0,0,9,3,164,0.000465479000013147,10
A1,axis_1,1,18707,4,32,11,"[8, 1, 2, 1, 2, 4, 15, 2]",21,0,11,7,1,0,[],[],0,1,4,1,1,4,0,1,0,0,8,3,146,0.00037377100011326547,10
A1,axis_1,1,21440,1,32,8,"[1, 1, 1, 8, 8, 1, 2, 2]",24,0,8,8,0,0,[],[],0,0,1,0,0,1,0,1,0,0,3,1,63,0.00015731600001345214,11
A1,axis_1,1,21760,1,32,8,"[1, 1, 1, 1, 2, 2, 2, 2]",24,0,8,8,0,0,[],[],0,0,1,0,0,1,0,1,0,0,3,1,60,0.00014557800000147836,9
A1,axis_1,1,22015,1,32,8,"[8, 8, 8, 8, 2, 2, 2, 2]",24,0,8,8,0,0,[],[],0,0,1,0,0,1,0,1,0,0,3,1,65,0.00019867800006068137,13
A1,axis_1,1,25291,4,32,11,"[8, 4, 1, 8, 4, 15, 4, 2]",21,0,11,7,1,0,[],[],0,1,4,1,1,4,0,1,0,0,8,3,152,0.00042025100015052885,11
A1,axis_1,1,25843,2,32,9,"[8, 1, 8, 8, 9, 2, 4, 2]",23,0,9,7,0,0,[],[],0,0,2,1,1,2,0,1,0,0,5,2,100,0.0002787089999856107,12
A1,axis_1,1,26172,1,32,8,"[1, 8, 8, 1, 4, 2, 4, 2]",24,0,8,8,0,0,[],[],0,0,1,0,0,1,0,1,0,0,3,1,66,0.00018530800002736214,12
A1,axis_1,1,29195,4,32,11,"[8, 4, 1, 1, 4, 15, 8, 2]",21,0,11,7,1,0,[],[],0,1,4,1,1,4,0,1,0,0,8,3,151,0.0003892639999776293,11
A1,axis_1,1,32768,1,32,8,"[1, 1, 1, 1, 1, 1, 1, 4]",24,0,8,8,0,0,[],[],0,0,1,0,0,1,0,1,0,0,3,1,59,0.00013408200015874172,9
A1,axis_1,1,32821,32,32,15,"[2, 2, 8, 1, 15, 15, 9, 4]",17,0,15,5,2,0,[],[],0,2,8,3,3,8,0,1,0,0,9,0,161,0.0005971969999336579,9
A1,axis_1,1,35054,16,32,14,"[4, 8, 4, 8, 15, 4, 15, 4]",18,0,14,6,2,0,[],[],0,2,7,2,2,7,0,1,0,0,8,0,152,0.000614793000067948,11
A1,axis_1,1,41416,4,32,11,"[1, 4, 1, 8, 2, 15, 4, 4]",21,0,11,7,1,0,[],[],0,1,4,1,1,4,0,1,0,0,8,3,148,0.0003784680000080698,10
A1,axis_1,1,41532,2,32,9,"[1, 8, 8, 1, 4, 9, 4, 4]",23,0,9,7,0,0,[],[],0,0,2,1,1,2,0,1,0,0,5,2,101,0.0002610120000099414,13
A1,axis_1,1,49152,1,32,8,"[1, 1, 1, 1, 1, 1, 1, 8]",24,0,8,8,0,0,[],[],0,0,1,0,0,1,0,1,0,0,3,1,59,0.0001338909999049065,9
A1,axis_1,1,49720,8,32,12,"[1, 4, 8, 1, 4, 15, 9, 8]",20,0,12,6,1,0,[],[],0,1,4,2,2,4,0,1,0,0,8,3,148,0.0003753630001028796,12
A1,axis_1,1,53258,16,32,14,"[4, 4, 1, 1, 15, 15, 2, 8]",18,0,14,6,2,0,[],[],0,2,7,2,2,7,0,1,0,0,8,0,149,0.0005632760000935377,10
A1,axis_1,1,57352,4,32,11,"[1, 4, 1, 1, 1, 15, 4, 8]",21,0,11,7,1,0,[],[],0,1,4,1,1,4,0,1,0,0,8,3,147,0.0003595400000904192,10
A1,axis_1,1,60931,1,32,8,"[8, 1, 1, 1, 4, 8, 4, 8]",24,0,8,8,0,0,[],[],0,0,1,0,0,1,0,1,0,0,3,1,66,0.00019940900006076845,12
A1,axis_2,2,0,1,32,8,"[1, 1, 1, 1, 1, 1, 1, 1]",24,0,8,8,0,0,[],[],0,0,1,0,0,1,0,1,0,0,3,1,76,0.00016752200008340878,8
A1,axis_2,2,1,1,32,8,"[2, 1, 1, 1, 1, 1, 1, 1]",24,0,8,8,0,0,[],[],0,0,1,0,0,1,0,1,0,0,3,1,78,0.0002424239999072597,8
A1,axis_2,2,2,1,32,8,"[4, 1, 1, 1, 1, 1, 1, 1]",24,0,8,8,0,0,[],[],0,0,1,0,0,1,0,1,0,0,3,1,79,0.00031195799988381623,9
A1,axis_2,2,3,1,32,8,"[8, 1, 1, 1, 1, 1, 1, 1]",24,0,8,8,0,0,[],[],0,0,1,0,0,1,0,1,0,0,3,1,78,0.00018495800009077357,10
A1,axis_2,2,4,1,32,8,"[1, 2, 1, 1, 1, 1, 1, 1]",24,0,8,8,0,0,[],[],0,0,1,0,0,1,0,1,0,0,3,1,78,0.00017953900010070356,8
A1,axis_2,2,8,1,32,8,"[1, 4, 1, 1, 1, 1, 1, 1]",24,0,8,8,0,0,[],[],0,0,1,0,0,1,0,1,0,0,3,1,79,0.00021135699989827117,9
A1,axis_2,2,12,1,32,8,"[1, 8, 1, 1, 1, 1, 1, 1]",24,0,8,8,0,0,[],[],0,0,1,0,0,1,0,1,0,0,3,1,79,0.00018159300020670344,10
A1,axis_2,2,16,1,32,8,"[1, 1, 2, 1, 1, 1, 1, 1]",24,0,8,8,0,0,[],[],0,0,1,0,0,1,0,1,0,0,3,1,79,0.00020514800007731537,9
A1,axis_2,2,32,1,32,8,"[1, 1, 4, 1, 1, 1, 1, 1]",24,0,8,8,0,0,[],[],0,0,1,0,0,1,0,1,0,0,3,1,80,0.00018549799983702542,10
A1,axis_2,2,48,1,32,8,"[1, 1, 8, 1, 1, 1, 1, 1]",24,0,8,8,0,0,[],[],0,0,1,0,0,1,0,1,0,0,3,1,79,0.0001833350002016232,11
A1,axis_2,2,64,1,32,8,"[1, 1, 1, 2, 1, 1, 1, 1]",24,0,8,8,0,0,[],[],0,0,1,0,0,1,0,1,0,0,3,1,78,0.00018005099991569296,8
A1,axis_2,2,85,1,32,8,"[2, 2, 2, 2, 1, 1, 1, 1]",24,0,8,8,0,0,[],[],0,0,1,0,0,1,0,1,0,0,3,1,84,0.00021854800002074626,9
A1,axis_2,2,128,1,32,8,"[1, 1, 1, 4, 1, 1, 1, 1]",24,0,8,8,0,0,[],[],0,0,1,0,0,1,0,1,0,0,3,1,79,0.00017860799994195986,9
A1,axis_2,2,192,1,32,8,"[1, 1, 1, 8, 1, 1, 1, 1]",24,0,8,8,0,0,[],[],0,0,1,0,0,1,0,1,0,0,3,1,79,0.00017898800001603377,10
A1,axis_2,2,256,1,32,8,"[1, 1, 1, 1, 2, 1, 1, 1]",24,0,8,8,0,0,[],[],0,0,1,0,0,1,0,1,0,0,3,1,76,0.00016383599995606346,8
A1,axis_2,2,499,2,32,9,"[8, 1, 8, 8, 2, 1, 9, 1]",23,0,9,7,0,0,[],[],0,0,2,1,1,2,0,1,0,0,5,2,128,0.00035000499997295265,13
A1,axis_2,2,512,1,32,8,"[1, 1, 1, 1, 4, 1, 1, 1]",24,0,8,8,0,0,[],[],0,0,1,0,0,1,0,1,0,0,3,1,77,0.00021428099989861948,9
A1,axis_2,2,571,2,32,9,"[8, 4, 8, 1, 4, 1, 9, 1]",23,0,9,7,0,0,[],[],0,0,2,1,1,2,0,1,0,0,5,2,133,0.00032285399993270403,14
A1,axis_2,2,593,8,32,12,"[2, 1, 2, 2, 12, 1, 15, 1]",20,0,12,6,1,0,[],[],0,2,5,2,1,5,0,1,0,0,6,0,151,0.0005563450001773163,9
A1,axis_2,2,768,1,32,8,"[1, 1, 1, 1, 8, 1, 1, 1]",24,0,8,8,0,0,[],[],0,0,1,0,0,1,0,1,0,0,3,1,77,0.00017177799986711761,9
A1,axis_2,2,1024,1,32,8,"[1, 1, 1, 1, 1, 2, 1, 1]",24,0,8,8,0,0,[],[],0,0,1,0,0,1,0,1,0,0,3,1,76,0.00017547399988870893,8
A1,axis_2,2,1365,16,32,14,"[2, 2, 2, 2, 2, 2, 15, 15]",18,0,14,6,2,0,[],[],0,2,7,2,2,7,0,1,0,0,8,0,196,0.0007376970002042071,8
A1,axis_2,2,1641,32,32,15,"[2, 4, 4, 2, 12, 2, 15, 15]",17,0,15,5,2,0,[],[],0,3,8,3,2,8,0,1,0,0,9,0,222,0.0008790300000782736,10
A1,axis_2,2,1773,16,32,13,"[2, 8, 4, 8, 12, 2, 15, 9]",19,0,13,5,1,0,[],[],0,2,6,3,2,6,0,1,0,0,7,0,178,0.0006770959998902981,12
A1,axis_2,2,2048,1,32,8,"[1, 1, 1, 1, 1, 4, 1, 1]",24,0,8,8,0,0,[],[],0,0,1,0,0,1,0,1,0,0,3,1,77,0.00017607500012672972,9
A1,axis_2,2,2645,64,32,16,"[2, 2, 2, 2, 12, 12, 15, 15]",16,0,16,4,2,0,[],[],0,4,9,4,2,9,0,1,0,0,10,0,242,0.0010031760000401846,8
A1,axis_2,2,2730,64,32,16,"[4, 4, 4, 4, 12, 12, 15, 15]",16,0,16,4,2,0,[],[],0,4,9,4,2,9,0,1,0,0,10,0,248,0.0009497159999227733,12
A1,axis_2,2,3072,1,32,8,"[1, 1, 1, 1, 1, 8, 1, 1]",24,0,8,8,0,0,[],[],0,0,1,0,0,1,0,1,0,0,3,1,77,0.00019482300012896303,9
A1,axis_2,2,3581,4,32,10,"[2, 8, 8, 8, 2, 8, 9, 9]",22,0,10,6,0,0,[],[],0,0,3,2,2,3,0,1,0,0,7,3,177,0.0004883330000211572,13
A1,axis_2,2,4015,16,32,14,"[8, 8, 4, 4, 8, 8, 15, 15]",18,0,14,6,2,0,[],[],0,2,7,2,2,7,0,1,0,0,8,0,201,0.0007695049998801551,13
A1,axis_2,2,4096,1,32,8,"[1, 1, 1, 1, 1, 1, 2, 1]",24,0,8,8,0,0,[],[],0,0,1,0,0,1,0,1,0,0,3,1,78,0.00019249899992246355,9
A1,axis_2,2,4143,1,32,8,"[8, 8, 4, 1, 1, 1, 2, 1]",24,0,8,8,0,0,[],[],0,0,1,0,0,1,0,1,0,0,3,1,84,0.00021877800008951453,14
A1,axis_2,2,5204,4,32,11,"[1, 2, 2, 2, 1, 2, 2, 15]",21,0,11,7,1,0,[],[],0,1,4,1,1,4,0,1,0,0,8,3,195,0.0004793789998984721,8
A1,axis_2,2,6522,8,32,12,"[4, 4, 8, 2, 2, 12, 2, 15]",20,0,12,6,1,0,[],[],0,2,5,2,1,5,0,1,0,0,6,0,153,0.0005628450001040619,12
A1,axis_2,2,6844,4,32,11,"[1, 8, 8, 4, 4, 4, 2, 15]",21,0,11,7,1,0,[],[],0,1,4,1,1,4,0,1,0,0,8,3,197,0.0005090140000447718,12
A1,axis_2,2,8192,1,32,8,"[1, 1, 1, 1, 1, 1, 4, 1]",24,0,8,8,0,0,[],[],0,0,1,0,0,1,0,1,0,0,3,1,78,0.00017889900004774972,9
A1,axis_2,2,10279,4,32,10,"[8, 2, 4, 1, 1, 12, 12, 1]",22,0,10,6,0,0,[],[],0,2,3,2,0,3,0,1,0,0,4,0,110,0.00039287000004151196,12
A1,axis_2,2,10544,1,32,8,"[1, 1, 8, 1, 2, 4, 4, 1]",24,0,8,8,0,0,[],[],0,0,1,0,0,1,0,1,0,0,3,1,83,0.00021893899997849076,11
A1,axis_2,2,10949,8,32,11,"[2, 2, 1, 8, 12, 12, 4, 9]",21,0,11,5,0,0,[],[],0,2,4,3,1,4,0,1,0,0,5,0,131,0.000513961999786261,11
A1,axis_2,2,10992,2,32,9,"[1, 1, 8, 8, 4, 4, 4, 9]",23,0,9,7,0,0,[],[],0,0,2,1,1,2,0,1,0,0,5,2,132,0.00032870399991224986,13
A1,axis_2,2,12272,2,32,9,"[1, 1, 8, 8, 8, 8, 4, 9]",23,0,9,7,0,0,[],[],0,0,2,1,1,2,0,1,0,0,5,2,132,0.00033164799992846383,13
A1,axis_2,2,12288,1,32,8,"[1, 1, 1, 1, 1, 1, 8, 1]",24,0,8,8,0,0,[],[],0,0,1,0,0,1,0,1,0,0,3,1,79,0.0001829039999847737,10
A1,axis_2,2,15047,4,32,10,"[8, 2, 1, 8, 4, 12, 8, 9]",22,0,10,6,0,0,[],[],0,1,2,2,1,2,0,1,0,0,4,1,112,0.00036714099996970617,14
A1,axis_2,2,15629,1,32,8,"[2, 8, 1, 1, 2, 8, 8, 1]",24,0,8,8,0,0,[],[],0,0,1,0,0,1,0,1,0,0,3,1,84,0.0002197900000737718,12
A1,axis_2,2,16384,1,32,8,"[1, 1, 1, 1, 1, 1, 1, 2]",24,0,8,8,0,0,[],[],0,0,1,0,0,1,0,1,0,0,3,1,76,0.00016800299999886192,8
A1,axis_2,2,16844,1,32,8,"[1, 8, 1, 8, 2, 1, 1, 2]",24,0,8,8,0,0,[],[],0,0,1,0,0,1,0,1,0,0,3,1,81,0.0001999999999497959,11
A1,axis_2,2,16893,2,32,9,"[2, 8, 8, 8, 2, 1, 9, 2]",23,0,9,7,0,0,[],[],0,0,2,1,1,2,0,1,0,0,5,2,131,0.00033008600007633504,13
A1,axis_2,2,17142,4,32,10,"[4, 2, 8, 8, 12, 1, 9, 2]",22,0,10,6,0,0,[],[],0,1,2,2,1,2,0,1,0,0,4,1,109,0.0003259089999119169,13
A1,axis_2,2,18642,1,32,8,"[4, 1, 2, 8, 1, 4, 1, 2]",24,0,8,8,0,0,[],[],0,0,1,0,0,1,0,1,0,0,3,1,84,0.00024526800007151905,12
A1,axis_2,2,21064,1,32,8,"[1, 4, 1, 2, 4, 1, 2, 2]",24,0,8,8,0,0,[],[],0,0,1,0,0,1,0,1,0,0,3,1,84,0.0002163149999887537,11
A1,axis_2,2,21760,1,32,8,"[1, 1, 1, 1, 2, 2, 2, 2]",24,0,8,8,0,0,[],[],0,0,1,0,0,1,0,1,0,0,3,1,78,0.00018690999991122226,9
A1,axis_2,2,22015,1,32,8,"[8, 8, 8, 8, 2, 2, 2, 2]",24,0,8,8,0,0,[],[],0,0,1,0,0,1,0,1,0,0,3,1,83,0.00025922899999386573,13
A1,axis_2,2,28916,1,32,8,"[1, 2, 8, 8, 1, 1, 8, 2]",24,0,8,8,0,0,[],[],0,0,1,0,0,1,0,1,0,0,3,1,83,0.0002105159999246098,12
A1,axis_2,2,29451,1,32,8,"[8, 4, 1, 1, 8, 1, 8, 2]",24,0,8,8,0,0,[],[],0,0,1,0,0,1,0,1,0,0,3,1,85,0.00022213400006876327,13
A1,axis_2,2,31245,2,32,9,"[2, 8, 1, 1, 12, 4, 8, 2]",23,0,9,7,0,0,[],[],0,1,2,1,0,2,0,1,0,0,4,1,107,0.0006109969999670284,12
A1,axis_2,2,32768,1,32,8,"[1, 1, 1, 1, 1, 1, 1, 4]",24,0,8,8,0,0,[],[],0,0,1,0,0,1,0,1,0,0,3,1,77,0.00021762699998362223,9
A1,axis_2,2,35566,8,32,12,"[4, 8, 4, 8, 12, 4, 15, 4]",20,0,12,6,1,0,[],[],0,2,5,2,1,5,0,1,0,0,6,0,156,0.0005992490000608086,13
A1,axis_2,2,36046,1,32,8,"[4, 8, 1, 8, 1, 8, 1, 4]",24,0,8,8,0,0,[],[],0,0,1,0,0,1,0,1,0,0,3,1,84,0.00022305499987851363,12
A1,axis_2,2,36948,2,32,9,"[1, 2, 2, 2, 1, 1, 2, 12]",23,0,9,7,0,0,[],[],0,1,2,1,0,2,0,1,0,0,4,1,106,0.00032864300010260195,9
A1,axis_2,2,43824,1,32,8,"[1, 1, 8, 1, 8, 4, 4, 4]",24,0,8,8,0,0,[],[],0,0,1,0,0,1,0,1,0,0,3,1,85,0.00022426700002142752,13
A1,axis_2,2,45888,2,32,9,"[1, 1, 1, 2, 8, 1, 8, 12]",23,0,9,7,0,0,[],[],0,1,2,1,0,2,0,1,0,0,4,1,106,0.00030070200000409386,11
A1,axis_2,2,49152,1,32,8,"[1, 1, 1, 1, 1, 1, 1, 8]",24,0,8,8,0,0,[],[],0,0,1,0,0,1,0,1,0,0,3,1,77,0.0001700049999726616,9
A1,axis_2,2,51229,1,32,8,"[2, 8, 2, 1, 1, 4, 1, 8]",24,0,8,8,0,0,[],[],0,0,1,0,0,1,0,1,0,0,3,1,83,0.00021790699997836782,11
A1,axis_2,2,53471,1,32,8,"[8, 8, 2, 8, 1, 1, 2, 8]",24,0,8,8,0,0,[],[],0,0,1,0,0,1,0,1,0,0,3,1,86,0.00022673100011161296,15
A1,axis_2,2,53491,1,32,8,"[8, 1, 8, 8, 1, 1, 2, 8]",24,0,8,8,0,0,[],[],0,0,1,0,0,1,0,1,0,0,3,1,83,0.0007026949999726639,14
A1,axis_2,2,58682,1,32,8,"[4, 4, 8, 1, 2, 2, 4, 8]",24,0,8,8,0,0,[],[],0,0,1,0,0,1,0,1,0,0,3,1,89,0.0002643870000156312,14
A1,axis_3,3,0,1,32,8,"[1, 1, 1, 1, 1, 1, 1, 1]",24,0,8,8,0,0,[],[],0,0,1,0,0,1,0,1,0,0,3,1,109,0.00027431200010141765,8
A1,axis_3,3,1,1,32,8,"[2, 1, 1, 1, 1, 1, 1, 1]",24,0,8,8,0,0,[],[],0,0,1,0,0,1,0,1,0,0,3,1,111,0.0002530399999614019,8
A1,axis_3,3,2,1,32,8,"[4, 1, 1, 1, 1, 1, 1, 1]",24,0,8,8,0,0,[],[],0,0,1,0,0,1,0,1,0,0,3,1,112,0.0002562950000992714,9
A1,axis_3,3,3,1,32,8,"[8, 1, 1, 1, 1, 1, 1, 1]",24,0,8,8,0,0,[],[],0,0,1,0,0,1,0,1,0,0,3,1,111,0.000256524999940666,10
A1,axis_3,3,4,1,32,8,"[1, 2, 1, 1, 1, 1, 1, 1]",24,0,8,8,0,0,[],[],0,0,1,0,0,1,0,1,0,0,3,1,111,0.0003657790000488603,8
A1,axis_3,3,8,1,32,8,"[1, 4, 1, 1, 1, 1, 1, 1]",24,0,8,8,0,0,[],[],0,0,1,0,0,1,0,1,0,0,3,1,112,0.0002907260000029055,9
A1,axis_3,3,12,1,32,8,"[1, 8, 1, 1, 1, 1, 1, 1]",24,0,8,8,0,0,[],[],0,0,1,0,0,1,0,1,0,0,3,1,112,0.0002426949999971839,10
A1,axis_3,3,16,1,32,8,"[1, 1, 2, 1, 1, 1, 1, 1]",24,0,8,8,0,0,[],[],0,0,1,0,0,1,0,1,0,0,3,1,112,0.00029551400007221673,9
A1,axis_3,3,32,1,32,8,"[1, 1, 4, 1, 1, 1, 1, 1]",24,0,8,8,0,0,[],[],0,0,1,0,0,1,0,1,0,0,3,1,113,0.0003368759998920723,10
A1,axis_3,3,48,1,32,8,"[1, 1, 8, 1, 1, 1, 1, 1]",24,0,8,8,0,0,[],[],0,0,1,0,0,1,0,1,0,0,3,1,112,0.00024478699992869224,11
A1,axis_3,3,64,1,32,8,"[1, 1, 1, 2, 1, 1, 1, 1]",24,0,8,8,0,0,[],[],0,0,1,0,0,1,0,1,0,0,3,1,111,0.00028738199989675195,8
A1,axis_3,3,85,1,32,8,"[2, 2, 2, 2, 1, 1, 1, 1]",24,0,8,8,0,0,[],[],0,0,1,0,0,1,0,1,0,0,3,1,117,0.0002930499999820313,9
A1,axis_3,3,128,1,32,8,"[1, 1, 1, 4, 1, 1, 1, 1]",24,0,8,8,0,0,[],[],0,0,1,0,0,1,0,1,0,0,3,1,112,0.0003388589998394309,9
A1,axis_3,3,192,1,32,8,"[1, 1, 1, 8, 1, 1, 1, 1]",24,0,8,8,0,0,[],[],0,0,1,0,0,1,0,1,0,0,3,1,112,0.0002477519999501965,10
A1,axis_3,3,256,1,32,8,"[1, 1, 1, 1, 2, 1, 1, 1]",24,0,8,8,0,0,[],[],0,0,1,0,0,1,0,1,0,0,3,1,109,0.00023282999995899445,8
A1,axis_3,3,512,1,32,8,"[1, 1, 1, 1, 4, 1, 1, 1]",24,0,8,8,0,0,[],[],0,0,1,0,0,1,0,1,0,0,3,1,110,0.0002512369999294606,9
A1,axis_3,3,569,1,32,8,"[2, 4, 8, 1, 4, 1, 1, 1]",24,0,8,8,0,0,[],[],0,0,1,0,0,1,0,1,0,0,3,1,120,0.000309704999835958,14
A1,axis_3,3,768,1,32,8,"[1, 1, 1, 1, 8, 1, 1, 1]",24,0,8,8,0,0,[],[],0,0,1,0,0,1,0,1,0,0,3,1,110,0.00024178300009225495,9
A1,axis_3,3,1024,1,32,8,"[1, 1, 1, 1, 1, 2, 1, 1]",24,0,8,8,0,0,[],[],0,0,1,0,0,1,0,1,0,0,3,1,109,0.00023293000003832276,8
A1,axis_3,3,1733,2,32,9,"[2, 2, 1, 8, 12, 2, 1, 1]",23,0,9,7,0,0,[],[],0,1,2,1,0,2,0,1,0,0,4,1,151,0.0005023240000809892,10
A1,axis_3,3,2020,1,32,8,"[1, 2, 4, 8, 8, 2, 1, 1]",24,0,8,8,0,0,[],[],0,0,1,0,0,1,0,1,0,0,3,1,121,0.00034209399996143475,13
A1,axis_3,3,2048,1,32,8,"[1, 1, 1, 1, 1, 4, 1, 1]",24,0,8,8,0,0,[],[],0,0,1,0,0,1,0,1,0,0,3,1,110,0.00023494199990636844,9
A1,axis_3,3,3072,1,32,8,"[1, 1, 1, 1, 1, 8, 1, 1]",24,0,8,8,0,0,[],[],0,0,1,0,0,1,0,1,0,0,3,1,110,0.00044959499996366503,9
A1,axis_3,3,4096,1,32,8,"[1, 1, 1, 1, 1, 1, 2, 1]",24,0,8,8,0,0,[],[],0,0,1,0,0,1,0,1,0,0,3,1,111,0.00024013999995986524,9
A1,axis_3,3,4536,1,32,8,"[1, 4, 8, 4, 2, 1, 2, 1]",24,0,8,8,0,0,[],[],0,0,1,0,0,1,0,1,0,0,3,1,117,0.00031519300000582007,12
A1,axis_3,3,7220,1,32,8,"[1, 2, 8, 1, 1, 8, 2, 1]",24,0,8,8,0,0,[],[],0,0,1,0,0,1,0,1,0,0,3,1,116,0.00031238899987329205,11
A1,axis_3,3,8192,1,32,8,"[1, 1, 1, 1, 1, 1, 4, 1]",24,0,8,8,0,0,[],[],0,0,1,0,0,1,0,1,0,0,3,1,111,0.000262073999920176,9
A1,axis_3,3,10465,1,32,8,"[2, 1, 4, 8, 1, 4, 4, 1]",24,0,8,8,0,0,[],[],0,0,1,0,0,1,0,1,0,0,3,1,122,0.0003235760000279697,15
A1,axis_3,3,12288,1,32,8,"[1, 1, 1, 1, 1, 1, 8, 1]",24,0,8,8,0,0,[],[],0,0,1,0,0,1,0,1,0,0,3,1,112,0.00024627000016153033,10
A1,axis_3,3,16109,1,32,8,"[2, 8, 4, 8, 4, 8, 8, 1]",24,0,8,8,0,0,[],[],0,0,1,0,0,1,0,1,0,0,3,1,126,0.000650395999855391,17
A1,axis_3,3,16384,1,32,8,"[1, 1, 1, 1, 1, 1, 1, 2]",24,0,8,8,0,0,[],[],0,0,1,0,0,1,0,1,0,0,3,1,109,0.0002619430001686851,8
A1,axis_3,3,16426,1,32,8,"[4, 4, 4, 1, 1, 1, 1, 2]",24,0,8,8,0,0,[],[],0,0,1,0,0,1,0,1,0,0,3,1,118,0.0003204409999852942,12
A1,axis_3,3,17749,4,32,11,"[2, 2, 2, 2, 2, 2, 15, 2]",21,0,11,7,1,0,[],[],0,1,4,1,1,4,0,1,0,0,8,3,288,0.0007586890001221036,9
A1,axis_3,3,18536,1,32,8,"[1, 4, 4, 2, 1, 4, 1, 2]",24,0,8,8,0,0,[],[],0,0,1,0,0,1,0,1,0,0,3,1,121,0.00033606499982852256,12
A1,axis_3,3,19673,1,32,8,"[2, 4, 2, 8, 1, 8, 1, 2]",24,0,8,8,0,0,[],[],0,0,1,0,0,1,0,1,0,0,3,1,121,0.00041468299991720414,12
A1,axis_3,3,19860,4,32,11,"[1, 2, 2, 4, 2, 8, 15, 2]",21,0,11,7,1,0,[],[],0,1,4,1,1,4,0,1,0,0,8,3,288,0.0008500259998527326,10
A1,axis_3,3,20253,4,32,11,"[2, 8, 2, 1, 8, 8, 15, 2]",21,0,11,7,1,0,[],[],0,1,4,1,1,4,0,1,0,0,8,3,288,0.0007740220000869158,12
A1,axis_3,3,20347,2,32,9,"[8, 4, 8, 2, 8, 8, 9, 2]",23,0,9,7,0,0,[],[],0,0,2,1,1,2,0,1,0,0,5,2,190,0.0006426140000712621,14
A1,axis_3,3,21588,1,32,8,"[1, 2, 2, 2, 1, 2, 2, 2]",24,0,8,8,0,0,[],[],0,0,1,0,0,1,0,1,0,0,3,1,117,0.00032605000001240114,9
A1,axis_3,3,21760,1,32,8,"[1, 1, 1, 1, 2, 2, 2, 2]",24,0,8,8,0,0,[],[],0,0,1,0,0,1,0,1,0,0,3,1,111,0.00026524800000515825,9
A1,axis_3,3,22015,1,32,8,"[8, 8, 8, 8, 2, 2, 2, 2]",24,0,8,8,0,0,[],[],0,0,1,0,0,1,0,1,0,0,3,1,116,0.0003252589999647171,13
A1,axis_3,3,25718,1,32,8,"[4, 2, 8, 2, 1, 2, 4, 2]",24,0,8,8,0,0,[],[],0,0,1,0,0,1,0,1,0,0,3,1,125,0.0004574069998852792,12
A1,axis_3,3,26170,2,32,9,"[4, 4, 8, 1, 12, 2, 4, 2]",23,0,9,7,0,0,[],[],0,1,2,1,0,2,0,1,0,0,4,1,157,0.0005264510000415612,13
A1,axis_3,3,30599,1,32,8,"[8, 2, 1, 4, 8, 2, 8, 2]",24,0,8,8,0,0,[],[],0,0,1,0,0,1,0,1,0,0,3,1,123,0.0003308170000764221,13
A1,axis_3,3,32768,1,32,8,"[1, 1, 1, 1, 1, 1, 1, 4]",24,0,8,8,0,0,[],[],0,0,1,0,0,1,0,1,0,0,3,1,110,0.00025800799994613044,9
A1,axis_3,3,32937,1,32,8,"[2, 4, 4, 4, 1, 1, 1, 4]",24,0,8,8,0,0,[],[],0,0,1,0,0,1,0,1,0,0,3,1,123,0.0003224040001441608,13
A1,axis_3,3,33529,2,32,9,"[2, 4, 8, 8, 4, 1, 9, 4]",23,0,9,7,0,0,[],[],0,0,2,1,1,2,0,1,0,0,5,2,189,0.0005451290001019515,14
A1,axis_3,3,34409,8,32,12,"[2, 4, 4, 2, 12, 2, 15, 4]",20,0,12,6,1,0,[],[],0,2,5,2,1,5,0,1,0,0,6,0,225,0.0007999710001058702,12
A1,axis_3,3,35413,8,32,12,"[2, 2, 2, 2, 12, 4, 15, 4]",20,0,12,6,1,0,[],[],0,2,5,2,1,5,0,1,0,0,6,0,224,0.0008656790000713954,11
A1,axis_3,3,35498,8,32,12,"[4, 4, 4, 4, 12, 4, 15, 4]",20,0,12,6,1,0,[],[],0,2,5,2,1,5,0,1,0,0,6,0,229,0.0010039679998499196,15
A1,axis_3,3,35566,8,32,12,"[4, 8, 4, 8, 12, 4, 15, 4]",20,0,12,6,1,0,[],[],0,2,5,2,1,5,0,1,0,0,6,0,222,0.0010983290001149726,13
A1,axis_3,3,36783,4,32,11,"[8, 8, 4, 4, 8, 8, 15, 4]",21,0,11,7,1,0,[],[],0,1,4,1,1,4,0,1,0,0,8,3,294,0.0007839170000352169,15
A1,axis_3,3,38981,1,32,8,"[2, 2, 1, 2, 1, 4, 2, 4]",24,0,8,8,0,0,[],[],0,0,1,0,0,1,0,1,0,0,3,1,123,0.00036588900002243463,12
A1,axis_3,3,40715,1,32,8,"[8, 4, 1, 1, 8, 8, 2, 4]",24,0,8,8,0,0,[],[],0,0,1,0,0,1,0,1,0,0,3,1,120,0.00035265899987280136,14
A1,axis_3,3,41907,1,32,8,"[8, 1, 8, 4, 8, 1, 4, 4]",24,0,8,8,0,0,[],[],0,0,1,0,0,1,0,1,0,0,3,1,124,0.0003488239999569487,14
A1,axis_3,3,42098,1,32,8,"[4, 1, 8, 2, 1, 2, 4, 4]",24,0,8,8,0,0,[],[],0,0,1,0,0,1,0,1,0,0,3,1,124,0.00033180900004481373,13
A1,axis_3,3,43087,1,32,8,"[8, 8, 1, 2, 1, 4, 4, 4]",24,0,8,8,0,0,[],[],0,0,1,0,0,1,0,1,0,0,3,1,121,0.0003279520001342462,13
A1,axis_3,3,44423,1,32,8,"[8, 2, 1, 4, 2, 8, 4, 4]",24,0,8,8,0,0,[],[],0,0,1,0,0,1,0,1,0,0,3,1,122,0.000327471999980844,13
A1,axis_3,3,49028,1,32,8,"[1, 2, 1, 4, 8, 8, 8, 4]",24,0,8,8,0,0,[],[],0,0,1,0,0,1,0,1,0,0,3,1,125,0.00033301999997092935,14
A1,axis_3,3,49152,1,32,8,"[1, 1, 1, 1, 1, 1, 1, 8]",24,0,8,8,0,0,[],[],0,0,1,0,0,1,0,1,0,0,3,1,110,0.0002442469999550667,9
A1,axis_3,3,49414,1,32,8,"[4, 2, 1, 1, 2, 1, 1, 8]",24,0,8,8,0,0,[],[],0,0,1,0,0,1,0,1,0,0,3,1,115,0.0003023839999514166,10
A1,axis_3,3,52632,2,32,9,"[1, 4, 2, 4, 2, 8, 9, 8]",23,0,9,7,0,0,[],[],0,0,2,1,1,2,0,1,0,0,5,2,192,0.000504838000097152,13
A1,axis_3,3,55929,2,32,9,"[2, 4, 8, 2, 12, 4, 2, 8]",23,0,9,7,0,0,[],[],0,1,2,1,0,2,0,1,0,0,4,1,157,0.0004510569999638392,13
A1,axis_3,3,57619,1,32,8,"[8, 1, 2, 1, 2, 1, 4, 8]",24,0,8,8,0,0,[],[],0,0,1,0,0,1,0,1,0,0,3,1,116,0.0002898250002090208,11
A1,axis_3,3,57769,1,32,8,"[2, 4, 4, 4, 2, 1, 4, 8]",24,0,8,8,0,0,[],[],0,0,1,0,0,1,0,1,0,0,3,1,125,0.00037407200011330133,14
A1,axis_3,3,58735,1,32,8,"[8, 8, 4, 2, 2, 2, 4, 8]",24,0,8,8,0,0,[],[],0,0,1,0,0,1,0,1,0,0,3,1,122,0.0003503159998672345,13
A1,axis_3,3,59095,1,32,8,"[8, 2, 2, 8, 4, 2, 4, 8]",24,0,8,8,0,0,[],[],0,0,1,0,0,1,0,1,0,0,3,1,127,0.00033959999996113766,14
A1,axis_4,4,0,1,32,8,"[1, 1, 1, 1, 1, 1, 1, 1]",24,0,8,8,0,0,[],[],0,0,1,0,0,1,0,1,0,0,3,1,142,0.00029434199996103416,8
A1,axis_4,4,1,1,32,8,"[2, 1, 1, 1, 1, 1, 1, 1]",24,0,8,8,0,0,[],[],0,0,1,0,0,1,0,1,0,0,3,1,144,0.00031803799993213033,8
A1,axis_4,4,2,1,32,8,"[4, 1, 1, 1, 1, 1, 1, 1]",24,0,8,8,0,0,[],[],0,0,1,0,0,1,0,1,0,0,3,1,145,0.0005413530000168976,9
A1,axis_4,4,3,1,32,8,"[8, 1, 1, 1, 1, 1, 1, 1]",24,0,8,8,0,0,[],[],0,0,1,0,0,1,0,1,0,0,3,1,144,0.00031784700013304246,10
A1,axis_4,4,4,1,32,8,"[1, 2, 1, 1, 1, 1, 1, 1]",24,0,8,8,0,0,[],[],0,0,1,0,0,1,0,1,0,0,3,1,144,0.0003193689999534399,8
A1,axis_4,4,8,1,32,8,"[1, 4, 1, 1, 1, 1, 1, 1]",24,0,8,8,0,0,[],[],0,0,1,0,0,1,0,1,0,0,3,1,145,0.0003462700001364283,9
A1,axis_4,4,12,1,32,8,"[1, 8, 1, 1, 1, 1, 1, 1]",24,0,8,8,0,0,[],[],0,0,1,0,0,1,0,1,0,0,3,1,145,0.00033007600018208905,10
A1,axis_4,4,16,1,32,8,"[1, 1, 2, 1, 1, 1, 1, 1]",24,0,8,8,0,0,[],[],0,0,1,0,0,1,0,1,0,0,3,1,145,0.0003147330000956572,9
A1,axis_4,4,32,1,32,8,"[1, 1, 4, 1, 1, 1, 1, 1]",24,0,8,8,0,0,[],[],0,0,1,0,0,1,0,1,0,0,3,1,146,0.0003216930001599394,10
A1,axis_4,4,48,1,32,8,"[1, 1, 8, 1, 1, 1, 1, 1]",24,0,8,8,0,0,[],[],0,0,1,0,0,1,0,1,0,0,3,1,145,0.0005901059998905112,11
A1,axis_4,4,64,1,32,8,"[1, 1, 1, 2, 1, 1, 1, 1]",24,0,8,8,0,0,[],[],0,0,1,0,0,1,0,1,0,0,3,1,144,0.0003259699999489385,8
A1,axis_4,4,85,1,32,8,"[2, 2, 2, 2, 1, 1, 1, 1]",24,0,8,8,0,0,[],[],0,0,1,0,0,1,0,1,0,0,3,1,150,0.00037009499988016614,9
A1,axis_4,4,128,1,32,8,"[1, 1, 1, 4, 1, 1, 1, 1]",24,0,8,8,0,0,[],[],0,0,1,0,0,1,0,1,0,0,3,1,145,0.00031647599985262787,9
A1,axis_4,4,192,1,32,8,"[1, 1, 1, 8, 1, 1, 1, 1]",24,0,8,8,0,0,[],[],0,0,1,0,0,1,0,1,0,0,3,1,145,0.0003244269998958771,10
A1,axis_4,4,256,1,32,8,"[1, 1, 1, 1, 2, 1, 1, 1]",24,0,8,8,0,0,[],[],0,0,1,0,0,1,0,1,0,0,3,1,142,0.000302293999993708,8
A1,axis_4,4,512,1,32,8,"[1, 1, 1, 1, 4, 1, 1, 1]",24,0,8,8,0,0,[],[],0,0,1,0,0,1,0,1,0,0,3,1,143,0.0003248579998853529,9
A1,axis_4,4,768,1,32,8,"[1, 1, 1, 1, 8, 1, 1, 1]",24,0,8,8,0,0,[],[],0,0,1,0,0,1,0,1,0,0,3,1,143,0.00032128299994838017,9
A1,axis_4,4,1024,1,32,8,"[1, 1, 1, 1, 1, 2, 1, 1]",24,0,8,8,0,0,[],[],0,0,1,0,0,1,0,1,0,0,3,1,142,0.00043286000004627567,8
A1,axis_4,4,2048,1,32,8,"[1, 1, 1, 1, 1, 4, 1, 1]",24,0,8,8,0,0,[],[],0,0,1,0,0,1,0,1,0,0,3,1,143,0.0003089140000156476,9
A1,axis_4,4,3072,1,32,8,"[1, 1, 1, 1, 1, 8, 1, 1]",24,0,8,8,0,0,[],[],0,0,1,0,0,1,0,1,0,0,3,1,143,0.00030618999994658225,9
A1,axis_4,4,4096,1,32,8,"[1, 1, 1, 1, 1, 1, 2, 1]",24,0,8,8,0,0,[],[],0,0,1,0,0,1,0,1,0,0,3,1,144,0.0003102559999206278,9
A1,axis_4,4,4207,1,32,8,"[8, 8, 4, 2, 1, 1, 2, 1]",24,0,8,8,0,0,[],[],0,0,1,0,0,1,0,1,0,0,3,1,152,0.00040277500011143275,14
A1,axis_4,4,5304,1,32,8,"[1, 4, 8, 4, 1, 2, 2, 1]",24,0,8,8,0,0,[],[],0,0,1,0,0,1,0,1,0,0,3,1,151,0.00037753700007669977,12
A1,axis_4,4,8049,1,32,8,"[2, 1, 8, 2, 8, 8, 2, 1]",24,0,8,8,0,0,[],[],0,0,1,0,0,1,0,1,0,0,3,1,153,0.0004221140000026935,12
A1,axis_4,4,8192,1,32,8,"[1, 1, 1, 1, 1, 1, 4, 1]",24,0,8,8,0,0,[],[],0,0,1,0,0,1,0,1,0,0,3,1,144,0.00031132699996305746,9
A1,axis_4,4,9353,1,32,8,"[2, 4, 1, 4, 1, 2, 4, 1]",24,0,8,8,0,0,[],[],0,0,1,0,0,1,0,1,0,0,3,1,154,0.00038304499980768014,12
A1,axis_4,4,10382,1,32,8,"[4, 8, 1, 4, 1, 4, 4, 1]",24,0,8,8,0,0,[],[],0,0,1,0,0,1,0,1,0,0,3,1,154,0.00039149799999904644,13
A1,axis_4,4,11337,1,32,8,"[2, 4, 1, 2, 1, 8, 4, 1]",24,0,8,8,0,0,[],[],0,0,1,0,0,1,0,1,0,0,3,1,155,0.000392730000157826,12
A1,axis_4,4,11609,1,32,8,"[2, 4, 2, 2, 2, 8, 4, 1]",24,0,8,8,0,0,[],[],0,0,1,0,0,1,0,1,0,0,3,1,157,0.0004093249999641557,13
A1,axis_4,4,11679,1,32,8,"[8, 8, 2, 4, 2, 8, 4, 1]",24,0,8,8,0,0,[],[],0,0,1,0,0,1,0,1,0,0,3,1,155,0.00039951000007931725,14
A1,axis_4,4,12288,1,32,8,"[1, 1, 1, 1, 1, 1, 8, 1]",24,0,8,8,0,0,[],[],0,0,1,0,0,1,0,1,0,0,3,1,145,0.0003109169999788719,10
A1,axis_4,4,12912,1,32,8,"[1, 1, 8, 2, 4, 1, 8, 1]",24,0,8,8,0,0,[],[],0,0,1,0,0,1,0,1,0,0,3,1,149,0.0003627149999374524,12
A1,axis_4,4,16384,1,32,8,"[1, 1, 1, 1, 1, 1, 1, 2]",24,0,8,8,0,0,[],[],0,0,1,0,0,1,0,1,0,0,3,1,142,0.00030199399998309673,8
A1,axis_4,4,16951,1,32,8,"[8, 2, 8, 1, 4, 1, 1, 2]",24,0,8,8,0,0,[],[],0,0,1,0,0,1,0,1,0,0,3,1,155,0.0004553440001018316,14
A1,axis_4,4,17042,1,32,8,"[4, 1, 2, 4, 4, 1, 1, 2]",24,0,8,8,0,0,[],[],0,0,1,0,0,1,0,1,0,0,3,1,156,0.0003986679998888576,13
A1,axis_4,4,17592,1,32,8,"[1, 4, 8, 4, 1, 2, 1, 2]",24,0,8,8,0,0,[],[],0,0,1,0,0,1,0,1,0,0,3,1,152,0.0003726499999174848,13
A1,axis_4,4,20385,1,32,8,"[2, 1, 4, 4, 8, 8, 1, 2]",24,0,8,8,0,0,[],[],0,0,1,0,0,1,0,1,0,0,3,1,158,0.0004848480000418931,14
A1,axis_4,4,21031,1,32,8,"[8, 2, 4, 1, 4, 1, 2, 2]",24,0,8,8,0,0,[],[],0,0,1,0,0,1,0,1,0,0,3,1,156,0.0004146520000176679,13
A1,axis_4,4,21588,1,32,8,"[1, 2, 2, 2, 1, 2, 2, 2]",24,0,8,8,0,0,[],[],0,0,1,0,0,1,0,1,0,0,3,1,150,0.0005669120000675321,9
A1,axis_4,4,21697,1,32,8,"[2, 1, 1, 8, 1, 2, 2, 2]",24,0,8,8,0,0,[],[],0,0,1,0,0,1,0,1,0,0,3,1,149,0.00040376600009039976,11
A1,axis_4,4,21760,1,32,8,"[1, 1, 1, 1, 2, 2, 2, 2]",24,0,8,8,0,0,[],[],0,0,1,0,0,1,0,1,0,0,3,1,144,0.0004954639998686616,9
A1,axis_4,4,21845,1,32,8,"[2, 2, 2, 2, 2, 2, 2, 2]",24,0,8,8,0,0,[],[],0,0,1,0,0,1,0,1,0,0,3,1,155,0.0007177570000749256,10
A1,axis_4,4,22015,1,32,8,"[8, 8, 8, 8, 2, 2, 2, 2]",24,0,8,8,0,0,[],[],0,0,1,0,0,1,0,1,0,0,3,1,149,0.00048292500014213147,13
A1,axis_4,4,25565,1,32,8,"[2, 8, 2, 8, 8, 1, 4, 2]",24,0,8,8,0,0,[],[],0,0,1,0,0,1,0,1,0,0,3,1,159,0.0004230950000874145,15
A1,axis_4,4,27946,1,32,8,"[4, 4, 4, 1, 2, 8, 4, 2]",24,0,8,8,0,0,[],[],0,0,1,0,0,1,0,1,0,0,3,1,160,0.0004180879998330056,15
A1,axis_4,4,28753,1,32,8,"[2, 1, 2, 2, 1, 1, 8, 2]",24,0,8,8,0,0,[],[],0,0,1,0,0,1,0,1,0,0,3,1,154,0.0003831849999187398,11
A1,axis_4,4,32768,1,32,8,"[1, 1, 1, 1, 1, 1, 1, 4]",24,0,8,8,0,0,[],[],0,0,1,0,0,1,0,1,0,0,3,1,143,0.0003012519998719654,9
A1,axis_4,4,33287,1,32,8,"[8, 2, 1, 1, 4, 1, 1, 4]",24,0,8,8,0,0,[],[],0,0,1,0,0,1,0,1,0,0,3,1,151,0.0003696549999858689,11
A1,axis_4,4,35222,1,32,8,"[4, 2, 2, 4, 2, 4, 1, 4]",24,0,8,8,0,0,[],[],0,0,1,0,0,1,0,1,0,0,3,1,160,0.00043725599994104414,14
A1,axis_4,4,38505,1,32,8,"[2, 4, 4, 2, 4, 2, 2, 4]",24,0,8,8,0,0,[],[],0,0,1,0,0,1,0,1,0,0,3,1,162,0.0004985779999060469,14
A1,axis_4,4,39101,1,32,8,"[2, 8, 8, 4, 1, 4, 2, 4]",24,0,8,8,0,0,[],[],0,0,1,0,0,1,0,1,0,0,3,1,155,0.0004015929998786305,14
A1,axis_4,4,40712,1,32,8,"[1, 4, 1, 1, 8, 8, 2, 4]",24,0,8,8,0,0,[],[],0,0,1,0,0,1,0,1,0,0,3,1,152,0.0003754239999125275,13
A1,axis_4,4,43605,1,32,8,"[2, 2, 2, 2, 4, 4, 4, 4]",24,0,8,8,0,0,[],[],0,0,1,0,0,1,0,1,0,0,3,1,163,0.0004271310001513484,14
A1,axis_4,4,43690,1,32,8,"[4, 4, 4, 4, 4, 4, 4, 4]",24,0,8,8,0,0,[],[],0,0,1,0,0,1,0,1,0,0,3,1,167,0.0004417630000261852,18
A1,axis_4,4,44098,1,32,8,"[4, 1, 1, 2, 1, 8, 4, 4]",24,0,8,8,0,0,[],[],0,0,1,0,0,1,0,1,0,0,3,1,154,0.0003916279999884864,13
A1,axis_4,4,44975,1,32,8,"[8, 8, 4, 4, 8, 8, 4, 4]",24,0,8,8,0,0,[],[],0,0,1,0,0,1,0,1,0,0,3,1,161,0.0004190590000234806,17
A1,axis_4,4,45610,1,32,8,"[4, 4, 4, 1, 4, 1, 8, 4]",24,0,8,8,0,0,[],[],0,0,1,0,0,1,0,1,0,0,3,1,160,0.0004716690000350354,16
A1,axis_4,4,47283,1,32,8,"[8, 1, 8, 4, 1, 4, 8, 4]",24,0,8,8,0,0,[],[],0,0,1,0,0,1,0,1,0,0,3,1,156,0.00042461700013518566,16
A1,axis_4,4,48110,1,32,8,"[4, 8, 4, 8, 8, 4, 8, 4]",24,0,8,8,0,0,[],[],0,0,1,0,0,1,0,1,0,0,3,1,162,0.0005524589998913143,16
A1,axis_4,4,48832,1,32,8,"[1, 1, 1, 8, 4, 8, 8, 4]",24,0,8,8,0,0,[],[],0,0,1,0,0,1,0,1,0,0,3,1,152,0.00043094700004076003,13
A1,axis_4,4,49152,1,32,8,"[1, 1, 1, 1, 1, 1, 1, 8]",24,0,8,8,0,0,[],[],0,0,1,0,0,1,0,1,0,0,3,1,143,0.00032808200012368616,9
A1,axis_4,4,54315,1,32,8,"[8, 4, 4, 1, 1, 2, 2, 8]",24,0,8,8,0,0,[],[],0,0,1,0,0,1,0,1,0,0,3,1,151,0.0010827249998328625,14
A1,axis_4,4,54920,1,32,8,"[1, 4, 1, 4, 4, 2, 2, 8]",24,0,8,8,0,0,[],[],0,0,1,0,0,1,0,1,0,0,3,1,154,0.0003958340000735916,13
A1,axis_4,4,57027,1,32,8,"[8, 1, 1, 8, 4, 8, 2, 8]",24,0,8,8,0,0,[],[],0,0,1,0,0,1,0,1,0,0,3,1,155,0.0004139820000546024,14
A1,axis_4,4,57215,1,32,8,"[8, 8, 8, 2, 8, 8, 2, 8]",24,0,8,8,0,0,[],[],0,0,1,0,0,1,0,1,0,0,3,1,154,0.00044333599998935824,15
A1,axis_4,4,61064,1,32,8,"[1, 4, 1, 4, 4, 8, 4, 8]",24,0,8,8,0,0,[],[],0,0,1,0,0,1,0,1,0,0,3,1,156,0.0004278219998923305,14
A1,axis_5,5,0,1,32,8,"[1, 1, 1, 1, 1, 1, 1, 1]",24,0,8,8,0,0,[],[],0,0,1,0,0,1,0,1,0,0,3,1,154,0.0003186490000643971,8
A1,axis_5,5,1,1,32,8,"[2, 1, 1, 1, 1, 1, 1, 1]",24,0,8,8,0,0,[],[],0,0,1,0,0,1,0,1,0,0,3,1,156,0.0005763350000052014,8
A1,axis_5,5,2,1,32,8,"[4, 1, 1, 1, 1, 1, 1, 1]",24,0,8,8,0,0,[],[],0,0,1,0,0,1,0,1,0,0,3,1,157,0.0005139620000136347,9
A1,axis_5,5,3,1,32,8,"[8, 1, 1, 1, 1, 1, 1, 1]",24,0,8,8,0,0,[],[],0,0,1,0,0,1,0,1,0,0,3,1,156,0.00035797800001091673,10
A1,axis_5,5,4,1,32,8,"[1, 2, 1, 1, 1, 1, 1, 1]",24,0,8,8,0,0,[],[],0,0,1,0,0,1,0,1,0,0,3,1,156,0.00035383099998398393,8
A1,axis_5,5,8,1,32,8,"[1, 4, 1, 1, 1, 1, 1, 1]",24,0,8,8,0,0,[],[],0,0,1,0,0,1,0,1,0,0,3,1,157,0.0003483630000573612,9
A1,axis_5,5,12,1,32,8,"[1, 8, 1, 1, 1, 1, 1, 1]",24,0,8,8,0,0,[],[],0,0,1,0,0,1,0,1,0,0,3,1,157,0.00033876900010909594,10
A1,axis_5,5,16,1,32,8,"[1, 1, 2, 1, 1, 1, 1, 1]",24,0,8,8,0,0,[],[],0,0,1,0,0,1,0,1,0,0,3,1,157,0.0003407819999665662,9
A1,axis_5,5,32,1,32,8,"[1, 1, 4, 1, 1, 1, 1, 1]",24,0,8,8,0,0,[],[],0,0,1,0,0,1,0,1,0,0,3,1,158,0.00036660000000665605,10
A1,axis_5,5,48,1,32,8,"[1, 1, 8, 1, 1, 1, 1, 1]",24,0,8,8,0,0,[],[],0,0,1,0,0,1,0,1,0,0,3,1,157,0.00034010000013040553,11
A1,axis_5,5,64,1,32,8,"[1, 1, 1, 2, 1, 1, 1, 1]",24,0,8,8,0,0,[],[],0,0,1,0,0,1,0,1,0,0,3,1,156,0.00035383099998398393,8
A1,axis_5,5,85,1,32,8,"[2, 2, 2, 2, 1, 1, 1, 1]",24,0,8,8,0,0,[],[],0,0,1,0,0,1,0,1,0,0,3,1,162,0.0004068410000854783,9
A1,axis_5,5,128,1,32,8,"[1, 1, 1, 4, 1, 1, 1, 1]",24,0,8,8,0,0,[],[],0,0,1,0,0,1,0,1,0,0,3,1,157,0.0003526389998569357,9
A1,axis_5,5,192,1,32,8,"[1, 1, 1, 8, 1, 1, 1, 1]",24,0,8,8,0,0,[],[],0,0,1,0,0,1,0,1,0,0,3,1,157,0.0003769550000924937,10
A1,axis_5,5,256,1,32,8,"[1, 1, 1, 1, 2, 1, 1, 1]",24,0,8,8,0,0,[],[],0,0,1,0,0,1,0,1,0,0,3,1,154,0.0003263900000547437,8
A1,axis_5,5,512,1,32,8,"[1, 1, 1, 1, 4, 1, 1, 1]",24,0,8,8,0,0,[],[],0,0,1,0,0,1,0,1,0,0,3,1,155,0.000327411999933247,9
A1,axis_5,5,768,1,32,8,"[1, 1, 1, 1, 8, 1, 1, 1]",24,0,8,8,0,0,[],[],0,0,1,0,0,1,0,1,0,0,3,1,155,0.00033036599984370696,9
A1,axis_5,5,1024,1,32,8,"[1, 1, 1, 1, 1, 2, 1, 1]",24,0,8,8,0,0,[],[],0,0,1,0,0,1,0,1,0,0,3,1,154,0.00037645499992322584,8
A1,axis_5,5,2048,1,32,8,"[1, 1, 1, 1, 1, 4, 1, 1]",24,0,8,8,0,0,[],[],0,0,1,0,0,1,0,1,0,0,3,1,155,0.0005700350000097387,9
A1,axis_5,5,3072,1,32,8,"[1, 1, 1, 1, 1, 8, 1, 1]",24,0,8,8,0,0,[],[],0,0,1,0,0,1,0,1,0,0,3,1,155,0.0003350829999817506,9
A1,axis_5,5,4096,1,32,8,"[1, 1, 1, 1, 1, 1, 2, 1]",24,0,8,8,0,0,[],[],0,0,1,0,0,1,0,1,0,0,3,1,156,0.00035449200004222803,9
A1,axis_5,5,4227,1,32,8,"[8, 1, 1, 4, 1, 1, 2, 1]",24,0,8,8,0,0,[],[],0,0,1,0,0,1,0,1,0,0,3,1,161,0.0004498150001381873,12
A1,axis_5,5,4829,1,32,8,"[2, 8, 2, 8, 4, 1, 2, 1]",24,0,8,8,0,0,[],[],0,0,1,0,0,1,0,1,0,0,3,1,168,0.0004487839999001153,15
A1,axis_5,5,4850,1,32,8,"[4, 1, 8, 8, 4, 1, 2, 1]",24,0,8,8,0,0,[],[],0,0,1,0,0,1,0,1,0,0,3,1,165,0.0004691839999395597,14
A1,axis_5,5,8192,1,32,8,"[1, 1, 1, 1, 1, 1, 4, 1]",24,0,8,8,0,0,[],[],0,0,1,0,0,1,0,1,0,0,3,1,156,0.0003857589999824995,9
A1,axis_5,5,12288,1,32,8,"[1, 1, 1, 1, 1, 1, 8, 1]",24,0,8,8,0,0,[],[],0,0,1,0,0,1,0,1,0,0,3,1,157,0.00036394599987943366,10
A1,axis_5,5,16384,1,32,8,"[1, 1, 1, 1, 1, 1, 1, 2]",24,0,8,8,0,0,[],[],0,0,1,0,0,1,0,1,0,0,3,1,154,0.00032167300014407374,8
A1,axis_5,5,21588,1,32,8,"[1, 2, 2, 2, 1, 2, 2, 2]",24,0,8,8,0,0,[],[],0,0,1,0,0,1,0,1,0,0,3,1,162,0.00039283000000978063,9
A1,axis_5,5,21760,1,32,8,"[1, 1, 1, 1, 2, 2, 2, 2]",24,0,8,8,0,0,[],[],0,0,1,0,0,1,0,1,0,0,3,1,156,0.000468423000029361,9
A1,axis_5,5,21845,1,32,8,"[2, 2, 2, 2, 2, 2, 2, 2]",24,0,8,8,0,0,[],[],0,0,1,0,0,1,0,1,0,0,3,1,167,0.00043618500012598815,10
A1,axis_5,5,22015,1,32,8,"[8, 8, 8, 8, 2, 2, 2, 2]",24,0,8,8,0,0,[],[],0,0,1,0,0,1,0,1,0,0,3,1,161,0.0004240370001298288,13
A1,axis_5,5,23702,1,32,8,"[4, 2, 2, 4, 1, 8, 2, 2]",24,0,8,8,0,0,[],[],0,0,1,0,0,1,0,1,0,0,3,1,171,0.0005569559998548357,13
A1,axis_5,5,26766,1,32,8,"[4, 8, 1, 4, 1, 4, 4, 2]",24,0,8,8,0,0,[],[],0,0,1,0,0,1,0,1,0,0,3,1,166,0.0004676619998917886,13
A1,axis_5,5,29708,1,32,8,"[1, 8, 1, 1, 1, 2, 8, 2]",24,0,8,8,0,0,[],[],0,0,1,0,0,1,0,1,0,0,3,1,159,0.0004078920001120423,11
A1,axis_5,5,32768,1,32,8,"[1, 1, 1, 1, 1, 1, 1, 4]",24,0,8,8,0,0,[],[],0,0,1,0,0,1,0,1,0,0,3,1,155,0.00033062600004996057,9
A1,axis_5,5,32980,1,32,8,"[1, 2, 2, 8, 1, 1, 1, 4]",24,0,8,8,0,0,[],[],0,0,1,0,0,1,0,1,0,0,3,1,161,0.0003889140000410407,10
A1,axis_5,5,33881,1,32,8,"[2, 4, 2, 2, 1, 2, 1, 4]",24,0,8,8,0,0,[],[],0,0,1,0,0,1,0,1,0,0,3,1,166,0.0004967160000433068,11
A1,axis_5,5,35616,1,32,8,"[1, 1, 4, 1, 8, 4, 1, 4]",24,0,8,8,0,0,[],[],0,0,1,0,0,1,0,1,0,0,3,1,164,0.00040423699988423323,13
A1,axis_5,5,36141,1,32,8,"[2, 8, 4, 1, 2, 8, 1, 4]",24,0,8,8,0,0,[],[],0,0,1,0,0,1,0,1,0,0,3,1,167,0.0004256590000295546,14
A1,axis_5,5,38505,1,32,8,"[2, 4, 4, 2, 4, 2, 2, 4]",24,0,8,8,0,0,[],[],0,0,1,0,0,1,0,1,0,0,3,1,174,0.00045388100011223287,14
A1,axis_5,5,39396,1,32,8,"[1, 2, 4, 8, 2, 4, 2, 4]",24,0,8,8,0,0,[],[],0,0,1,0,0,1,0,1,0,0,3,1,168,0.0007893249999142427,12
A1,axis_5,5,40096,1,32,8,"[1, 1, 4, 4, 1, 8, 2, 4]",24,0,8,8,0,0,[],[],0,0,1,0,0,1,0,1,0,0,3,1,165,0.0005835659999320342,13
A1,axis_5,5,40344,1,32,8,"[1, 4, 2, 4, 2, 8, 2, 4]",24,0,8,8,0,0,[],[],0,0,1,0,0,1,0,1,0,0,3,1,170,0.0006117979999089584,13
A1,axis_5,5,43605,1,32,8,"[2, 2, 2, 2, 4, 4, 4, 4]",24,0,8,8,0,0,[],[],0,0,1,0,0,1,0,1,0,0,3,1,175,0.0004742319999877509,14
A1,axis_5,5,43690,1,32,8,"[4, 4, 4, 4, 4, 4, 4, 4]",24,0,8,8,0,0,[],[],0,0,1,0,0,1,0,1,0,0,3,1,179,0.00047576399992976803,18
A1,axis_5,5,44975,1,32,8,"[8, 8, 4, 4, 8, 8, 4, 4]",24,0,8,8,0,0,[],[],0,0,1,0,0,1,0,1,0,0,3,1,173,0.0004680829999870184,17
A1,axis_5,5,45397,1,32,8,"[2, 2, 2, 2, 2, 1, 8, 4]",24,0,8,8,0,0,[],[],0,0,1,0,0,1,0,1,0,0,3,1,170,0.0004545330000382819,12
A1,axis_5,5,46421,1,32,8,"[2, 2, 2, 2, 2, 2, 8, 4]",24,0,8,8,0,0,[],[],0,0,1,0,0,1,0,1,0,0,3,1,170,0.00045682600011787144,12
A1,axis_5,5,46912,1,32,8,"[1, 1, 1, 2, 8, 2, 8, 4]",24,0,8,8,0,0,[],[],0,0,1,0,0,1,0,1,0,0,3,1,165,0.0004239360000610759,12
A1,axis_5,5,48110,1,32,8,"[4, 8, 4, 8, 8, 4, 8, 4]",24,0,8,8,0,0,[],[],0,0,1,0,0,1,0,1,0,0,3,1,174,0.0005062299999281095,16
A1,axis_5,5,48465,1,32,8,"[2, 1, 2, 2, 2, 8, 8, 4]",24,0,8,8,0,0,[],[],0,0,1,0,0,1,0,1,0,0,3,1,169,0.00045852800008105987,13
A1,axis_5,5,48526,1,32,8,"[4, 8, 1, 4, 2, 8, 8, 4]",24,0,8,8,0,0,[],[],0,0,1,0,0,1,0,1,0,0,3,1,170,0.0004548319998320949,15
A1,axis_5,5,48890,1,32,8,"[4, 4, 8, 8, 4, 8, 8, 4]",24,0,8,8,0,0,[],[],0,0,1,0,0,1,0,1,0,0,3,1,172,0.0004510379999373981,17
A1,axis_5,5,49152,1,32,8,"[1, 1, 1, 1, 1, 1, 1, 8]",24,0,8,8,0,0,[],[],0,0,1,0,0,1,0,1,0,0,3,1,155,0.0004259800000454561,9
A1,axis_5,5,49286,1,32,8,"[4, 2, 1, 4, 1, 1, 1, 8]",24,0,8,8,0,0,[],[],0,0,1,0,0,1,0,1,0,0,3,1,165,0.00045041599992146075,11
A1,axis_5,5,50760,1,32,8,"[1, 4, 1, 2, 4, 2, 1, 8]",24,0,8,8,0,0,[],[],0,0,1,0,0,1,0,1,0,0,3,1,163,0.00039048600001478917,11
A1,axis_5,5,51440,1,32,8,"[1, 1, 8, 8, 1, 4, 1, 8]",24,0,8,8,0,0,[],[],0,0,1,0,0,1,0,1,0,0,3,1,162,0.0003887529999246908,14
A1,axis_5,5,52222,1,32,8,"[4, 8, 8, 8, 8, 4, 1, 8]",24,0,8,8,0,0,[],[],0,0,1,0,0,1,0,1,0,0,3,1,173,0.0004661199998281518,17
A1,axis_5,5,53654,1,32,8,"[4, 2, 2, 4, 2, 1, 2, 8]",24,0,8,8,0,0,[],[],0,0,1,0,0,1,0,1,0,0,3,1,169,0.0006866009998702793,13
A1,axis_5,5,54756,1,32,8,"[1, 2, 4, 8, 2, 2, 2, 8]",24,0,8,8,0,0,[],[],0,0,1,0,0,1,0,1,0,0,3,1,166,0.0004269809999186691,12
A1,axis_5,5,56071,1,32,8,"[8, 2, 1, 1, 8, 4, 2, 8]",24,0,8,8,0,0,[],[],0,0,1,0,0,1,0,1,0,0,3,1,164,0.00045472300007531885,13
A1,axis_5,5,56429,1,32,8,"[2, 8, 4, 2, 1, 8, 2, 8]",24,0,8,8,0,0,[],[],0,0,1,0,0,1,0,1,0,0,3,1,169,0.00045528299983743636,14
A1,axis_5,5,56739,1,32,8,"[8, 1, 4, 4, 2, 8, 2, 8]",24,0,8,8,0,0,[],[],0,0,1,0,0,1,0,1,0,0,3,1,167,0.00045605400009662844,14
A1,axis_5,5,57373,1,32,8,"[2, 8, 2, 1, 1, 1, 4, 8]",24,0,8,8,0,0,[],[],0,0,1,0,0,1,0,1,0,0,3,1,165,0.00043303000006744696,13
A1,axis_5,5,58007,1,32,8,"[8, 2, 2, 4, 4, 1, 4, 8]",24,0,8,8,0,0,[],[],0,0,1,0,0,1,0,1,0,0,3,1,171,0.0004921590000321885,14
A1,axis_5,5,64060,1,32,8,"[1, 8, 8, 1, 4, 4, 8, 8]",24,0,8,8,0,0,[],[],0,0,1,0,0,1,0,1,0,0,3,1,164,0.0004860689998622547,14
A1,axis_5,5,65184,1,32,8,"[1, 1, 4, 4, 4, 8, 8, 8]",24,0,8,8,0,0,[],[],0,0,1,0,0,1,0,1,0,0,3,1,168,0.00048178400015785883,15
A1,axis_6,6,0,1,32,8,"[1, 1, 1, 1, 1, 1, 1, 1]",24,0,8,8,0,0,[],[],0,0,1,0,0,1,0,1,0,0,3,1,178,0.0003729700001713354,8
A1,axis_6,6,1,1,32,8,"[2, 1, 1, 1, 1, 1, 1, 1]",24,0,8,8,0,0,[],[],0,0,1,0,0,1,0,1,0,0,3,1,180,0.00039825799990467203,8
A1,axis_6,6,2,1,32,8,"[4, 1, 1, 1, 1, 1, 1, 1]",24,0,8,8,0,0,[],[],0,0,1,0,0,1,0,1,0,0,3,1,181,0.00040559900003245275,9
A1,axis_6,6,3,1,32,8,"[8, 1, 1, 1, 1, 1, 1, 1]",24,0,8,8,0,0,[],[],0,0,1,0,0,1,0,1,0,0,3,1,180,0.0003914279998298298,10
A1,axis_6,6,4,1,32,8,"[1, 2, 1, 1, 1, 1, 1, 1]",24,0,8,8,0,0,[],[],0,0,1,0,0,1,0,1,0,0,3,1,180,0.00039205799998853763,8
A1,axis_6,6,8,1,32,8,"[1, 4, 1, 1, 1, 1, 1, 1]",24,0,8,8,0,0,[],[],0,0,1,0,0,1,0,1,0,0,3,1,181,0.0003957849999096652,9
A1,axis_6,6,12,1,32,8,"[1, 8, 1, 1, 1, 1, 1, 1]",24,0,8,8,0,0,[],[],0,0,1,0,0,1,0,1,0,0,3,1,181,0.0003910170000835933,10
A1,axis_6,6,16,1,32,8,"[1, 1, 2, 1, 1, 1, 1, 1]",24,0,8,8,0,0,[],[],0,0,1,0,0,1,0,1,0,0,3,1,181,0.0004744620000565192,9
A1,axis_6,6,32,1,32,8,"[1, 1, 4, 1, 1, 1, 1, 1]",24,0,8,8,0,0,[],[],0,0,1,0,0,1,0,1,0,0,3,1,182,0.00041831800012914755,10
A1,axis_6,6,48,1,32,8,"[1, 1, 8, 1, 1, 1, 1, 1]",24,0,8,8,0,0,[],[],0,0,1,0,0,1,0,1,0,0,3,1,181,0.00045999999997548,11
A1,axis_6,6,64,1,32,8,"[1, 1, 1, 2, 1, 1, 1, 1]",24,0,8,8,0,0,[],[],0,0,1,0,0,1,0,1,0,0,3,1,180,0.0004142920001868333,8
A1,axis_6,6,85,1,32,8,"[2, 2, 2, 2, 1, 1, 1, 1]",24,0,8,8,0,0,[],[],0,0,1,0,0,1,0,1,0,0,3,1,186,0.0005301159999362426,9
A1,axis_6,6,128,1,32,8,"[1, 1, 1, 4, 1, 1, 1, 1]",24,0,8,8,0,0,[],[],0,0,1,0,0,1,0,1,0,0,3,1,181,0.00040024100007940433,9
A1,axis_6,6,192,1,32,8,"[1, 1, 1, 8, 1, 1, 1, 1]",24,0,8,8,0,0,[],[],0,0,1,0,0,1,0,1,0,0,3,1,181,0.0004157539999596338,10
A1,axis_6,6,256,1,32,8,"[1, 1, 1, 1, 2, 1, 1, 1]",24,0,8,8,0,0,[],[],0,0,1,0,0,1,0,1,0,0,3,1,178,0.00038308500006678514,8
A1,axis_6,6,512,1,32,8,"[1, 1, 1, 1, 4, 1, 1, 1]",24,0,8,8,0,0,[],[],0,0,1,0,0,1,0,1,0,0,3,1,179,0.0004623940001238225,9
A1,axis_6,6,752,1,32,8,"[1, 1, 8, 8, 4, 1, 1, 1]",24,0,8,8,0,0,[],[],0,0,1,0,0,1,0,1,0,0,3,1,186,0.0004437969998889457,14
A1,axis_6,6,768,1,32,8,"[1, 1, 1, 1, 8, 1, 1, 1]",24,0,8,8,0,0,[],[],0,0,1,0,0,1,0,1,0,0,3,1,179,0.00040753200005383405,9
A1,axis_6,6,978,1,32,8,"[4, 1, 2, 8, 8, 1, 1, 1]",24,0,8,8,0,0,[],[],0,0,1,0,0,1,0,1,0,0,3,1,190,0.0004662799999550771,14
A1,axis_6,6,1024,1,32,8,"[1, 1, 1, 1, 1, 2, 1, 1]",24,0,8,8,0,0,[],[],0,0,1,0,0,1,0,1,0,0,3,1,178,0.00038114199992378417,8
A1,axis_6,6,2048,1,32,8,"[1, 1, 1, 1, 1, 4, 1, 1]",24,0,8,8,0,0,[],[],0,0,1,0,0,1,0,1,0,0,3,1,179,0.00038208399996619846,9
A1,axis_6,6,3072,1,32,8,"[1, 1, 1, 1, 1, 8, 1, 1]",24,0,8,8,0,0,[],[],0,0,1,0,0,1,0,1,0,0,3,1,179,0.0003800709998813545,9
A1,axis_6,6,4096,1,32,8,"[1, 1, 1, 1, 1, 1, 2, 1]",24,0,8,8,0,0,[],[],0,0,1,0,0,1,0,1,0,0,3,1,180,0.0004559639999115461,9
A1,axis_6,6,7483,1,32,8,"[8, 4, 8, 1, 2, 8, 2, 1]",24,0,8,8,0,0,[],[],0,0,1,0,0,1,0,1,0,0,3,1,187,0.0005117189998600224,13
A1,axis_6,6,7914,1,32,8,"[4, 4, 4, 8, 4, 8, 2, 1]",24,0,8,8,0,0,[],[],0,0,1,0,0,1,0,1,0,0,3,1,196,0.0005578079999395413,17
A1,axis_6,6,8192,1,32,8,"[1, 1, 1, 1, 1, 1, 4, 1]",24,0,8,8,0,0,[],[],0,0,1,0,0,1,0,1,0,0,3,1,180,0.000403005000180201,9
A1,axis_6,6,8940,1,32,8,"[1, 8, 4, 8, 4, 1, 4, 1]",24,0,8,8,0,0,[],[],0,0,1,0,0,1,0,1,0,0,3,1,191,0.0004854090000208089,16
A1,axis_6,6,11799,1,32,8,"[8, 2, 2, 1, 4, 8, 4, 1]",24,0,8,8,0,0,[],[],0,0,1,0,0,1,0,1,0,0,3,1,192,0.0004886829999577458,14
A1,axis_6,6,12288,1,32,8,"[1, 1, 1, 1, 1, 1, 8, 1]",24,0,8,8,0,0,[],[],0,0,1,0,0,1,0,1,0,0,3,1,181,0.0003938909999305906,10
A1,axis_6,6,14494,1,32,8,"[4, 8, 2, 4, 1, 4, 8, 1]",24,0,8,8,0,0,[],[],0,0,1,0,0,1,0,1,0,0,3,1,192,0.0005117580001297029,14
A1,axis_6,6,16384,1,32,8,"[1, 1, 1, 1, 1, 1, 1, 2]",24,0,8,8,0,0,[],[],0,0,1,0,0,1,0,1,0,0,3,1,178,0.00039231899995684216,8
A1,axis_6,6,20472,1,32,8,"[1, 4, 8, 8, 8, 8, 1, 2]",24,0,8,8,0,0,[],[],0,0,1,0,0,1,0,1,0,0,3,1,193,0.0005298150001635804,15
A1,axis_6,6,21588,1,32,8,"[1, 2, 2, 2, 1, 2, 2, 2]",24,0,8,8,0,0,[],[],0,0,1,0,0,1,0,1,0,0,3,1,186,0.00046060199997555173,9
A1,axis_6,6,21760,1,32,8,"[1, 1, 1, 1, 2, 2, 2, 2]",24,0,8,8,0,0,[],[],0,0,1,0,0,1,0,1,0,0,3,1,180,0.0004138709998642298,9
A1,axis_6,6,21845,1,32,8,"[2, 2, 2, 2, 2, 2, 2, 2]",24,0,8,8,0,0,[],[],0,0,1,0,0,1,0,1,0,0,3,1,191,0.0004885739999735961,10
A1,axis_6,6,22015,1,32,8,"[8, 8, 8, 8, 2, 2, 2, 2]",24,0,8,8,0,0,[],[],0,0,1,0,0,1,0,1,0,0,3,1,185,0.0005007209999803308,13
A1,axis_6,6,26120,1,32,8,"[1, 4, 1, 1, 4, 2, 4, 2]",24,0,8,8,0,0,[],[],0,0,1,0,0,1,0,1,0,0,3,1,184,0.0004602809999596502,11
A1,axis_6,6,29667,1,32,8,"[8, 1, 4, 8, 8, 1, 8, 2]",24,0,8,8,0,0,[],[],0,0,1,0,0,1,0,1,0,0,3,1,191,0.00048599000001559034,14
A1,axis_6,6,32768,1,32,8,"[1, 1, 1, 1, 1, 1, 1, 4]",24,0,8,8,0,0,[],[],0,0,1,0,0,1,0,1,0,0,3,1,179,0.0004024840000056429,9
A1,axis_6,6,33196,1,32,8,"[1, 8, 4, 4, 2, 1, 1, 4]",24,0,8,8,0,0,[],[],0,0,1,0,0,1,0,1,0,0,3,1,193,0.0005554940000820352,14
A1,axis_6,6,33514,1,32,8,"[4, 4, 4, 8, 4, 1, 1, 4]",24,0,8,8,0,0,[],[],0,0,1,0,0,1,0,1,0,0,3,1,195,0.0005236859999513399,15
A1,axis_6,6,34920,1,32,8,"[1, 4, 4, 2, 1, 4, 1, 4]",24,0,8,8,0,0,[],[],0,0,1,0,0,1,0,1,0,0,3,1,192,0.0004939119999107788,13
A1,axis_6,6,35567,1,32,8,"[8, 8, 4, 8, 4, 4, 1, 4]",24,0,8,8,0,0,[],[],0,0,1,0,0,1,0,1,0,0,3,1,196,0.0005332009998255671,15
A1,axis_6,6,38505,1,32,8,"[2, 4, 4, 2, 4, 2, 2, 4]",24,0,8,8,0,0,[],[],0,0,1,0,0,1,0,1,0,0,3,1,198,0.0005124500000874832,14
A1,axis_6,6,39396,1,32,8,"[1, 2, 4, 8, 2, 4, 2, 4]",24,0,8,8,0,0,[],[],0,0,1,0,0,1,0,1,0,0,3,1,192,0.0006432860000131768,12
A1,axis_6,6,40814,1,32,8,"[4, 8, 4, 2, 8, 8, 2, 4]",24,0,8,8,0,0,[],[],0,0,1,0,0,1,0,1,0,0,3,1,197,0.0005612829997971858,16
A1,axis_6,6,41421,1,32,8,"[2, 8, 1, 8, 2, 1, 4, 4]",24,0,8,8,0,0,[],[],0,0,1,0,0,1,0,1,0,0,3,1,187,0.00046690099998158985,12
A1,axis_6,6,42553,1,32,8,"[2, 4, 8, 1, 4, 2, 4, 4]",24,0,8,8,0,0,[],[],0,0,1,0,0,1,0,1,0,0,3,1,197,0.0005070109998541739,15
A1,axis_6,6,43094,1,32,8,"[4, 2, 2, 2, 1, 4, 4, 4]",24,0,8,8,0,0,[],[],0,0,1,0,0,1,0,1,0,0,3,1,197,0.0006056199999875389,14
A1,axis_6,6,43605,1,32,8,"[2, 2, 2, 2, 4, 4, 4, 4]",24,0,8,8,0,0,[],[],0,0,1,0,0,1,0,1,0,0,3,1,199,0.000517788000024666,14
A1,axis_6,6,43690,1,32,8,"[4, 4, 4, 4, 4, 4, 4, 4]",24,0,8,8,0,0,[],[],0,0,1,0,0,1,0,1,0,0,3,1,203,0.0005281730000206153,18
A1,axis_6,6,44975,1,32,8,"[8, 8, 4, 4, 8, 8, 4, 4]",24,0,8,8,0,0,[],[],0,0,1,0,0,1,0,1,0,0,3,1,197,0.0005227849999300815,17
A1,axis_6,6,46615,1,32,8,"[8, 2, 2, 1, 4, 2, 8, 4]",24,0,8,8,0,0,[],[],0,0,1,0,0,1,0,1,0,0,3,1,196,0.0005270009999094327,14
A1,axis_6,6,48110,1,32,8,"[4, 8, 4, 8, 8, 4, 8, 4]",24,0,8,8,0,0,[],[],0,0,1,0,0,1,0,1,0,0,3,1,198,0.0005196909999085619,16
A1,axis_6,6,48326,1,32,8,"[4, 2, 1, 8, 1, 8, 8, 4]",24,0,8,8,0,0,[],[],0,0,1,0,0,1,0,1,0,0,3,1,194,0.0005124589999923046,14
A1,axis_6,6,48571,1,32,8,"[8, 4, 8, 4, 2, 8, 8, 4]",24,0,8,8,0,0,[],[],0,0,1,0,0,1,0,1,0,0,3,1,195,0.0005105870000079449,16
A1,axis_6,6,49152,1,32,8,"[1, 1, 1, 1, 1, 1, 1, 8]",24,0,8,8,0,0,[],[],0,0,1,0,0,1,0,1,0,0,3,1,179,0.00038303499991343415,9
A1,axis_6,6,49481,1,32,8,"[2, 4, 1, 2, 2, 1, 1, 8]",24,0,8,8,0,0,[],[],0,0,1,0,0,1,0,1,0,0,3,1,188,0.000491838000016287,10
A1,axis_6,6,53941,1,32,8,"[2, 2, 8, 4, 4, 1, 2, 8]",24,0,8,8,0,0,[],[],0,0,1,0,0,1,0,1,0,0,3,1,193,0.0005103660000713717,13
A1,axis_6,6,54343,1,32,8,"[8, 2, 1, 2, 1, 2, 2, 8]",24,0,8,8,0,0,[],[],0,0,1,0,0,1,0,1,0,0,3,1,189,0.0004783179999776621,12
A1,axis_6,6,55546,1,32,8,"[4, 4, 8, 8, 1, 4, 2, 8]",24,0,8,8,0,0,[],[],0,0,1,0,0,1,0,1,0,0,3,1,193,0.0004915980000532727,16
A1,axis_6,6,55676,1,32,8,"[1, 8, 8, 2, 2, 4, 2, 8]",24,0,8,8,0,0,[],[],0,0,1,0,0,1,0,1,0,0,3,1,187,0.00047740700006215775,12
A1,axis_6,6,60644,1,32,8,"[1, 2, 4, 8, 1, 8, 4, 8]",24,0,8,8,0,0,[],[],0,0,1,0,0,1,0,1,0,0,3,1,192,0.0004987390000223968,14
A1,axis_6,6,61593,1,32,8,"[2, 4, 2, 4, 1, 1, 8, 8]",24,0,8,8,0,0,[],[],0,0,1,0,0,1,0,1,0,0,3,1,194,0.000512109000055716,14
A1,axis_6,6,62823,1,32,8,"[8, 2, 4, 2, 2, 2, 8, 8]",24,0,8,8,0,0,[],[],0,0,1,0,0,1,0,1,0,0,3,1,192,0.0005176370000299357,13
A1,axis_6,6,64110,1,32,8,"[4, 8, 4, 2, 4, 4, 8, 8]",24,0,8,8,0,0,[],[],0,0,1,0,0,1,0,1,0,0,3,1,198,0.000523435999866706,16
A1,axis_6,6,64929,1,32,8,"[2, 1, 4, 4, 2, 8, 8, 8]",24,0,8,8,0,0,[],[],0,0,1,0,0,1,0,1,0,0,3,1,193,0.0005124090000663273,15
A1,oblique_1,1,0,1,32,8,"[1, 1, 1, 1, 1, 1, 1, 1]",24,0,8,8,0,0,[],[],0,0,1,0,0,1,0,1,0,0,3,1,160,0.0005198510000354872,8
A1,oblique_1,1,1,1,32,8,"[2, 1, 1, 1, 1, 1, 1, 1]",24,0,8,8,0,0,[],[],0,0,1,0,0,1,0,1,0,0,3,1,166,0.0004976279999482358,9
A1,oblique_1,1,2,1,32,8,"[4, 1, 1, 1, 1, 1, 1, 1]",24,0,8,8,0,0,[],[],0,0,1,0,0,1,0,1,0,0,3,1,167,0.0004987879999589495,10
A1,oblique_1,1,3,1,32,8,"[8, 1, 1, 1, 1, 1, 1, 1]",24,0,8,8,0,0,[],[],0,0,1,0,0,1,0,1,0,0,3,1,166,0.00046822299987070437,10
A1,oblique_1,1,4,1,32,8,"[1, 2, 1, 1, 1, 1, 1, 1]",24,0,8,8,0,0,[],[],0,0,1,0,0,1,0,1,0,0,3,1,162,0.00044880399991598097,9
A1,oblique_1,1,8,1,32,8,"[1, 4, 1, 1, 1, 1, 1, 1]",24,0,8,8,0,0,[],[],0,0,1,0,0,1,0,1,0,0,3,1,165,0.00047000499989735545,10
A1,oblique_1,1,12,1,32,8,"[1, 8, 1, 1, 1, 1, 1, 1]",24,0,8,8,0,0,[],[],0,0,1,0,0,1,0,1,0,0,3,1,163,0.0004542619999483577,10
A1,oblique_1,1,16,1,32,8,"[1, 1, 2, 1, 1, 1, 1, 1]",24,0,8,8,0,0,[],[],0,0,1,0,0,1,0,1,0,0,3,1,168,0.0004945529999531573,10
A1,oblique_1,1,32,1,32,8,"[1, 1, 4, 1, 1, 1, 1, 1]",24,0,8,8,0,0,[],[],0,0,1,0,0,1,0,1,0,0,3,1,169,0.0005053589998169628,11
A1,oblique_1,1,48,1,32,8,"[1, 1, 8, 1, 1, 1, 1, 1]",24,0,8,8,0,0,[],[],0,0,1,0,0,1,0,1,0,0,3,1,168,0.0005013330001020222,11
A1,oblique_1,1,64,1,32,8,"[1, 1, 1, 2, 1, 1, 1, 1]",24,0,8,8,0,0,[],[],0,0,1,0,0,1,0,1,0,0,3,1,161,0.0004530300000169518,8
A1,oblique_1,1,85,4,32,11,"[2, 2, 2, 2, 15, 1, 1, 1]",21,0,11,7,1,0,[],[],0,1,4,1,1,4,0,1,0,0,8,3,436,0.0014312490000065736,10
A1,oblique_1,1,128,1,32,8,"[1, 1, 1, 4, 1, 1, 1, 1]",24,0,8,8,0,0,[],[],0,0,1,0,0,1,0,1,0,0,3,1,165,0.0004724600000827195,9
A1,oblique_1,1,192,1,32,8,"[1, 1, 1, 8, 1, 1, 1, 1]",24,0,8,8,0,0,[],[],0,0,1,0,0,1,0,1,0,0,3,1,165,0.0006952740000087942,9
A1,oblique_1,1,256,1,32,8,"[1, 1, 1, 1, 2, 1, 1, 1]",24,0,8,8,0,0,[],[],0,0,1,0,0,1,0,1,0,0,3,1,160,0.0004709470001671434,8
A1,oblique_1,1,283,1,32,8,"[8, 4, 2, 1, 2, 1, 1, 1]",24,0,8,8,0,0,[],[],0,0,1,0,0,1,0,1,0,0,3,1,183,0.0006588489998193836,13
A1,oblique_1,1,512,1,32,8,"[1, 1, 1, 1, 4, 1, 1, 1]",24,0,8,8,0,0,[],[],0,0,1,0,0,1,0,1,0,0,3,1,162,0.00045488299997487047,9
A1,oblique_1,1,648,2,32,9,"[1, 12, 1, 4, 4, 1, 1, 1]",23,0,9,7,0,0,[],[],0,1,2,1,0,2,0,1,0,0,4,1,234,0.0008319290000144974,11
A1,oblique_1,1,768,1,32,8,"[1, 1, 1, 1, 8, 1, 1, 1]",24,0,8,8,0,0,[],[],0,0,1,0,0,1,0,1,0,0,3,1,162,0.0004501460000483348,9
A1,oblique_1,1,1024,1,32,8,"[1, 1, 1, 1, 1, 2, 1, 1]",24,0,8,8,0,0,[],[],0,0,1,0,0,1,0,1,0,0,3,1,160,0.0004476219999105524,8
A1,oblique_1,1,1296,1,32,8,"[1, 1, 2, 1, 2, 2, 1, 1]",24,0,8,8,0,0,[],[],0,0,1,0,0,1,0,1,0,0,3,1,168,0.0005513179999070417,10
A1,oblique_1,1,1594,1,32,8,"[4, 4, 8, 1, 4, 2, 1, 1]",24,0,8,8,0,0,[],[],0,0,1,0,0,1,0,1,0,0,3,1,196,0.0006846169999334961,15
A1,oblique_1,1,2048,1,32,8,"[1, 1, 1, 1, 1, 4, 1, 1]",24,0,8,8,0,0,[],[],0,0,1,0,0,1,0,1,0,0,3,1,165,0.00046071199994912604,9
A1,oblique_1,1,2090,2,32,9,"[4, 12, 4, 1, 1, 4, 1, 1]",23,0,9,7,0,0,[],[],0,1,2,1,0,2,0,1,0,0,4,1,238,0.0009074229999441741,14
A1,oblique_1,1,2274,2,32,9,"[4, 1, 4, 8, 9, 4, 1, 1]",23,0,9,7,0,0,[],[],0,0,2,1,1,2,0,1,0,0,5,2,294,0.0009677430000465392,14
A1,oblique_1,1,3072,1,32,8,"[1, 1, 1, 1, 1, 8, 1, 1]",24,0,8,8,0,0,[],[],0,0,1,0,0,1,0,1,0,0,3,1,165,0.0004750729999614123,9
A1,oblique_1,1,4096,1,32,8,"[1, 1, 1, 1, 1, 1, 2, 1]",24,0,8,8,0,0,[],[],0,0,1,0,0,1,0,1,0,0,3,1,162,0.00046606999990217446,9
A1,oblique_1,1,5695,2,32,9,"[8, 8, 8, 1, 12, 2, 2, 1]",23,0,9,7,0,0,[],[],0,1,2,1,0,2,0,1,0,0,4,1,243,0.000978639000095427,13
A1,oblique_1,1,5893,1,32,8,"[2, 2, 1, 1, 8, 2, 2, 1]",24,0,8,8,0,0,[],[],0,0,1,0,0,1,0,1,0,0,3,1,171,0.0005445570000119915,11
A1,oblique_1,1,7989,1,32,8,"[2, 2, 8, 1, 8, 8, 2, 1]",24,0,8,8,0,0,[],[],0,0,1,0,0,1,0,1,0,0,3,1,188,0.0006658199999947101,13
A1,oblique_1,1,8192,1,32,8,"[1, 1, 1, 1, 1, 1, 4, 1]",24,0,8,8,0,0,[],[],0,0,1,0,0,1,0,1,0,0,3,1,162,0.0004856900000049791,9
A1,oblique_1,1,10265,4,32,11,"[2, 4, 2, 1, 15, 4, 4, 1]",21,0,11,7,1,0,[],[],0,1,4,1,1,4,0,1,0,0,8,3,431,0.0014242989998365374,11
A1,oblique_1,1,11331,2,32,9,"[8, 1, 1, 2, 9, 8, 4, 1]",23,0,9,7,0,0,[],[],0,0,2,1,1,2,0,1,0,0,5,2,278,0.0008549229999061936,11
A1,oblique_1,1,12288,1,32,8,"[1, 1, 1, 1, 1, 1, 8, 1]",24,0,8,8,0,0,[],[],0,0,1,0,0,1,0,1,0,0,3,1,164,0.0004519280000749859,10
A1,oblique_1,1,12516,4,32,11,"[1, 2, 4, 8, 15, 1, 8, 1]",21,0,11,7,1,0,[],[],0,1,4,1,1,4,0,1,0,0,8,3,443,0.0015289759999177477,11
A1,oblique_1,1,14515,4,32,11,"[8, 1, 8, 4, 15, 4, 8, 1]",21,0,11,7,1,0,[],[],0,1,4,1,1,4,0,1,0,0,8,3,446,0.00153660699993452,13
A1,oblique_1,1,16384,1,32,8,"[1, 1, 1, 1, 1, 1, 1, 2]",24,0,8,8,0,0,[],[],0,0,1,0,0,1,0,1,0,0,3,1,160,0.00046154300002854143,8
A1,oblique_1,1,16885,1,32,8,"[2, 2, 8, 8, 2, 1, 1, 2]",24,0,8,8,0,0,[],[],0,0,1,0,0,1,0,1,0,0,3,1,184,0.0006743619999269868,12
A1,oblique_1,1,18468,6,32,12,"[1, 2, 4, 1, 15, 12, 1, 2]",20,0,12,6,0,1,[2],[2],2,2,6,2,1,5,0,2,0,1,8,1,441,0.002105270999891218,12
A1,oblique_1,1,18481,3,32,10,"[2, 1, 8, 1, 9, 12, 1, 2]",22,0,10,6,0,1,[2],[1],2,1,4,2,1,3,0,2,0,1,7,2,402,0.0016300469999350753,13
A1,oblique_1,1,18512,8,32,12,"[1, 1, 2, 2, 15, 12, 1, 2]",20,0,12,6,1,0,[],[],0,2,5,2,1,5,0,1,0,0,6,0,316,0.0014829660001396405,8
A1,oblique_1,1,21524,8,32,12,"[1, 2, 2, 3, 15, 2, 2, 2]",20,0,12,6,1,0,[],[],0,1,5,2,2,5,0,1,0,0,9,3,470,0.0018319800001336262,8
A1,oblique_1,1,21525,8,32,12,"[2, 2, 2, 3, 15, 2, 2, 2]",20,0,12,6,1,0,[],[],0,1,5,2,2,5,0,1,0,0,9,3,470,0.0017349540000850538,8
A1,oblique_1,1,21664,4,32,11,"[1, 1, 4, 4, 15, 2, 2, 2]",21,0,11,7,1,0,[],[],0,1,4,1,1,4,0,1,0,0,8,3,439,0.0014641590000792348,10
A1,oblique_1,1,21755,8,32,12,"[8, 12, 8, 8, 15, 2, 2, 2]",20,0,12,6,1,0,[],[],0,2,5,2,1,5,0,1,0,0,6,0,332,0.0015903579999303474,12
A1,oblique_1,1,21760,1,32,8,"[1, 1, 1, 1, 2, 2, 2, 2]",24,0,8,8,0,0,[],[],0,0,1,0,0,1,0,1,0,0,3,1,162,0.0004810730001736374,9
A1,oblique_1,1,28866,1,32,8,"[4, 1, 1, 8, 1, 1, 8, 2]",24,0,8,8,0,0,[],[],0,0,1,0,0,1,0,1,0,0,3,1,173,0.0005995799999709561,13
A1,oblique_1,1,32768,1,32,8,"[1, 1, 1, 1, 1, 1, 1, 4]",24,0,8,8,0,0,[],[],0,0,1,0,0,1,0,1,0,0,3,1,161,0.0004661400000713911,9
A1,oblique_1,1,33330,1,32,8,"[4, 1, 8, 1, 4, 1, 1, 4]",24,0,8,8,0,0,[],[],0,0,1,0,0,1,0,1,0,0,3,1,181,0.0009982190001665003,14
A1,oblique_1,1,33604,1,32,8,"[1, 2, 1, 2, 8, 1, 1, 4]",24,0,8,8,0,0,[],[],0,0,1,0,0,1,0,1,0,0,3,1,168,0.0005253889999039529,11
A1,oblique_1,1,35587,2,32,9,"[8, 1, 1, 1, 8, 12, 1, 4]",23,0,9,7,0,0,[],[],0,1,2,1,0,2,0,1,0,0,4,1,218,0.0008005820000107633,11
A1,oblique_1,1,37993,8,32,12,"[2, 12, 4, 2, 15, 2, 2, 4]",20,0,12,6,1,0,[],[],0,2,5,2,1,5,0,1,0,0,6,0,319,0.0014546140000675223,10
A1,oblique_1,1,39072,16,32,13,"[1, 1, 4, 12, 15, 12, 2, 4]",19,0,13,5,1,0,[],[],0,3,6,3,1,6,0,1,0,0,7,0,369,0.0020136729999649106,10
A1,oblique_1,1,42168,16,32,13,"[1, 12, 8, 12, 15, 2, 4, 4]",19,0,13,5,1,0,[],[],0,3,6,3,1,6,0,1,0,0,7,0,384,0.002042176000031759,12
A1,oblique_1,1,43050,44,32,15,"[4, 12, 4, 13, 15, 12, 4, 4]",17,0,15,4,0,1,[3],[3],3,4,12,4,2,8,0,2,0,4,13,0,691,0.003955167999947662,13
A1,oblique_1,1,43051,42,32,15,"[8, 12, 4, 13, 15, 12, 4, 4]",17,0,15,4,0,1,[4],[4],4,4,15,4,2,7,0,3,0,8,16,0,854,0.00514733799991518,14
A1,oblique_1,1,43093,8,32,12,"[2, 2, 2, 2, 15, 12, 4, 4]",20,0,12,6,1,0,[],[],0,2,5,2,1,5,0,1,0,0,6,0,333,0.0016663409999182477,11
A1,oblique_1,1,44303,1,32,8,"[8, 8, 1, 1, 2, 8, 4, 4]",24,0,8,8,0,0,[],[],0,0,1,0,0,1,0,1,0,0,3,1,178,0.0005957040000339475,15
A1,oblique_1,1,47146,44,32,15,"[4, 12, 4, 13, 15, 12, 8, 4]",17,0,15,4,0,1,[3],[3],3,4,12,4,2,8,0,2,0,4,13,0,691,0.004735779000156981,13
A1,oblique_1,1,49152,1,32,8,"[1, 1, 1, 1, 1, 1, 1, 8]",24,0,8,8,0,0,[],[],0,0,1,0,0,1,0,1,0,0,3,1,161,0.00045097699990037654,9
A1,oblique_1,1,49265,4,32,11,"[2, 1, 8, 2, 15, 1, 1, 8]",21,0,11,7,1,0,[],[],0,1,4,1,1,4,0,1,0,0,8,3,419,0.0013411929999165295,11
A1,oblique_1,1,50749,1,32,8,"[2, 8, 8, 1, 4, 2, 1, 8]",24,0,8,8,0,0,[],[],0,0,1,0,0,1,0,1,0,0,3,1,183,0.0006637970000156201,14
A1,oblique_1,1,57419,4,32,10,"[8, 12, 1, 2, 9, 1, 4, 8]",22,0,10,6,0,0,[],[],0,1,2,2,1,2,0,1,0,0,4,1,218,0.0008028550000744872,11
A1,oblique_1,1,57460,4,32,11,"[1, 2, 8, 2, 15, 1, 4, 8]",21,0,11,7,1,0,[],[],0,1,4,1,1,4,0,1,0,0,8,3,422,0.0014768280000225786,11
A1,oblique_1,1,57872,2,32,9,"[1, 1, 2, 1, 12, 1, 4, 8]",23,0,9,7,0,0,[],[],0,1,2,1,0,2,0,1,0,0,4,1,219,0.0007597499998155399,10
A1,oblique_1,1,59545,16,32,13,"[2, 12, 2, 4, 15, 12, 4, 8]",19,0,13,5,1,0,[],[],0,3,6,3,1,6,0,1,0,0,7,0,373,0.0017710390000047482,11
A1,oblique_1,1,63519,1,32,8,"[8, 8, 2, 1, 1, 4, 8, 8]",24,0,8,8,0,0,[],[],0,0,1,0,0,1,0,1,0,0,3,1,182,0.0006892740000239428,15
A1,oblique_2,2,0,1,32,8,"[1, 1, 1, 1, 1, 1, 1, 1]",24,0,8,8,0,0,[],[],0,0,1,0,0,1,0,1,0,0,3,1,283,0.0007698659999277879,8
A1,oblique_2,2,1,1,32,8,"[2, 1, 1, 1, 1, 1, 1, 1]",24,0,8,8,0,0,[],[],0,0,1,0,0,1,0,1,0,0,3,1,287,0.0008154140000442567,9
A1,oblique_2,2,2,1,32,8,"[4, 1, 1, 1, 1, 1, 1, 1]",24,0,8,8,0,0,[],[],0,0,1,0,0,1,0,1,0,0,3,1,291,0.000840692000110721,11
A1,oblique_2,2,3,1,32,8,"[8, 1, 1, 1, 1, 1, 1, 1]",24,0,8,8,0,0,[],[],0,0,1,0,0,1,0,1,0,0,3,1,290,0.0008481030001803447,11
A1,oblique_2,2,4,1,32,8,"[1, 2, 1, 1, 1, 1, 1, 1]",24,0,8,8,0,0,[],[],0,0,1,0,0,1,0,1,0,0,3,1,286,0.0008650190000025759,9
A1,oblique_2,2,8,1,32,8,"[1, 4, 1, 1, 1, 1, 1, 1]",24,0,8,8,0,0,[],[],0,0,1,0,0,1,0,1,0,0,3,1,291,0.0009127999999236636,10
A1,oblique_2,2,12,1,32,8,"[1, 8, 1, 1, 1, 1, 1, 1]",24,0,8,8,0,0,[],[],0,0,1,0,0,1,0,1,0,0,3,1,288,0.000839650999978403,10
A1,oblique_2,2,16,1,32,8,"[1, 1, 2, 1, 1, 1, 1, 1]",24,0,8,8,0,0,[],[],0,0,1,0,0,1,0,1,0,0,3,1,287,0.0008814939999410853,10
A1,oblique_2,2,32,1,32,8,"[1, 1, 4, 1, 1, 1, 1, 1]",24,0,8,8,0,0,[],[],0,0,1,0,0,1,0,1,0,0,3,1,288,0.0008627449999494274,11
A1,oblique_2,2,48,1,32,8,"[1, 1, 8, 1, 1, 1, 1, 1]",24,0,8,8,0,0,[],[],0,0,1,0,0,1,0,1,0,0,3,1,287,0.0008849280000049475,11
A1,oblique_2,2,64,1,32,8,"[1, 1, 1, 2, 1, 1, 1, 1]",24,0,8,8,0,0,[],[],0,0,1,0,0,1,0,1,0,0,3,1,283,0.0008396709999942686,8
A1,oblique_2,2,85,1,32,8,"[2, 2, 2, 2, 1, 1, 1, 1]",24,0,8,8,0,0,[],[],0,0,1,0,0,1,0,1,0,0,3,1,327,0.0011739819999547763,12
A1,oblique_2,2,128,1,32,8,"[1, 1, 1, 4, 1, 1, 1, 1]",24,0,8,8,0,0,[],[],0,0,1,0,0,1,0,1,0,0,3,1,288,0.0008737410000776435,9
A1,oblique_2,2,192,1,32,8,"[1, 1, 1, 8, 1, 1, 1, 1]",24,0,8,8,0,0,[],[],0,0,1,0,0,1,0,1,0,0,3,1,288,0.0008997009999802685,9
A1,oblique_2,2,256,1,32,8,"[1, 1, 1, 1, 2, 1, 1, 1]",24,0,8,8,0,0,[],[],0,0,1,0,0,1,0,1,0,0,3,1,283,0.0008409419999679812,8
A1,oblique_2,2,512,1,32,8,"[1, 1, 1, 1, 4, 1, 1, 1]",24,0,8,8,0,0,[],[],0,0,1,0,0,1,0,1,0,0,3,1,286,0.0009042579999913869,9
A1,oblique_2,2,768,1,32,8,"[1, 1, 1, 1, 8, 1, 1, 1]",24,0,8,8,0,0,[],[],0,0,1,0,0,1,0,1,0,0,3,1,286,0.0008529709998583712,9
A1,oblique_2,2,1024,1,32,8,"[1, 1, 1, 1, 1, 2, 1, 1]",24,0,8,8,0,0,[],[],0,0,1,0,0,1,0,1,0,0,3,1,284,0.0009265210001103696,8
A1,oblique_2,2,2048,1,32,8,"[1, 1, 1, 1, 1, 4, 1, 1]",24,0,8,8,0,0,[],[],0,0,1,0,0,1,0,1,0,0,3,1,286,0.0008396809998885146,9
A1,oblique_2,2,2097,1,32,8,"[2, 1, 8, 1, 1, 4, 1, 1]",24,0,8,8,0,0,[],[],0,0,1,0,0,1,0,1,0,0,3,1,304,0.0010454389998812985,13
A1,oblique_2,2,3072,1,32,8,"[1, 1, 1, 1, 1, 8, 1, 1]",24,0,8,8,0,0,[],[],0,0,1,0,0,1,0,1,0,0,3,1,286,0.0008431159999418014,9
A1,oblique_2,2,4096,1,32,8,"[1, 1, 1, 1, 1, 1, 2, 1]",24,0,8,8,0,0,[],[],0,0,1,0,0,1,0,1,0,0,3,1,285,0.000817306999806533,9
A1,oblique_2,2,6935,1,32,8,"[8, 2, 2, 1, 8, 4, 2, 1]",24,0,8,8,0,0,[],[],0,0,1,0,0,1,0,1,0,0,3,1,315,0.0010842179999599466,14
A1,oblique_2,2,7425,1,32,8,"[2, 1, 1, 1, 2, 8, 2, 1]",24,0,8,8,0,0,[],[],0,0,1,0,0,1,0,1,0,0,3,1,292,0.0009175169998343335,11
A1,oblique_2,2,8192,1,32,8,"[1, 1, 1, 1, 1, 1, 4, 1]",24,0,8,8,0,0,[],[],0,0,1,0,0,1,0,1,0,0,3,1,285,0.0008256700000401906,9
A1,oblique_2,2,8227,1,32,8,"[8, 1, 4, 1, 1, 1, 4, 1]",24,0,8,8,0,0,[],[],0,0,1,0,0,1,0,1,0,0,3,1,297,0.0009091150000131165,12
A1,oblique_2,2,10047,1,32,8,"[8, 8, 8, 1, 8, 2, 4, 1]",24,0,8,8,0,0,[],[],0,0,1,0,0,1,0,1,0,0,3,1,341,0.0012215540000397596,15
A1,oblique_2,2,12288,1,32,8,"[1, 1, 1, 1, 1, 1, 8, 1]",24,0,8,8,0,0,[],[],0,0,1,0,0,1,0,1,0,0,3,1,287,0.0008230459998230799,10
A1,oblique_2,2,14059,2,32,9,"[8, 12, 4, 8, 4, 2, 8, 1]",23,0,9,7,0,0,[],[],0,1,2,1,0,2,0,1,0,0,4,1,436,0.0016986799998903734,16
A1,oblique_2,2,16135,1,32,8,"[8, 2, 1, 1, 8, 8, 8, 1]",24,0,8,8,0,0,[],[],0,0,1,0,0,1,0,1,0,0,3,1,298,0.0009546930000396969,15
A1,oblique_2,2,16243,1,32,8,"[8, 1, 8, 2, 8, 8, 8, 1]",24,0,8,8,0,0,[],[],0,0,1,0,0,1,0,1,0,0,3,1,335,0.0011782389999552834,15
A1,oblique_2,2,16384,1,32,8,"[1, 1, 1, 1, 1, 1, 1, 2]",24,0,8,8,0,0,[],[],0,0,1,0,0,1,0,1,0,0,3,1,283,0.0007978879998518096,8
A1,oblique_2,2,17948,1,32,8,"[1, 8, 2, 1, 4, 2, 1, 2]",24,0,8,8,0,0,[],[],0,0,1,0,0,1,0,1,0,0,3,1,314,0.0010181289999309229,12
A1,oblique_2,2,20518,1,32,8,"[4, 2, 4, 1, 1, 1, 2, 2]",24,0,8,8,0,0,[],[],0,0,1,0,0,1,0,1,0,0,3,1,304,0.0009828659999584488,13
A1,oblique_2,2,20924,1,32,8,"[1, 8, 8, 4, 2, 1, 2, 2]",24,0,8,8,0,0,[],[],0,0,1,0,0,1,0,1,0,0,3,1,313,0.0010756750000382453,13
A1,oblique_2,2,21462,1,32,8,"[4, 2, 2, 8, 8, 1, 2, 2]",24,0,8,8,0,0,[],[],0,0,1,0,0,1,0,1,0,0,3,1,315,0.0010635569999521977,13
A1,oblique_2,2,21483,1,32,8,"[8, 4, 4, 8, 8, 1, 2, 2]",24,0,8,8,0,0,[],[],0,0,1,0,0,1,0,1,0,0,3,1,330,0.0011710379999385623,16
A1,oblique_2,2,21524,2,32,9,"[1, 2, 2, 3, 1, 2, 2, 2]",23,0,9,7,0,0,[],[],0,0,2,1,1,2,0,1,0,0,5,2,473,0.0014830959999017068,9
A1,oblique_2,2,21525,4,32,10,"[2, 2, 2, 3, 3, 2, 2, 2]",22,0,10,6,0,0,[],[],0,0,3,2,2,3,0,1,0,0,7,3,657,0.002114613999992798,9
A1,oblique_2,2,21760,1,32,8,"[1, 1, 1, 1, 2, 2, 2, 2]",24,0,8,8,0,0,[],[],0,0,1,0,0,1,0,1,0,0,3,1,286,0.0008878329999788548,9
A1,oblique_2,2,22011,2,32,9,"[8, 12, 8, 8, 2, 2, 2, 2]",23,0,9,7,0,0,[],[],0,1,2,1,0,2,0,1,0,0,4,1,396,0.0014510689998132875,13
A1,oblique_2,2,22820,1,32,8,"[1, 2, 4, 1, 2, 4, 2, 2]",24,0,8,8,0,0,[],[],0,0,1,0,0,1,0,1,0,0,3,1,293,0.0009324000000106025,12
A1,oblique_2,2,27296,2,32,9,"[1, 1, 4, 4, 12, 4, 4, 2]",23,0,9,7,0,0,[],[],0,1,2,1,0,2,0,1,0,0,4,1,404,0.0015257009999913862,13
A1,oblique_2,2,28904,1,32,8,"[1, 4, 4, 8, 1, 1, 8, 2]",24,0,8,8,0,0,[],[],0,0,1,0,0,1,0,1,0,0,3,1,314,0.0010602119998566195,14
A1,oblique_2,2,29920,1,32,8,"[1, 1, 4, 8, 1, 2, 8, 2]",24,0,8,8,0,0,[],[],0,0,1,0,0,1,0,1,0,0,3,1,310,0.0010348939999857976,12
A1,oblique_2,2,32768,1,32,8,"[1, 1, 1, 1, 1, 1, 1, 4]",24,0,8,8,0,0,[],[],0,0,1,0,0,1,0,1,0,0,3,1,285,0.0007945929999095824,9
A1,oblique_2,2,35106,1,32,8,"[4, 1, 4, 1, 2, 4, 1, 4]",24,0,8,8,0,0,[],[],0,0,1,0,0,1,0,1,0,0,3,1,293,0.0009209419999933743,13
A1,oblique_2,2,38505,2,32,9,"[2, 12, 4, 2, 4, 2, 2, 4]",23,0,9,7,0,0,[],[],0,1,2,1,0,2,0,1,0,0,4,1,406,0.001471379000122397,12
A1,oblique_2,2,40645,1,32,8,"[2, 2, 1, 8, 4, 8, 2, 4]",24,0,8,8,0,0,[],[],0,0,1,0,0,1,0,1,0,0,3,1,297,0.0009685840000202006,13
A1,oblique_2,2,40708,1,32,8,"[1, 2, 1, 1, 8, 8, 2, 4]",24,0,8,8,0,0,[],[],0,0,1,0,0,1,0,1,0,0,3,1,293,0.0009473120001075586,13
A1,oblique_2,2,41631,1,32,8,"[8, 8, 2, 4, 4, 1, 4, 4]",24,0,8,8,0,0,[],[],0,0,1,0,0,1,0,1,0,0,3,1,328,0.0011214940000172646,17
A1,oblique_2,2,43050,18,32,13,"[4, 12, 4, 13, 13, 4, 4, 4]",19,0,13,5,0,0,[],[],0,3,6,3,2,6,0,1,0,0,7,0,662,0.0035611560001598264,14
A1,oblique_2,2,43130,6,32,11,"[4, 12, 8, 2, 13, 4, 4, 4]",21,0,11,6,0,0,[],[],0,2,4,2,1,4,0,1,0,0,5,0,478,0.0022539740000411257,14
A1,oblique_2,2,43605,1,32,8,"[2, 2, 2, 2, 4, 4, 4, 4]",24,0,8,8,0,0,[],[],0,0,1,0,0,1,0,1,0,0,3,1,317,0.0011558049998257047,14
A1,oblique_2,2,44203,16,32,13,"[8, 12, 4, 13, 13, 8, 4, 4]",19,0,13,5,0,1,[3],[3],3,3,8,3,2,5,0,3,0,3,9,0,871,0.004730832999939594,16
A1,oblique_2,2,46276,1,32,8,"[1, 2, 1, 8, 1, 2, 8, 4]",24,0,8,8,0,0,[],[],0,0,1,0,0,1,0,1,0,0,3,1,295,0.0009438270001282945,12
A1,oblique_2,2,47030,2,32,9,"[4, 2, 8, 12, 8, 2, 8, 4]",23,0,9,7,0,0,[],[],0,1,2,1,0,2,0,1,0,0,4,1,427,0.001664769000171873,15
A1,oblique_2,2,47146,18,32,13,"[4, 12, 4, 13, 13, 4, 8, 4]",19,0,13,5,0,0,[],[],0,3,6,3,2,6,0,1,0,0,7,0,662,0.003587645999914457,14
A1,oblique_2,2,49152,1,32,8,"[1, 1, 1, 1, 1, 1, 1, 8]",24,0,8,8,0,0,[],[],0,0,1,0,0,1,0,1,0,0,3,1,285,0.0008156740000231366,9
A1,oblique_2,2,49381,1,32,8,"[2, 2, 4, 8, 1, 1, 1, 8]",24,0,8,8,0,0,[],[],0,0,1,0,0,1,0,1,0,0,3,1,319,0.0010694759998841619,14
A1,oblique_2,2,50023,1,32,8,"[8, 2, 4, 2, 8, 1, 1, 8]",24,0,8,8,0,0,[],[],0,0,1,0,0,1,0,1,0,0,3,1,327,0.0012347440001576615,16
A1,oblique_2,2,50341,1,32,8,"[2, 2, 4, 4, 1, 2, 1, 8]",24,0,8,8,0,0,[],[],0,0,1,0,0,1,0,1,0,0,3,1,319,0.0011077029998887156,14
A1,oblique_2,2,51317,1,32,8,"[2, 2, 8, 2, 1, 4, 1, 8]",24,0,8,8,0,0,[],[],0,0,1,0,0,1,0,1,0,0,3,1,313,0.0010971080000672373,15
A1,oblique_2,2,53560,1,32,8,"[1, 4, 8, 1, 2, 1, 2, 8]",24,0,8,8,0,0,[],[],0,0,1,0,0,1,0,1,0,0,3,1,311,0.0010389100000338658,13
A1,oblique_2,2,54736,1,32,8,"[1, 1, 2, 8, 2, 2, 2, 8]",24,0,8,8,0,0,[],[],0,0,1,0,0,1,0,1,0,0,3,1,293,0.0009286740000788996,11
A1,oblique_2,2,56598,1,32,8,"[4, 2, 2, 1, 2, 8, 2, 8]",24,0,8,8,0,0,[],[],0,0,1,0,0,1,0,1,0,0,3,1,305,0.000997096999981295,13
A1,oblique_2,2,61992,2,32,9,"[1, 4, 4, 1, 12, 1, 8, 8]",23,0,9,7,0,0,[],[],0,1,2,1,0,2,0,1,0,0,4,1,410,0.001561705000085567,14
Amono,axis_1,1,0,1,24,8,"[1, 1, 1, 1, 1, 1, 1, 1]",16,0,8,8,0,0,[],[],0,0,0,0,0,1,0,0,0,0,2,0,41,0.00012538800001493655,8
Amono,axis_1,1,1,2,24,9,"[2, 1, 1, 1, 3, 1, 1, 1]",15,0,9,7,0,0,[],[],0,0,0,1,1,2,0,0,0,0,3,0,59,0.00017900900002132403,9
Amono,axis_1,1,2,3,24,10,"[4, 1, 1, 1, 7, 1, 1, 1]",14,0,10,7,1,0,[],[],0,1,0,1,1,3,0,0,0,0,4,0,77,0.00028266499998608197,8
Amono,axis_1,1,3,2,24,9,"[1, 2, 1, 1, 1, 3, 1, 1]",15,0,9,7,0,0,[],[],0,0,0,1,1,2,0,0,0,0,3,0,60,0.00020439700006136263,9
Amono,axis_1,1,6,3,24,10,"[1, 4, 1, 1, 1, 7, 1, 1]",14,0,10,7,1,0,[],[],0,1,0,1,1,3,0,0,0,0,4,0,76,0.0002197400001477945,8
Amono,axis_1,1,9,2,24,9,"[1, 1, 2, 1, 1, 1, 3, 1]",15,0,9,7,0,0,[],[],0,0,0,1,1,2,0,0,0,0,3,0,60,0.00017322999997304578,9
Amono,axis_1,1,18,3,24,10,"[1, 1, 4, 1, 1, 1, 7, 1]",14,0,10,7,1,0,[],[],0,1,0,1,1,3,0,0,0,0,4,0,78,0.0002769460002127744,8
Amono,axis_1,1,27,2,24,9,"[1, 1, 1, 2, 1, 1, 1, 3]",15,0,9,7,0,0,[],[],0,0,0,1,1,2,0,0,0,0,3,0,60,0.00017407099994670716,9
Amono,axis_1,1,33,6,24,11,"[1, 4, 1, 2, 1, 7, 1, 3]",13,0,11,6,1,0,[],[],0,1,0,2,2,4,0,0,0,0,5,0,95,0.0003453189999618189,9
Amono,axis_1,1,39,8,24,11,"[1, 2, 2, 2, 1, 3, 3, 3]",13,0,11,5,0,0,[],[],0,0,0,3,3,4,0,0,0,0,5,0,98,0.0003421839999191434,11
Amono,axis_1,1,40,16,24,12,"[2, 2, 2, 2, 3, 3, 3, 3]",12,0,12,4,0,0,[],[],0,0,0,4,4,5,0,0,0,0,6,0,116,0.0003599799999847164,12
Amono,axis_1,1,54,3,24,10,"[1, 1, 1, 4, 1, 1, 1, 7]",14,0,10,7,1,0,[],[],0,1,0,1,1,3,0,0,0,0,4,0,76,0.00021677500012629025,8
Amono,axis_1,1,72,9,24,12,"[1, 1, 4, 4, 1, 1, 7, 7]",12,0,12,6,2,0,[],[],0,2,0,2,2,5,0,0,0,0,6,0,113,0.00042037200000777375,8
Amono,axis_1,1,80,81,24,16,"[4, 4, 4, 4, 7, 7, 7, 7]",8,0,16,4,4,0,[],[],0,4,0,4,4,9,0,0,0,0,10,0,184,0.0006245370000215189,8
Amono,axis_1,1,81,1,24,8,"[1, 1, 1, 1, 2, 1, 1, 1]",16,0,8,8,0,0,[],[],0,0,0,0,0,1,0,0,0,0,2,0,42,0.0001214320000144653,9
Amono,axis_1,1,84,2,24,9,"[1, 2, 1, 1, 2, 3, 1, 1]",15,0,9,7,0,0,[],[],0,0,0,1,1,2,0,0,0,0,3,0,61,0.0001833349999742495,10
Amono,axis_1,1,162,1,24,8,"[1, 1, 1, 1, 4, 1, 1, 1]",16,0,8,8,0,0,[],[],0,0,0,0,0,1,0,0,0,0,2,0,42,0.00012033999996674538,9
Amono,axis_1,1,165,2,24,9,"[1, 2, 1, 1, 4, 3, 1, 1]",15,0,9,7,0,0,[],[],0,0,0,1,1,2,0,0,0,0,3,0,61,0.00019339000004947593,10
Amono,axis_1,1,223,9,24,12,"[2, 4, 1, 4, 4, 7, 1, 7]",12,0,12,6,2,0,[],[],0,2,0,2,2,5,0,0,0,0,6,0,115,0.0003887440000198694,9
Amono,axis_1,1,243,1,24,8,"[1, 1, 1, 1, 1, 2, 1, 1]",16,0,8,8,0,0,[],[],0,0,0,0,0,1,0,0,0,0,2,0,42,0.00011891799999830255,9
Amono,axis_1,1,316,18,24,13,"[2, 1, 4, 4, 3, 2, 7, 7]",11,0,13,5,2,0,[],[],0,2,0,3,3,6,0,0,0,0,7,0,132,0.00041206800005966215,10
Amono,axis_1,1,317,27,24,14,"[4, 1, 4, 4, 7, 2, 7, 7]",10,0,14,5,3,0,[],[],0,3,0,3,3,7,0,0,0,0,8,0,150,0.0004973560000962607,9
Amono,axis_1,1,396,9,24,12,"[1, 1, 4, 4, 2, 2, 7, 7]",12,0,12,6,2,0,[],[],0,2,0,2,2,5,0,0,0,0,6,0,115,0.00041600500003369234,10
Amono,axis_1,1,442,4,24,10,"[2, 1, 2, 2, 4, 2, 3, 3]",14,0,10,6,0,0,[],[],0,0,0,2,2,3,0,0,0,0,4,0,84,0.00028013099995405355,12
Amono,axis_1,1,486,1,24,8,"[1, 1, 1, 1, 1, 4, 1, 1]",16,0,8,8,0,0,[],[],0,0,0,0,0,1,0,0,0,0,2,0,42,0.00012263399980838585,9
Amono,axis_1,1,499,4,24,10,"[2, 2, 2, 1, 3, 4, 3, 1]",14,0,10,6,0,0,[],[],0,0,0,2,2,3,0,0,0,0,4,0,80,0.00023960900011843478,11
Amono,axis_1,1,545,9,24,12,"[4, 2, 1, 4, 7, 4, 1, 7]",12,0,12,6,2,0,[],[],0,2,0,2,2,5,0,0,0,0,6,0,114,0.00041605500018704333,9
Amono,axis_1,1,551,18,24,13,"[4, 1, 2, 4, 7, 4, 3, 7]",11,0,13,5,2,0,[],[],0,2,0,3,3,6,0,0,0,0,7,0,132,0.0004134310001973063,10
Amono,axis_1,1,712,6,24,11,"[2, 1, 2, 4, 4, 4, 3, 7]",13,0,11,6,1,0,[],[],0,1,0,2,2,4,0,0,0,0,5,0,100,0.00031558399996356457,11
Amono,axis_1,1,729,1,24,8,"[1, 1, 1, 1, 1, 1, 2, 1]",16,0,8,8,0,0,[],[],0,0,0,0,0,1,0,0,0,0,2,0,44,0.00012582900012603204,9
Amono,axis_1,1,734,6,24,11,"[4, 2, 1, 1, 7, 3, 2, 1]",13,0,11,6,1,0,[],[],0,1,0,2,2,4,0,0,0,0,5,0,99,0.0003168160001223441,10
Amono,axis_1,1,1458,1,24,8,"[1, 1, 1, 1, 1, 1, 4, 1]",16,0,8,8,0,0,[],[],0,0,0,0,0,1,0,0,0,0,2,0,43,0.00012637000008908217,8
Amono,axis_1,1,1462,4,24,10,"[2, 2, 1, 1, 3, 3, 4, 1]",14,0,10,6,0,0,[],[],0,0,0,2,2,3,0,0,0,0,4,0,80,0.0003033559999039426,10
Amono,axis_1,1,1493,18,24,13,"[4, 4, 1, 2, 7, 7, 4, 3]",11,0,13,5,2,0,[],[],0,2,0,3,3,6,0,0,0,0,7,0,133,0.0004242069999236264,9
Amono,axis_1,1,1626,3,24,10,"[1, 4, 1, 1, 4, 7, 4, 1]",14,0,10,7,1,0,[],[],0,1,0,1,1,3,0,0,0,0,4,0,79,0.00023476299998037575,9
Amono,axis_1,1,1947,1,24,8,"[1, 2, 1, 1, 1, 4, 4, 1]",16,0,8,8,0,0,[],[],0,0,0,0,0,1,0,0,0,0,2,0,45,0.00015231800011861196,9
Amono,axis_1,1,2091,3,24,10,"[1, 2, 2, 4, 2, 4, 4, 7]",14,0,10,7,1,0,[],[],0,1,0,1,1,3,0,0,0,0,4,0,84,0.00026076199992530746,11
Amono,axis_1,1,2187,1,24,8,"[1, 1, 1, 1, 1, 1, 1, 2]",16,0,8,8,0,0,[],[],0,0,0,0,0,1,0,0,0,0,2,0,42,0.00012368599982437445,9
Amono,axis_1,1,2205,3,24,10,"[1, 1, 4, 1, 1, 1, 7, 2]",14,0,10,7,1,0,[],[],0,1,0,1,1,3,0,0,0,0,4,0,79,0.0002387080000971764,9
Amono,axis_1,1,2686,4,24,10,"[2, 2, 2, 1, 3, 4, 3, 2]",14,0,10,6,0,0,[],[],0,0,0,2,2,3,0,0,0,0,4,0,81,0.000271288000021741,12
Amono,axis_1,1,3240,1,24,8,"[1, 1, 1, 1, 2, 2, 2, 2]",16,0,8,8,0,0,[],[],0,0,0,0,0,1,0,0,0,0,2,0,47,0.00014715099996465142,12
Amono,axis_1,1,3405,1,24,8,"[1, 2, 1, 1, 1, 4, 2, 2]",16,0,8,8,0,0,[],[],0,0,0,0,0,1,0,0,0,0,2,0,47,0.00016993499980344495,11
Amono,axis_1,1,3565,1,24,8,"[2, 1, 1, 1, 4, 4, 2, 2]",16,0,8,8,0,0,[],[],0,0,0,0,0,1,0,0,0,0,2,0,50,0.0001587790000030509,12
Amono,axis_1,1,3647,3,24,10,"[4, 1, 1, 1, 7, 1, 4, 2]",14,0,10,7,1,0,[],[],0,1,0,1,1,3,0,0,0,0,4,0,80,0.000288182999838682,9
Amono,axis_1,1,3822,3,24,10,"[1, 4, 2, 1, 4, 7, 4, 2]",14,0,10,7,1,0,[],[],0,1,0,1,1,3,0,0,0,0,4,0,83,0.0002753429998847423,11
Amono,axis_1,1,4374,1,24,8,"[1, 1, 1, 1, 1, 1, 1, 4]",16,0,8,8,0,0,[],[],0,0,0,0,0,1,0,0,0,0,2,0,42,0.00011837700003525242,9
Amono,axis_1,1,4588,9,24,12,"[2, 4, 4, 2, 4, 7, 7, 4]",12,0,12,6,2,0,[],[],0,2,0,2,2,5,0,0,0,0,6,0,119,0.0003728290000708512,10
Amono,axis_1,1,5026,1,24,8,"[2, 2, 1, 1, 4, 4, 1, 4]",16,0,8,8,0,0,[],[],0,0,0,0,0,1,0,0,0,0,2,0,48,0.00016501799996149202,11
Amono,axis_1,1,5058,2,24,9,"[1, 1, 2, 2, 4, 4, 3, 4]",15,0,9,7,0,0,[],[],0,0,0,1,1,2,0,0,0,0,3,0,64,0.00019133799992232525,12
Amono,axis_1,1,5847,3,24,10,"[1, 4, 2, 1, 1, 7, 4, 4]",14,0,10,7,1,0,[],[],0,1,0,1,1,3,0,0,0,0,4,0,82,0.0002648869999575254,10
Amono,axis_1,1,6030,1,24,8,"[1, 1, 2, 2, 4, 1, 4, 4]",16,0,8,8,0,0,[],[],0,0,0,0,0,1,0,0,0,0,2,0,49,0.00014911400012351805,11
Amono,axis_1,1,6156,1,24,8,"[1, 1, 1, 1, 2, 2, 4, 4]",16,0,8,8,0,0,[],[],0,0,0,0,0,1,0,0,0,0,2,0,46,0.00013269999999465654,11
Amono,axis_1,1,6358,2,24,9,"[2, 2, 2, 2, 3, 4, 4, 4]",15,0,9,7,0,0,[],[],0,0,0,1,1,2,0,0,0,0,3,0,68,0.0002085739999984071,12
Amono,axis_1,1,6520,1,24,8,"[2, 2, 2, 2, 4, 4, 4, 4]",16,0,8,8,0,0,[],[],0,0,0,0,0,1,0,0,0,0,2,0,54,0.00017234799997822847,12
Amono,axis_2,2,0,1,24,8,"[1, 1, 1, 1, 1, 1, 1, 1]",16,0,8,8,0,0,[],[],0,0,0,0,0,1,0,0,0,0,2,0,53,0.0001743309999255871,8
Amono,axis_2,2,1,1,24,8,"[2, 1, 1, 1, 1, 1, 1, 1]",16,0,8,8,0,0,[],[],0,0,0,0,0,1,0,0,0,0,2,0,55,0.00016030100005082204,10
Amono,axis_2,2,2,1,24,8,"[4, 1, 1, 1, 1, 1, 1, 1]",16,0,8,8,0,0,[],[],0,0,0,0,0,1,0,0,0,0,2,0,56,0.0001823529999001039,9
Amono,axis_2,2,3,1,24,8,"[1, 2, 1, 1, 1, 1, 1, 1]",16,0,8,8,0,0,[],[],0,0,0,0,0,1,0,0,0,0,2,0,56,0.00016656999991937482,10
Amono,axis_2,2,6,1,24,8,"[1, 4, 1, 1, 1, 1, 1, 1]",16,0,8,8,0,0,[],[],0,0,0,0,0,1,0,0,0,0,2,0,56,0.00019171799999639916,9
Amono,axis_2,2,9,1,24,8,"[1, 1, 2, 1, 1, 1, 1, 1]",16,0,8,8,0,0,[],[],0,0,0,0,0,1,0,0,0,0,2,0,56,0.00015936900013002742,10
Amono,axis_2,2,18,1,24,8,"[1, 1, 4, 1, 1, 1, 1, 1]",16,0,8,8,0,0,[],[],0,0,0,0,0,1,0,0,0,0,2,0,57,0.00016171300012501888,9
Amono,axis_2,2,27,1,24,8,"[1, 1, 1, 2, 1, 1, 1, 1]",16,0,8,8,0,0,[],[],0,0,0,0,0,1,0,0,0,0,2,0,56,0.00020622900001399103,10
Amono,axis_2,2,40,1,24,8,"[2, 2, 2, 2, 1, 1, 1, 1]",16,0,8,8,0,0,[],[],0,0,0,0,0,1,0,0,0,0,2,0,63,0.00018719099989539245,16
Amono,axis_2,2,54,1,24,8,"[1, 1, 1, 4, 1, 1, 1, 1]",16,0,8,8,0,0,[],[],0,0,0,0,0,1,0,0,0,0,2,0,56,0.00015957000005073496,9
Amono,axis_2,2,68,1,24,8,"[4, 2, 2, 4, 1, 1, 1, 1]",16,0,8,8,0,0,[],[],0,0,0,0,0,1,0,0,0,0,2,0,64,0.00018918399996437074,14
Amono,axis_2,2,77,1,24,8,"[4, 2, 4, 4, 1, 1, 1, 1]",16,0,8,8,0,0,[],[],0,0,0,0,0,1,0,0,0,0,2,0,65,0.00019863800002895005,13
Amono,axis_2,2,81,1,24,8,"[1, 1, 1, 1, 2, 1, 1, 1]",16,0,8,8,0,0,[],[],0,0,0,0,0,1,0,0,0,0,2,0,54,0.00015006600006017834,9
Amono,axis_2,2,162,1,24,8,"[1, 1, 1, 1, 4, 1, 1, 1]",16,0,8,8,0,0,[],[],0,0,0,0,0,1,0,0,0,0,2,0,54,0.00015170699998634518,9
Amono,axis_2,2,243,1,24,8,"[1, 1, 1, 1, 1, 2, 1, 1]",16,0,8,8,0,0,[],[],0,0,0,0,0,1,0,0,0,0,2,0,54,0.00014770100005989661,9
Amono,axis_2,2,250,2,24,9,"[2, 4, 1, 1, 1, 6, 1, 1]",15,0,9,7,0,0,[],[],0,1,0,1,0,2,0,0,0,0,3,0,81,0.00025519299992993183,11
Amono,axis_2,2,364,4,24,10,"[2, 2, 2, 2, 2, 2, 3, 3]",14,0,10,6,0,0,[],[],0,0,0,2,2,3,0,0,0,0,4,0,109,0.00034708099997260433,14
Amono,axis_2,2,404,36,24,14,"[4, 4, 4, 4, 6, 6, 7, 7]",10,0,14,4,2,0,[],[],0,4,0,4,2,7,0,0,0,0,8,0,202,0.0006731099999797152,10
Amono,axis_2,2,438,4,24,10,"[1, 4, 1, 2, 4, 6, 1, 3]",14,0,10,6,0,0,[],[],0,1,0,2,1,3,0,0,0,0,4,0,105,0.0003242360000967892,11
Amono,axis_2,2,486,1,24,8,"[1, 1, 1, 1, 1, 4, 1, 1]",16,0,8,8,0,0,[],[],0,0,0,0,0,1,0,0,0,0,2,0,54,0.000438398999904166,9
Amono,axis_2,2,488,1,24,8,"[4, 1, 1, 1, 1, 4, 1, 1]",16,0,8,8,0,0,[],[],0,0,0,0,0,1,0,0,0,0,2,0,57,0.00020136300008744001,10
Amono,axis_2,2,608,8,24,11,"[4, 2, 2, 2, 6, 4, 3, 3]",13,0,11,5,0,0,[],[],0,1,0,3,2,4,0,0,0,0,5,0,132,0.00047602500012544624,12
Amono,axis_2,2,729,1,24,8,"[1, 1, 1, 1, 1, 1, 2, 1]",16,0,8,8,0,0,[],[],0,0,0,0,0,1,0,0,0,0,2,0,56,0.00015963000009833195,9
Amono,axis_2,2,780,2,24,9,"[1, 4, 4, 2, 1, 1, 6, 1]",15,0,9,7,0,0,[],[],0,1,0,1,0,2,0,0,0,0,3,0,86,0.0002658190001056937,12
Amono,axis_2,2,803,2,24,9,"[4, 1, 4, 4, 1, 1, 6, 1]",15,0,9,7,0,0,[],[],0,1,0,1,0,2,0,0,0,0,3,0,89,0.0003044469999622379,11
Amono,axis_2,2,1011,2,24,9,"[1, 2, 2, 2, 1, 2, 2, 3]",15,0,9,7,0,0,[],[],0,0,0,1,1,2,0,0,0,0,3,0,84,0.0002691439999580325,13
Amono,axis_2,2,1265,4,24,10,"[4, 2, 4, 2, 1, 4, 6, 3]",14,0,10,6,0,0,[],[],0,1,0,2,1,3,0,0,0,0,4,0,113,0.0003522479998991912,12
Amono,axis_2,2,1328,4,24,10,"[4, 2, 1, 2, 6, 4, 2, 3]",14,0,10,6,0,0,[],[],0,1,0,2,1,3,0,0,0,0,4,0,110,0.0005034149999119109,12
Amono,axis_2,2,1458,1,24,8,"[1, 1, 1, 1, 1, 1, 4, 1]",16,0,8,8,0,0,[],[],0,0,0,0,0,1,0,0,0,0,2,0,55,0.00016039999991335208,8
Amono,axis_2,2,1470,1,24,8,"[1, 2, 2, 1, 1, 1, 4, 1]",16,0,8,8,0,0,[],[],0,0,0,0,0,1,0,0,0,0,2,0,62,0.0002044769998974516,12
Amono,axis_2,2,1474,1,24,8,"[2, 4, 2, 1, 1, 1, 4, 1]",16,0,8,8,0,0,[],[],0,0,0,0,0,1,0,0,0,0,2,0,64,0.00019337000003361027,12
Amono,axis_2,2,1544,2,24,9,"[4, 2, 1, 1, 6, 1, 4, 1]",15,0,9,7,0,0,[],[],0,1,0,1,0,2,0,0,0,0,3,0,85,0.0002568060001522099,11
Amono,axis_2,2,1740,2,24,9,"[1, 2, 2, 2, 1, 2, 4, 3]",15,0,9,7,0,0,[],[],0,0,0,1,1,2,0,0,0,0,3,0,87,0.0002767150001545815,13
Amono,axis_2,2,1762,6,24,11,"[2, 4, 1, 4, 1, 6, 4, 7]",13,0,11,6,1,0,[],[],0,2,0,2,1,4,0,0,0,0,5,0,131,0.0005956439999863505,11
Amono,axis_2,2,1896,4,24,10,"[1, 4, 1, 2, 4, 6, 4, 3]",14,0,10,6,0,0,[],[],0,1,0,2,1,3,0,0,0,0,4,0,107,0.00039071599985618377,11
Amono,axis_2,2,1906,4,24,10,"[2, 4, 2, 2, 4, 6, 4, 3]",14,0,10,6,0,0,[],[],0,1,0,2,1,3,0,0,0,0,4,0,115,0.0003695549999065406,13
Amono,axis_2,2,1981,2,24,9,"[2, 1, 2, 2, 1, 4, 4, 3]",15,0,9,7,0,0,[],[],0,0,0,1,1,2,0,0,0,0,3,0,87,0.0005013219999909779,13
Amono,axis_2,2,2187,1,24,8,"[1, 1, 1, 1, 1, 1, 1, 2]",16,0,8,8,0,0,[],[],0,0,0,0,0,1,0,0,0,0,2,0,54,0.00020146299993939465,9
Amono,axis_2,2,2192,1,24,8,"[4, 2, 1, 1, 1, 1, 1, 2]",16,0,8,8,0,0,[],[],0,0,0,0,0,1,0,0,0,0,2,0,60,0.000177296000174465,12
Amono,axis_2,2,2339,8,24,11,"[4, 4, 2, 4, 6, 1, 3, 6]",13,0,11,5,0,0,[],[],0,2,0,3,1,4,0,0,0,0,5,0,134,0.0004354039999725501,12
Amono,axis_2,2,3111,1,24,8,"[1, 4, 1, 2, 4, 1, 2, 2]",16,0,8,8,0,0,[],[],0,0,0,0,0,1,0,0,0,0,2,0,64,0.00019470199981697078,13
Amono,axis_2,2,3182,2,24,9,"[4, 2, 4, 1, 1, 2, 6, 2]",15,0,9,7,0,0,[],[],0,1,0,1,0,2,0,0,0,0,3,0,90,0.00027864899993801373,13
Amono,axis_2,2,3240,1,24,8,"[1, 1, 1, 1, 2, 2, 2, 2]",16,0,8,8,0,0,[],[],0,0,0,0,0,1,0,0,0,0,2,0,60,0.00026291500012121105,12
Amono,axis_2,2,3414,1,24,8,"[1, 2, 2, 1, 1, 4, 2, 2]",16,0,8,8,0,0,[],[],0,0,0,0,0,1,0,0,0,0,2,0,59,0.00018229300007988058,12
Amono,axis_2,2,4374,1,24,8,"[1, 1, 1, 1, 1, 1, 1, 4]",16,0,8,8,0,0,[],[],0,0,0,0,0,1,0,0,0,0,2,0,54,0.00015168799995990412,9
Amono,axis_2,2,4409,1,24,8,"[4, 4, 1, 2, 1, 1, 1, 4]",16,0,8,8,0,0,[],[],0,0,0,0,0,1,0,0,0,0,2,0,61,0.00018277399999533372,11
Amono,axis_2,2,4464,2,24,9,"[1, 1, 2, 1, 2, 1, 3, 4]",15,0,9,7,0,0,[],[],0,0,0,1,1,2,0,0,0,0,3,0,80,0.0002543620000778901,11
Amono,axis_2,2,4831,6,24,11,"[2, 4, 4, 2, 4, 6, 7, 4]",13,0,11,6,1,0,[],[],0,2,0,2,1,4,0,0,0,0,5,0,136,0.0006855290000657988,12
Amono,axis_2,2,5071,3,24,10,"[2, 2, 4, 2, 4, 4, 7, 4]",14,0,10,7,1,0,[],[],0,1,0,1,1,3,0,0,0,0,4,0,112,0.0004746730000988464,12
Amono,axis_2,2,5153,2,24,9,"[4, 2, 4, 2, 1, 1, 6, 4]",15,0,9,7,0,0,[],[],0,1,0,1,0,2,0,0,0,0,3,0,91,0.0003708970000388945,13
Amono,axis_2,2,5671,1,24,8,"[2, 1, 1, 1, 2, 4, 2, 4]",16,0,8,8,0,0,[],[],0,0,0,0,0,1,0,0,0,0,2,0,61,0.0002353529998799786,13
Amono,axis_2,2,5871,1,24,8,"[1, 2, 2, 2, 1, 1, 4, 4]",16,0,8,8,0,0,[],[],0,0,0,0,0,1,0,0,0,0,2,0,64,0.0001880320000964275,13
Amono,axis_2,2,5913,1,24,8,"[1, 1, 1, 1, 2, 1, 4, 4]",16,0,8,8,0,0,[],[],0,0,0,0,0,1,0,0,0,0,2,0,57,0.00018275399997946806,10
Amono,axis_2,2,6198,2,24,9,"[1, 4, 2, 2, 2, 6, 4, 4]",15,0,9,7,0,0,[],[],0,1,0,1,0,2,0,0,0,0,3,0,88,0.00027669500013871584,12
Amono,axis_2,2,6520,1,24,8,"[2, 2, 2, 2, 4, 4, 4, 4]",16,0,8,8,0,0,[],[],0,0,0,0,0,1,0,0,0,0,2,0,68,0.00021150800012037507,13
Amono,axis_3,3,0,1,24,8,"[1, 1, 1, 1, 1, 1, 1, 1]",16,0,8,8,0,0,[],[],0,0,0,0,0,1,0,0,0,0,2,0,75,0.0002138209999884566,8
Amono,axis_3,3,1,1,24,8,"[2, 1, 1, 1, 1, 1, 1, 1]",16,0,8,8,0,0,[],[],0,0,0,0,0,1,0,0,0,0,2,0,77,0.0002429150001717062,10
Amono,axis_3,3,2,1,24,8,"[4, 1, 1, 1, 1, 1, 1, 1]",16,0,8,8,0,0,[],[],0,0,0,0,0,1,0,0,0,0,2,0,78,0.000227582000206894,9
Amono,axis_3,3,3,1,24,8,"[1, 2, 1, 1, 1, 1, 1, 1]",16,0,8,8,0,0,[],[],0,0,0,0,0,1,0,0,0,0,2,0,78,0.0002442069999233354,10
Amono,axis_3,3,6,1,24,8,"[1, 4, 1, 1, 1, 1, 1, 1]",16,0,8,8,0,0,[],[],0,0,0,0,0,1,0,0,0,0,2,0,78,0.00021928899991507933,9
Amono,axis_3,3,9,1,24,8,"[1, 1, 2, 1, 1, 1, 1, 1]",16,0,8,8,0,0,[],[],0,0,0,0,0,1,0,0,0,0,2,0,78,0.0002194090000102733,10
Amono,axis_3,3,18,1,24,8,"[1, 1, 4, 1, 1, 1, 1, 1]",16,0,8,8,0,0,[],[],0,0,0,0,0,1,0,0,0,0,2,0,79,0.0002226640001481428,9
Amono,axis_3,3,27,1,24,8,"[1, 1, 1, 2, 1, 1, 1, 1]",16,0,8,8,0,0,[],[],0,0,0,0,0,1,0,0,0,0,2,0,78,0.0002163249998829997,10
Amono,axis_3,3,40,1,24,8,"[2, 2, 2, 2, 1, 1, 1, 1]",16,0,8,8,0,0,[],[],0,0,0,0,0,1,0,0,0,0,2,0,85,0.0002687030000743107,16
Amono,axis_3,3,54,1,24,8,"[1, 1, 1, 4, 1, 1, 1, 1]",16,0,8,8,0,0,[],[],0,0,0,0,0,1,0,0,0,0,2,0,78,0.00022380600012184004,9
Amono,axis_3,3,64,1,24,8,"[2, 1, 2, 4, 1, 1, 1, 1]",16,0,8,8,0,0,[],[],0,0,0,0,0,1,0,0,0,0,2,0,82,0.00024717099995541503,13
Amono,axis_3,3,81,1,24,8,"[1, 1, 1, 1, 2, 1, 1, 1]",16,0,8,8,0,0,[],[],0,0,0,0,0,1,0,0,0,0,2,0,76,0.00020891400004074967,9
Amono,axis_3,3,162,1,24,8,"[1, 1, 1, 1, 4, 1, 1, 1]",16,0,8,8,0,0,[],[],0,0,0,0,0,1,0,0,0,0,2,0,76,0.00021028600008321519,9
Amono,axis_3,3,194,1,24,8,"[4, 2, 1, 2, 4, 1, 1, 1]",16,0,8,8,0,0,[],[],0,0,0,0,0,1,0,0,0,0,2,0,87,0.0002582380000148987,14
Amono,axis_3,3,214,1,24,8,"[2, 4, 4, 2, 4, 1, 1, 1]",16,0,8,8,0,0,[],[],0,0,0,0,0,1,0,0,0,0,2,0,91,0.00027087700004813087,14
Amono,axis_3,3,243,1,24,8,"[1, 1, 1, 1, 1, 2, 1, 1]",16,0,8,8,0,0,[],[],0,0,0,0,0,1,0,0,0,0,2,0,76,0.0002298050001172669,9
Amono,axis_3,3,481,1,24,8,"[2, 2, 4, 4, 4, 2, 1, 1]",16,0,8,8,0,0,[],[],0,0,0,0,0,1,0,0,0,0,2,0,92,0.00028278499985390226,14
Amono,axis_3,3,486,1,24,8,"[1, 1, 1, 1, 1, 4, 1, 1]",16,0,8,8,0,0,[],[],0,0,0,0,0,1,0,0,0,0,2,0,76,0.00020897300009892206,9
Amono,axis_3,3,729,1,24,8,"[1, 1, 1, 1, 1, 1, 2, 1]",16,0,8,8,0,0,[],[],0,0,0,0,0,1,0,0,0,0,2,0,78,0.00021759600008408597,9
Amono,axis_3,3,784,1,24,8,"[2, 1, 1, 4, 1, 1, 2, 1]",16,0,8,8,0,0,[],[],0,0,0,0,0,1,0,0,0,0,2,0,84,0.00024290499982271285,12
Amono,axis_3,3,1133,1,24,8,"[4, 4, 4, 4, 2, 2, 2, 1]",16,0,8,8,0,0,[],[],0,0,0,0,0,1,0,0,0,0,2,0,94,0.0002883429999656073,15
Amono,axis_3,3,1458,1,24,8,"[1, 1, 1, 1, 1, 1, 4, 1]",16,0,8,8,0,0,[],[],0,0,0,0,0,1,0,0,0,0,2,0,77,0.00021392100006778492,8
Amono,axis_3,3,1754,1,24,8,"[4, 4, 4, 2, 1, 2, 4, 1]",16,0,8,8,0,0,[],[],0,0,0,0,0,1,0,0,0,0,2,0,93,0.0002785679998851265,15
Amono,axis_3,3,1792,1,24,8,"[2, 1, 2, 1, 2, 2, 4, 1]",16,0,8,8,0,0,[],[],0,0,0,0,0,1,0,0,0,0,2,0,84,0.000267701999973724,13
Amono,axis_3,3,2014,1,24,8,"[2, 4, 2, 4, 1, 4, 4, 1]",16,0,8,8,0,0,[],[],0,0,0,0,0,1,0,0,0,0,2,0,92,0.00027526300004865334,15
Amono,axis_3,3,2133,1,24,8,"[1, 1, 1, 2, 4, 4, 4, 1]",16,0,8,8,0,0,[],[],0,0,0,0,0,1,0,0,0,0,2,0,83,0.0002414220000446221,12
Amono,axis_3,3,2163,1,24,8,"[1, 2, 1, 4, 4, 4, 4, 1]",16,0,8,8,0,0,[],[],0,0,0,0,0,1,0,0,0,0,2,0,84,0.00025897900013660546,11
Amono,axis_3,3,2187,1,24,8,"[1, 1, 1, 1, 1, 1, 1, 2]",16,0,8,8,0,0,[],[],0,0,0,0,0,1,0,0,0,0,2,0,76,0.0002071809999506513,9
Amono,axis_3,3,2218,1,24,8,"[2, 2, 1, 2, 1, 1, 1, 2]",16,0,8,8,0,0,[],[],0,0,0,0,0,1,0,0,0,0,2,0,83,0.0002541520000249875,14
Amono,axis_3,3,2225,1,24,8,"[4, 1, 2, 2, 1, 1, 1, 2]",16,0,8,8,0,0,[],[],0,0,0,0,0,1,0,0,0,0,2,0,83,0.000245518000156153,13
Amono,axis_3,3,2551,2,24,9,"[2, 2, 2, 2, 2, 2, 3, 2]",15,0,9,7,0,0,[],[],0,0,0,1,1,2,0,0,0,0,3,0,121,0.00036084099997424346,15
Amono,axis_3,3,2605,2,24,9,"[2, 2, 2, 1, 4, 2, 3, 2]",15,0,9,7,0,0,[],[],0,0,0,1,1,2,0,0,0,0,3,0,121,0.00036206400000082795,14
Amono,axis_3,3,2639,2,24,9,"[4, 1, 4, 2, 4, 2, 3, 2]",15,0,9,7,0,0,[],[],0,0,0,1,1,2,0,0,0,0,3,0,125,0.00037909999991825316,14
Amono,axis_3,3,2877,2,24,9,"[1, 4, 2, 2, 4, 4, 3, 2]",15,0,9,7,0,0,[],[],0,0,0,1,1,2,0,0,0,0,3,0,121,0.0003968349999468046,14
Amono,axis_3,3,2973,1,24,8,"[1, 2, 1, 4, 1, 1, 2, 2]",16,0,8,8,0,0,[],[],0,0,0,0,0,1,0,0,0,0,2,0,87,0.0002483830000983289,13
Amono,axis_3,3,3112,1,24,8,"[2, 4, 1, 2, 4, 1, 2, 2]",16,0,8,8,0,0,[],[],0,0,0,0,0,1,0,0,0,0,2,0,92,0.0002738410000802105,14
Amono,axis_3,3,3198,1,24,8,"[1, 2, 2, 2, 1, 2, 2, 2]",16,0,8,8,0,0,[],[],0,0,0,0,0,1,0,0,0,0,2,0,85,0.000245357999801854,14
Amono,axis_3,3,3240,1,24,8,"[1, 1, 1, 1, 2, 2, 2, 2]",16,0,8,8,0,0,[],[],0,0,0,0,0,1,0,0,0,0,2,0,84,0.00023876899990682432,12
Amono,axis_3,3,3859,1,24,8,"[2, 4, 4, 2, 4, 1, 4, 2]",16,0,8,8,0,0,[],[],0,0,0,0,0,1,0,0,0,0,2,0,92,0.00027675599994836375,14
Amono,axis_3,3,3977,1,24,8,"[4, 4, 1, 1, 2, 2, 4, 2]",16,0,8,8,0,0,[],[],0,0,0,0,0,1,0,0,0,0,2,0,89,0.00028041099994879914,13
Amono,axis_3,3,4059,1,24,8,"[1, 1, 2, 1, 4, 2, 4, 2]",16,0,8,8,0,0,[],[],0,0,0,0,0,1,0,0,0,0,2,0,84,0.00024515800009794475,12
Amono,axis_3,3,4075,1,24,8,"[2, 4, 4, 1, 4, 2, 4, 2]",16,0,8,8,0,0,[],[],0,0,0,0,0,1,0,0,0,0,2,0,92,0.00027930900000683323,14
Amono,axis_3,3,4134,1,24,8,"[1, 2, 1, 1, 1, 4, 4, 2]",16,0,8,8,0,0,[],[],0,0,0,0,0,1,0,0,0,0,2,0,80,0.0002447469998969609,10
Amono,axis_3,3,4242,1,24,8,"[1, 2, 1, 2, 2, 4, 4, 2]",16,0,8,8,0,0,[],[],0,0,0,0,0,1,0,0,0,0,2,0,84,0.0002466899998125882,12
Amono,axis_3,3,4374,1,24,8,"[1, 1, 1, 1, 1, 1, 1, 4]",16,0,8,8,0,0,[],[],0,0,0,0,0,1,0,0,0,0,2,0,76,0.00020976500013603072,9
Amono,axis_3,3,4439,1,24,8,"[4, 1, 2, 4, 1, 1, 1, 4]",16,0,8,8,0,0,[],[],0,0,0,0,0,1,0,0,0,0,2,0,86,0.00025296000012531294,13
Amono,axis_3,3,4464,2,24,9,"[1, 1, 2, 1, 2, 1, 3, 4]",15,0,9,7,0,0,[],[],0,0,0,1,1,2,0,0,0,0,3,0,113,0.0003286630001184676,11
Amono,axis_3,3,4804,3,24,10,"[2, 4, 4, 1, 4, 2, 7, 4]",14,0,10,7,1,0,[],[],0,1,0,1,1,3,0,0,0,0,4,0,158,0.0004826950000733632,13
Amono,axis_3,3,4831,3,24,10,"[2, 4, 4, 2, 4, 2, 7, 4]",14,0,10,7,1,0,[],[],0,1,0,1,1,3,0,0,0,0,4,0,159,0.0005147230001512071,13
Amono,axis_3,3,5021,6,24,11,"[4, 4, 4, 4, 6, 4, 7, 4]",13,0,11,6,1,0,[],[],0,2,0,2,1,4,0,0,0,0,5,0,195,0.0006390990001818864,13
Amono,axis_3,3,5169,1,24,8,"[1, 2, 2, 4, 1, 1, 2, 4]",16,0,8,8,0,0,[],[],0,0,0,0,0,1,0,0,0,0,2,0,87,0.0002574760001152754,14
Amono,axis_3,3,5564,1,24,8,"[4, 1, 1, 4, 4, 2, 2, 4]",16,0,8,8,0,0,[],[],0,0,0,0,0,1,0,0,0,0,2,0,92,0.00030029099980311,14
Amono,axis_3,3,5570,1,24,8,"[4, 4, 1, 4, 4, 2, 2, 4]",16,0,8,8,0,0,[],[],0,0,0,0,0,1,0,0,0,0,2,0,95,0.00033622499995544786,15
Amono,axis_3,3,5731,1,24,8,"[2, 4, 1, 4, 2, 4, 2, 4]",16,0,8,8,0,0,[],[],0,0,0,0,0,1,0,0,0,0,2,0,93,0.00030413699983000697,15
Amono,axis_3,3,5868,1,24,8,"[1, 1, 2, 2, 1, 1, 4, 4]",16,0,8,8,0,0,[],[],0,0,0,0,0,1,0,0,0,0,2,0,85,0.00024990500014610006,11
Amono,axis_3,3,6520,1,24,8,"[2, 2, 2, 2, 4, 4, 4, 4]",16,0,8,8,0,0,[],[],0,0,0,0,0,1,0,0,0,0,2,0,94,0.00028772199993909453,13
Amono,axis_4,4,0,1,24,8,"[1, 1, 1, 1, 1, 1, 1, 1]",16,0,8,8,0,0,[],[],0,0,0,0,0,1,0,0,0,0,2,0,97,0.0002875610000501183,8
Amono,axis_4,4,1,1,24,8,"[2, 1, 1, 1, 1, 1, 1, 1]",16,0,8,8,0,0,[],[],0,0,0,0,0,1,0,0,0,0,2,0,99,0.0002845870001237927,10
Amono,axis_4,4,2,1,24,8,"[4, 1, 1, 1, 1, 1, 1, 1]",16,0,8,8,0,0,[],[],0,0,0,0,0,1,0,0,0,0,2,0,100,0.0002893850000873499,9
Amono,axis_4,4,3,1,24,8,"[1, 2, 1, 1, 1, 1, 1, 1]",16,0,8,8,0,0,[],[],0,0,0,0,0,1,0,0,0,0,2,0,100,0.00027863900004376774,10
Amono,axis_4,4,6,1,24,8,"[1, 4, 1, 1, 1, 1, 1, 1]",16,0,8,8,0,0,[],[],0,0,0,0,0,1,0,0,0,0,2,0,100,0.0003026140000201849,9
Amono,axis_4,4,9,1,24,8,"[1, 1, 2, 1, 1, 1, 1, 1]",16,0,8,8,0,0,[],[],0,0,0,0,0,1,0,0,0,0,2,0,100,0.000278999000101976,10
Amono,axis_4,4,18,1,24,8,"[1, 1, 4, 1, 1, 1, 1, 1]",16,0,8,8,0,0,[],[],0,0,0,0,0,1,0,0,0,0,2,0,101,0.00028377600006024295,9
Amono,axis_4,4,27,1,24,8,"[1, 1, 1, 2, 1, 1, 1, 1]",16,0,8,8,0,0,[],[],0,0,0,0,0,1,0,0,0,0,2,0,100,0.0002972360000512708,10
Amono,axis_4,4,40,1,24,8,"[2, 2, 2, 2, 1, 1, 1, 1]",16,0,8,8,0,0,[],[],0,0,0,0,0,1,0,0,0,0,2,0,107,0.0003446079999775975,16
Amono,axis_4,4,54,1,24,8,"[1, 1, 1, 4, 1, 1, 1, 1]",16,0,8,8,0,0,[],[],0,0,0,0,0,1,0,0,0,0,2,0,100,0.00028096200003346894,9
Amono,axis_4,4,81,1,24,8,"[1, 1, 1, 1, 2, 1, 1, 1]",16,0,8,8,0,0,[],[],0,0,0,0,0,1,0,0,0,0,2,0,98,0.00026966500013259065,9
Amono,axis_4,4,102,1,24,8,"[1, 2, 4, 1, 2, 1, 1, 1]",16,0,8,8,0,0,[],[],0,0,0,0,0,1,0,0,0,0,2,0,106,0.00032482799997524126,12
Amono,axis_4,4,162,1,24,8,"[1, 1, 1, 1, 4, 1, 1, 1]",16,0,8,8,0,0,[],[],0,0,0,0,0,1,0,0,0,0,2,0,98,0.00027044600005865504,9
Amono,axis_4,4,243,1,24,8,"[1, 1, 1, 1, 1, 2, 1, 1]",16,0,8,8,0,0,[],[],0,0,0,0,0,1,0,0,0,0,2,0,98,0.0002720090001275821,9
Amono,axis_4,4,420,1,24,8,"[1, 4, 2, 1, 4, 2, 1, 1]",16,0,8,8,0,0,[],[],0,0,0,0,0,1,0,0,0,0,2,0,108,0.0003141819997836137,13
Amono,axis_4,4,486,1,24,8,"[1, 1, 1, 1, 1, 4, 1, 1]",16,0,8,8,0,0,[],[],0,0,0,0,0,1,0,0,0,0,2,0,98,0.0002879629998915334,9
Amono,axis_4,4,529,1,24,8,"[2, 4, 2, 2, 1, 4, 1, 1]",16,0,8,8,0,0,[],[],0,0,0,0,0,1,0,0,0,0,2,0,110,0.00032395699986409454,16
Amono,axis_4,4,729,1,24,8,"[1, 1, 1, 1, 1, 1, 2, 1]",16,0,8,8,0,0,[],[],0,0,0,0,0,1,0,0,0,0,2,0,100,0.00027541400004338357,9
Amono,axis_4,4,803,1,24,8,"[4, 1, 4, 4, 1, 1, 2, 1]",16,0,8,8,0,0,[],[],0,0,0,0,0,1,0,0,0,0,2,0,109,0.0003453179999723943,12
Amono,axis_4,4,933,1,24,8,"[1, 4, 2, 2, 4, 1, 2, 1]",16,0,8,8,0,0,[],[],0,0,0,0,0,1,0,0,0,0,2,0,108,0.00033944000006158603,14
Amono,axis_4,4,1036,1,24,8,"[2, 1, 2, 4, 1, 2, 2, 1]",16,0,8,8,0,0,[],[],0,0,0,0,0,1,0,0,0,0,2,0,108,0.00031773700015946815,14
Amono,axis_4,4,1133,1,24,8,"[4, 4, 4, 4, 2, 2, 2, 1]",16,0,8,8,0,0,[],[],0,0,0,0,0,1,0,0,0,0,2,0,116,0.0003506760001528164,15
Amono,axis_4,4,1157,1,24,8,"[4, 2, 4, 1, 4, 2, 2, 1]",16,0,8,8,0,0,[],[],0,0,0,0,0,1,0,0,0,0,2,0,111,0.00032570899998063396,14
Amono,axis_4,4,1168,1,24,8,"[2, 4, 1, 2, 4, 2, 2, 1]",16,0,8,8,0,0,[],[],0,0,0,0,0,1,0,0,0,0,2,0,114,0.00036156299984213547,15
Amono,axis_4,4,1289,1,24,8,"[4, 1, 4, 4, 1, 4, 2, 1]",16,0,8,8,0,0,[],[],0,0,0,0,0,1,0,0,0,0,2,0,111,0.00035072700006821833,13
Amono,axis_4,4,1458,1,24,8,"[1, 1, 1, 1, 1, 1, 4, 1]",16,0,8,8,0,0,[],[],0,0,0,0,0,1,0,0,0,0,2,0,99,0.0002757140000539948,8
Amono,axis_4,4,1696,1,24,8,"[2, 2, 4, 4, 4, 1, 4, 1]",16,0,8,8,0,0,[],[],0,0,0,0,0,1,0,0,0,0,2,0,114,0.00034634000007827126,15
Amono,axis_4,4,1705,1,24,8,"[2, 2, 1, 1, 1, 2, 4, 1]",16,0,8,8,0,0,[],[],0,0,0,0,0,1,0,0,0,0,2,0,105,0.00030507800011037034,12
Amono,axis_4,4,1758,1,24,8,"[1, 2, 1, 4, 1, 2, 4, 1]",16,0,8,8,0,0,[],[],0,0,0,0,0,1,0,0,0,0,2,0,106,0.00032178300011764804,11
Amono,axis_4,4,2040,1,24,8,"[1, 4, 2, 1, 2, 4, 4, 1]",16,0,8,8,0,0,[],[],0,0,0,0,0,1,0,0,0,0,2,0,110,0.00032578899981672294,13
Amono,axis_4,4,2101,1,24,8,"[2, 2, 4, 4, 2, 4, 4, 1]",16,0,8,8,0,0,[],[],0,0,0,0,0,1,0,0,0,0,2,0,111,0.00032777199999145523,14
Amono,axis_4,4,2163,1,24,8,"[1, 2, 1, 4, 4, 4, 4, 1]",16,0,8,8,0,0,[],[],0,0,0,0,0,1,0,0,0,0,2,0,106,0.00031287000001611887,11
Amono,axis_4,4,2187,1,24,8,"[1, 1, 1, 1, 1, 1, 1, 2]",16,0,8,8,0,0,[],[],0,0,0,0,0,1,0,0,0,0,2,0,98,0.0002840369998011738,9
Amono,axis_4,4,2549,1,24,8,"[4, 1, 2, 2, 2, 2, 1, 2]",16,0,8,8,0,0,[],[],0,0,0,0,0,1,0,0,0,0,2,0,113,0.0003357340001457487,15
Amono,axis_4,4,2788,1,24,8,"[2, 4, 1, 2, 2, 4, 1, 2]",16,0,8,8,0,0,[],[],0,0,0,0,0,1,0,0,0,0,2,0,108,0.0003183379999427416,14
Amono,axis_4,4,2874,1,24,8,"[1, 2, 2, 2, 4, 4, 1, 2]",16,0,8,8,0,0,[],[],0,0,0,0,0,1,0,0,0,0,2,0,110,0.00032073099987428577,14
Amono,axis_4,4,3198,1,24,8,"[1, 2, 2, 2, 1, 2, 2, 2]",16,0,8,8,0,0,[],[],0,0,0,0,0,1,0,0,0,0,2,0,107,0.00032793299988043145,14
Amono,axis_4,4,3240,1,24,8,"[1, 1, 1, 1, 2, 2, 2, 2]",16,0,8,8,0,0,[],[],0,0,0,0,0,1,0,0,0,0,2,0,106,0.0002982880000672594,12
Amono,axis_4,4,3280,1,24,8,"[2, 2, 2, 2, 2, 2, 2, 2]",16,0,8,8,0,0,[],[],0,0,0,0,0,1,0,0,0,0,2,0,112,0.00032633000000714674,16
Amono,axis_4,4,3323,1,24,8,"[4, 1, 1, 1, 4, 2, 2, 2]",16,0,8,8,0,0,[],[],0,0,0,0,0,1,0,0,0,0,2,0,110,0.00033994000000348024,13
Amono,axis_4,4,3515,1,24,8,"[4, 2, 1, 2, 2, 4, 2, 2]",16,0,8,8,0,0,[],[],0,0,0,0,0,1,0,0,0,0,2,0,116,0.0003427849999297905,14
Amono,axis_4,4,3910,1,24,8,"[2, 2, 4, 1, 1, 2, 4, 2]",16,0,8,8,0,0,[],[],0,0,0,0,0,1,0,0,0,0,2,0,109,0.00033877900000334193,14
Amono,axis_4,4,4067,1,24,8,"[4, 4, 2, 1, 4, 2, 4, 2]",16,0,8,8,0,0,[],[],0,0,0,0,0,1,0,0,0,0,2,0,114,0.00034512799993535737,14
Amono,axis_4,4,4374,1,24,8,"[1, 1, 1, 1, 1, 1, 1, 4]",16,0,8,8,0,0,[],[],0,0,0,0,0,1,0,0,0,0,2,0,98,0.0002727599999161612,9
Amono,axis_4,4,4403,1,24,8,"[4, 1, 1, 2, 1, 1, 1, 4]",16,0,8,8,0,0,[],[],0,0,0,0,0,1,0,0,0,0,2,0,102,0.0003082030000314262,10
Amono,axis_4,4,4550,1,24,8,"[4, 2, 2, 1, 4, 1, 1, 4]",16,0,8,8,0,0,[],[],0,0,0,0,0,1,0,0,0,0,2,0,112,0.0003466099999513972,15
Amono,axis_4,4,4716,1,24,8,"[1, 1, 4, 1, 2, 2, 1, 4]",16,0,8,8,0,0,[],[],0,0,0,0,0,1,0,0,0,0,2,0,107,0.00030907399991519924,12
Amono,axis_4,4,4884,1,24,8,"[1, 4, 4, 1, 1, 4, 1, 4]",16,0,8,8,0,0,[],[],0,0,0,0,0,1,0,0,0,0,2,0,108,0.00031454299983124656,12
Amono,axis_4,4,5414,1,24,8,"[4, 2, 2, 4, 1, 2, 2, 4]",16,0,8,8,0,0,[],[],0,0,0,0,0,1,0,0,0,0,2,0,114,0.0003518979999626026,15
Amono,axis_4,4,5496,1,24,8,"[1, 4, 2, 4, 2, 2, 2, 4]",16,0,8,8,0,0,[],[],0,0,0,0,0,1,0,0,0,0,2,0,114,0.0003432749999774387,15
Amono,axis_4,4,5560,1,24,8,"[2, 4, 4, 2, 4, 2, 2, 4]",16,0,8,8,0,0,[],[],0,0,0,0,0,1,0,0,0,0,2,0,118,0.0003548929998942185,15
Amono,axis_4,4,5708,1,24,8,"[4, 1, 2, 2, 2, 4, 2, 4]",16,0,8,8,0,0,[],[],0,0,0,0,0,1,0,0,0,0,2,0,113,0.0003564559999631456,14
Amono,axis_4,4,5720,1,24,8,"[4, 2, 4, 2, 2, 4, 2, 4]",16,0,8,8,0,0,[],[],0,0,0,0,0,1,0,0,0,0,2,0,117,0.0003889839999828837,14
Amono,axis_4,4,6090,1,24,8,"[1, 4, 2, 1, 1, 2, 4, 4]",16,0,8,8,0,0,[],[],0,0,0,0,0,1,0,0,0,0,2,0,113,0.00035902900003748073,13
Amono,axis_4,4,6520,1,24,8,"[2, 2, 2, 2, 4, 4, 4, 4]",16,0,8,8,0,0,[],[],0,0,0,0,0,1,0,0,0,0,2,0,117,0.0003498559999570716,14
Amono,axis_4,4,6560,1,24,8,"[4, 4, 4, 4, 4, 4, 4, 4]",16,0,8,8,0,0,[],[],0,0,0,0,0,1,0,0,0,0,2,0,122,0.0003669510001600429,16
Amono,axis_5,5,0,1,24,8,"[1, 1, 1, 1, 1, 1, 1, 1]",16,0,8,8,0,0,[],[],0,0,0,0,0,1,0,0,0,0,2,0,105,0.0002996900000198366,8
Amono,axis_5,5,1,1,24,8,"[2, 1, 1, 1, 1, 1, 1, 1]",16,0,8,8,0,0,[],[],0,0,0,0,0,1,0,0,0,0,2,0,107,0.0003213729999060888,10
Amono,axis_5,5,2,1,24,8,"[4, 1, 1, 1, 1, 1, 1, 1]",16,0,8,8,0,0,[],[],0,0,0,0,0,1,0,0,0,0,2,0,108,0.0003117480000582873,9
Amono,axis_5,5,3,1,24,8,"[1, 2, 1, 1, 1, 1, 1, 1]",16,0,8,8,0,0,[],[],0,0,0,0,0,1,0,0,0,0,2,0,108,0.00030387599986170244,10
Amono,axis_5,5,6,1,24,8,"[1, 4, 1, 1, 1, 1, 1, 1]",16,0,8,8,0,0,[],[],0,0,0,0,0,1,0,0,0,0,2,0,108,0.00030226400008359633,9
Amono,axis_5,5,9,1,24,8,"[1, 1, 2, 1, 1, 1, 1, 1]",16,0,8,8,0,0,[],[],0,0,0,0,0,1,0,0,0,0,2,0,108,0.00031796700000086275,10
Amono,axis_5,5,18,1,24,8,"[1, 1, 4, 1, 1, 1, 1, 1]",16,0,8,8,0,0,[],[],0,0,0,0,0,1,0,0,0,0,2,0,109,0.0003056489999835321,9
Amono,axis_5,5,27,1,24,8,"[1, 1, 1, 2, 1, 1, 1, 1]",16,0,8,8,0,0,[],[],0,0,0,0,0,1,0,0,0,0,2,0,108,0.00029986999993525387,10
Amono,axis_5,5,40,1,24,8,"[2, 2, 2, 2, 1, 1, 1, 1]",16,0,8,8,0,0,[],[],0,0,0,0,0,1,0,0,0,0,2,0,115,0.0003329190001295501,16
Amono,axis_5,5,54,1,24,8,"[1, 1, 1, 4, 1, 1, 1, 1]",16,0,8,8,0,0,[],[],0,0,0,0,0,1,0,0,0,0,2,0,108,0.00033920900000339316,9
Amono,axis_5,5,81,1,24,8,"[1, 1, 1, 1, 2, 1, 1, 1]",16,0,8,8,0,0,[],[],0,0,0,0,0,1,0,0,0,0,2,0,106,0.00031100599994715594,9
Amono,axis_5,5,162,1,24,8,"[1, 1, 1, 1, 4, 1, 1, 1]",16,0,8,8,0,0,[],[],0,0,0,0,0,1,0,0,0,0,2,0,106,0.00029779699980281293,9
Amono,axis_5,5,243,1,24,8,"[1, 1, 1, 1, 1, 2, 1, 1]",16,0,8,8,0,0,[],[],0,0,0,0,0,1,0,0,0,0,2,0,106,0.00031619400010640675,9
Amono,axis_5,5,423,1,24,8,"[1, 1, 4, 1, 4, 2, 1, 1]",16,0,8,8,0,0,[],[],0,0,0,0,0,1,0,0,0,0,2,0,112,0.0003477520001524681,11
Amono,axis_5,5,483,1,24,8,"[1, 4, 4, 4, 4, 2, 1, 1]",16,0,8,8,0,0,[],[],0,0,0,0,0,1,0,0,0,0,2,0,120,0.00038579900001423084,13
Amono,axis_5,5,484,1,24,8,"[2, 4, 4, 4, 4, 2, 1, 1]",16,0,8,8,0,0,[],[],0,0,0,0,0,1,0,0,0,0,2,0,123,0.00044909500002177083,14
Amono,axis_5,5,486,1,24,8,"[1, 1, 1, 1, 1, 4, 1, 1]",16,0,8,8,0,0,[],[],0,0,0,0,0,1,0,0,0,0,2,0,106,0.00032951500020317326,9
Amono,axis_5,5,729,1,24,8,"[1, 1, 1, 1, 1, 1, 2, 1]",16,0,8,8,0,0,[],[],0,0,0,0,0,1,0,0,0,0,2,0,108,0.0003017829999407695,9
Amono,axis_5,5,1458,1,24,8,"[1, 1, 1, 1, 1, 1, 4, 1]",16,0,8,8,0,0,[],[],0,0,0,0,0,1,0,0,0,0,2,0,107,0.0002998009999828355,8
Amono,axis_5,5,2187,1,24,8,"[1, 1, 1, 1, 1, 1, 1, 2]",16,0,8,8,0,0,[],[],0,0,0,0,0,1,0,0,0,0,2,0,106,0.0002935500001512992,9
Amono,axis_5,5,2372,1,24,8,"[4, 2, 4, 1, 4, 1, 1, 2]",16,0,8,8,0,0,[],[],0,0,0,0,0,1,0,0,0,0,2,0,121,0.0003798400000505353,15
Amono,axis_5,5,2670,1,24,8,"[1, 4, 4, 4, 4, 2, 1, 2]",16,0,8,8,0,0,[],[],0,0,0,0,0,1,0,0,0,0,2,0,123,0.0003864200000407436,15
Amono,axis_5,5,2961,1,24,8,"[1, 1, 4, 2, 1, 1, 2, 2]",16,0,8,8,0,0,[],[],0,0,0,0,0,1,0,0,0,0,2,0,114,0.0003938919999200152,12
Amono,axis_5,5,3198,1,24,8,"[1, 2, 2, 2, 1, 2, 2, 2]",16,0,8,8,0,0,[],[],0,0,0,0,0,1,0,0,0,0,2,0,115,0.0003373970000666304,14
Amono,axis_5,5,3240,1,24,8,"[1, 1, 1, 1, 2, 2, 2, 2]",16,0,8,8,0,0,[],[],0,0,0,0,0,1,0,0,0,0,2,0,114,0.0003276219999861496,12
Amono,axis_5,5,3280,1,24,8,"[2, 2, 2, 2, 2, 2, 2, 2]",16,0,8,8,0,0,[],[],0,0,0,0,0,1,0,0,0,0,2,0,120,0.0006413429998701758,16
Amono,axis_5,5,3295,1,24,8,"[2, 1, 1, 4, 2, 2, 2, 2]",16,0,8,8,0,0,[],[],0,0,0,0,0,1,0,0,0,0,2,0,119,0.00035431099991001247,14
Amono,axis_5,5,3380,1,24,8,"[4, 2, 1, 4, 4, 2, 2, 2]",16,0,8,8,0,0,[],[],0,0,0,0,0,1,0,0,0,0,2,0,124,0.0003685130000121717,15
Amono,axis_5,5,3551,1,24,8,"[4, 2, 2, 4, 2, 4, 2, 2]",16,0,8,8,0,0,[],[],0,0,0,0,0,1,0,0,0,0,2,0,125,0.0003766350000660168,15
Amono,axis_5,5,3607,1,24,8,"[2, 4, 2, 2, 4, 4, 2, 2]",16,0,8,8,0,0,[],[],0,0,0,0,0,1,0,0,0,0,2,0,126,0.0004092439999112685,16
Amono,axis_5,5,3929,1,24,8,"[4, 2, 2, 2, 1, 2, 4, 2]",16,0,8,8,0,0,[],[],0,0,0,0,0,1,0,0,0,0,2,0,121,0.0004143720000229223,14
Amono,axis_5,5,4009,1,24,8,"[2, 2, 2, 2, 2, 2, 4, 2]",16,0,8,8,0,0,[],[],0,0,0,0,0,1,0,0,0,0,2,0,120,0.00037527400013459555,15
Amono,axis_5,5,4033,1,24,8,"[2, 1, 2, 4, 2, 2, 4, 2]",16,0,8,8,0,0,[],[],0,0,0,0,0,1,0,0,0,0,2,0,119,0.00037090699993314047,14
Amono,axis_5,5,4374,1,24,8,"[1, 1, 1, 1, 1, 1, 1, 4]",16,0,8,8,0,0,[],[],0,0,0,0,0,1,0,0,0,0,2,0,106,0.0002954230001250835,9
Amono,axis_5,5,4530,1,24,8,"[1, 2, 4, 4, 2, 1, 1, 4]",16,0,8,8,0,0,[],[],0,0,0,0,0,1,0,0,0,0,2,0,121,0.0003553929998361127,14
Amono,axis_5,5,4641,1,24,8,"[1, 4, 4, 1, 1, 2, 1, 4]",16,0,8,8,0,0,[],[],0,0,0,0,0,1,0,0,0,0,2,0,116,0.0003561650000847294,12
Amono,axis_5,5,4688,1,24,8,"[4, 4, 2, 4, 1, 2, 1, 4]",16,0,8,8,0,0,[],[],0,0,0,0,0,1,0,0,0,0,2,0,121,0.00037947000009808107,15
Amono,axis_5,5,4846,1,24,8,"[2, 2, 2, 4, 4, 2, 1, 4]",16,0,8,8,0,0,[],[],0,0,0,0,0,1,0,0,0,0,2,0,124,0.00038329500011968776,16
Amono,axis_5,5,4849,1,24,8,"[2, 4, 2, 4, 4, 2, 1, 4]",16,0,8,8,0,0,[],[],0,0,0,0,0,1,0,0,0,0,2,0,125,0.00039178799988803803,16
Amono,axis_5,5,4881,1,24,8,"[1, 2, 4, 1, 1, 4, 1, 4]",16,0,8,8,0,0,[],[],0,0,0,0,0,1,0,0,0,0,2,0,112,0.0003258900001128495,11
Amono,axis_5,5,4913,1,24,8,"[4, 4, 4, 2, 1, 4, 1, 4]",16,0,8,8,0,0,[],[],0,0,0,0,0,1,0,0,0,0,2,0,119,0.00035758699982579856,13
Amono,axis_5,5,5081,1,24,8,"[4, 2, 1, 4, 4, 4, 1, 4]",16,0,8,8,0,0,[],[],0,0,0,0,0,1,0,0,0,0,2,0,121,0.00035558400008994795,13
Amono,axis_5,5,5132,1,24,8,"[4, 1, 1, 2, 1, 1, 2, 4]",16,0,8,8,0,0,[],[],0,0,0,0,0,1,0,0,0,0,2,0,116,0.0003389089999927819,11
Amono,axis_5,5,5223,1,24,8,"[1, 2, 2, 2, 2, 1, 2, 4]",16,0,8,8,0,0,[],[],0,0,0,0,0,1,0,0,0,0,2,0,117,0.0003590389999317267,14
Amono,axis_5,5,5356,1,24,8,"[2, 1, 2, 1, 1, 2, 2, 4]",16,0,8,8,0,0,[],[],0,0,0,0,0,1,0,0,0,0,2,0,115,0.00035043599996242847,14
Amono,axis_5,5,5476,1,24,8,"[2, 2, 4, 2, 2, 2, 2, 4]",16,0,8,8,0,0,[],[],0,0,0,0,0,1,0,0,0,0,2,0,121,0.0003578670000479178,15
Amono,axis_5,5,5560,1,24,8,"[2, 4, 4, 2, 4, 2, 2, 4]",16,0,8,8,0,0,[],[],0,0,0,0,0,1,0,0,0,0,2,0,126,0.0003758039999866014,15
Amono,axis_5,5,5601,1,24,8,"[1, 2, 2, 1, 1, 4, 2, 4]",16,0,8,8,0,0,[],[],0,0,0,0,0,1,0,0,0,0,2,0,111,0.0003225140001177351,12
Amono,axis_5,5,5645,1,24,8,"[4, 1, 1, 4, 1, 4, 2, 4]",16,0,8,8,0,0,[],[],0,0,0,0,0,1,0,0,0,0,2,0,120,0.0003646870000011404,13
Amono,axis_5,5,5663,1,24,8,"[4, 1, 4, 4, 1, 4, 2, 4]",16,0,8,8,0,0,[],[],0,0,0,0,0,1,0,0,0,0,2,0,123,0.0004026540000268142,14
Amono,axis_5,5,5735,1,24,8,"[4, 1, 2, 4, 2, 4, 2, 4]",16,0,8,8,0,0,[],[],0,0,0,0,0,1,0,0,0,0,2,0,124,0.00041123799996967136,15
Amono,axis_5,5,5784,1,24,8,"[1, 4, 1, 2, 4, 4, 2, 4]",16,0,8,8,0,0,[],[],0,0,0,0,0,1,0,0,0,0,2,0,120,0.00036815299995396344,13
Amono,axis_5,5,6401,1,24,8,"[4, 1, 1, 1, 2, 4, 4, 4]",16,0,8,8,0,0,[],[],0,0,0,0,0,1,0,0,0,0,2,0,117,0.0003477019999991171,12
Amono,axis_5,5,6509,1,24,8,"[4, 1, 1, 2, 4, 4, 4, 4]",16,0,8,8,0,0,[],[],0,0,0,0,0,1,0,0,0,0,2,0,118,0.00034685099990383605,12
Amono,axis_5,5,6520,1,24,8,"[2, 2, 2, 2, 4, 4, 4, 4]",16,0,8,8,0,0,[],[],0,0,0,0,0,1,0,0,0,0,2,0,125,0.000393731000031039,14
Amono,axis_5,5,6560,1,24,8,"[4, 4, 4, 4, 4, 4, 4, 4]",16,0,8,8,0,0,[],[],0,0,0,0,0,1,0,0,0,0,2,0,130,0.00040013099987845635,16
Amono,axis_6,6,0,1,24,8,"[1, 1, 1, 1, 1, 1, 1, 1]",16,0,8,8,0,0,[],[],0,0,0,0,0,1,0,0,0,0,2,0,121,0.0003386190001037903,8
Amono,axis_6,6,1,1,24,8,"[2, 1, 1, 1, 1, 1, 1, 1]",16,0,8,8,0,0,[],[],0,0,0,0,0,1,0,0,0,0,2,0,123,0.0003540210000210209,10
Amono,axis_6,6,2,1,24,8,"[4, 1, 1, 1, 1, 1, 1, 1]",16,0,8,8,0,0,[],[],0,0,0,0,0,1,0,0,0,0,2,0,124,0.00042461800012461026,9
Amono,axis_6,6,3,1,24,8,"[1, 2, 1, 1, 1, 1, 1, 1]",16,0,8,8,0,0,[],[],0,0,0,0,0,1,0,0,0,0,2,0,124,0.00041909000015039055,10
Amono,axis_6,6,6,1,24,8,"[1, 4, 1, 1, 1, 1, 1, 1]",16,0,8,8,0,0,[],[],0,0,0,0,0,1,0,0,0,0,2,0,124,0.0003791290000663139,9
Amono,axis_6,6,9,1,24,8,"[1, 1, 2, 1, 1, 1, 1, 1]",16,0,8,8,0,0,[],[],0,0,0,0,0,1,0,0,0,0,2,0,124,0.0003567550002117059,10
Amono,axis_6,6,18,1,24,8,"[1, 1, 4, 1, 1, 1, 1, 1]",16,0,8,8,0,0,[],[],0,0,0,0,0,1,0,0,0,0,2,0,125,0.0003736709998065635,9
Amono,axis_6,6,27,1,24,8,"[1, 1, 1, 2, 1, 1, 1, 1]",16,0,8,8,0,0,[],[],0,0,0,0,0,1,0,0,0,0,2,0,124,0.000365739000017129,10
Amono,axis_6,6,40,1,24,8,"[2, 2, 2, 2, 1, 1, 1, 1]",16,0,8,8,0,0,[],[],0,0,0,0,0,1,0,0,0,0,2,0,131,0.00041837800017674454,16
Amono,axis_6,6,54,1,24,8,"[1, 1, 1, 4, 1, 1, 1, 1]",16,0,8,8,0,0,[],[],0,0,0,0,0,1,0,0,0,0,2,0,124,0.00037167799996495887,9
Amono,axis_6,6,75,1,24,8,"[1, 2, 4, 4, 1, 1, 1, 1]",16,0,8,8,0,0,[],[],0,0,0,0,0,1,0,0,0,0,2,0,131,0.0003811719998338958,12
Amono,axis_6,6,81,1,24,8,"[1, 1, 1, 1, 2, 1, 1, 1]",16,0,8,8,0,0,[],[],0,0,0,0,0,1,0,0,0,0,2,0,122,0.0003428850000091188,9
Amono,axis_6,6,97,1,24,8,"[2, 4, 2, 1, 2, 1, 1, 1]",16,0,8,8,0,0,[],[],0,0,0,0,0,1,0,0,0,0,2,0,130,0.00046673099996041856,13
Amono,axis_6,6,162,1,24,8,"[1, 1, 1, 1, 4, 1, 1, 1]",16,0,8,8,0,0,[],[],0,0,0,0,0,1,0,0,0,0,2,0,122,0.00034331599999859463,9
Amono,axis_6,6,243,1,24,8,"[1, 1, 1, 1, 1, 2, 1, 1]",16,0,8,8,0,0,[],[],0,0,0,0,0,1,0,0,0,0,2,0,122,0.0003422740001042257,9
Amono,axis_6,6,486,1,24,8,"[1, 1, 1, 1, 1, 4, 1, 1]",16,0,8,8,0,0,[],[],0,0,0,0,0,1,0,0,0,0,2,0,122,0.0003467000001364795,9
Amono,axis_6,6,729,1,24,8,"[1, 1, 1, 1, 1, 1, 2, 1]",16,0,8,8,0,0,[],[],0,0,0,0,0,1,0,0,0,0,2,0,124,0.000369404999901235,9
Amono,axis_6,6,747,1,24,8,"[1, 1, 4, 1, 1, 1, 2, 1]",16,0,8,8,0,0,[],[],0,0,0,0,0,1,0,0,0,0,2,0,127,0.0003998909999154421,10
Amono,axis_6,6,791,1,24,8,"[4, 4, 1, 4, 1, 1, 2, 1]",16,0,8,8,0,0,[],[],0,0,0,0,0,1,0,0,0,0,2,0,134,0.00041717599992807664,12
Amono,axis_6,6,894,1,24,8,"[1, 2, 1, 1, 4, 1, 2, 1]",16,0,8,8,0,0,[],[],0,0,0,0,0,1,0,0,0,0,2,0,129,0.0003907459999936691,12
Amono,axis_6,6,1178,1,24,8,"[4, 4, 2, 2, 4, 2, 2, 1]",16,0,8,8,0,0,[],[],0,0,0,0,0,1,0,0,0,0,2,0,138,0.00044693099994219665,16
Amono,axis_6,6,1445,1,24,8,"[4, 2, 2, 4, 4, 4, 2, 1]",16,0,8,8,0,0,[],[],0,0,0,0,0,1,0,0,0,0,2,0,138,0.0004480729999158939,14
Amono,axis_6,6,1458,1,24,8,"[1, 1, 1, 1, 1, 1, 4, 1]",16,0,8,8,0,0,[],[],0,0,0,0,0,1,0,0,0,0,2,0,123,0.00036593899994841195,8
Amono,axis_6,6,2044,1,24,8,"[2, 1, 4, 1, 2, 4, 4, 1]",16,0,8,8,0,0,[],[],0,0,0,0,0,1,0,0,0,0,2,0,130,0.00040455699991071015,13
Amono,axis_6,6,2187,1,24,8,"[1, 1, 1, 1, 1, 1, 1, 2]",16,0,8,8,0,0,[],[],0,0,0,0,0,1,0,0,0,0,2,0,122,0.00034334500014665537,9
Amono,axis_6,6,2607,1,24,8,"[1, 4, 2, 1, 4, 2, 1, 2]",16,0,8,8,0,0,[],[],0,0,0,0,0,1,0,0,0,0,2,0,135,0.00045825799998056027,14
Amono,axis_6,6,2966,1,24,8,"[4, 2, 4, 2, 1, 1, 2, 2]",16,0,8,8,0,0,[],[],0,0,0,0,0,1,0,0,0,0,2,0,137,0.00043017600000894163,15
Amono,axis_6,6,3198,1,24,8,"[1, 2, 2, 2, 1, 2, 2, 2]",16,0,8,8,0,0,[],[],0,0,0,0,0,1,0,0,0,0,2,0,131,0.0003839569999399828,14
Amono,axis_6,6,3240,1,24,8,"[1, 1, 1, 1, 2, 2, 2, 2]",16,0,8,8,0,0,[],[],0,0,0,0,0,1,0,0,0,0,2,0,130,0.0003742020001027413,12
Amono,axis_6,6,3280,1,24,8,"[2, 2, 2, 2, 2, 2, 2, 2]",16,0,8,8,0,0,[],[],0,0,0,0,0,1,0,0,0,0,2,0,136,0.0004541419998531637,16
Amono,axis_6,6,3312,1,24,8,"[1, 1, 4, 4, 2, 2, 2, 2]",16,0,8,8,0,0,[],[],0,0,0,0,0,1,0,0,0,0,2,0,135,0.00040239400004793424,14
Amono,axis_6,6,3350,1,24,8,"[4, 1, 1, 2, 4, 2, 2, 2]",16,0,8,8,0,0,[],[],0,0,0,0,0,1,0,0,0,0,2,0,137,0.00040840400015440537,14
Amono,axis_6,6,3483,1,24,8,"[1, 1, 1, 1, 2, 4, 2, 2]",16,0,8,8,0,0,[],[],0,0,0,0,0,1,0,0,0,0,2,0,130,0.0003748530000393657,12
Amono,axis_6,6,3554,1,24,8,"[4, 4, 2, 4, 2, 4, 2, 2]",16,0,8,8,0,0,[],[],0,0,0,0,0,1,0,0,0,0,2,0,143,0.0004877320000105101,16
Amono,axis_6,6,3943,1,24,8,"[2, 1, 1, 4, 1, 2, 4, 2]",16,0,8,8,0,0,[],[],0,0,0,0,0,1,0,0,0,0,2,0,133,0.0003996099999312719,13
Amono,axis_6,6,4085,1,24,8,"[4, 4, 1, 2, 4, 2, 4, 2]",16,0,8,8,0,0,[],[],0,0,0,0,0,1,0,0,0,0,2,0,137,0.00040969499991660996,14
Amono,axis_6,6,4133,1,24,8,"[4, 1, 1, 1, 1, 4, 4, 2]",16,0,8,8,0,0,[],[],0,0,0,0,0,1,0,0,0,0,2,0,129,0.0003805520000241813,11
Amono,axis_6,6,4242,1,24,8,"[1, 2, 1, 2, 2, 4, 4, 2]",16,0,8,8,0,0,[],[],0,0,0,0,0,1,0,0,0,0,2,0,130,0.0003902860000835062,12
Amono,axis_6,6,4307,1,24,8,"[4, 2, 2, 1, 4, 4, 4, 2]",16,0,8,8,0,0,[],[],0,0,0,0,0,1,0,0,0,0,2,0,137,0.0004433059998518729,13
Amono,axis_6,6,4374,1,24,8,"[1, 1, 1, 1, 1, 1, 1, 4]",16,0,8,8,0,0,[],[],0,0,0,0,0,1,0,0,0,0,2,0,122,0.00034851299983529316,9
Amono,axis_6,6,4653,1,24,8,"[1, 1, 2, 2, 1, 2, 1, 4]",16,0,8,8,0,0,[],[],0,0,0,0,0,1,0,0,0,0,2,0,127,0.00038043099993956275,12
Amono,axis_6,6,4824,1,24,8,"[1, 1, 4, 2, 4, 2, 1, 4]",16,0,8,8,0,0,[],[],0,0,0,0,0,1,0,0,0,0,2,0,132,0.0004052280000905739,12
Amono,axis_6,6,4843,1,24,8,"[2, 1, 2, 4, 4, 2, 1, 4]",16,0,8,8,0,0,[],[],0,0,0,0,0,1,0,0,0,0,2,0,138,0.00046965499996076687,15
Amono,axis_6,6,4935,1,24,8,"[1, 2, 4, 4, 1, 4, 1, 4]",16,0,8,8,0,0,[],[],0,0,0,0,0,1,0,0,0,0,2,0,133,0.0004123300000173913,12
Amono,axis_6,6,5395,1,24,8,"[2, 2, 4, 2, 1, 2, 2, 4]",16,0,8,8,0,0,[],[],0,0,0,0,0,1,0,0,0,0,2,0,137,0.00042375699990770954,15
Amono,axis_6,6,5436,1,24,8,"[1, 1, 2, 1, 2, 2, 2, 4]",16,0,8,8,0,0,[],[],0,0,0,0,0,1,0,0,0,0,2,0,130,0.0003972770000473247,13
Amono,axis_6,6,5547,1,24,8,"[1, 2, 2, 2, 4, 2, 2, 4]",16,0,8,8,0,0,[],[],0,0,0,0,0,1,0,0,0,0,2,0,133,0.00042082200002369063,14
Amono,axis_6,6,5550,1,24,8,"[1, 4, 2, 2, 4, 2, 2, 4]",16,0,8,8,0,0,[],[],0,0,0,0,0,1,0,0,0,0,2,0,136,0.00042510900016168307,14
Amono,axis_6,6,5560,1,24,8,"[2, 4, 4, 2, 4, 2, 2, 4]",16,0,8,8,0,0,[],[],0,0,0,0,0,1,0,0,0,0,2,0,142,0.0004466809998575627,15
Amono,axis_6,6,6064,1,24,8,"[2, 4, 2, 4, 4, 1, 4, 4]",16,0,8,8,0,0,[],[],0,0,0,0,0,1,0,0,0,0,2,0,143,0.00044759200000044075,15
Amono,axis_6,6,6154,1,24,8,"[2, 4, 4, 4, 1, 2, 4, 4]",16,0,8,8,0,0,[],[],0,0,0,0,0,1,0,0,0,0,2,0,142,0.0004962549999163457,16
Amono,axis_6,6,6278,1,24,8,"[4, 2, 2, 2, 4, 2, 4, 4]",16,0,8,8,0,0,[],[],0,0,0,0,0,1,0,0,0,0,2,0,140,0.00044979600011174625,15
Amono,axis_6,6,6414,1,24,8,"[1, 4, 2, 1, 2, 4, 4, 4]",16,0,8,8,0,0,[],[],0,0,0,0,0,1,0,0,0,0,2,0,138,0.0004332210000939085,14
Amono,axis_6,6,6475,1,24,8,"[2, 2, 4, 4, 2, 4, 4, 4]",16,0,8,8,0,0,[],[],0,0,0,0,0,1,0,0,0,0,2,0,139,0.00043316000005688693,15
Amono,axis_6,6,6520,1,24,8,"[2, 2, 2, 2, 4, 4, 4, 4]",16,0,8,8,0,0,[],[],0,0,0,0,0,1,0,0,0,0,2,0,141,0.00048106200006259314,14
Amono,axis_6,6,6560,1,24,8,"[4, 4, 4, 4, 4, 4, 4, 4]",16,0,8,8,0,0,[],[],0,0,0,0,0,1,0,0,0,0,2,0,146,0.00046049100001255283,16
Amono,oblique_1,1,0,1,24,8,"[1, 1, 1, 1, 1, 1, 1, 1]",16,0,8,8,0,0,[],[],0,0,0,0,0,1,0,0,0,0,2,0,109,0.00038866299996698217,8
Amono,oblique_1,1,1,1,24,8,"[2, 1, 1, 1, 1, 1, 1, 1]",16,0,8,8,0,0,[],[],0,0,0,0,0,1,0,0,0,0,2,0,115,0.0004233350000504288,10
Amono,oblique_1,1,2,1,24,8,"[4, 1, 1, 1, 1, 1, 1, 1]",16,0,8,8,0,0,[],[],0,0,0,0,0,1,0,0,0,0,2,0,116,0.00044139300007373095,10
Amono,oblique_1,1,3,1,24,8,"[1, 2, 1, 1, 1, 1, 1, 1]",16,0,8,8,0,0,[],[],0,0,0,0,0,1,0,0,0,0,2,0,112,0.00041457299994362984,9
Amono,oblique_1,1,6,1,24,8,"[1, 4, 1, 1, 1, 1, 1, 1]",16,0,8,8,0,0,[],[],0,0,0,0,0,1,0,0,0,0,2,0,114,0.00042885399989245343,9
Amono,oblique_1,1,9,1,24,8,"[1, 1, 2, 1, 1, 1, 1, 1]",16,0,8,8,0,0,[],[],0,0,0,0,0,1,0,0,0,0,2,0,117,0.00046308500009217823,10
Amono,oblique_1,1,18,1,24,8,"[1, 1, 4, 1, 1, 1, 1, 1]",16,0,8,8,0,0,[],[],0,0,0,0,0,1,0,0,0,0,2,0,118,0.00044958500006941904,10
Amono,oblique_1,1,24,1,24,8,"[1, 4, 4, 1, 1, 1, 1, 1]",16,0,8,8,0,0,[],[],0,0,0,0,0,1,0,0,0,0,2,0,136,0.0005492239999966841,11
Amono,oblique_1,1,27,1,24,8,"[1, 1, 1, 2, 1, 1, 1, 1]",16,0,8,8,0,0,[],[],0,0,0,0,0,1,0,0,0,0,2,0,114,0.0004789189999883092,9
Amono,oblique_1,1,40,4,24,10,"[2, 6, 2, 2, 3, 1, 1, 1]",14,0,10,6,0,0,[],[],0,1,0,2,1,3,0,0,0,0,4,0,237,0.0010103869999511517,12
Amono,oblique_1,1,49,4,24,10,"[2, 6, 4, 2, 3, 1, 1, 1]",14,0,10,6,0,0,[],[],0,1,0,2,1,3,0,0,0,0,4,0,241,0.0010844290000022738,12
Amono,oblique_1,1,54,1,24,8,"[1, 1, 1, 4, 1, 1, 1, 1]",16,0,8,8,0,0,[],[],0,0,0,0,0,1,0,0,0,0,2,0,114,0.00043900900004700816,9
Amono,oblique_1,1,81,1,24,8,"[1, 1, 1, 1, 2, 1, 1, 1]",16,0,8,8,0,0,[],[],0,0,0,0,0,1,0,0,0,0,2,0,111,0.0004023139999844716,9
Amono,oblique_1,1,98,1,24,8,"[4, 4, 2, 1, 2, 1, 1, 1]",16,0,8,8,0,0,[],[],0,0,0,0,0,1,0,0,0,0,2,0,154,0.0007894450000094366,14
Amono,oblique_1,1,162,1,24,8,"[1, 1, 1, 1, 4, 1, 1, 1]",16,0,8,8,0,0,[],[],0,0,0,0,0,1,0,0,0,0,2,0,111,0.0004157939999913651,9
Amono,oblique_1,1,183,1,24,8,"[1, 2, 4, 1, 4, 1, 1, 1]",16,0,8,8,0,0,[],[],0,0,0,0,0,1,0,0,0,0,2,0,133,0.0005774270000529214,12
Amono,oblique_1,1,201,2,24,9,"[1, 6, 2, 2, 4, 1, 1, 1]",15,0,9,7,0,0,[],[],0,1,0,1,0,2,0,0,0,0,3,0,201,0.0009586290000243025,11
Amono,oblique_1,1,243,1,24,8,"[1, 1, 1, 1, 1, 2, 1, 1]",16,0,8,8,0,0,[],[],0,0,0,0,0,1,0,0,0,0,2,0,114,0.0004418739999891841,9
Amono,oblique_1,1,486,1,24,8,"[1, 1, 1, 1, 1, 4, 1, 1]",16,0,8,8,0,0,[],[],0,0,0,0,0,1,0,0,0,0,2,0,114,0.0004136420000122598,9
Amono,oblique_1,1,509,2,24,9,"[4, 6, 4, 1, 1, 4, 1, 1]",15,0,9,7,0,0,[],[],0,1,0,1,0,2,0,0,0,0,3,0,187,0.0007796499999130901,12
Amono,oblique_1,1,515,1,24,8,"[4, 1, 1, 2, 1, 4, 1, 1]",16,0,8,8,0,0,[],[],0,0,0,0,0,1,0,0,0,0,2,0,128,0.0005222140000569198,12
Amono,oblique_1,1,703,1,24,8,"[2, 1, 1, 4, 4, 4, 1, 1]",16,0,8,8,0,0,[],[],0,0,0,0,0,1,0,0,0,0,2,0,136,0.0005362449999211094,11
Amono,oblique_1,1,729,1,24,8,"[1, 1, 1, 1, 1, 1, 2, 1]",16,0,8,8,0,0,[],[],0,0,0,0,0,1,0,0,0,0,2,0,113,0.0004022040000108973,9
Amono,oblique_1,1,831,1,24,8,"[1, 2, 4, 1, 2, 1, 2, 1]",16,0,8,8,0,0,[],[],0,0,0,0,0,1,0,0,0,0,2,0,133,0.0005233259998931317,12
Amono,oblique_1,1,917,1,24,8,"[4, 4, 4, 1, 4, 1, 2, 1]",16,0,8,8,0,0,[],[],0,0,0,0,0,1,0,0,0,0,2,0,148,0.0006228350000583305,12
Amono,oblique_1,1,1031,4,24,10,"[4, 6, 1, 4, 3, 2, 2, 1]",14,0,10,6,0,0,[],[],0,1,0,2,1,3,0,0,0,0,4,0,245,0.0011436170000251877,11
Amono,oblique_1,1,1225,1,24,8,"[2, 1, 2, 1, 1, 4, 2, 1]",16,0,8,8,0,0,[],[],0,0,0,0,0,1,0,0,0,0,2,0,127,0.0004889340000318043,12
Amono,oblique_1,1,1458,1,24,8,"[1, 1, 1, 1, 1, 1, 4, 1]",16,0,8,8,0,0,[],[],0,0,0,0,0,1,0,0,0,0,2,0,111,0.00040078200004245446,8
Amono,oblique_1,1,1485,1,24,8,"[1, 1, 1, 2, 1, 1, 4, 1]",16,0,8,8,0,0,[],[],0,0,0,0,0,1,0,0,0,0,2,0,116,0.00043193900000915164,9
Amono,oblique_1,1,1562,1,24,8,"[4, 2, 4, 1, 2, 1, 4, 1]",16,0,8,8,0,0,[],[],0,0,0,0,0,1,0,0,0,0,2,0,136,0.0005655790000673733,12
Amono,oblique_1,1,1567,1,24,8,"[2, 1, 1, 2, 2, 1, 4, 1]",16,0,8,8,0,0,[],[],0,0,0,0,0,1,0,0,0,0,2,0,143,0.0005877629998849443,11
Amono,oblique_1,1,1787,2,24,9,"[4, 6, 1, 1, 2, 2, 4, 1]",15,0,9,7,0,0,[],[],0,1,0,1,0,2,0,0,0,0,3,0,194,0.000820933000113655,11
Amono,oblique_1,1,2187,1,24,8,"[1, 1, 1, 1, 1, 1, 1, 2]",16,0,8,8,0,0,[],[],0,0,0,0,0,1,0,0,0,0,2,0,110,0.00040504799994778296,9
Amono,oblique_1,1,2273,1,24,8,"[4, 2, 1, 1, 2, 1, 1, 2]",16,0,8,8,0,0,[],[],0,0,0,0,0,1,0,0,0,0,2,0,129,0.0005245969998668443,12
Amono,oblique_1,1,2602,2,24,9,"[2, 1, 2, 1, 4, 6, 1, 2]",15,0,9,7,0,0,[],[],0,1,0,1,0,2,0,0,0,0,3,0,181,0.0007313680000606837,13
Amono,oblique_1,1,2619,2,24,9,"[1, 1, 1, 2, 4, 6, 1, 2]",15,0,9,7,0,0,[],[],0,1,0,1,0,2,0,0,0,0,3,0,183,0.0007719090001501172,11
Amono,oblique_1,1,2971,3,24,10,"[2, 1, 1, 6, 3, 1, 2, 2]",14,0,10,6,0,1,[2],[1],2,1,0,2,1,3,0,0,0,0,4,0,231,0.000947712999959549,13
Amono,oblique_1,1,3198,29,24,14,"[1, 6, 2, 7, 7, 6, 2, 2]",10,0,14,4,0,1,[4],[4],4,4,0,4,2,7,0,0,0,0,8,0,426,0.0020634780000818864,11
Amono,oblique_1,1,3199,33,24,14,"[2, 6, 2, 7, 7, 6, 2, 2]",10,0,14,4,0,1,[4],[4],4,4,0,4,2,7,0,0,0,0,8,0,420,0.002193522999959896,10
Amono,oblique_1,1,3240,2,24,9,"[1, 1, 1, 1, 2, 6, 2, 2]",15,0,9,7,0,0,[],[],0,1,0,1,0,2,0,0,0,0,3,0,167,0.0006560550000358489,11
Amono,oblique_1,1,3250,4,24,10,"[2, 1, 2, 1, 6, 6, 2, 2]",14,0,10,6,0,0,[],[],0,2,0,2,0,3,0,0,0,0,4,0,226,0.0009309470001426234,12
Amono,oblique_1,1,3742,2,24,9,"[2, 4, 2, 1, 6, 1, 4, 2]",15,0,9,7,0,0,[],[],0,1,0,1,0,2,0,0,0,0,3,0,206,0.0008915680000427528,12
Amono,oblique_1,1,3928,33,24,14,"[2, 6, 2, 7, 7, 6, 4, 2]",10,0,14,4,0,1,[4],[4],4,4,0,4,2,7,0,0,0,0,8,0,420,0.002159332000019276,9
Amono,oblique_1,1,4374,1,24,8,"[1, 1, 1, 1, 1, 1, 1, 4]",16,0,8,8,0,0,[],[],0,0,0,0,0,1,0,0,0,0,2,0,110,0.00043747699987761735,9
Amono,oblique_1,1,4467,1,24,8,"[1, 2, 2, 1, 2, 1, 1, 4]",16,0,8,8,0,0,[],[],0,0,0,0,0,1,0,0,0,0,2,0,132,0.0005067609999969136,13
Amono,oblique_1,1,4665,29,24,14,"[1, 6, 4, 7, 7, 6, 1, 4]",10,0,14,4,0,1,[4],[4],4,4,0,4,2,7,0,0,0,0,8,0,427,0.0020992409999962547,10
Amono,oblique_1,1,5373,2,24,9,"[1, 1, 1, 2, 1, 6, 2, 4]",15,0,9,7,0,0,[],[],0,1,0,1,0,2,0,0,0,0,3,0,170,0.0006567560001258244,11
Amono,oblique_1,1,5377,4,24,10,"[2, 6, 1, 2, 1, 6, 2, 4]",14,0,10,6,0,0,[],[],0,2,0,2,0,3,0,0,0,0,4,0,230,0.0009466110000175831,13
Amono,oblique_1,1,5395,33,24,14,"[2, 6, 4, 7, 7, 6, 2, 4]",10,0,14,4,0,1,[4],[4],4,4,0,4,2,7,0,0,0,0,8,0,422,0.0021239090001472505,10
Amono,oblique_1,1,5436,4,24,10,"[1, 1, 2, 1, 6, 6, 2, 4]",14,0,10,6,0,0,[],[],0,2,0,2,0,3,0,0,0,0,4,0,220,0.0009276329999465815,11
Amono,oblique_1,1,5846,1,24,8,"[4, 2, 2, 1, 1, 1, 4, 4]",16,0,8,8,0,0,[],[],0,0,0,0,0,1,0,0,0,0,2,0,135,0.0005577770000400051,13
Amono,oblique_1,1,6105,4,24,10,"[1, 6, 1, 2, 1, 6, 4, 4]",14,0,10,6,0,0,[],[],0,2,0,2,0,3,0,0,0,0,4,0,225,0.0009213740001996484,10
Amono,oblique_1,1,6115,33,24,14,"[2, 6, 2, 7, 7, 6, 4, 4]",10,0,14,4,0,1,[4],[4],4,4,0,4,2,7,0,0,0,0,8,0,422,0.0020914199999424454,10
Amono,oblique_1,1,6125,34,24,14,"[4, 6, 4, 7, 7, 6, 4, 4]",10,0,14,4,0,1,[3],[3],3,4,0,4,2,7,0,0,0,0,8,0,422,0.002078259999962029,10
Amono,oblique_1,1,6337,1,24,8,"[2, 1, 4, 1, 1, 4, 4, 4]",16,0,8,8,0,0,[],[],0,0,0,0,0,1,0,0,0,0,2,0,130,0.0004990889999589854,13
Amono,oblique_2,2,0,1,24,8,"[1, 1, 1, 1, 1, 1, 1, 1]",16,0,8,8,0,0,[],[],0,0,0,0,0,1,0,0,0,0,2,0,191,0.0008551029998216109,8
Amono,oblique_2,2,1,1,24,8,"[2, 1, 1, 1, 1, 1, 1, 1]",16,0,8,8,0,0,[],[],0,0,0,0,0,1,0,0,0,0,2,0,198,0.000784457999998267,10
Amono,oblique_2,2,2,1,24,8,"[4, 1, 1, 1, 1, 1, 1, 1]",16,0,8,8,0,0,[],[],0,0,0,0,0,1,0,0,0,0,2,0,199,0.0008398610000313056,10
Amono,oblique_2,2,3,1,24,8,"[1, 2, 1, 1, 1, 1, 1, 1]",16,0,8,8,0,0,[],[],0,0,0,0,0,1,0,0,0,0,2,0,196,0.0007403719998819724,9
Amono,oblique_2,2,6,1,24,8,"[1, 4, 1, 1, 1, 1, 1, 1]",16,0,8,8,0,0,[],[],0,0,0,0,0,1,0,0,0,0,2,0,199,0.0007449390000147105,9
Amono,oblique_2,2,9,1,24,8,"[1, 1, 2, 1, 1, 1, 1, 1]",16,0,8,8,0,0,[],[],0,0,0,0,0,1,0,0,0,0,2,0,195,0.0008295860000089306,10
Amono,oblique_2,2,18,1,24,8,"[1, 1, 4, 1, 1, 1, 1, 1]",16,0,8,8,0,0,[],[],0,0,0,0,0,1,0,0,0,0,2,0,196,0.000741753999818684,10
Amono,oblique_2,2,27,1,24,8,"[1, 1, 1, 2, 1, 1, 1, 1]",16,0,8,8,0,0,[],[],0,0,0,0,0,1,0,0,0,0,2,0,196,0.0008253199998762284,9
Amono,oblique_2,2,40,1,24,8,"[2, 2, 2, 2, 1, 1, 1, 1]",16,0,8,8,0,0,[],[],0,0,0,0,0,1,0,0,0,0,2,0,239,0.0009876520000489108,14
Amono,oblique_2,2,54,1,24,8,"[1, 1, 1, 4, 1, 1, 1, 1]",16,0,8,8,0,0,[],[],0,0,0,0,0,1,0,0,0,0,2,0,196,0.0008221750001666805,9
Amono,oblique_2,2,81,1,24,8,"[1, 1, 1, 1, 2, 1, 1, 1]",16,0,8,8,0,0,[],[],0,0,0,0,0,1,0,0,0,0,2,0,194,0.0007259099998009333,9
Amono,oblique_2,2,134,1,24,8,"[4, 4, 4, 2, 2, 1, 1, 1]",16,0,8,8,0,0,[],[],0,0,0,0,0,1,0,0,0,0,2,0,249,0.001297637999869039,14
Amono,oblique_2,2,162,1,24,8,"[1, 1, 1, 1, 4, 1, 1, 1]",16,0,8,8,0,0,[],[],0,0,0,0,0,1,0,0,0,0,2,0,194,0.0007389790000615903,9
Amono,oblique_2,2,243,1,24,8,"[1, 1, 1, 1, 1, 2, 1, 1]",16,0,8,8,0,0,[],[],0,0,0,0,0,1,0,0,0,0,2,0,194,0.0007991699999365665,9
Amono,oblique_2,2,486,1,24,8,"[1, 1, 1, 1, 1, 4, 1, 1]",16,0,8,8,0,0,[],[],0,0,0,0,0,1,0,0,0,0,2,0,194,0.0007358039999871835,9
Amono,oblique_2,2,495,1,24,8,"[1, 1, 2, 1, 1, 4, 1, 1]",16,0,8,8,0,0,[],[],0,0,0,0,0,1,0,0,0,0,2,0,198,0.0007593200000428624,11
Amono,oblique_2,2,526,2,24,9,"[2, 6, 2, 2, 1, 4, 1, 1]",15,0,9,7,0,0,[],[],0,1,0,1,0,2,0,0,0,0,3,0,337,0.0014409039999918605,14
Amono,oblique_2,2,587,1,24,8,"[4, 1, 4, 1, 2, 4, 1, 1]",16,0,8,8,0,0,[],[],0,0,0,0,0,1,0,0,0,0,2,0,218,0.0008606519998011208,13
Amono,oblique_2,2,729,1,24,8,"[1, 1, 1, 1, 1, 1, 2, 1]",16,0,8,8,0,0,[],[],0,0,0,0,0,1,0,0,0,0,2,0,195,0.000738878999982262,9
Amono,oblique_2,2,774,1,24,8,"[1, 1, 4, 2, 1, 1, 2, 1]",16,0,8,8,0,0,[],[],0,0,0,0,0,1,0,0,0,0,2,0,219,0.000864787999944383,11
Amono,oblique_2,2,1037,3,24,10,"[4, 1, 2, 4, 7, 2, 2, 1]",14,0,10,7,1,0,[],[],0,1,0,1,1,3,0,0,0,0,4,0,405,0.001743095999927391,12
Amono,oblique_2,2,1217,1,24,8,"[4, 1, 1, 1, 1, 4, 2, 1]",16,0,8,8,0,0,[],[],0,0,0,0,0,1,0,0,0,0,2,0,206,0.0008033359999899403,12
Amono,oblique_2,2,1228,1,24,8,"[2, 2, 2, 1, 1, 4, 2, 1]",16,0,8,8,0,0,[],[],0,0,0,0,0,1,0,0,0,0,2,0,215,0.0008613739998963865,13
Amono,oblique_2,2,1458,1,24,8,"[1, 1, 1, 1, 1, 1, 4, 1]",16,0,8,8,0,0,[],[],0,0,0,0,0,1,0,0,0,0,2,0,193,0.0007672419999380509,8
Amono,oblique_2,2,1469,1,24,8,"[4, 1, 2, 1, 1, 1, 4, 1]",16,0,8,8,0,0,[],[],0,0,0,0,0,1,0,0,0,0,2,0,205,0.0008012929999949847,10
Amono,oblique_2,2,1625,1,24,8,"[4, 2, 1, 1, 4, 1, 4, 1]",16,0,8,8,0,0,[],[],0,0,0,0,0,1,0,0,0,0,2,0,213,0.0008509679998951469,10
Amono,oblique_2,2,1657,1,24,8,"[2, 1, 2, 2, 4, 1, 4, 1]",16,0,8,8,0,0,[],[],0,0,0,0,0,1,0,0,0,0,2,0,249,0.0010441379999974743,12
Amono,oblique_2,2,1715,2,24,9,"[4, 6, 2, 1, 1, 2, 4, 1]",15,0,9,7,0,0,[],[],0,1,0,1,0,2,0,0,0,0,3,0,308,0.001418279000063194,11
Amono,oblique_2,2,1720,1,24,8,"[2, 1, 4, 1, 1, 2, 4, 1]",16,0,8,8,0,0,[],[],0,0,0,0,0,1,0,0,0,0,2,0,209,0.000901333000001614,11
Amono,oblique_2,2,1820,1,24,8,"[4, 1, 2, 2, 2, 2, 4, 1]",16,0,8,8,0,0,[],[],0,0,0,0,0,1,0,0,0,0,2,0,252,0.0010664310000265687,13
Amono,oblique_2,2,2187,1,24,8,"[1, 1, 1, 1, 1, 1, 1, 2]",16,0,8,8,0,0,[],[],0,0,0,0,0,1,0,0,0,0,2,0,193,0.0007198809998953948,9
Amono,oblique_2,2,2272,1,24,8,"[2, 2, 1, 1, 2, 1, 1, 2]",16,0,8,8,0,0,[],[],0,0,0,0,0,1,0,0,0,0,2,0,215,0.0008763959999669169,12
Amono,oblique_2,2,2370,1,24,8,"[1, 2, 4, 1, 4, 1, 1, 2]",16,0,8,8,0,0,[],[],0,0,0,0,0,1,0,0,0,0,2,0,237,0.0009630260001358693,13
Amono,oblique_2,2,2451,1,24,8,"[1, 2, 4, 1, 1, 2, 1, 2]",16,0,8,8,0,0,[],[],0,0,0,0,0,1,0,0,0,0,2,0,204,0.000810956999885093,13
Amono,oblique_2,2,2921,1,24,8,"[4, 2, 1, 1, 1, 1, 2, 2]",16,0,8,8,0,0,[],[],0,0,0,0,0,1,0,0,0,0,2,0,216,0.0008629450001080841,14
Amono,oblique_2,2,3198,2,24,9,"[1, 2, 2, 6, 1, 2, 2, 2]",15,0,9,7,0,0,[],[],0,1,0,1,0,2,0,0,0,0,3,0,308,0.001357388000087667,13
Amono,oblique_2,2,3199,16,24,13,"[2, 6, 2, 7, 7, 2, 2, 2]",11,0,13,5,0,1,[3],[3],3,3,0,3,2,6,0,0,0,0,7,0,686,0.0034138460000576742,13
Amono,oblique_2,2,3240,1,24,8,"[1, 1, 1, 1, 2, 2, 2, 2]",16,0,8,8,0,0,[],[],0,0,0,0,0,1,0,0,0,0,2,0,202,0.0007761750000554457,12
Amono,oblique_2,2,3659,1,24,8,"[4, 2, 2, 1, 1, 1, 4, 2]",16,0,8,8,0,0,[],[],0,0,0,0,0,1,0,0,0,0,2,0,219,0.0008980879999853641,12
Amono,oblique_2,2,3662,1,24,8,"[4, 4, 2, 1, 1, 1, 4, 2]",16,0,8,8,0,0,[],[],0,0,0,0,0,1,0,0,0,0,2,0,224,0.0009159449998605851,12
Amono,oblique_2,2,3738,2,24,9,"[1, 2, 2, 1, 6, 1, 4, 2]",15,0,9,7,0,0,[],[],0,1,0,1,0,2,0,0,0,0,3,0,294,0.0012350839999726304,11
Amono,oblique_2,2,3918,1,24,8,"[1, 2, 1, 2, 1, 2, 4, 2]",16,0,8,8,0,0,[],[],0,0,0,0,0,1,0,0,0,0,2,0,210,0.0008102360000066255,12
Amono,oblique_2,2,4374,1,24,8,"[1, 1, 1, 1, 1, 1, 1, 4]",16,0,8,8,0,0,[],[],0,0,0,0,0,1,0,0,0,0,2,0,193,0.0007266210000125284,9
Amono,oblique_2,2,4377,1,24,8,"[1, 2, 1, 1, 1, 1, 1, 4]",16,0,8,8,0,0,[],[],0,0,0,0,0,1,0,0,0,0,2,0,198,0.0007522289999997156,10
Amono,oblique_2,2,4407,1,24,8,"[1, 4, 1, 2, 1, 1, 1, 4]",16,0,8,8,0,0,[],[],0,0,0,0,0,1,0,0,0,0,2,0,207,0.0008220439999604423,11
Amono,oblique_2,2,4538,1,24,8,"[4, 1, 1, 1, 4, 1, 1, 4]",16,0,8,8,0,0,[],[],0,0,0,0,0,1,0,0,0,0,2,0,198,0.0008637560001716338,10
Amono,oblique_2,2,4621,1,24,8,"[2, 2, 1, 1, 1, 2, 1, 4]",16,0,8,8,0,0,[],[],0,0,0,0,0,1,0,0,0,0,2,0,211,0.0010821349999332597,14
Amono,oblique_2,2,4637,1,24,8,"[4, 1, 4, 1, 1, 2, 1, 4]",16,0,8,8,0,0,[],[],0,0,0,0,0,1,0,0,0,0,2,0,214,0.000926301000163221,12
Amono,oblique_2,2,4736,1,24,8,"[4, 1, 2, 2, 2, 2, 1, 4]",16,0,8,8,0,0,[],[],0,0,0,0,0,1,0,0,0,0,2,0,233,0.0009463710000545689,15
Amono,oblique_2,2,4978,1,24,8,"[2, 1, 2, 2, 2, 4, 1, 4]",16,0,8,8,0,0,[],[],0,0,0,0,0,1,0,0,0,0,2,0,233,0.0009543319999920641,15
Amono,oblique_2,2,5126,1,24,8,"[4, 2, 4, 1, 1, 1, 2, 4]",16,0,8,8,0,0,[],[],0,0,0,0,0,1,0,0,0,0,2,0,221,0.0009425460000329622,13
Amono,oblique_2,2,5353,1,24,8,"[2, 4, 1, 1, 1, 2, 2, 4]",16,0,8,8,0,0,[],[],0,0,0,0,0,1,0,0,0,0,2,0,221,0.0008895049998045579,15
Amono,oblique_2,2,5395,16,24,13,"[2, 6, 4, 7, 7, 2, 2, 4]",11,0,13,5,0,1,[3],[3],3,3,0,3,2,6,0,0,0,0,7,0,688,0.003417310000031648,13
Amono,oblique_2,2,5952,4,24,10,"[1, 2, 2, 6, 6, 1, 4, 4]",14,0,10,6,0,0,[],[],0,2,0,2,0,3,0,0,0,0,4,0,412,0.0018568680000043969,12
Amono,oblique_2,2,6334,17,24,13,"[2, 6, 2, 7, 7, 4, 4, 4]",11,0,13,5,0,1,[3],[3],3,3,0,3,2,6,0,0,0,0,7,0,660,0.003327205999994476,11
Amono,oblique_2,2,6341,18,24,13,"[4, 6, 4, 7, 7, 4, 4, 4]",11,0,13,5,2,0,[],[],0,3,0,3,2,6,0,0,0,0,7,0,660,0.003370911000047272,11
