job,mask,resolution,palette,k,suite,operation,ambiguity,families,truth_memberships,branch_sum,branching_families,max_root_component,max_branches
r8_m000_split,0,8,split,0,axis_1,feasibility,unique,1,1,0,0,0,0
r8_m000_split,0,8,split,0,axis_1,feasibility,ambiguous,15,255,0,0,2,0
r8_m000_split,0,8,split,0,axis_2,feasibility,unique,81,81,0,0,0,0
r8_m000_split,0,8,split,0,axis_2,feasibility,ambiguous,19,175,0,0,4,0
r8_m000_split,0,8,split,0,axis_3,feasibility,unique,121,121,0,0,0,0
r8_m000_split,0,8,split,0,axis_3,feasibility,ambiguous,45,135,0,0,8,0
r8_m000_split,0,8,split,0,axis_6,feasibility,unique,121,121,0,0,0,0
r8_m000_split,0,8,split,0,axis_6,feasibility,ambiguous,45,135,0,0,8,0
r8_m000_split,0,8,split,0,oblique_1,feasibility,unique,150,150,0,0,0,0
r8_m000_split,0,8,split,0,oblique_1,feasibility,ambiguous,48,106,0,0,2,0
r8_m000_split,0,8,split,0,oblique_2,feasibility,unique,225,225,0,0,0,0
r8_m000_split,0,8,split,0,oblique_2,feasibility,ambiguous,15,31,0,0,2,0
r8_m000_split,0,8,split,0,axis_1,projection,unique,1,1,0,0,0,0
r8_m000_split,0,8,split,0,axis_1,projection,ambiguous,15,255,0,0,2,0
r8_m000_split,0,8,split,0,axis_2,projection,unique,81,81,0,0,0,0
r8_m000_split,0,8,split,0,axis_2,projection,ambiguous,19,175,0,0,4,0
r8_m000_split,0,8,split,0,axis_3,projection,unique,121,121,0,0,0,0
r8_m000_split,0,8,split,0,axis_3,projection,ambiguous,45,135,0,0,8,0
r8_m000_split,0,8,split,0,axis_6,projection,unique,121,121,0,0,0,0
r8_m000_split,0,8,split,0,axis_6,projection,ambiguous,45,135,0,0,8,0
r8_m000_split,0,8,split,0,oblique_1,projection,unique,150,150,0,0,0,0
r8_m000_split,0,8,split,0,oblique_1,projection,ambiguous,48,106,0,0,2,0
r8_m000_split,0,8,split,0,oblique_2,projection,unique,225,225,0,0,0,0
r8_m000_split,0,8,split,0,oblique_2,projection,ambiguous,15,31,0,0,2,0
r8_m000_same,0,8,same,0,axis_1,feasibility,unique,1,1,0,0,0,0
r8_m000_same,0,8,same,0,axis_1,feasibility,ambiguous,15,255,0,0,2,0
r8_m000_same,0,8,same,0,axis_2,feasibility,unique,81,81,0,0,0,0
r8_m000_same,0,8,same,0,axis_2,feasibility,ambiguous,19,175,0,0,4,0
r8_m000_same,0,8,same,0,axis_3,feasibility,unique,121,121,0,0,0,0
r8_m000_same,0,8,same,0,axis_3,feasibility,ambiguous,45,135,0,0,8,0
r8_m000_same,0,8,same,0,axis_6,feasibility,unique,121,121,0,0,0,0
r8_m000_same,0,8,same,0,axis_6,feasibility,ambiguous,45,135,0,0,8,0
r8_m000_same,0,8,same,0,oblique_1,feasibility,unique,150,150,0,0,0,0
r8_m000_same,0,8,same,0,oblique_1,feasibility,ambiguous,48,106,0,0,2,0
r8_m000_same,0,8,same,0,oblique_2,feasibility,unique,225,225,0,0,0,0
r8_m000_same,0,8,same,0,oblique_2,feasibility,ambiguous,15,31,0,0,2,0
r8_m000_same,0,8,same,0,axis_1,projection,unique,1,1,0,0,0,0
r8_m000_same,0,8,same,0,axis_1,projection,ambiguous,15,255,0,0,2,0
r8_m000_same,0,8,same,0,axis_2,projection,unique,81,81,0,0,0,0
r8_m000_same,0,8,same,0,axis_2,projection,ambiguous,19,175,0,0,4,0
r8_m000_same,0,8,same,0,axis_3,projection,unique,121,121,0,0,0,0
r8_m000_same,0,8,same,0,axis_3,projection,ambiguous,45,135,0,0,8,0
r8_m000_same,0,8,same,0,axis_6,projection,unique,121,121,0,0,0,0
r8_m000_same,0,8,same,0,axis_6,projection,ambiguous,45,135,0,0,8,0
r8_m000_same,0,8,same,0,oblique_1,projection,unique,150,150,0,0,0,0
r8_m000_same,0,8,same,0,oblique_1,projection,ambiguous,48,106,0,0,2,0
r8_m000_same,0,8,same,0,oblique_2,projection,unique,225,225,0,0,0,0
r8_m000_same,0,8,same,0,oblique_2,projection,ambiguous,15,31,0,0,2,0
r16_m000_split,0,16,split,0,axis_1,feasibility,unique,16,16,0,0,0,0
r16_m000_split,0,16,split,0,axis_1,feasibility,ambiguous,65,240,0,0,0,0
r16_m000_split,0,16,split,0,axis_2,feasibility,unique,144,144,0,0,0,0
r16_m000_split,0,16,split,0,axis_2,feasibility,ambiguous,52,112,0,0,0,0
r16_m000_split,0,16,split,0,axis_3,feasibility,unique,224,224,0,0,0,0
r16_m000_split,0,16,split,0,axis_3,feasibility,ambiguous,16,32,0,0,0,0
r16_m000_split,0,16,split,0,axis_6,feasibility,unique,256,256,0,0,0,0
r16_m000_split,0,16,split,0,oblique_1,feasibility,unique,186,186,0,0,0,0
r16_m000_split,0,16,split,0,oblique_1,feasibility,ambiguous,34,70,0,0,2,0
r16_m000_split,0,16,split,0,oblique_2,feasibility,unique,241,241,0,0,0,0
r16_m000_split,0,16,split,0,oblique_2,feasibility,ambiguous,7,15,0,0,2,0
r16_m000_split,0,16,split,0,axis_1,projection,unique,16,16,0,0,0,0
r16_m000_split,0,16,split,0,axis_1,projection,ambiguous,65,240,0,0,0,0
r16_m000_split,0,16,split,0,axis_2,projection,unique,144,144,0,0,0,0
r16_m000_split,0,16,split,0,axis_2,projection,ambiguous,52,112,0,0,0,0
r16_m000_split,0,16,split,0,axis_3,projection,unique,224,224,0,0,0,0
r16_m000_split,0,16,split,0,axis_3,projection,ambiguous,16,32,0,0,0,0
r16_m000_split,0,16,split,0,axis_6,projection,unique,256,256,0,0,0,0
r16_m000_split,0,16,split,0,oblique_1,projection,unique,186,186,0,0,0,0
r16_m000_split,0,16,split,0,oblique_1,projection,ambiguous,34,70,0,0,2,0
r16_m000_split,0,16,split,0,oblique_2,projection,unique,241,241,0,0,0,0
r16_m000_split,0,16,split,0,oblique_2,projection,ambiguous,7,15,0,0,2,0
r16_m000_same,0,16,same,0,axis_1,feasibility,unique,16,16,0,0,0,0
r16_m000_same,0,16,same,0,axis_1,feasibility,ambiguous,65,240,0,0,0,0
r16_m000_same,0,16,same,0,axis_2,feasibility,unique,144,144,0,0,0,0
r16_m000_same,0,16,same,0,axis_2,feasibility,ambiguous,52,112,0,0,0,0
r16_m000_same,0,16,same,0,axis_3,feasibility,unique,224,224,0,0,0,0
r16_m000_same,0,16,same,0,axis_3,feasibility,ambiguous,16,32,0,0,0,0
r16_m000_same,0,16,same,0,axis_6,feasibility,unique,256,256,0,0,0,0
r16_m000_same,0,16,same,0,oblique_1,feasibility,unique,186,186,0,0,0,0
r16_m000_same,0,16,same,0,oblique_1,feasibility,ambiguous,34,70,0,0,2,0
r16_m000_same,0,16,same,0,oblique_2,feasibility,unique,241,241,0,0,0,0
r16_m000_same,0,16,same,0,oblique_2,feasibility,ambiguous,7,15,0,0,2,0
r16_m000_same,0,16,same,0,axis_1,projection,unique,16,16,0,0,0,0
r16_m000_same,0,16,same,0,axis_1,projection,ambiguous,65,240,0,0,0,0
r16_m000_same,0,16,same,0,axis_2,projection,unique,144,144,0,0,0,0
r16_m000_same,0,16,same,0,axis_2,projection,ambiguous,52,112,0,0,0,0
r16_m000_same,0,16,same,0,axis_3,projection,unique,224,224,0,0,0,0
r16_m000_same,0,16,same,0,axis_3,projection,ambiguous,16,32,0,0,0,0
r16_m000_same,0,16,same,0,axis_6,projection,unique,256,256,0,0,0,0
r16_m000_same,0,16,same,0,oblique_1,projection,unique,186,186,0,0,0,0
r16_m000_same,0,16,same,0,oblique_1,projection,ambiguous,34,70,0,0,2,0
r16_m000_same,0,16,same,0,oblique_2,projection,unique,241,241,0,0,0,0
r16_m000_same,0,16,same,0,oblique_2,projection,ambiguous,7,15,0,0,2,0
r8_m001_same,1,8,same,1,axis_1,feasibility,unique,3,3,0,0,0,0
r8_m001_same,1,8,same,1,axis_1,feasibility,ambiguous,29,381,0,0,2,0
r8_m001_same,1,8,same,1,axis_2,feasibility,unique,108,108,0,0,0,0
r8_m001_same,1,8,same,1,axis_2,feasibility,ambiguous,42,276,0,0,4,0
r8_m001_same,1,8,same,1,axis_3,feasibility,unique,193,193,0,0,0,0
r8_m001_same,1,8,same,1,axis_3,feasibility,ambiguous,63,191,0,0,8,0
r8_m001_same,1,8,same,1,axis_6,feasibility,unique,193,193,0,0,0,0
r8_m001_same,1,8,same,1,axis_6,feasibility,ambiguous,63,191,0,0,8,0
r8_m001_same,1,8,same,1,oblique_1,feasibility,unique,204,204,0,0,0,0
r8_m001_same,1,8,same,1,oblique_1,feasibility,ambiguous,72,180,0,0,2,0
r8_m001_same,1,8,same,1,oblique_2,feasibility,unique,317,317,0,0,0,0
r8_m001_same,1,8,same,1,oblique_2,feasibility,ambiguous,32,67,0,0,2,0
r8_m001_same,1,8,same,1,axis_1,projection,unique,3,3,0,0,0,0
r8_m001_same,1,8,same,1,axis_1,projection,ambiguous,29,381,0,0,2,0
r8_m001_same,1,8,same,1,axis_2,projection,unique,108,108,0,0,0,0
r8_m001_same,1,8,same,1,axis_2,projection,ambiguous,42,276,0,0,4,0
r8_m001_same,1,8,same,1,axis_3,projection,unique,193,193,0,0,0,0
r8_m001_same,1,8,same,1,axis_3,projection,ambiguous,63,191,0,0,8,0
r8_m001_same,1,8,same,1,axis_6,projection,unique,193,193,0,0,0,0
r8_m001_same,1,8,same,1,axis_6,projection,ambiguous,63,191,0,0,8,0
r8_m001_same,1,8,same,1,oblique_1,projection,unique,204,204,0,0,0,0
r8_m001_same,1,8,same,1,oblique_1,projection,ambiguous,72,180,0,0,2,0
r8_m001_same,1,8,same,1,oblique_2,projection,unique,317,317,0,0,0,0
r8_m001_same,1,8,same,1,oblique_2,projection,ambiguous,32,67,0,0,2,0
r8_m001_split,1,8,split,1,axis_1,feasibility,unique,3,3,0,0,0,0
r8_m001_split,1,8,split,1,axis_1,feasibility,ambiguous,29,381,0,0,2,0
r8_m001_split,1,8,split,1,axis_2,feasibility,unique,108,108,0,0,0,0
r8_m001_split,1,8,split,1,axis_2,feasibility,ambiguous,42,276,0,0,4,0
r8_m001_split,1,8,split,1,axis_3,feasibility,unique,193,193,0,0,0,0
r8_m001_split,1,8,split,1,axis_3,feasibility,ambiguous,63,191,0,0,8,0
r8_m001_split,1,8,split,1,axis_6,feasibility,unique,205,205,0,0,0,0
r8_m001_split,1,8,split,1,axis_6,feasibility,ambiguous,62,179,0,0,8,0
r8_m001_split,1,8,split,1,oblique_1,feasibility,unique,230,230,0,0,0,0
r8_m001_split,1,8,split,1,oblique_1,feasibility,ambiguous,72,154,0,0,2,0
r8_m001_split,1,8,split,1,oblique_2,feasibility,unique,353,353,0,0,0,0
r8_m001_split,1,8,split,1,oblique_2,feasibility,ambiguous,15,31,0,0,2,0
r8_m001_split,1,8,split,1,axis_1,projection,unique,3,3,0,0,0,0
r8_m001_split,1,8,split,1,axis_1,projection,ambiguous,29,381,0,0,2,0
r8_m001_split,1,8,split,1,axis_2,projection,unique,108,108,0,0,0,0
r8_m001_split,1,8,split,1,axis_2,projection,ambiguous,42,276,0,0,4,0
r8_m001_split,1,8,split,1,axis_3,projection,unique,193,193,0,0,0,0
r8_m001_split,1,8,split,1,axis_3,projection,ambiguous,63,191,0,0,8,0
r8_m001_split,1,8,split,1,axis_6,projection,unique,205,205,0,0,0,0
r8_m001_split,1,8,split,1,axis_6,projection,ambiguous,62,179,0,0,8,0
r8_m001_split,1,8,split,1,oblique_1,projection,unique,230,230,0,0,0,0
r8_m001_split,1,8,split,1,oblique_1,projection,ambiguous,72,154,0,0,2,0
r8_m001_split,1,8,split,1,oblique_2,projection,unique,353,353,0,0,0,0
r8_m001_split,1,8,split,1,oblique_2,projection,ambiguous,15,31,0,0,2,0
r8_m128_split,128,8,split,1,axis_1,feasibility,unique,3,3,0,0,0,0
r8_m128_split,128,8,split,1,axis_1,feasibility,ambiguous,29,381,0,0,2,0
r8_m128_split,128,8,split,1,axis_2,feasibility,unique,135,135,0,0,0,0
r8_m128_split,128,8,split,1,axis_2,feasibility,ambiguous,35,249,0,0,4,0
r8_m128_split,128,8,split,1,axis_3,feasibility,unique,205,205,0,0,0,0
r8_m128_split,128,8,split,1,axis_3,feasibility,ambiguous,62,179,0,0,8,0
r8_m128_split,128,8,split,1,axis_6,feasibility,unique,205,205,0,0,0,0
r8_m128_split,128,8,split,1,axis_6,feasibility,ambiguous,62,179,0,0,8,0
r8_m128_split,128,8,split,1,oblique_1,feasibility,unique,238,238,0,0,0,0
r8_m128_split,128,8,split,1,oblique_1,feasibility,ambiguous,68,146,0,0,2,0
r8_m128_split,128,8,split,1,oblique_2,feasibility,unique,345,345,0,0,0,0
r8_m128_split,128,8,split,1,oblique_2,feasibility,ambiguous,19,39,0,0,2,0
r8_m128_split,128,8,split,1,axis_1,projection,unique,3,3,0,0,0,0
r8_m128_split,128,8,split,1,axis_1,projection,ambiguous,29,381,0,0,2,0
r8_m128_split,128,8,split,1,axis_2,projection,unique,135,135,0,0,0,0
r8_m128_split,128,8,split,1,axis_2,projection,ambiguous,35,249,0,0,4,0
r8_m128_split,128,8,split,1,axis_3,projection,unique,205,205,0,0,0,0
r8_m128_split,128,8,split,1,axis_3,projection,ambiguous,62,179,0,0,8,0
r8_m128_split,128,8,split,1,axis_6,projection,unique,205,205,0,0,0,0
r8_m128_split,128,8,split,1,axis_6,projection,ambiguous,62,179,0,0,8,0
r8_m128_split,128,8,split,1,oblique_1,projection,unique,238,238,0,0,0,0
r8_m128_split,128,8,split,1,oblique_1,projection,ambiguous,68,146,0,0,2,0
r8_m128_split,128,8,split,1,oblique_2,projection,unique,345,345,0,0,0,0
r8_m128_split,128,8,split,1,oblique_2,projection,ambiguous,19,39,0,0,2,0
r8_m128_same,128,8,same,1,axis_1,feasibility,unique,3,3,0,0,0,0
r8_m128_same,128,8,same,1,axis_1,feasibility,ambiguous,29,381,0,0,2,0
r8_m128_same,128,8,same,1,axis_2,feasibility,unique,108,108,0,0,0,0
r8_m128_same,128,8,same,1,axis_2,feasibility,ambiguous,42,276,0,0,4,0
r8_m128_same,128,8,same,1,axis_3,feasibility,unique,193,193,0,0,0,0
r8_m128_same,128,8,same,1,axis_3,feasibility,ambiguous,63,191,0,0,8,0
r8_m128_same,128,8,same,1,axis_6,feasibility,unique,193,193,0,0,0,0
r8_m128_same,128,8,same,1,axis_6,feasibility,ambiguous,63,191,0,0,8,0
r8_m128_same,128,8,same,1,oblique_1,feasibility,unique,238,238,0,0,0,0
r8_m128_same,128,8,same,1,oblique_1,feasibility,ambiguous,68,146,0,0,2,0
r8_m128_same,128,8,same,1,oblique_2,feasibility,unique,345,345,0,0,0,0
r8_m128_same,128,8,same,1,oblique_2,feasibility,ambiguous,19,39,0,0,2,0
r8_m128_same,128,8,same,1,axis_1,projection,unique,3,3,0,0,0,0
r8_m128_same,128,8,same,1,axis_1,projection,ambiguous,29,381,0,0,2,0
r8_m128_same,128,8,same,1,axis_2,projection,unique,108,108,0,0,0,0
r8_m128_same,128,8,same,1,axis_2,projection,ambiguous,42,276,0,0,4,0
r8_m128_same,128,8,same,1,axis_3,projection,unique,193,193,0,0,0,0
r8_m128_same,128,8,same,1,axis_3,projection,ambiguous,63,191,0,0,8,0
r8_m128_same,128,8,same,1,axis_6,projection,unique,193,193,0,0,0,0
r8_m128_same,128,8,same,1,axis_6,projection,ambiguous,63,191,0,0,8,0
r8_m128_same,128,8,same,1,oblique_1,projection,unique,238,238,0,0,0,0
r8_m128_same,128,8,same,1,oblique_1,projection,ambiguous,68,146,0,0,2,0
r8_m128_same,128,8,same,1,oblique_2,projection,unique,345,345,0,0,0,0
r8_m128_same,128,8,same,1,oblique_2,projection,ambiguous,19,39,0,0,2,0
r8_m002_same,2,8,same,1,axis_1,feasibility,unique,3,3,0,0,0,0
r8_m002_same,2,8,same,1,axis_1,feasibility,ambiguous,29,381,0,0,2,0
r8_m002_same,2,8,same,1,axis_2,feasibility,unique,108,108,0,0,0,0
r8_m002_same,2,8,same,1,axis_2,feasibility,ambiguous,42,276,0,0,4,0
r8_m002_same,2,8,same,1,axis_3,feasibility,unique,193,193,0,0,0,0
r8_m002_same,2,8,same,1,axis_3,feasibility,ambiguous,63,191,0,0,8,0
r8_m002_same,2,8,same,1,axis_6,feasibility,unique,193,193,0,0,0,0
r8_m002_same,2,8,same,1,axis_6,feasibility,ambiguous,63,191,0,0,8,0
r8_m002_same,2,8,same,1,oblique_1,feasibility,unique,202,202,0,0,0,0
r8_m002_same,2,8,same,1,oblique_1,feasibility,ambiguous,80,182,0,0,2,0
r8_m002_same,2,8,same,1,oblique_2,feasibility,unique,298,298,0,0,0,0
r8_m002_same,2,8,same,1,oblique_2,feasibility,ambiguous,41,86,0,0,2,0
r8_m002_same,2,8,same,1,axis_1,projection,unique,3,3,0,0,0,0
r8_m002_same,2,8,same,1,axis_1,projection,ambiguous,29,381,0,0,2,0
r8_m002_same,2,8,same,1,axis_2,projection,unique,108,108,0,0,0,0
r8_m002_same,2,8,same,1,axis_2,projection,ambiguous,42,276,0,0,4,0
r8_m002_same,2,8,same,1,axis_3,projection,unique,193,193,0,0,0,0
r8_m002_same,2,8,same,1,axis_3,projection,ambiguous,63,191,0,0,8,0
r8_m002_same,2,8,same,1,axis_6,projection,unique,193,193,0,0,0,0
r8_m002_same,2,8,same,1,axis_6,projection,ambiguous,63,191,0,0,8,0
r8_m002_same,2,8,same,1,oblique_1,projection,unique,202,202,0,0,0,0
r8_m002_same,2,8,same,1,oblique_1,projection,ambiguous,80,182,0,0,2,0
r8_m002_same,2,8,same,1,oblique_2,projection,unique,298,298,0,0,0,0
r8_m002_same,2,8,same,1,oblique_2,projection,ambiguous,41,86,0,0,2,0
r8_m002_split,2,8,split,1,axis_1,feasibility,unique,3,3,0,0,0,0
r8_m002_split,2,8,split,1,axis_1,feasibility,ambiguous,29,381,0,0,2,0
r8_m002_split,2,8,split,1,axis_2,feasibility,unique,108,108,0,0,0,0
r8_m002_split,2,8,split,1,axis_2,feasibility,ambiguous,42,276,0,0,4,0
r8_m002_split,2,8,split,1,axis_3,feasibility,unique,193,193,0,0,0,0
r8_m002_split,2,8,split,1,axis_3,feasibility,ambiguous,63,191,0,0,8,0
r8_m002_split,2,8,split,1,axis_6,feasibility,unique,205,205,0,0,0,0
r8_m002_split,2,8,split,1,axis_6,feasibility,ambiguous,62,179,0,0,8,0
r8_m002_split,2,8,split,1,oblique_1,feasibility,unique,230,230,0,0,0,0
r8_m002_split,2,8,split,1,oblique_1,feasibility,ambiguous,72,154,0,0,2,0
r8_m002_split,2,8,split,1,oblique_2,feasibility,unique,353,353,0,0,0,0
r8_m002_split,2,8,split,1,oblique_2,feasibility,ambiguous,15,31,0,0,2,0
r8_m002_split,2,8,split,1,axis_1,projection,unique,3,3,0,0,0,0
r8_m002_split,2,8,split,1,axis_1,projection,ambiguous,29,381,0,0,2,0
r8_m002_split,2,8,split,1,axis_2,projection,unique,108,108,0,0,0,0
r8_m002_split,2,8,split,1,axis_2,projection,ambiguous,42,276,0,0,4,0
r8_m002_split,2,8,split,1,axis_3,projection,unique,193,193,0,0,0,0
r8_m002_split,2,8,split,1,axis_3,projection,ambiguous,63,191,0,0,8,0
r8_m002_split,2,8,split,1,axis_6,projection,unique,205,205,0,0,0,0
r8_m002_split,2,8,split,1,axis_6,projection,ambiguous,62,179,0,0,8,0
r8_m002_split,2,8,split,1,oblique_1,projection,unique,230,230,0,0,0,0
r8_m002_split,2,8,split,1,oblique_1,projection,ambiguous,72,154,0,0,2,0
r8_m002_split,2,8,split,1,oblique_2,projection,unique,353,353,0,0,0,0
r8_m002_split,2,8,split,1,oblique_2,projection,ambiguous,15,31,0,0,2,0
r8_m004_split,4,8,split,1,axis_1,feasibility,unique,3,3,0,0,0,0
r8_m004_split,4,8,split,1,axis_1,feasibility,ambiguous,29,381,0,0,2,0
r8_m004_split,4,8,split,1,axis_2,feasibility,unique,135,135,0,0,0,0
r8_m004_split,4,8,split,1,axis_2,feasibility,ambiguous,35,249,0,0,4,0
r8_m004_split,4,8,split,1,axis_3,feasibility,unique,205,205,0,0,0,0
r8_m004_split,4,8,split,1,axis_3,feasibility,ambiguous,62,179,0,0,8,0
r8_m004_split,4,8,split,1,axis_6,feasibility,unique,205,205,0,0,0,0
r8_m004_split,4,8,split,1,axis_6,feasibility,ambiguous,62,179,0,0,8,0
r8_m004_split,4,8,split,1,oblique_1,feasibility,unique,174,174,0,0,0,0
r8_m004_split,4,8,split,1,oblique_1,feasibility,ambiguous,78,210,0,0,2,0
r8_m004_split,4,8,split,1,oblique_2,feasibility,unique,345,345,0,0,0,0
r8_m004_split,4,8,split,1,oblique_2,feasibility,ambiguous,19,39,0,0,2,0
r8_m004_split,4,8,split,1,axis_1,projection,unique,3,3,0,0,0,0
r8_m004_split,4,8,split,1,axis_1,projection,ambiguous,29,381,0,0,2,0
r8_m004_split,4,8,split,1,axis_2,projection,unique,135,135,0,0,0,0
r8_m004_split,4,8,split,1,axis_2,projection,ambiguous,35,249,0,0,4,0
r8_m004_split,4,8,split,1,axis_3,projection,unique,205,205,0,0,0,0
r8_m004_split,4,8,split,1,axis_3,projection,ambiguous,62,179,0,0,8,0
r8_m004_split,4,8,split,1,axis_6,projection,unique,205,205,0,0,0,0
r8_m004_split,4,8,split,1,axis_6,projection,ambiguous,62,179,0,0,8,0
r8_m004_split,4,8,split,1,oblique_1,projection,unique,174,174,0,0,0,0
r8_m004_split,4,8,split,1,oblique_1,projection,ambiguous,78,210,0,0,2,0
r8_m004_split,4,8,split,1,oblique_2,projection,unique,345,345,0,0,0,0
r8_m004_split,4,8,split,1,oblique_2,projection,ambiguous,19,39,0,0,2,0
r8_m004_same,4,8,same,1,axis_1,feasibility,unique,3,3,0,0,0,0
r8_m004_same,4,8,same,1,axis_1,feasibility,ambiguous,29,381,0,0,2,0
r8_m004_same,4,8,same,1,axis_2,feasibility,unique,108,108,0,0,0,0
r8_m004_same,4,8,same,1,axis_2,feasibility,ambiguous,42,276,0,0,4,0
r8_m004_same,4,8,same,1,axis_3,feasibility,unique,193,193,0,0,0,0
r8_m004_same,4,8,same,1,axis_3,feasibility,ambiguous,63,191,0,0,8,0
r8_m004_same,4,8,same,1,axis_6,feasibility,unique,193,193,0,0,0,0
r8_m004_same,4,8,same,1,axis_6,feasibility,ambiguous,63,191,0,0,8,0
r8_m004_same,4,8,same,1,oblique_1,feasibility,unique,174,174,0,0,0,0
r8_m004_same,4,8,same,1,oblique_1,feasibility,ambiguous,78,210,0,0,2,0
r8_m004_same,4,8,same,1,oblique_2,feasibility,unique,345,345,0,0,0,0
r8_m004_same,4,8,same,1,oblique_2,feasibility,ambiguous,19,39,0,0,2,0
r8_m004_same,4,8,same,1,axis_1,projection,unique,3,3,0,0,0,0
r8_m004_same,4,8,same,1,axis_1,projection,ambiguous,29,381,0,0,2,0
r8_m004_same,4,8,same,1,axis_2,projection,unique,108,108,0,0,0,0
r8_m004_same,4,8,same,1,axis_2,projection,ambiguous,42,276,0,0,4,0
r8_m004_same,4,8,same,1,axis_3,projection,unique,193,193,0,0,0,0
r8_m004_same,4,8,same,1,axis_3,projection,ambiguous,63,191,0,0,8,0
r8_m004_same,4,8,same,1,axis_6,projection,unique,193,193,0,0,0,0
r8_m004_same,4,8,same,1,axis_6,projection,ambiguous,63,191,0,0,8,0
r8_m004_same,4,8,same,1,oblique_1,projection,unique,174,174,0,0,0,0
r8_m004_same,4,8,same,1,oblique_1,projection,ambiguous,78,210,0,0,2,0
r8_m004_same,4,8,same,1,oblique_2,projection,unique,345,345,0,0,0,0
r8_m004_same,4,8,same,1,oblique_2,projection,ambiguous,19,39,0,0,2,0
r8_m003_same,3,8,same,2,axis_1,feasibility,unique,9,9,0,0,0,0
r8_m003_same,3,8,same,2,axis_1,feasibility,ambiguous,55,567,0,0,2,0
r8_m003_same,3,8,same,2,axis_2,feasibility,unique,144,144,0,0,0,0
r8_m003_same,3,8,same,2,axis_2,feasibility,ambiguous,81,432,0,0,4,0
r8_m003_same,3,8,same,2,axis_3,feasibility,unique,301,301,0,0,0,0
r8_m003_same,3,8,same,2,axis_3,feasibility,ambiguous,89,275,0,0,8,0
r8_m003_same,3,8,same,2,axis_6,feasibility,unique,301,301,0,0,0,0
r8_m003_same,3,8,same,2,axis_6,feasibility,ambiguous,89,275,0,0,8,0
r8_m003_same,3,8,same,2,oblique_1,feasibility,unique,270,270,0,0,0,0
r8_m003_same,3,8,same,2,oblique_1,feasibility,ambiguous,116,306,0,0,2,0
r8_m003_same,3,8,same,2,oblique_2,feasibility,unique,423,423,0,0,0,0
r8_m003_same,3,8,same,2,oblique_2,feasibility,ambiguous,72,153,0,0,2,0
r8_m003_same,3,8,same,2,axis_1,projection,unique,9,9,0,0,0,0
r8_m003_same,3,8,same,2,axis_1,projection,ambiguous,55,567,0,0,2,0
r8_m003_same,3,8,same,2,axis_2,projection,unique,144,144,0,0,0,0
r8_m003_same,3,8,same,2,axis_2,projection,ambiguous,81,432,0,0,4,0
r8_m003_same,3,8,same,2,axis_3,projection,unique,301,301,0,0,0,0
r8_m003_same,3,8,same,2,axis_3,projection,ambiguous,89,275,0,0,8,0
r8_m003_same,3,8,same,2,axis_6,projection,unique,301,301,0,0,0,0
r8_m003_same,3,8,same,2,axis_6,projection,ambiguous,89,275,0,0,8,0
r8_m003_same,3,8,same,2,oblique_1,projection,unique,270,270,0,0,0,0
r8_m003_same,3,8,same,2,oblique_1,projection,ambiguous,116,306,0,0,2,0
r8_m003_same,3,8,same,2,oblique_2,projection,unique,423,423,0,0,0,0
r8_m003_same,3,8,same,2,oblique_2,projection,ambiguous,72,153,0,0,2,0
r8_m003_split,3,8,split,2,axis_1,feasibility,unique,9,9,0,0,0,0
r8_m003_split,3,8,split,2,axis_1,feasibility,ambiguous,55,567,0,0,2,0
r8_m003_split,3,8,split,2,axis_2,feasibility,unique,144,144,0,0,0,0
r8_m003_split,3,8,split,2,axis_2,feasibility,ambiguous,81,432,0,0,4,0
r8_m003_split,3,8,split,2,axis_3,feasibility,unique,301,301,0,0,0,0
r8_m003_split,3,8,split,2,axis_3,feasibility,ambiguous,89,275,0,0,8,0
r8_m003_split,3,8,split,2,axis_6,feasibility,unique,338,338,0,0,0,0
r8_m003_split,3,8,split,2,axis_6,feasibility,ambiguous,86,238,0,0,8,0
r8_m003_split,3,8,split,2,oblique_1,feasibility,unique,350,350,0,0,0,0
r8_m003_split,3,8,split,2,oblique_1,feasibility,ambiguous,108,226,0,0,2,0
r8_m003_split,3,8,split,2,oblique_2,feasibility,unique,545,545,0,0,0,0
r8_m003_split,3,8,split,2,oblique_2,feasibility,ambiguous,15,31,0,0,2,0
r8_m003_split,3,8,split,2,axis_1,projection,unique,9,9,0,0,0,0
r8_m003_split,3,8,split,2,axis_1,projection,ambiguous,55,567,0,0,2,0
r8_m003_split,3,8,split,2,axis_2,projection,unique,144,144,0,0,0,0
r8_m003_split,3,8,split,2,axis_2,projection,ambiguous,81,432,0,0,4,0
r8_m003_split,3,8,split,2,axis_3,projection,unique,301,301,0,0,0,0
r8_m003_split,3,8,split,2,axis_3,projection,ambiguous,89,275,0,0,8,0
r8_m003_split,3,8,split,2,axis_6,projection,unique,338,338,0,0,0,0
r8_m003_split,3,8,split,2,axis_6,projection,ambiguous,86,238,0,0,8,0
r8_m003_split,3,8,split,2,oblique_1,projection,unique,350,350,0,0,0,0
r8_m003_split,3,8,split,2,oblique_1,projection,ambiguous,108,226,0,0,2,0
r8_m003_split,3,8,split,2,oblique_2,projection,unique,545,545,0,0,0,0
r8_m003_split,3,8,split,2,oblique_2,projection,ambiguous,15,31,0,0,2,0
r8_m192_split,192,8,split,2,axis_1,feasibility,unique,9,9,0,0,0,0
r8_m192_split,192,8,split,2,axis_1,feasibility,ambiguous,55,567,0,0,2,0
r8_m192_split,192,8,split,2,axis_2,feasibility,unique,225,225,0,0,0,0
r8_m192_split,192,8,split,2,axis_2,feasibility,ambiguous,64,351,0,0,4,0
r8_m192_split,192,8,split,2,axis_3,feasibility,unique,338,338,0,0,0,0
r8_m192_split,192,8,split,2,axis_3,feasibility,ambiguous,86,238,0,0,8,0
r8_m192_split,192,8,split,2,axis_6,feasibility,unique,338,338,0,0,0,0
r8_m192_split,192,8,split,2,axis_6,feasibility,ambiguous,86,238,0,0,8,0
r8_m192_split,192,8,split,2,oblique_1,feasibility,unique,357,357,0,0,0,0
r8_m192_split,192,8,split,2,oblique_1,feasibility,ambiguous,102,219,0,0,2,0
r8_m192_split,192,8,split,2,oblique_2,feasibility,unique,529,529,0,0,0,0
r8_m192_split,192,8,split,2,oblique_2,feasibility,ambiguous,23,47,0,0,2,0
r8_m192_split,192,8,split,2,axis_1,projection,unique,9,9,0,0,0,0
r8_m192_split,192,8,split,2,axis_1,projection,ambiguous,55,567,0,0,2,0
r8_m192_split,192,8,split,2,axis_2,projection,unique,225,225,0,0,0,0
r8_m192_split,192,8,split,2,axis_2,projection,ambiguous,64,351,0,0,4,0
r8_m192_split,192,8,split,2,axis_3,projection,unique,338,338,0,0,0,0
r8_m192_split,192,8,split,2,axis_3,projection,ambiguous,86,238,0,0,8,0
r8_m192_split,192,8,split,2,axis_6,projection,unique,338,338,0,0,0,0
r8_m192_split,192,8,split,2,axis_6,projection,ambiguous,86,238,0,0,8,0
r8_m192_split,192,8,split,2,oblique_1,projection,unique,357,357,0,0,0,0
r8_m192_split,192,8,split,2,oblique_1,projection,ambiguous,102,219,0,0,2,0
r8_m192_split,192,8,split,2,oblique_2,projection,unique,529,529,0,0,0,0
r8_m192_split,192,8,split,2,oblique_2,projection,ambiguous,23,47,0,0,2,0
r8_m192_same,192,8,same,2,axis_1,feasibility,unique,9,9,0,0,0,0
r8_m192_same,192,8,same,2,axis_1,feasibility,ambiguous,55,567,0,0,2,0
r8_m192_same,192,8,same,2,axis_2,feasibility,unique,144,144,0,0,0,0
r8_m192_same,192,8,same,2,axis_2,feasibility,ambiguous,81,432,0,0,4,0
r8_m192_same,192,8,same,2,axis_3,feasibility,unique,301,301,0,0,0,0
r8_m192_same,192,8,same,2,axis_3,feasibility,ambiguous,89,275,0,0,8,0
r8_m192_same,192,8,same,2,axis_6,feasibility,unique,301,301,0,0,0,0
r8_m192_same,192,8,same,2,axis_6,feasibility,ambiguous,89,275,0,0,8,0
r8_m192_same,192,8,same,2,oblique_1,feasibility,unique,357,357,0,0,0,0
r8_m192_same,192,8,same,2,oblique_1,feasibility,ambiguous,102,219,0,0,2,0
r8_m192_same,192,8,same,2,oblique_2,feasibility,unique,514,514,0,0,0,0
r8_m192_same,192,8,same,2,oblique_2,feasibility,ambiguous,30,62,0,0,2,0
r8_m192_same,192,8,same,2,axis_1,projection,unique,9,9,0,0,0,0
r8_m192_same,192,8,same,2,axis_1,projection,ambiguous,55,567,0,0,2,0
r8_m192_same,192,8,same,2,axis_2,projection,unique,144,144,0,0,0,0
r8_m192_same,192,8,same,2,axis_2,projection,ambiguous,81,432,0,0,4,0
r8_m192_same,192,8,same,2,axis_3,projection,unique,301,301,0,0,0,0
r8_m192_same,192,8,same,2,axis_3,projection,ambiguous,89,275,0,0,8,0
r8_m192_same,192,8,same,2,axis_6,projection,unique,301,301,0,0,0,0
r8_m192_same,192,8,same,2,axis_6,projection,ambiguous,89,275,0,0,8,0
r8_m192_same,192,8,same,2,oblique_1,projection,unique,357,357,0,0,0,0
r8_m192_same,192,8,same,2,oblique_1,projection,ambiguous,102,219,0,0,2,0
r8_m192_same,192,8,same,2,oblique_2,projection,unique,514,514,0,0,0,0
r8_m192_same,192,8,same,2,oblique_2,projection,ambiguous,30,62,0,0,2,0
r8_m024_same,24,8,same,2,axis_1,feasibility,unique,9,9,0,0,0,0
r8_m024_same,24,8,same,2,axis_1,feasibility,ambiguous,55,567,0,0,2,0
r8_m024_same,24,8,same,2,axis_2,feasibility,unique,144,144,0,0,0,0
r8_m024_same,24,8,same,2,axis_2,feasibility,ambiguous,81,432,0,0,4,0
r8_m024_same,24,8,same,2,axis_3,feasibility,unique,301,301,0,0,0,0
r8_m024_same,24,8,same,2,axis_3,feasibility,ambiguous,94,275,0,0,8,0
r8_m024_same,24,8,same,2,axis_6,feasibility,unique,301,301,0,0,0,0
r8_m024_same,24,8,same,2,axis_6,feasibility,ambiguous,94,275,0,0,8,0
r8_m024_same,24,8,same,2,oblique_1,feasibility,unique,199,199,0,0,0,0
r8_m024_same,24,8,same,2,oblique_1,feasibility,ambiguous,123,377,14,14,2,1
r8_m024_same,24,8,same,2,oblique_2,feasibility,unique,403,403,0,0,0,0
r8_m024_same,24,8,same,2,oblique_2,feasibility,ambiguous,71,173,1,1,2,1
r8_m024_same,24,8,same,2,axis_1,projection,unique,9,9,0,0,0,0
r8_m024_same,24,8,same,2,axis_1,projection,ambiguous,55,567,0,0,2,0
r8_m024_same,24,8,same,2,axis_2,projection,unique,144,144,0,0,0,0
r8_m024_same,24,8,same,2,axis_2,projection,ambiguous,81,432,0,0,4,0
r8_m024_same,24,8,same,2,axis_3,projection,unique,301,301,0,0,0,0
r8_m024_same,24,8,same,2,axis_3,projection,ambiguous,94,275,0,0,8,0
r8_m024_same,24,8,same,2,axis_6,projection,unique,301,301,0,0,0,0
r8_m024_same,24,8,same,2,axis_6,projection,ambiguous,94,275,0,0,8,0
r8_m024_same,24,8,same,2,oblique_1,projection,unique,199,199,0,0,0,0
r8_m024_same,24,8,same,2,oblique_1,projection,ambiguous,123,377,14,14,2,1
r8_m024_same,24,8,same,2,oblique_2,projection,unique,403,403,0,0,0,0
r8_m024_same,24,8,same,2,oblique_2,projection,ambiguous,71,173,1,1,2,1
r8_m024_split,24,8,split,2,axis_1,feasibility,unique,9,9,0,0,0,0
r8_m024_split,24,8,split,2,axis_1,feasibility,ambiguous,55,567,0,0,2,0
r8_m024_split,24,8,split,2,axis_2,feasibility,unique,180,180,0,0,0,0
r8_m024_split,24,8,split,2,axis_2,feasibility,ambiguous,75,396,0,0,4,0
r8_m024_split,24,8,split,2,axis_3,feasibility,unique,325,325,0,0,0,0
r8_m024_split,24,8,split,2,axis_3,feasibility,ambiguous,88,251,0,0,8,0
r8_m024_split,24,8,split,2,axis_6,feasibility,unique,353,353,0,0,0,0
r8_m024_split,24,8,split,2,axis_6,feasibility,ambiguous,79,223,0,0,8,0
r8_m024_split,24,8,split,2,oblique_1,feasibility,unique,240,240,0,0,0,0
r8_m024_split,24,8,split,2,oblique_1,feasibility,ambiguous,124,336,6,6,2,1
r8_m024_split,24,8,split,2,oblique_2,feasibility,unique,537,537,0,0,0,0
r8_m024_split,24,8,split,2,oblique_2,feasibility,ambiguous,19,39,0,0,2,0
r8_m024_split,24,8,split,2,axis_1,projection,unique,9,9,0,0,0,0
r8_m024_split,24,8,split,2,axis_1,projection,ambiguous,55,567,0,0,2,0
r8_m024_split,24,8,split,2,axis_2,projection,unique,180,180,0,0,0,0
r8_m024_split,24,8,split,2,axis_2,projection,ambiguous,75,396,0,0,4,0
r8_m024_split,24,8,split,2,axis_3,projection,unique,325,325,0,0,0,0
r8_m024_split,24,8,split,2,axis_3,projection,ambiguous,88,251,0,0,8,0
r8_m024_split,24,8,split,2,axis_6,projection,unique,353,353,0,0,0,0
r8_m024_split,24,8,split,2,axis_6,projection,ambiguous,79,223,0,0,8,0
r8_m024_split,24,8,split,2,oblique_1,projection,unique,240,240,0,0,0,0
r8_m024_split,24,8,split,2,oblique_1,projection,ambiguous,124,336,6,6,2,1
r8_m024_split,24,8,split,2,oblique_2,projection,unique,537,537,0,0,0,0
r8_m024_split,24,8,split,2,oblique_2,projection,ambiguous,19,39,0,0,2,0
r8_m036_split,36,8,split,2,axis_1,feasibility,unique,9,9,0,0,0,0
r8_m036_split,36,8,split,2,axis_1,feasibility,ambiguous,55,567,0,0,2,0
r8_m036_split,36,8,split,2,axis_2,feasibility,unique,180,180,0,0,0,0
r8_m036_split,36,8,split,2,axis_2,feasibility,ambiguous,75,396,0,0,4,0
r8_m036_split,36,8,split,2,axis_3,feasibility,unique,325,325,0,0,0,0
r8_m036_split,36,8,split,2,axis_3,feasibility,ambiguous,88,251,0,0,8,0
r8_m036_split,36,8,split,2,axis_6,feasibility,unique,353,353,0,0,0,0
r8_m036_split,36,8,split,2,axis_6,feasibility,ambiguous,79,223,0,0,8,0
r8_m036_split,36,8,split,2,oblique_1,feasibility,unique,262,262,0,0,0,0
r8_m036_split,36,8,split,2,oblique_1,feasibility,ambiguous,120,314,0,0,2,0
r8_m036_split,36,8,split,2,oblique_2,feasibility,unique,537,537,0,0,0,0
r8_m036_split,36,8,split,2,oblique_2,feasibility,ambiguous,19,39,0,0,2,0
r8_m036_split,36,8,split,2,axis_1,projection,unique,9,9,0,0,0,0
r8_m036_split,36,8,split,2,axis_1,projection,ambiguous,55,567,0,0,2,0
r8_m036_split,36,8,split,2,axis_2,projection,unique,180,180,0,0,0,0
r8_m036_split,36,8,split,2,axis_2,projection,ambiguous,75,396,0,0,4,0
r8_m036_split,36,8,split,2,axis_3,projection,unique,325,325,0,0,0,0
r8_m036_split,36,8,split,2,axis_3,projection,ambiguous,88,251,0,0,8,0
r8_m036_split,36,8,split,2,axis_6,projection,unique,353,353,0,0,0,0
r8_m036_split,36,8,split,2,axis_6,projection,ambiguous,79,223,0,0,8,0
r8_m036_split,36,8,split,2,oblique_1,projection,unique,262,262,0,0,0,0
r8_m036_split,36,8,split,2,oblique_1,projection,ambiguous,120,314,0,0,2,0
r8_m036_split,36,8,split,2,oblique_2,projection,unique,537,537,0,0,0,0
r8_m036_split,36,8,split,2,oblique_2,projection,ambiguous,19,39,0,0,2,0
r8_m036_same,36,8,same,2,axis_1,feasibility,unique,9,9,0,0,0,0
r8_m036_same,36,8,same,2,axis_1,feasibility,ambiguous,55,567,0,0,2,0
r8_m036_same,36,8,same,2,axis_2,feasibility,unique,144,144,0,0,0,0
r8_m036_same,36,8,same,2,axis_2,feasibility,ambiguous,81,432,0,0,4,0
r8_m036_same,36,8,same,2,axis_3,feasibility,unique,301,301,0,0,0,0
r8_m036_same,36,8,same,2,axis_3,feasibility,ambiguous,94,275,0,0,8,0
r8_m036_same,36,8,same,2,axis_6,feasibility,unique,301,301,0,0,0,0
r8_m036_same,36,8,same,2,axis_6,feasibility,ambiguous,94,275,0,0,8,0
r8_m036_same,36,8,same,2,oblique_1,feasibility,unique,183,183,0,0,0,0
r8_m036_same,36,8,same,2,oblique_1,feasibility,ambiguous,119,393,7,7,4,1
r8_m036_same,36,8,same,2,oblique_2,feasibility,unique,495,495,0,0,0,0
r8_m036_same,36,8,same,2,oblique_2,feasibility,ambiguous,39,81,0,0,2,0
r8_m036_same,36,8,same,2,axis_1,projection,unique,9,9,0,0,0,0
r8_m036_same,36,8,same,2,axis_1,projection,ambiguous,55,567,0,0,2,0
r8_m036_same,36,8,same,2,axis_2,projection,unique,144,144,0,0,0,0
r8_m036_same,36,8,same,2,axis_2,projection,ambiguous,81,432,0,0,4,0
r8_m036_same,36,8,same,2,axis_3,projection,unique,301,301,0,0,0,0
r8_m036_same,36,8,same,2,axis_3,projection,ambiguous,94,275,0,0,8,0
r8_m036_same,36,8,same,2,axis_6,projection,unique,301,301,0,0,0,0
r8_m036_same,36,8,same,2,axis_6,projection,ambiguous,94,275,0,0,8,0
r8_m036_same,36,8,same,2,oblique_1,projection,unique,183,183,0,0,0,0
r8_m036_same,36,8,same,2,oblique_1,projection,ambiguous,119,393,9,7,4,2
r8_m036_same,36,8,same,2,oblique_2,projection,unique,495,495,0,0,0,0
r8_m036_same,36,8,same,2,oblique_2,projection,ambiguous,39,81,0,0,2,0
r8_m007_same,7,8,same,3,axis_1,feasibility,unique,27,27,0,0,0,0
r8_m007_same,7,8,same,3,axis_1,feasibility,ambiguous,101,837,0,0,2,0
r8_m007_same,7,8,same,3,axis_2,feasibility,unique,228,228,0,0,0,0
r8_m007_same,7,8,same,3,axis_2,feasibility,ambiguous,132,636,0,0,4,0
r8_m007_same,7,8,same,3,axis_3,feasibility,unique,502,502,0,0,0,0
r8_m007_same,7,8,same,3,axis_3,feasibility,ambiguous,121,362,0,0,8,0
r8_m007_same,7,8,same,3,axis_6,feasibility,unique,502,502,0,0,0,0
r8_m007_same,7,8,same,3,axis_6,feasibility,ambiguous,121,362,0,0,8,0
r8_m007_same,7,8,same,3,oblique_1,feasibility,unique,314,314,0,0,0,0
r8_m007_same,7,8,same,3,oblique_1,feasibility,ambiguous,183,550,0,0,2,0
r8_m007_same,7,8,same,3,oblique_2,feasibility,unique,623,623,0,0,0,0
r8_m007_same,7,8,same,3,oblique_2,feasibility,ambiguous,111,241,0,0,2,0
r8_m007_same,7,8,same,3,axis_1,projection,unique,27,27,0,0,0,0
r8_m007_same,7,8,same,3,axis_1,projection,ambiguous,101,837,0,0,2,0
r8_m007_same,7,8,same,3,axis_2,projection,unique,228,228,0,0,0,0
r8_m007_same,7,8,same,3,axis_2,projection,ambiguous,132,636,0,0,4,0
r8_m007_same,7,8,same,3,axis_3,projection,unique,502,502,0,0,0,0
r8_m007_same,7,8,same,3,axis_3,projection,ambiguous,121,362,0,0,8,0
r8_m007_same,7,8,same,3,axis_6,projection,unique,502,502,0,0,0,0
r8_m007_same,7,8,same,3,axis_6,projection,ambiguous,121,362,0,0,8,0
r8_m007_same,7,8,same,3,oblique_1,projection,unique,314,314,0,0,0,0
r8_m007_same,7,8,same,3,oblique_1,projection,ambiguous,183,550,0,0,2,0
r8_m007_same,7,8,same,3,oblique_2,projection,unique,623,623,0,0,0,0
r8_m007_same,7,8,same,3,oblique_2,projection,ambiguous,111,241,0,0,2,0
r8_m007_split,7,8,split,3,axis_1,feasibility,unique,27,27,0,0,0,0
r8_m007_split,7,8,split,3,axis_1,feasibility,ambiguous,101,837,0,0,2,0
r8_m007_split,7,8,split,3,axis_2,feasibility,unique,264,264,0,0,0,0
r8_m007_split,7,8,split,3,axis_2,feasibility,ambiguous,126,600,0,0,4,0
r8_m007_split,7,8,split,3,axis_3,feasibility,unique,514,514,0,0,0,0
r8_m007_split,7,8,split,3,axis_3,feasibility,ambiguous,120,350,0,0,8,0
r8_m007_split,7,8,split,3,axis_6,feasibility,unique,551,551,0,0,0,0
r8_m007_split,7,8,split,3,axis_6,feasibility,ambiguous,117,313,0,0,8,0
r8_m007_split,7,8,split,3,oblique_1,feasibility,unique,394,394,0,0,0,0
r8_m007_split,7,8,split,3,oblique_1,feasibility,ambiguous,183,470,0,0,2,0
r8_m007_split,7,8,split,3,oblique_2,feasibility,unique,825,825,0,0,0,0
r8_m007_split,7,8,split,3,oblique_2,feasibility,ambiguous,19,39,0,0,2,0
r8_m007_split,7,8,split,3,axis_1,projection,unique,27,27,0,0,0,0
r8_m007_split,7,8,split,3,axis_1,projection,ambiguous,101,837,0,0,2,0
r8_m007_split,7,8,split,3,axis_2,projection,unique,264,264,0,0,0,0
r8_m007_split,7,8,split,3,axis_2,projection,ambiguous,126,600,0,0,4,0
r8_m007_split,7,8,split,3,axis_3,projection,unique,514,514,0,0,0,0
r8_m007_split,7,8,split,3,axis_3,projection,ambiguous,120,350,0,0,8,0
r8_m007_split,7,8,split,3,axis_6,projection,unique,551,551,0,0,0,0
r8_m007_split,7,8,split,3,axis_6,projection,ambiguous,117,313,0,0,8,0
r8_m007_split,7,8,split,3,oblique_1,projection,unique,394,394,0,0,0,0
r8_m007_split,7,8,split,3,oblique_1,projection,ambiguous,183,470,0,0,2,0
r8_m007_split,7,8,split,3,oblique_2,projection,unique,825,825,0,0,0,0
r8_m007_split,7,8,split,3,oblique_2,projection,ambiguous,19,39,0,0,2,0
r8_m224_split,224,8,split,3,axis_1,feasibility,unique,27,27,0,0,0,0
r8_m224_split,224,8,split,3,axis_1,feasibility,ambiguous,101,837,0,0,2,0
r8_m224_split,224,8,split,3,axis_2,feasibility,unique,330,330,0,0,0,0
r8_m224_split,224,8,split,3,axis_2,feasibility,ambiguous,112,534,0,0,4,0
r8_m224_split,224,8,split,3,axis_3,feasibility,unique,539,539,0,0,0,0
r8_m224_split,224,8,split,3,axis_3,feasibility,ambiguous,118,325,0,0,8,0
r8_m224_split,224,8,split,3,axis_6,feasibility,unique,551,551,0,0,0,0
r8_m224_split,224,8,split,3,axis_6,feasibility,ambiguous,117,313,0,0,8,0
r8_m224_split,224,8,split,3,oblique_1,feasibility,unique,537,537,0,0,0,0
r8_m224_split,224,8,split,3,oblique_1,feasibility,ambiguous,156,327,0,0,2,0
r8_m224_split,224,8,split,3,oblique_2,feasibility,unique,817,817,0,0,0,0
r8_m224_split,224,8,split,3,oblique_2,feasibility,ambiguous,23,47,0,0,2,0
r8_m224_split,224,8,split,3,axis_1,projection,unique,27,27,0,0,0,0
r8_m224_split,224,8,split,3,axis_1,projection,ambiguous,101,837,0,0,2,0
r8_m224_split,224,8,split,3,axis_2,projection,unique,330,330,0,0,0,0
r8_m224_split,224,8,split,3,axis_2,projection,ambiguous,112,534,0,0,4,0
r8_m224_split,224,8,split,3,axis_3,projection,unique,539,539,0,0,0,0
r8_m224_split,224,8,split,3,axis_3,projection,ambiguous,118,325,0,0,8,0
r8_m224_split,224,8,split,3,axis_6,projection,unique,551,551,0,0,0,0
r8_m224_split,224,8,split,3,axis_6,projection,ambiguous,117,313,0,0,8,0
r8_m224_split,224,8,split,3,oblique_1,projection,unique,537,537,0,0,0,0
r8_m224_split,224,8,split,3,oblique_1,projection,ambiguous,156,327,0,0,2,0
r8_m224_split,224,8,split,3,oblique_2,projection,unique,817,817,0,0,0,0
r8_m224_split,224,8,split,3,oblique_2,projection,ambiguous,23,47,0,0,2,0
r8_m224_same,224,8,same,3,axis_1,feasibility,unique,27,27,0,0,0,0
r8_m224_same,224,8,same,3,axis_1,feasibility,ambiguous,101,837,0,0,2,0
r8_m224_same,224,8,same,3,axis_2,feasibility,unique,228,228,0,0,0,0
r8_m224_same,224,8,same,3,axis_2,feasibility,ambiguous,132,636,0,0,4,0
r8_m224_same,224,8,same,3,axis_3,feasibility,unique,502,502,0,0,0,0
r8_m224_same,224,8,same,3,axis_3,feasibility,ambiguous,121,362,0,0,8,0
r8_m224_same,224,8,same,3,axis_6,feasibility,unique,502,502,0,0,0,0
r8_m224_same,224,8,same,3,axis_6,feasibility,ambiguous,121,362,0,0,8,0
r8_m224_same,224,8,same,3,oblique_1,feasibility,unique,370,370,0,0,0,0
r8_m224_same,224,8,same,3,oblique_1,feasibility,ambiguous,184,494,10,10,3,1
r8_m224_same,224,8,same,3,oblique_2,feasibility,unique,746,746,0,0,0,0
r8_m224_same,224,8,same,3,oblique_2,feasibility,ambiguous,56,118,0,0,2,0
r8_m224_same,224,8,same,3,axis_1,projection,unique,27,27,0,0,0,0
r8_m224_same,224,8,same,3,axis_1,projection,ambiguous,101,837,0,0,2,0
r8_m224_same,224,8,same,3,axis_2,projection,unique,228,228,0,0,0,0
r8_m224_same,224,8,same,3,axis_2,projection,ambiguous,132,636,0,0,4,0
r8_m224_same,224,8,same,3,axis_3,projection,unique,502,502,0,0,0,0
r8_m224_same,224,8,same,3,axis_3,projection,ambiguous,121,362,0,0,8,0
r8_m224_same,224,8,same,3,axis_6,projection,unique,502,502,0,0,0,0
r8_m224_same,224,8,same,3,axis_6,projection,ambiguous,121,362,0,0,8,0
r8_m224_same,224,8,same,3,oblique_1,projection,unique,370,370,0,0,0,0
r8_m224_same,224,8,same,3,oblique_1,projection,ambiguous,184,494,12,10,3,2
r8_m224_same,224,8,same,3,oblique_2,projection,unique,746,746,0,0,0,0
r8_m224_same,224,8,same,3,oblique_2,projection,ambiguous,56,118,0,0,2,0
r8_m025_same,25,8,same,3,axis_1,feasibility,unique,3,3,0,0,0,0
r8_m025_same,25,8,same,3,axis_1,feasibility,ambiguous,61,861,32,16,2,2
r8_m025_same,25,8,same,3,axis_2,feasibility,unique,168,168,0,0,0,0
r8_m025_same,25,8,same,3,axis_2,feasibility,ambiguous,102,696,45,30,4,2
r8_m025_same,25,8,same,3,axis_3,feasibility,unique,485,485,0,0,0,0
r8_m025_same,25,8,same,3,axis_3,feasibility,ambiguous,129,379,0,0,8,0
r8_m025_same,25,8,same,3,axis_6,feasibility,unique,485,485,0,0,0,0
r8_m025_same,25,8,same,3,axis_6,feasibility,ambiguous,129,379,0,0,8,0
r8_m025_same,25,8,same,3,oblique_1,feasibility,unique,264,264,0,0,0,0
r8_m025_same,25,8,same,3,oblique_1,feasibility,ambiguous,178,600,18,18,2,1
r8_m025_same,25,8,same,3,oblique_2,feasibility,unique,540,540,0,0,0,0
r8_m025_same,25,8,same,3,oblique_2,feasibility,ambiguous,123,324,4,4,2,1
r8_m025_same,25,8,same,3,axis_1,projection,unique,3,3,0,0,0,0
r8_m025_same,25,8,same,3,axis_1,projection,ambiguous,61,861,112,16,2,14
r8_m025_same,25,8,same,3,axis_2,projection,unique,168,168,0,0,0,0
r8_m025_same,25,8,same,3,axis_2,projection,ambiguous,102,696,94,30,4,12
r8_m025_same,25,8,same,3,axis_3,projection,unique,485,485,0,0,0,0
r8_m025_same,25,8,same,3,axis_3,projection,ambiguous,129,379,0,0,8,0
r8_m025_same,25,8,same,3,axis_6,projection,unique,485,485,0,0,0,0
r8_m025_same,25,8,same,3,axis_6,projection,ambiguous,129,379,0,0,8,0
r8_m025_same,25,8,same,3,oblique_1,projection,unique,264,264,0,0,0,0
r8_m025_same,25,8,same,3,oblique_1,projection,ambiguous,178,600,20,18,2,2
r8_m025_same,25,8,same,3,oblique_2,projection,unique,540,540,0,0,0,0
r8_m025_same,25,8,same,3,oblique_2,projection,ambiguous,123,324,4,4,2,1
r8_m025_split,25,8,split,3,axis_1,feasibility,unique,3,3,0,0,0,0
r8_m025_split,25,8,split,3,axis_1,feasibility,ambiguous,61,861,32,16,2,2
r8_m025_split,25,8,split,3,axis_2,feasibility,unique,240,240,0,0,0,0
r8_m025_split,25,8,split,3,axis_2,feasibility,ambiguous,134,624,0,0,4,0
r8_m025_split,25,8,split,3,axis_3,feasibility,unique,509,509,0,0,0,0
r8_m025_split,25,8,split,3,axis_3,feasibility,ambiguous,123,355,0,0,8,0
r8_m025_split,25,8,split,3,axis_6,feasibility,unique,570,570,0,0,0,0
r8_m025_split,25,8,split,3,axis_6,feasibility,ambiguous,108,294,0,0,8,0
r8_m025_split,25,8,split,3,oblique_1,feasibility,unique,358,358,0,0,0,0
r8_m025_split,25,8,split,3,oblique_1,feasibility,ambiguous,186,506,6,6,2,1
r8_m025_split,25,8,split,3,oblique_2,feasibility,unique,825,825,0,0,0,0
r8_m025_split,25,8,split,3,oblique_2,feasibility,ambiguous,19,39,0,0,2,0
r8_m025_split,25,8,split,3,axis_1,projection,unique,3,3,0,0,0,0
r8_m025_split,25,8,split,3,axis_1,projection,ambiguous,61,861,112,16,2,14
r8_m025_split,25,8,split,3,axis_2,projection,unique,240,240,0,0,0,0
r8_m025_split,25,8,split,3,axis_2,projection,ambiguous,134,624,0,0,4,0
r8_m025_split,25,8,split,3,axis_3,projection,unique,509,509,0,0,0,0
r8_m025_split,25,8,split,3,axis_3,projection,ambiguous,123,355,0,0,8,0
r8_m025_split,25,8,split,3,axis_6,projection,unique,570,570,0,0,0,0
r8_m025_split,25,8,split,3,axis_6,projection,ambiguous,108,294,0,0,8,0
r8_m025_split,25,8,split,3,oblique_1,projection,unique,358,358,0,0,0,0
r8_m025_split,25,8,split,3,oblique_1,projection,ambiguous,186,506,6,6,2,1
r8_m025_split,25,8,split,3,oblique_2,projection,unique,825,825,0,0,0,0
r8_m025_split,25,8,split,3,oblique_2,projection,ambiguous,19,39,0,0,2,0
r8_m044_split,44,8,split,3,axis_1,feasibility,unique,27,27,0,0,0,0
r8_m044_split,44,8,split,3,axis_1,feasibility,ambiguous,101,837,0,0,2,0
r8_m044_split,44,8,split,3,axis_2,feasibility,unique,330,330,0,0,0,0
r8_m044_split,44,8,split,3,axis_2,feasibility,ambiguous,112,534,0,0,4,0
r8_m044_split,44,8,split,3,axis_3,feasibility,unique,542,542,0,0,0,0
r8_m044_split,44,8,split,3,axis_3,feasibility,ambiguous,117,322,0,0,8,0
r8_m044_split,44,8,split,3,axis_6,feasibility,unique,570,570,0,0,0,0
r8_m044_split,44,8,split,3,axis_6,feasibility,ambiguous,108,294,0,0,8,0
r8_m044_split,44,8,split,3,oblique_1,feasibility,unique,310,310,0,0,0,0
r8_m044_split,44,8,split,3,oblique_1,feasibility,ambiguous,216,554,0,0,2,0
r8_m044_split,44,8,split,3,oblique_2,feasibility,unique,825,825,0,0,0,0
r8_m044_split,44,8,split,3,oblique_2,feasibility,ambiguous,19,39,0,0,2,0
r8_m044_split,44,8,split,3,axis_1,projection,unique,27,27,0,0,0,0
r8_m044_split,44,8,split,3,axis_1,projection,ambiguous,101,837,0,0,2,0
r8_m044_split,44,8,split,3,axis_2,projection,unique,330,330,0,0,0,0
r8_m044_split,44,8,split,3,axis_2,projection,ambiguous,112,534,0,0,4,0
r8_m044_split,44,8,split,3,axis_3,projection,unique,542,542,0,0,0,0
r8_m044_split,44,8,split,3,axis_3,projection,ambiguous,117,322,0,0,8,0
r8_m044_split,44,8,split,3,axis_6,projection,unique,570,570,0,0,0,0
r8_m044_split,44,8,split,3,axis_6,projection,ambiguous,108,294,0,0,8,0
r8_m044_split,44,8,split,3,oblique_1,projection,unique,310,310,0,0,0,0
r8_m044_split,44,8,split,3,oblique_1,projection,ambiguous,216,554,0,0,2,0
r8_m044_split,44,8,split,3,oblique_2,projection,unique,825,825,0,0,0,0
r8_m044_split,44,8,split,3,oblique_2,projection,ambiguous,19,39,0,0,2,0
r8_m044_same,44,8,same,3,axis_1,feasibility,unique,27,27,0,0,0,0
r8_m044_same,44,8,same,3,axis_1,feasibility,ambiguous,101,837,0,0,2,0
r8_m044_same,44,8,same,3,axis_2,feasibility,unique,228,228,0,0,0,0
r8_m044_same,44,8,same,3,axis_2,feasibility,ambiguous,132,636,0,0,4,0
r8_m044_same,44,8,same,3,axis_3,feasibility,unique,485,485,0,0,0,0
r8_m044_same,44,8,same,3,axis_3,feasibility,ambiguous,129,379,0,0,8,0
r8_m044_same,44,8,same,3,axis_6,feasibility,unique,485,485,0,0,0,0
r8_m044_same,44,8,same,3,axis_6,feasibility,ambiguous,129,379,0,0,8,0
r8_m044_same,44,8,same,3,oblique_1,feasibility,unique,191,191,0,0,0,0
r8_m044_same,44,8,same,3,oblique_1,feasibility,ambiguous,177,673,16,16,4,1
r8_m044_same,44,8,same,3,oblique_2,feasibility,unique,687,687,0,0,0,0
r8_m044_same,44,8,same,3,oblique_2,feasibility,ambiguous,75,177,2,2,2,1
r8_m044_same,44,8,same,3,axis_1,projection,unique,27,27,0,0,0,0
r8_m044_same,44,8,same,3,axis_1,projection,ambiguous,101,837,0,0,2,0
r8_m044_same,44,8,same,3,axis_2,projection,unique,228,228,0,0,0,0
r8_m044_same,44,8,same,3,axis_2,projection,ambiguous,132,636,0,0,4,0
r8_m044_same,44,8,same,3,axis_3,projection,unique,485,485,0,0,0,0
r8_m044_same,44,8,same,3,axis_3,projection,ambiguous,129,379,0,0,8,0
r8_m044_same,44,8,same,3,axis_6,projection,unique,485,485,0,0,0,0
r8_m044_same,44,8,same,3,axis_6,projection,ambiguous,129,379,0,0,8,0
r8_m044_same,44,8,same,3,oblique_1,projection,unique,191,191,0,0,0,0
r8_m044_same,44,8,same,3,oblique_1,projection,ambiguous,177,673,20,16,4,2
r8_m044_same,44,8,same,3,oblique_2,projection,unique,687,687,0,0,0,0
r8_m044_same,44,8,same,3,oblique_2,projection,ambiguous,75,177,2,2,2,1
r8_m015_same,15,8,same,4,axis_1,feasibility,unique,81,81,0,0,0,0
r8_m015_same,15,8,same,4,axis_1,feasibility,ambiguous,175,1215,0,0,2,0
r8_m015_same,15,8,same,4,axis_2,feasibility,unique,361,361,0,0,0,0
r8_m015_same,15,8,same,4,axis_2,feasibility,ambiguous,215,935,0,0,4,0
r8_m015_same,15,8,same,4,axis_3,feasibility,unique,811,811,0,0,0,0
r8_m015_same,15,8,same,4,axis_3,feasibility,ambiguous,165,485,0,0,8,0
r8_m015_same,15,8,same,4,axis_6,feasibility,unique,811,811,0,0,0,0
r8_m015_same,15,8,same,4,axis_6,feasibility,ambiguous,165,485,0,0,8,0
r8_m015_same,15,8,same,4,oblique_1,feasibility,unique,344,344,0,0,0,0
r8_m015_same,15,8,same,4,oblique_1,feasibility,ambiguous,274,952,16,16,2,1
r8_m015_same,15,8,same,4,oblique_2,feasibility,unique,807,807,0,0,0,0
r8_m015_same,15,8,same,4,oblique_2,feasibility,ambiguous,191,489,4,4,2,1
r8_m015_same,15,8,same,4,axis_1,projection,unique,81,81,0,0,0,0
r8_m015_same,15,8,same,4,axis_1,projection,ambiguous,175,1215,0,0,2,0
r8_m015_same,15,8,same,4,axis_2,projection,unique,361,361,0,0,0,0
r8_m015_same,15,8,same,4,axis_2,projection,ambiguous,215,935,0,0,4,0
r8_m015_same,15,8,same,4,axis_3,projection,unique,811,811,0,0,0,0
r8_m015_same,15,8,same,4,axis_3,projection,ambiguous,165,485,0,0,8,0
r8_m015_same,15,8,same,4,axis_6,projection,unique,811,811,0,0,0,0
r8_m015_same,15,8,same,4,axis_6,projection,ambiguous,165,485,0,0,8,0
r8_m015_same,15,8,same,4,oblique_1,projection,unique,344,344,0,0,0,0
r8_m015_same,15,8,same,4,oblique_1,projection,ambiguous,274,952,16,16,2,1
r8_m015_same,15,8,same,4,oblique_2,projection,unique,807,807,0,0,0,0
r8_m015_same,15,8,same,4,oblique_2,projection,ambiguous,191,489,4,4,2,1
r8_m015_split,15,8,split,4,axis_1,feasibility,unique,81,81,0,0,0,0
r8_m015_split,15,8,split,4,axis_1,feasibility,ambiguous,175,1215,0,0,2,0
r8_m015_split,15,8,split,4,axis_2,feasibility,unique,484,484,0,0,0,0
r8_m015_split,15,8,split,4,axis_2,feasibility,ambiguous,192,812,0,0,4,0
r8_m015_split,15,8,split,4,axis_3,feasibility,unique,848,848,0,0,0,0
r8_m015_split,15,8,split,4,axis_3,feasibility,ambiguous,162,448,0,0,8,0
r8_m015_split,15,8,split,4,axis_6,feasibility,unique,885,885,0,0,0,0
r8_m015_split,15,8,split,4,axis_6,feasibility,ambiguous,159,411,0,0,8,0
r8_m015_split,15,8,split,4,oblique_1,feasibility,unique,442,442,0,0,0,0
r8_m015_split,15,8,split,4,oblique_1,feasibility,ambiguous,339,854,0,0,2,0
r8_m015_split,15,8,split,4,oblique_2,feasibility,unique,1257,1257,0,0,0,0
r8_m015_split,15,8,split,4,oblique_2,feasibility,ambiguous,19,39,0,0,2,0
r8_m015_split,15,8,split,4,axis_1,projection,unique,81,81,0,0,0,0
r8_m015_split,15,8,split,4,axis_1,projection,ambiguous,175,1215,0,0,2,0
r8_m015_split,15,8,split,4,axis_2,projection,unique,484,484,0,0,0,0
r8_m015_split,15,8,split,4,axis_2,projection,ambiguous,192,812,0,0,4,0
r8_m015_split,15,8,split,4,axis_3,projection,unique,848,848,0,0,0,0
r8_m015_split,15,8,split,4,axis_3,projection,ambiguous,162,448,0,0,8,0
r8_m015_split,15,8,split,4,axis_6,projection,unique,885,885,0,0,0,0
r8_m015_split,15,8,split,4,axis_6,projection,ambiguous,159,411,0,0,8,0
r8_m015_split,15,8,split,4,oblique_1,projection,unique,442,442,0,0,0,0
r8_m015_split,15,8,split,4,oblique_1,projection,ambiguous,339,854,0,0,2,0
r8_m015_split,15,8,split,4,oblique_2,projection,unique,1257,1257,0,0,0,0
r8_m015_split,15,8,split,4,oblique_2,projection,ambiguous,19,39,0,0,2,0
r16_m015_same,15,16,same,4,axis_1,feasibility,unique,256,256,0,0,0,0
r16_m015_same,15,16,same,4,axis_1,feasibility,ambiguous,369,1040,0,0,0,0
r16_m015_same,15,16,same,4,axis_2,feasibility,unique,900,900,0,0,0,0
r16_m015_same,15,16,same,4,axis_2,feasibility,ambiguous,189,396,0,0,0,0
r16_m015_same,15,16,same,4,axis_3,feasibility,unique,1188,1188,0,0,0,0
r16_m015_same,15,16,same,4,axis_3,feasibility,ambiguous,54,108,0,0,0,0
r16_m015_same,15,16,same,4,axis_6,feasibility,unique,1296,1296,0,0,0,0
r16_m015_same,15,16,same,4,oblique_1,feasibility,unique,644,644,0,0,0,0
r16_m015_same,15,16,same,4,oblique_1,feasibility,ambiguous,299,652,5,5,2,1
r16_m015_same,15,16,same,4,oblique_2,feasibility,unique,1122,1122,0,0,0,0
r16_m015_same,15,16,same,4,oblique_2,feasibility,ambiguous,72,174,0,0,2,0
r16_m015_same,15,16,same,4,axis_1,projection,unique,256,256,0,0,0,0
r16_m015_same,15,16,same,4,axis_1,projection,ambiguous,369,1040,0,0,0,0
r16_m015_same,15,16,same,4,axis_2,projection,unique,900,900,0,0,0,0
r16_m015_same,15,16,same,4,axis_2,projection,ambiguous,189,396,0,0,0,0
r16_m015_same,15,16,same,4,axis_3,projection,unique,1188,1188,0,0,0,0
r16_m015_same,15,16,same,4,axis_3,projection,ambiguous,54,108,0,0,0,0
r16_m015_same,15,16,same,4,axis_6,projection,unique,1296,1296,0,0,0,0
r16_m015_same,15,16,same,4,oblique_1,projection,unique,644,644,0,0,0,0
r16_m015_same,15,16,same,4,oblique_1,projection,ambiguous,299,652,5,5,2,1
r16_m015_same,15,16,same,4,oblique_2,projection,unique,1122,1122,0,0,0,0
r16_m015_same,15,16,same,4,oblique_2,projection,ambiguous,72,174,0,0,2,0
r16_m015_split,15,16,split,4,axis_1,feasibility,unique,256,256,0,0,0,0
r16_m015_split,15,16,split,4,axis_1,feasibility,ambiguous,369,1040,0,0,0,0
r16_m015_split,15,16,split,4,axis_2,feasibility,unique,900,900,0,0,0,0
r16_m015_split,15,16,split,4,axis_2,feasibility,ambiguous,189,396,0,0,0,0
r16_m015_split,15,16,split,4,axis_3,feasibility,unique,1188,1188,0,0,0,0
r16_m015_split,15,16,split,4,axis_3,feasibility,ambiguous,54,108,0,0,0,0
r16_m015_split,15,16,split,4,axis_6,feasibility,unique,1296,1296,0,0,0,0
r16_m015_split,15,16,split,4,oblique_1,feasibility,unique,696,696,0,0,0,0
r16_m015_split,15,16,split,4,oblique_1,feasibility,ambiguous,298,600,0,0,2,0
r16_m015_split,15,16,split,4,oblique_2,feasibility,unique,1277,1277,0,0,0,0
r16_m015_split,15,16,split,4,oblique_2,feasibility,ambiguous,9,19,0,0,2,0
r16_m015_split,15,16,split,4,axis_1,projection,unique,256,256,0,0,0,0
r16_m015_split,15,16,split,4,axis_1,projection,ambiguous,369,1040,0,0,0,0
r16_m015_split,15,16,split,4,axis_2,projection,unique,900,900,0,0,0,0
r16_m015_split,15,16,split,4,axis_2,projection,ambiguous,189,396,0,0,0,0
r16_m015_split,15,16,split,4,axis_3,projection,unique,1188,1188,0,0,0,0
r16_m015_split,15,16,split,4,axis_3,projection,ambiguous,54,108,0,0,0,0
r16_m015_split,15,16,split,4,axis_6,projection,unique,1296,1296,0,0,0,0
r16_m015_split,15,16,split,4,oblique_1,projection,unique,696,696,0,0,0,0
r16_m015_split,15,16,split,4,oblique_1,projection,ambiguous,298,600,0,0,2,0
r16_m015_split,15,16,split,4,oblique_2,projection,unique,1277,1277,0,0,0,0
r16_m015_split,15,16,split,4,oblique_2,projection,ambiguous,9,19,0,0,2,0
r8_m240_split,240,8,split,4,axis_1,feasibility,unique,81,81,0,0,0,0
r8_m240_split,240,8,split,4,axis_1,feasibility,ambiguous,175,1215,0,0,2,0
r8_m240_split,240,8,split,4,axis_2,feasibility,unique,484,484,0,0,0,0
r8_m240_split,240,8,split,4,axis_2,feasibility,ambiguous,192,812,0,0,4,0
r8_m240_split,240,8,split,4,axis_3,feasibility,unique,848,848,0,0,0,0
r8_m240_split,240,8,split,4,axis_3,feasibility,ambiguous,162,448,0,0,8,0
r8_m240_split,240,8,split,4,axis_6,feasibility,unique,885,885,0,0,0,0
r8_m240_split,240,8,split,4,axis_6,feasibility,ambiguous,159,411,0,0,8,0
r8_m240_split,240,8,split,4,oblique_1,feasibility,unique,755,755,0,0,0,0
r8_m240_split,240,8,split,4,oblique_1,feasibility,ambiguous,199,541,9,9,2,1
r8_m240_split,240,8,split,4,oblique_2,feasibility,unique,1237,1237,0,0,0,0
r8_m240_split,240,8,split,4,oblique_2,feasibility,ambiguous,29,59,0,0,2,0
r8_m240_split,240,8,split,4,axis_1,projection,unique,81,81,0,0,0,0
r8_m240_split,240,8,split,4,axis_1,projection,ambiguous,175,1215,0,0,2,0
r8_m240_split,240,8,split,4,axis_2,projection,unique,484,484,0,0,0,0
r8_m240_split,240,8,split,4,axis_2,projection,ambiguous,192,812,0,0,4,0
r8_m240_split,240,8,split,4,axis_3,projection,unique,848,848,0,0,0,0
r8_m240_split,240,8,split,4,axis_3,projection,ambiguous,162,448,0,0,8,0
r8_m240_split,240,8,split,4,axis_6,projection,unique,885,885,0,0,0,0
r8_m240_split,240,8,split,4,axis_6,projection,ambiguous,159,411,0,0,8,0
r8_m240_split,240,8,split,4,oblique_1,projection,unique,755,755,0,0,0,0
r8_m240_split,240,8,split,4,oblique_1,projection,ambiguous,199,541,9,9,2,1
r8_m240_split,240,8,split,4,oblique_2,projection,unique,1237,1237,0,0,0,0
r8_m240_split,240,8,split,4,oblique_2,projection,ambiguous,29,59,0,0,2,0
r8_m240_same,240,8,same,4,axis_1,feasibility,unique,81,81,0,0,0,0
r8_m240_same,240,8,same,4,axis_1,feasibility,ambiguous,175,1215,0,0,2,0
r8_m240_same,240,8,same,4,axis_2,feasibility,unique,361,361,0,0,0,0
r8_m240_same,240,8,same,4,axis_2,feasibility,ambiguous,215,935,0,0,4,0
r8_m240_same,240,8,same,4,axis_3,feasibility,unique,811,811,0,0,0,0
r8_m240_same,240,8,same,4,axis_3,feasibility,ambiguous,165,485,0,0,8,0
r8_m240_same,240,8,same,4,axis_6,feasibility,unique,811,811,0,0,0,0
r8_m240_same,240,8,same,4,axis_6,feasibility,ambiguous,165,485,0,0,8,0
r8_m240_same,240,8,same,4,oblique_1,feasibility,unique,479,479,0,0,0,0
r8_m240_same,240,8,same,4,oblique_1,feasibility,ambiguous,264,817,31,31,3,1
r8_m240_same,240,8,same,4,oblique_2,feasibility,unique,972,972,0,0,0,0
r8_m240_same,240,8,same,4,oblique_2,feasibility,ambiguous,136,324,2,2,2,1
r8_m240_same,240,8,same,4,axis_1,projection,unique,81,81,0,0,0,0
r8_m240_same,240,8,same,4,axis_1,projection,ambiguous,175,1215,0,0,2,0
r8_m240_same,240,8,same,4,axis_2,projection,unique,361,361,0,0,0,0
r8_m240_same,240,8,same,4,axis_2,projection,ambiguous,215,935,0,0,4,0
r8_m240_same,240,8,same,4,axis_3,projection,unique,811,811,0,0,0,0
r8_m240_same,240,8,same,4,axis_3,projection,ambiguous,165,485,0,0,8,0
r8_m240_same,240,8,same,4,axis_6,projection,unique,811,811,0,0,0,0
r8_m240_same,240,8,same,4,axis_6,projection,ambiguous,165,485,0,0,8,0
r8_m240_same,240,8,same,4,oblique_1,projection,unique,479,479,0,0,0,0
r8_m240_same,240,8,same,4,oblique_1,projection,ambiguous,264,817,44,31,3,3
r8_m240_same,240,8,same,4,oblique_2,projection,unique,972,972,0,0,0,0
r8_m240_same,240,8,same,4,oblique_2,projection,ambiguous,136,324,2,2,2,1
r16_m240_split,240,16,split,4,axis_1,feasibility,unique,256,256,0,0,0,0
r16_m240_split,240,16,split,4,axis_1,feasibility,ambiguous,369,1040,0,0,0,0
r16_m240_split,240,16,split,4,axis_2,feasibility,unique,784,784,0,0,0,0
r16_m240_split,240,16,split,4,axis_2,feasibility,ambiguous,240,512,0,0,0,0
r16_m240_split,240,16,split,4,axis_3,feasibility,unique,1200,1200,0,0,0,0
r16_m240_split,240,16,split,4,axis_3,feasibility,ambiguous,48,96,0,0,0,0
r16_m240_split,240,16,split,4,axis_6,feasibility,unique,1296,1296,0,0,0,0
r16_m240_split,240,16,split,4,oblique_1,feasibility,unique,1011,1011,0,0,0,0
r16_m240_split,240,16,split,4,oblique_1,feasibility,ambiguous,111,285,0,0,2,0
r16_m240_split,240,16,split,4,oblique_2,feasibility,unique,1277,1277,0,0,0,0
r16_m240_split,240,16,split,4,oblique_2,feasibility,ambiguous,9,19,0,0,2,0
r16_m240_split,240,16,split,4,axis_1,projection,unique,256,256,0,0,0,0
r16_m240_split,240,16,split,4,axis_1,projection,ambiguous,369,1040,0,0,0,0
r16_m240_split,240,16,split,4,axis_2,projection,unique,784,784,0,0,0,0
r16_m240_split,240,16,split,4,axis_2,projection,ambiguous,240,512,0,0,0,0
r16_m240_split,240,16,split,4,axis_3,projection,unique,1200,1200,0,0,0,0
r16_m240_split,240,16,split,4,axis_3,projection,ambiguous,48,96,0,0,0,0
r16_m240_split,240,16,split,4,axis_6,projection,unique,1296,1296,0,0,0,0
r16_m240_split,240,16,split,4,oblique_1,projection,unique,1011,1011,0,0,0,0
r16_m240_split,240,16,split,4,oblique_1,projection,ambiguous,111,285,0,0,2,0
r16_m240_split,240,16,split,4,oblique_2,projection,unique,1277,1277,0,0,0,0
r16_m240_split,240,16,split,4,oblique_2,projection,ambiguous,9,19,0,0,2,0
r16_m240_same,240,16,same,4,axis_1,feasibility,unique,256,256,0,0,0,0
r16_m240_same,240,16,same,4,axis_1,feasibility,ambiguous,369,1040,0,0,0,0
r16_m240_same,240,16,same,4,axis_2,feasibility,unique,784,784,0,0,0,0
r16_m240_same,240,16,same,4,axis_2,feasibility,ambiguous,240,512,0,0,0,0
r16_m240_same,240,16,same,4,axis_3,feasibility,unique,1200,1200,0,0,0,0
r16_m240_same,240,16,same,4,axis_3,feasibility,ambiguous,48,96,0,0,0,0
r16_m240_same,240,16,same,4,axis_6,feasibility,unique,1296,1296,0,0,0,0
r16_m240_same,240,16,same,4,oblique_1,feasibility,unique,885,885,0,0,0,0
r16_m240_same,240,16,same,4,oblique_1,feasibility,ambiguous,153,411,3,3,3,1
r16_m240_same,240,16,same,4,oblique_2,feasibility,unique,1077,1077,0,0,0,0
r16_m240_same,240,16,same,4,oblique_2,feasibility,ambiguous,89,219,0,0,2,0
r16_m240_same,240,16,same,4,axis_1,projection,unique,256,256,0,0,0,0
r16_m240_same,240,16,same,4,axis_1,projection,ambiguous,369,1040,0,0,0,0
r16_m240_same,240,16,same,4,axis_2,projection,unique,784,784,0,0,0,0
r16_m240_same,240,16,same,4,axis_2,projection,ambiguous,240,512,0,0,0,0
r16_m240_same,240,16,same,4,axis_3,projection,unique,1200,1200,0,0,0,0
r16_m240_same,240,16,same,4,axis_3,projection,ambiguous,48,96,0,0,0,0
r16_m240_same,240,16,same,4,axis_6,projection,unique,1296,1296,0,0,0,0
r16_m240_same,240,16,same,4,oblique_1,projection,unique,885,885,0,0,0,0
r16_m240_same,240,16,same,4,oblique_1,projection,ambiguous,153,411,3,3,3,1
r16_m240_same,240,16,same,4,oblique_2,projection,unique,1077,1077,0,0,0,0
r16_m240_same,240,16,same,4,oblique_2,projection,ambiguous,89,219,0,0,2,0
r8_m060_same,60,8,same,4,axis_1,feasibility,unique,81,81,0,0,0,0
r8_m060_same,60,8,same,4,axis_1,feasibility,ambiguous,175,1215,0,0,2,0
r8_m060_same,60,8,same,4,axis_2,feasibility,unique,361,361,0,0,0,0
r8_m060_same,60,8,same,4,axis_2,feasibility,ambiguous,215,935,0,0,4,0
r8_m060_same,60,8,same,4,axis_3,feasibility,unique,769,769,0,0,0,0
r8_m060_same,60,8,same,4,axis_3,feasibility,ambiguous,185,527,0,0,8,0
r8_m060_same,60,8,same,4,axis_6,feasibility,unique,769,769,0,0,0,0
r8_m060_same,60,8,same,4,axis_6,feasibility,ambiguous,185,527,0,0,8,0
r8_m060_same,60,8,same,4,oblique_1,feasibility,unique,210,210,0,0,0,0
r8_m060_same,60,8,same,4,oblique_1,feasibility,ambiguous,237,1086,36,33,4,2
r8_m060_same,60,8,same,4,oblique_2,feasibility,unique,893,893,0,0,0,0
r8_m060_same,60,8,same,4,oblique_2,feasibility,ambiguous,163,403,2,2,2,1
r8_m060_same,60,8,same,4,axis_1,projection,unique,81,81,0,0,0,0
r8_m060_same,60,8,same,4,axis_1,projection,ambiguous,175,1215,0,0,2,0
r8_m060_same,60,8,same,4,axis_2,projection,unique,361,361,0,0,0,0
r8_m060_same,60,8,same,4,axis_2,projection,ambiguous,215,935,0,0,4,0
r8_m060_same,60,8,same,4,axis_3,projection,unique,769,769,0,0,0,0
r8_m060_same,60,8,same,4,axis_3,projection,ambiguous,185,527,0,0,8,0
r8_m060_same,60,8,same,4,axis_6,projection,unique,769,769,0,0,0,0
r8_m060_same,60,8,same,4,axis_6,projection,ambiguous,185,527,0,0,8,0
r8_m060_same,60,8,same,4,oblique_1,projection,unique,210,210,0,0,0,0
r8_m060_same,60,8,same,4,oblique_1,projection,ambiguous,237,1086,54,33,4,4
r8_m060_same,60,8,same,4,oblique_2,projection,unique,893,893,0,0,0,0
r8_m060_same,60,8,same,4,oblique_2,projection,ambiguous,163,403,2,2,2,1
r8_m060_split,60,8,split,4,axis_1,feasibility,unique,81,81,0,0,0,0
r8_m060_split,60,8,split,4,axis_1,feasibility,ambiguous,175,1215,0,0,2,0
r8_m060_split,60,8,split,4,axis_2,feasibility,unique,484,484,0,0,0,0
r8_m060_split,60,8,split,4,axis_2,feasibility,ambiguous,192,812,0,0,4,0
r8_m060_split,60,8,split,4,axis_3,feasibility,unique,846,846,0,0,0,0
r8_m060_split,60,8,split,4,axis_3,feasibility,ambiguous,164,450,0,0,8,0
r8_m060_split,60,8,split,4,axis_6,feasibility,unique,931,931,0,0,0,0
r8_m060_split,60,8,split,4,axis_6,feasibility,ambiguous,137,365,0,0,8,0
r8_m060_split,60,8,split,4,oblique_1,feasibility,unique,406,406,0,0,0,0
r8_m060_split,60,8,split,4,oblique_1,feasibility,ambiguous,262,890,9,9,2,1
r8_m060_split,60,8,split,4,oblique_2,feasibility,unique,1245,1245,0,0,0,0
r8_m060_split,60,8,split,4,oblique_2,feasibility,ambiguous,25,51,0,0,2,0
r8_m060_split,60,8,split,4,axis_1,projection,unique,81,81,0,0,0,0
r8_m060_split,60,8,split,4,axis_1,projection,ambiguous,175,1215,0,0,2,0
r8_m060_split,60,8,split,4,axis_2,projection,unique,484,484,0,0,0,0
r8_m060_split,60,8,split,4,axis_2,projection,ambiguous,192,812,0,0,4,0
r8_m060_split,60,8,split,4,axis_3,projection,unique,846,846,0,0,0,0
r8_m060_split,60,8,split,4,axis_3,projection,ambiguous,164,450,0,0,8,0
r8_m060_split,60,8,split,4,axis_6,projection,unique,931,931,0,0,0,0
r8_m060_split,60,8,split,4,axis_6,projection,ambiguous,137,365,0,0,8,0
r8_m060_split,60,8,split,4,oblique_1,projection,unique,406,406,0,0,0,0
r8_m060_split,60,8,split,4,oblique_1,projection,ambiguous,262,890,12,9,2,2
r8_m060_split,60,8,split,4,oblique_2,projection,unique,1245,1245,0,0,0,0
r8_m060_split,60,8,split,4,oblique_2,projection,ambiguous,25,51,0,0,2,0
r16_m060_same,60,16,same,4,axis_1,feasibility,unique,256,256,0,0,0,0
r16_m060_same,60,16,same,4,axis_1,feasibility,ambiguous,369,1040,0,0,0,0
r16_m060_same,60,16,same,4,axis_2,feasibility,unique,784,784,0,0,0,0
r16_m060_same,60,16,same,4,axis_2,feasibility,ambiguous,240,512,0,0,0,0
r16_m060_same,60,16,same,4,axis_3,feasibility,unique,1152,1152,0,0,0,0
r16_m060_same,60,16,same,4,axis_3,feasibility,ambiguous,72,144,0,0,0,0
r16_m060_same,60,16,same,4,axis_6,feasibility,unique,1296,1296,0,0,0,0
r16_m060_same,60,16,same,4,oblique_1,feasibility,unique,616,616,0,0,0,0
r16_m060_same,60,16,same,4,oblique_1,feasibility,ambiguous,242,680,7,6,3,2
r16_m060_same,60,16,same,4,oblique_2,feasibility,unique,1081,1081,0,0,0,0
r16_m060_same,60,16,same,4,oblique_2,feasibility,ambiguous,85,215,0,0,2,0
r16_m060_same,60,16,same,4,axis_1,projection,unique,256,256,0,0,0,0
r16_m060_same,60,16,same,4,axis_1,projection,ambiguous,369,1040,0,0,0,0
r16_m060_same,60,16,same,4,axis_2,projection,unique,784,784,0,0,0,0
r16_m060_same,60,16,same,4,axis_2,projection,ambiguous,240,512,0,0,0,0
r16_m060_same,60,16,same,4,axis_3,projection,unique,1152,1152,0,0,0,0
r16_m060_same,60,16,same,4,axis_3,projection,ambiguous,72,144,0,0,0,0
r16_m060_same,60,16,same,4,axis_6,projection,unique,1296,1296,0,0,0,0
r16_m060_same,60,16,same,4,oblique_1,projection,unique,616,616,0,0,0,0
r16_m060_same,60,16,same,4,oblique_1,projection,ambiguous,242,680,8,6,3,3
r16_m060_same,60,16,same,4,oblique_2,projection,unique,1081,1081,0,0,0,0
r16_m060_same,60,16,same,4,oblique_2,projection,ambiguous,85,215,0,0,2,0
r16_m060_split,60,16,split,4,axis_1,feasibility,unique,256,256,0,0,0,0
r16_m060_split,60,16,split,4,axis_1,feasibility,ambiguous,369,1040,0,0,0,0
r16_m060_split,60,16,split,4,axis_2,feasibility,unique,784,784,0,0,0,0
r16_m060_split,60,16,split,4,axis_2,feasibility,ambiguous,240,512,0,0,0,0
r16_m060_split,60,16,split,4,axis_3,feasibility,unique,1152,1152,0,0,0,0
r16_m060_split,60,16,split,4,axis_3,feasibility,ambiguous,72,144,0,0,0,0
r16_m060_split,60,16,split,4,axis_6,feasibility,unique,1296,1296,0,0,0,0
r16_m060_split,60,16,split,4,oblique_1,feasibility,unique,748,748,0,0,0,0
r16_m060_split,60,16,split,4,oblique_1,feasibility,ambiguous,218,548,0,0,2,0
r16_m060_split,60,16,split,4,oblique_2,feasibility,unique,1277,1277,0,0,0,0
r16_m060_split,60,16,split,4,oblique_2,feasibility,ambiguous,9,19,0,0,2,0
r16_m060_split,60,16,split,4,axis_1,projection,unique,256,256,0,0,0,0
r16_m060_split,60,16,split,4,axis_1,projection,ambiguous,369,1040,0,0,0,0
r16_m060_split,60,16,split,4,axis_2,projection,unique,784,784,0,0,0,0
r16_m060_split,60,16,split,4,axis_2,projection,ambiguous,240,512,0,0,0,0
r16_m060_split,60,16,split,4,axis_3,projection,unique,1152,1152,0,0,0,0
r16_m060_split,60,16,split,4,axis_3,projection,ambiguous,72,144,0,0,0,0
r16_m060_split,60,16,split,4,axis_6,projection,unique,1296,1296,0,0,0,0
r16_m060_split,60,16,split,4,oblique_1,projection,unique,748,748,0,0,0,0
r16_m060_split,60,16,split,4,oblique_1,projection,ambiguous,218,548,0,0,2,0
r16_m060_split,60,16,split,4,oblique_2,projection,unique,1277,1277,0,0,0,0
r16_m060_split,60,16,split,4,oblique_2,projection,ambiguous,9,19,0,0,2,0
r8_m090_split,90,8,split,4,axis_1,feasibility,unique,81,81,0,0,0,0
r8_m090_split,90,8,split,4,axis_1,feasibility,ambiguous,175,1215,0,0,2,0
r8_m090_split,90,8,split,4,axis_2,feasibility,unique,484,484,0,0,0,0
r8_m090_split,90,8,split,4,axis_2,feasibility,ambiguous,192,812,0,0,4,0
r8_m090_split,90,8,split,4,axis_3,feasibility,unique,846,846,0,0,0,0
r8_m090_split,90,8,split,4,axis_3,feasibility,ambiguous,164,450,0,0,8,0
r8_m090_split,90,8,split,4,axis_6,feasibility,unique,931,931,0,0,0,0
r8_m090_split,90,8,split,4,axis_6,feasibility,ambiguous,137,365,0,0,8,0
r8_m090_split,90,8,split,4,oblique_1,feasibility,unique,583,583,0,0,0,0
r8_m090_split,90,8,split,4,oblique_1,feasibility,ambiguous,263,713,9,9,2,1
r8_m090_split,90,8,split,4,oblique_2,feasibility,unique,1245,1245,0,0,0,0
r8_m090_split,90,8,split,4,oblique_2,feasibility,ambiguous,25,51,0,0,2,0
r8_m090_split,90,8,split,4,axis_1,projection,unique,81,81,0,0,0,0
r8_m090_split,90,8,split,4,axis_1,projection,ambiguous,175,1215,0,0,2,0
r8_m090_split,90,8,split,4,axis_2,projection,unique,484,484,0,0,0,0
r8_m090_split,90,8,split,4,axis_2,projection,ambiguous,192,812,0,0,4,0
r8_m090_split,90,8,split,4,axis_3,projection,unique,846,846,0,0,0,0
r8_m090_split,90,8,split,4,axis_3,projection,ambiguous,164,450,0,0,8,0
r8_m090_split,90,8,split,4,axis_6,projection,unique,931,931,0,0,0,0
r8_m090_split,90,8,split,4,axis_6,projection,ambiguous,137,365,0,0,8,0
r8_m090_split,90,8,split,4,oblique_1,projection,unique,583,583,0,0,0,0
r8_m090_split,90,8,split,4,oblique_1,projection,ambiguous,263,713,9,9,2,1
r8_m090_split,90,8,split,4,oblique_2,projection,unique,1245,1245,0,0,0,0
r8_m090_split,90,8,split,4,oblique_2,projection,ambiguous,25,51,0,0,2,0
r8_m090_same,90,8,same,4,axis_1,feasibility,unique,81,81,0,0,0,0
r8_m090_same,90,8,same,4,axis_1,feasibility,ambiguous,175,1215,0,0,2,0
r8_m090_same,90,8,same,4,axis_2,feasibility,unique,361,361,0,0,0,0
r8_m090_same,90,8,same,4,axis_2,feasibility,ambiguous,215,935,0,0,4,0
r8_m090_same,90,8,same,4,axis_3,feasibility,unique,769,769,0,0,0,0
r8_m090_same,90,8,same,4,axis_3,feasibility,ambiguous,185,527,0,0,8,0
r8_m090_same,90,8,same,4,axis_6,feasibility,unique,769,769,0,0,0,0
r8_m090_same,90,8,same,4,axis_6,feasibility,ambiguous,185,527,0,0,8,0
r8_m090_same,90,8,same,4,oblique_1,feasibility,unique,447,447,0,0,0,0
r8_m090_same,90,8,same,4,oblique_1,feasibility,ambiguous,265,849,34,34,2,1
r8_m090_same,90,8,same,4,oblique_2,feasibility,unique,806,806,0,0,0,0
r8_m090_same,90,8,same,4,oblique_2,feasibility,ambiguous,183,490,4,4,2,1
r8_m090_same,90,8,same,4,axis_1,projection,unique,81,81,0,0,0,0
r8_m090_same,90,8,same,4,axis_1,projection,ambiguous,175,1215,0,0,2,0
r8_m090_same,90,8,same,4,axis_2,projection,unique,361,361,0,0,0,0
r8_m090_same,90,8,same,4,axis_2,projection,ambiguous,215,935,0,0,4,0
r8_m090_same,90,8,same,4,axis_3,projection,unique,769,769,0,0,0,0
r8_m090_same,90,8,same,4,axis_3,projection,ambiguous,185,527,0,0,8,0
r8_m090_same,90,8,same,4,axis_6,projection,unique,769,769,0,0,0,0
r8_m090_same,90,8,same,4,axis_6,projection,ambiguous,185,527,0,0,8,0
r8_m090_same,90,8,same,4,oblique_1,projection,unique,447,447,0,0,0,0
r8_m090_same,90,8,same,4,oblique_1,projection,ambiguous,265,849,34,34,2,1
r8_m090_same,90,8,same,4,oblique_2,projection,unique,806,806,0,0,0,0
r8_m090_same,90,8,same,4,oblique_2,projection,ambiguous,183,490,4,4,2,1
r16_m090_split,90,16,split,4,axis_1,feasibility,unique,256,256,0,0,0,0
r16_m090_split,90,16,split,4,axis_1,feasibility,ambiguous,369,1040,0,0,0,0
r16_m090_split,90,16,split,4,axis_2,feasibility,unique,840,840,0,0,0,0
r16_m090_split,90,16,split,4,axis_2,feasibility,ambiguous,216,456,0,0,0,0
r16_m090_split,90,16,split,4,axis_3,feasibility,unique,1152,1152,0,0,0,0
r16_m090_split,90,16,split,4,axis_3,feasibility,ambiguous,72,144,0,0,0,0
r16_m090_split,90,16,split,4,axis_6,feasibility,unique,1296,1296,0,0,0,0
r16_m090_split,90,16,split,4,oblique_1,feasibility,unique,843,843,0,0,0,0
r16_m090_split,90,16,split,4,oblique_1,feasibility,ambiguous,183,453,0,0,2,0
r16_m090_split,90,16,split,4,oblique_2,feasibility,unique,1277,1277,0,0,0,0
r16_m090_split,90,16,split,4,oblique_2,feasibility,ambiguous,9,19,0,0,2,0
r16_m090_split,90,16,split,4,axis_1,projection,unique,256,256,0,0,0,0
r16_m090_split,90,16,split,4,axis_1,projection,ambiguous,369,1040,0,0,0,0
r16_m090_split,90,16,split,4,axis_2,projection,unique,840,840,0,0,0,0
r16_m090_split,90,16,split,4,axis_2,projection,ambiguous,216,456,0,0,0,0
r16_m090_split,90,16,split,4,axis_3,projection,unique,1152,1152,0,0,0,0
r16_m090_split,90,16,split,4,axis_3,projection,ambiguous,72,144,0,0,0,0
r16_m090_split,90,16,split,4,axis_6,projection,unique,1296,1296,0,0,0,0
r16_m090_split,90,16,split,4,oblique_1,projection,unique,843,843,0,0,0,0
r16_m090_split,90,16,split,4,oblique_1,projection,ambiguous,183,453,0,0,2,0
r16_m090_split,90,16,split,4,oblique_2,projection,unique,1277,1277,0,0,0,0
r16_m090_split,90,16,split,4,oblique_2,projection,ambiguous,9,19,0,0,2,0
r16_m090_same,90,16,same,4,axis_1,feasibility,unique,256,256,0,0,0,0
r16_m090_same,90,16,same,4,axis_1,feasibility,ambiguous,369,1040,0,0,0,0
r16_m090_same,90,16,same,4,axis_2,feasibility,unique,840,840,0,0,0,0
r16_m090_same,90,16,same,4,axis_2,feasibility,ambiguous,216,456,0,0,0,0
r16_m090_same,90,16,same,4,axis_3,feasibility,unique,1152,1152,0,0,0,0
r16_m090_same,90,16,same,4,axis_3,feasibility,ambiguous,72,144,0,0,0,0
r16_m090_same,90,16,same,4,axis_6,feasibility,unique,1296,1296,0,0,0,0
r16_m090_same,90,16,same,4,oblique_1,feasibility,unique,759,759,0,0,0,0
r16_m090_same,90,16,same,4,oblique_1,feasibility,ambiguous,204,537,2,2,2,1
r16_m090_same,90,16,same,4,oblique_2,feasibility,unique,1053,1053,0,0,0,0
r16_m090_same,90,16,same,4,oblique_2,feasibility,ambiguous,90,243,0,0,2,0
r16_m090_same,90,16,same,4,axis_1,projection,unique,256,256,0,0,0,0
r16_m090_same,90,16,same,4,axis_1,projection,ambiguous,369,1040,0,0,0,0
r16_m090_same,90,16,same,4,axis_2,projection,unique,840,840,0,0,0,0
r16_m090_same,90,16,same,4,axis_2,projection,ambiguous,216,456,0,0,0,0
r16_m090_same,90,16,same,4,axis_3,projection,unique,1152,1152,0,0,0,0
r16_m090_same,90,16,same,4,axis_3,projection,ambiguous,72,144,0,0,0,0
r16_m090_same,90,16,same,4,axis_6,projection,unique,1296,1296,0,0,0,0
r16_m090_same,90,16,same,4,oblique_1,projection,unique,759,759,0,0,0,0
r16_m090_same,90,16,same,4,oblique_1,projection,ambiguous,204,537,2,2,2,1
r16_m090_same,90,16,same,4,oblique_2,projection,unique,1053,1053,0,0,0,0
r16_m090_same,90,16,same,4,oblique_2,projection,ambiguous,90,243,0,0,2,0
r8_m031_same,31,8,same,5,axis_1,feasibility,unique,27,27,0,0,0,0
r8_m031_same,31,8,same,5,axis_1,feasibility,ambiguous,229,1917,128,64,2,2
r8_m031_same,31,8,same,5,axis_2,feasibility,unique,342,342,0,0,0,0
r8_m031_same,31,8,same,5,axis_2,feasibility,ambiguous,330,1602,144,96,4,2
r8_m031_same,31,8,same,5,axis_3,feasibility,unique,1193,1193,0,0,0,0
r8_m031_same,31,8,same,5,axis_3,feasibility,ambiguous,264,751,0,0,8,0
r8_m031_same,31,8,same,5,axis_6,feasibility,unique,1193,1193,0,0,0,0
r8_m031_same,31,8,same,5,axis_6,feasibility,ambiguous,264,751,0,0,8,0
r8_m031_same,31,8,same,5,oblique_1,feasibility,unique,394,394,0,0,0,0
r8_m031_same,31,8,same,5,oblique_1,feasibility,ambiguous,358,1550,47,47,2,1
r8_m031_same,31,8,same,5,oblique_2,feasibility,unique,1059,1059,0,0,0,0
r8_m031_same,31,8,same,5,oblique_2,feasibility,ambiguous,316,885,10,10,2,1
r8_m031_same,31,8,same,5,axis_1,projection,unique,27,27,0,0,0,0
r8_m031_same,31,8,same,5,axis_1,projection,ambiguous,229,1917,320,64,2,14
r8_m031_same,31,8,same,5,axis_2,projection,unique,342,342,0,0,0,0
r8_m031_same,31,8,same,5,axis_2,projection,ambiguous,330,1602,242,96,4,12
r8_m031_same,31,8,same,5,axis_3,projection,unique,1193,1193,0,0,0,0
r8_m031_same,31,8,same,5,axis_3,projection,ambiguous,264,751,0,0,8,0
r8_m031_same,31,8,same,5,axis_6,projection,unique,1193,1193,0,0,0,0
r8_m031_same,31,8,same,5,axis_6,projection,ambiguous,264,751,0,0,8,0
r8_m031_same,31,8,same,5,oblique_1,projection,unique,394,394,0,0,0,0
r8_m031_same,31,8,same,5,oblique_1,projection,ambiguous,358,1550,59,47,2,2
r8_m031_same,31,8,same,5,oblique_2,projection,unique,1059,1059,0,0,0,0
r8_m031_same,31,8,same,5,oblique_2,projection,ambiguous,316,885,10,10,2,1
r8_m031_split,31,8,split,5,axis_1,feasibility,unique,27,27,0,0,0,0
r8_m031_split,31,8,split,5,axis_1,feasibility,ambiguous,229,1917,128,64,2,2
r8_m031_split,31,8,split,5,axis_2,feasibility,unique,616,616,0,0,0,0
r8_m031_split,31,8,split,5,axis_2,feasibility,ambiguous,346,1328,0,0,4,0
r8_m031_split,31,8,split,5,axis_3,feasibility,unique,1271,1271,0,0,0,0
r8_m031_split,31,8,split,5,axis_3,feasibility,ambiguous,246,673,0,0,8,0
r8_m031_split,31,8,split,5,axis_6,feasibility,unique,1392,1392,0,0,0,0
r8_m031_split,31,8,split,5,axis_6,feasibility,ambiguous,221,552,0,0,8,0
r8_m031_split,31,8,split,5,oblique_1,feasibility,unique,598,598,0,0,0,0
r8_m031_split,31,8,split,5,oblique_1,feasibility,ambiguous,397,1346,9,9,2,1
r8_m031_split,31,8,split,5,oblique_2,feasibility,unique,1893,1893,0,0,0,0
r8_m031_split,31,8,split,5,oblique_2,feasibility,ambiguous,25,51,0,0,2,0
r8_m031_split,31,8,split,5,axis_1,projection,unique,27,27,0,0,0,0
r8_m031_split,31,8,split,5,axis_1,projection,ambiguous,229,1917,320,64,2,14
r8_m031_split,31,8,split,5,axis_2,projection,unique,616,616,0,0,0,0
r8_m031_split,31,8,split,5,axis_2,projection,ambiguous,346,1328,0,0,4,0
r8_m031_split,31,8,split,5,axis_3,projection,unique,1271,1271,0,0,0,0
r8_m031_split,31,8,split,5,axis_3,projection,ambiguous,246,673,0,0,8,0
r8_m031_split,31,8,split,5,axis_6,projection,unique,1392,1392,0,0,0,0
r8_m031_split,31,8,split,5,axis_6,projection,ambiguous,221,552,0,0,8,0
r8_m031_split,31,8,split,5,oblique_1,projection,unique,598,598,0,0,0,0
r8_m031_split,31,8,split,5,oblique_1,projection,ambiguous,397,1346,12,9,2,2
r8_m031_split,31,8,split,5,oblique_2,projection,unique,1893,1893,0,0,0,0
r8_m031_split,31,8,split,5,oblique_2,projection,ambiguous,25,51,0,0,2,0
r8_m248_split,248,8,split,5,axis_1,feasibility,unique,27,27,0,0,0,0
r8_m248_split,248,8,split,5,axis_1,feasibility,ambiguous,229,1917,128,64,2,2
r8_m248_split,248,8,split,5,axis_2,feasibility,unique,528,528,0,0,0,0
r8_m248_split,248,8,split,5,axis_2,feasibility,ambiguous,356,1416,104,52,4,2
r8_m248_split,248,8,split,5,axis_3,feasibility,unique,1287,1287,0,0,0,0
r8_m248_split,248,8,split,5,axis_3,feasibility,ambiguous,257,657,0,0,8,0
r8_m248_split,248,8,split,5,axis_6,feasibility,unique,1392,1392,0,0,0,0
r8_m248_split,248,8,split,5,axis_6,feasibility,ambiguous,221,552,0,0,8,0
r8_m248_split,248,8,split,5,oblique_1,feasibility,unique,917,917,0,0,0,0
r8_m248_split,248,8,split,5,oblique_1,feasibility,ambiguous,379,1027,9,9,2,1
r8_m248_split,248,8,split,5,oblique_2,feasibility,unique,1885,1885,0,0,0,0
r8_m248_split,248,8,split,5,oblique_2,feasibility,ambiguous,29,59,0,0,2,0
r8_m248_split,248,8,split,5,axis_1,projection,unique,27,27,0,0,0,0
r8_m248_split,248,8,split,5,axis_1,projection,ambiguous,229,1917,320,64,2,14
r8_m248_split,248,8,split,5,axis_2,projection,unique,528,528,0,0,0,0
r8_m248_split,248,8,split,5,axis_2,projection,ambiguous,356,1416,180,52,4,8
r8_m248_split,248,8,split,5,axis_3,projection,unique,1287,1287,0,0,0,0
r8_m248_split,248,8,split,5,axis_3,projection,ambiguous,257,657,0,0,8,0
r8_m248_split,248,8,split,5,axis_6,projection,unique,1392,1392,0,0,0,0
r8_m248_split,248,8,split,5,axis_6,projection,ambiguous,221,552,0,0,8,0
r8_m248_split,248,8,split,5,oblique_1,projection,unique,917,917,0,0,0,0
r8_m248_split,248,8,split,5,oblique_1,projection,ambiguous,379,1027,9,9,2,1
r8_m248_split,248,8,split,5,oblique_2,projection,unique,1885,1885,0,0,0,0
r8_m248_split,248,8,split,5,oblique_2,projection,ambiguous,29,59,0,0,2,0
r8_m248_same,248,8,same,5,axis_1,feasibility,unique,27,27,0,0,0,0
r8_m248_same,248,8,same,5,axis_1,feasibility,ambiguous,229,1917,128,64,2,2
r8_m248_same,248,8,same,5,axis_2,feasibility,unique,342,342,0,0,0,0
r8_m248_same,248,8,same,5,axis_2,feasibility,ambiguous,330,1602,144,96,4,2
r8_m248_same,248,8,same,5,axis_3,feasibility,unique,1193,1193,0,0,0,0
r8_m248_same,248,8,same,5,axis_3,feasibility,ambiguous,264,751,0,0,8,0
r8_m248_same,248,8,same,5,axis_6,feasibility,unique,1193,1193,0,0,0,0
r8_m248_same,248,8,same,5,axis_6,feasibility,ambiguous,264,751,0,0,8,0
r8_m248_same,248,8,same,5,oblique_1,feasibility,unique,494,494,0,0,0,0
r8_m248_same,248,8,same,5,oblique_1,feasibility,ambiguous,395,1450,66,62,3,2
r8_m248_same,248,8,same,5,oblique_2,feasibility,unique,1340,1340,0,0,0,0
r8_m248_same,248,8,same,5,oblique_2,feasibility,ambiguous,241,604,7,7,2,1
r8_m248_same,248,8,same,5,axis_1,projection,unique,27,27,0,0,0,0
r8_m248_same,248,8,same,5,axis_1,projection,ambiguous,229,1917,320,64,2,14
r8_m248_same,248,8,same,5,axis_2,projection,unique,342,342,0,0,0,0
r8_m248_same,248,8,same,5,axis_2,projection,ambiguous,330,1602,240,96,4,12
r8_m248_same,248,8,same,5,axis_3,projection,unique,1193,1193,0,0,0,0
r8_m248_same,248,8,same,5,axis_3,projection,ambiguous,264,751,0,0,8,0
r8_m248_same,248,8,same,5,axis_6,projection,unique,1193,1193,0,0,0,0
r8_m248_same,248,8,same,5,axis_6,projection,ambiguous,264,751,0,0,8,0
r8_m248_same,248,8,same,5,oblique_1,projection,unique,494,494,0,0,0,0
r8_m248_same,248,8,same,5,oblique_1,projection,ambiguous,395,1450,93,62,3,3
r8_m248_same,248,8,same,5,oblique_2,projection,unique,1340,1340,0,0,0,0
r8_m248_same,248,8,same,5,oblique_2,projection,ambiguous,241,604,7,7,2,1
r8_m103_same,103,8,same,5,axis_1,feasibility,unique,3,3,0,0,0,0
r8_m103_same,103,8,same,5,axis_1,feasibility,ambiguous,125,1941,128,56,2,4
r8_m103_same,103,8,same,5,axis_2,feasibility,unique,252,252,0,0,0,0
r8_m103_same,103,8,same,5,axis_2,feasibility,ambiguous,252,1692,192,120,4,4
r8_m103_same,103,8,same,5,axis_3,feasibility,unique,1188,1188,0,0,0,0
r8_m103_same,103,8,same,5,axis_3,feasibility,ambiguous,266,756,0,0,8,0
r8_m103_same,103,8,same,5,axis_6,feasibility,unique,1188,1188,0,0,0,0
r8_m103_same,103,8,same,5,axis_6,feasibility,ambiguous,266,756,0,0,8,0
r8_m103_same,103,8,same,5,oblique_1,feasibility,unique,495,495,0,0,0,0
r8_m103_same,103,8,same,5,oblique_1,feasibility,ambiguous,408,1449,21,21,4,1
r8_m103_same,103,8,same,5,oblique_2,feasibility,unique,1322,1322,0,0,0,0
r8_m103_same,103,8,same,5,oblique_2,feasibility,ambiguous,276,622,0,0,2,0
r8_m103_same,103,8,same,5,axis_1,projection,unique,3,3,0,0,0,0
r8_m103_same,103,8,same,5,axis_1,projection,ambiguous,125,1941,480,56,2,24
r8_m103_same,103,8,same,5,axis_2,projection,unique,252,252,0,0,0,0
r8_m103_same,103,8,same,5,axis_2,projection,ambiguous,252,1692,396,120,4,20
r8_m103_same,103,8,same,5,axis_3,projection,unique,1188,1188,0,0,0,0
r8_m103_same,103,8,same,5,axis_3,projection,ambiguous,266,756,0,0,8,0
r8_m103_same,103,8,same,5,axis_6,projection,unique,1188,1188,0,0,0,0
r8_m103_same,103,8,same,5,axis_6,projection,ambiguous,266,756,0,0,8,0
r8_m103_same,103,8,same,5,oblique_1,projection,unique,495,495,0,0,0,0
r8_m103_same,103,8,same,5,oblique_1,projection,ambiguous,408,1449,31,21,4,3
r8_m103_same,103,8,same,5,oblique_2,projection,unique,1322,1322,0,0,0,0
r8_m103_same,103,8,same,5,oblique_2,projection,ambiguous,276,622,0,0,2,0
r8_m103_split,103,8,split,5,axis_1,feasibility,unique,3,3,0,0,0,0
r8_m103_split,103,8,split,5,axis_1,feasibility,ambiguous,125,1941,128,56,2,4
r8_m103_split,103,8,split,5,axis_2,feasibility,unique,384,384,0,0,0,0
r8_m103_split,103,8,split,5,axis_2,feasibility,ambiguous,364,1560,88,44,4,2
r8_m103_split,103,8,split,5,axis_3,feasibility,unique,1308,1308,0,0,0,0
r8_m103_split,103,8,split,5,axis_3,feasibility,ambiguous,229,636,0,0,8,0
r8_m103_split,103,8,split,5,axis_6,feasibility,unique,1465,1465,0,0,0,0
r8_m103_split,103,8,split,5,axis_6,feasibility,ambiguous,186,479,0,0,8,0
r8_m103_split,103,8,split,5,oblique_1,feasibility,unique,866,866,0,0,0,0
r8_m103_split,103,8,split,5,oblique_1,feasibility,ambiguous,457,1078,0,0,2,0
r8_m103_split,103,8,split,5,oblique_2,feasibility,unique,1893,1893,0,0,0,0
r8_m103_split,103,8,split,5,oblique_2,feasibility,ambiguous,25,51,0,0,2,0
r8_m103_split,103,8,split,5,axis_1,projection,unique,3,3,0,0,0,0
r8_m103_split,103,8,split,5,axis_1,projection,ambiguous,125,1941,480,56,2,24
r8_m103_split,103,8,split,5,axis_2,projection,unique,384,384,0,0,0,0
r8_m103_split,103,8,split,5,axis_2,projection,ambiguous,364,1560,172,44,4,8
r8_m103_split,103,8,split,5,axis_3,projection,unique,1308,1308,0,0,0,0
r8_m103_split,103,8,split,5,axis_3,projection,ambiguous,229,636,0,0,8,0
r8_m103_split,103,8,split,5,axis_6,projection,unique,1465,1465,0,0,0,0
r8_m103_split,103,8,split,5,axis_6,projection,ambiguous,186,479,0,0,8,0
r8_m103_split,103,8,split,5,oblique_1,projection,unique,866,866,0,0,0,0
r8_m103_split,103,8,split,5,oblique_1,projection,ambiguous,457,1078,0,0,2,0
r8_m103_split,103,8,split,5,oblique_2,projection,unique,1893,1893,0,0,0,0
r8_m103_split,103,8,split,5,oblique_2,projection,ambiguous,25,51,0,0,2,0
r8_m173_split,173,8,split,5,axis_1,feasibility,unique,27,27,0,0,0,0
r8_m173_split,173,8,split,5,axis_1,feasibility,ambiguous,229,1917,128,64,2,2
r8_m173_split,173,8,split,5,axis_2,feasibility,unique,528,528,0,0,0,0
r8_m173_split,173,8,split,5,axis_2,feasibility,ambiguous,356,1416,104,52,4,2
r8_m173_split,173,8,split,5,axis_3,feasibility,unique,1312,1312,0,0,0,0
r8_m173_split,173,8,split,5,axis_3,feasibility,ambiguous,246,632,0,0,8,0
r8_m173_split,173,8,split,5,axis_6,feasibility,unique,1465,1465,0,0,0,0
r8_m173_split,173,8,split,5,axis_6,feasibility,ambiguous,186,479,0,0,8,0
r8_m173_split,173,8,split,5,oblique_1,feasibility,unique,678,678,0,0,0,0
r8_m173_split,173,8,split,5,oblique_1,feasibility,ambiguous,508,1266,0,0,2,0
r8_m173_split,173,8,split,5,oblique_2,feasibility,unique,1897,1897,0,0,0,0
r8_m173_split,173,8,split,5,oblique_2,feasibility,ambiguous,23,47,0,0,2,0
r8_m173_split,173,8,split,5,axis_1,projection,unique,27,27,0,0,0,0
r8_m173_split,173,8,split,5,axis_1,projection,ambiguous,229,1917,320,64,2,14
r8_m173_split,173,8,split,5,axis_2,projection,unique,528,528,0,0,0,0
r8_m173_split,173,8,split,5,axis_2,projection,ambiguous,356,1416,180,52,4,8
r8_m173_split,173,8,split,5,axis_3,projection,unique,1312,1312,0,0,0,0
r8_m173_split,173,8,split,5,axis_3,projection,ambiguous,246,632,0,0,8,0
r8_m173_split,173,8,split,5,axis_6,projection,unique,1465,1465,0,0,0,0
r8_m173_split,173,8,split,5,axis_6,projection,ambiguous,186,479,0,0,8,0
r8_m173_split,173,8,split,5,oblique_1,projection,unique,678,678,0,0,0,0
r8_m173_split,173,8,split,5,oblique_1,projection,ambiguous,508,1266,0,0,2,0
r8_m173_split,173,8,split,5,oblique_2,projection,unique,1897,1897,0,0,0,0
r8_m173_split,173,8,split,5,oblique_2,projection,ambiguous,23,47,0,0,2,0
r8_m173_same,173,8,same,5,axis_1,feasibility,unique,27,27,0,0,0,0
r8_m173_same,173,8,same,5,axis_1,feasibility,ambiguous,229,1917,128,64,2,2
r8_m173_same,173,8,same,5,axis_2,feasibility,unique,342,342,0,0,0,0
r8_m173_same,173,8,same,5,axis_2,feasibility,ambiguous,330,1602,144,96,4,2
r8_m173_same,173,8,same,5,axis_3,feasibility,unique,1194,1194,0,0,0,0
r8_m173_same,173,8,same,5,axis_3,feasibility,ambiguous,262,750,0,0,8,0
r8_m173_same,173,8,same,5,axis_6,feasibility,unique,1194,1194,0,0,0,0
r8_m173_same,173,8,same,5,axis_6,feasibility,ambiguous,262,750,0,0,8,0
r8_m173_same,173,8,same,5,oblique_1,feasibility,unique,410,410,0,0,0,0
r8_m173_same,173,8,same,5,oblique_1,feasibility,ambiguous,383,1534,52,50,4,2
r8_m173_same,173,8,same,5,oblique_2,feasibility,unique,1329,1329,0,0,0,0
r8_m173_same,173,8,same,5,oblique_2,feasibility,ambiguous,256,615,7,7,2,1
r8_m173_same,173,8,same,5,axis_1,projection,unique,27,27,0,0,0,0
r8_m173_same,173,8,same,5,axis_1,projection,ambiguous,229,1917,320,64,2,14
r8_m173_same,173,8,same,5,axis_2,projection,unique,342,342,0,0,0,0
r8_m173_same,173,8,same,5,axis_2,projection,ambiguous,330,1602,242,96,4,12
r8_m173_same,173,8,same,5,axis_3,projection,unique,1194,1194,0,0,0,0
r8_m173_same,173,8,same,5,axis_3,projection,ambiguous,262,750,0,0,8,0
r8_m173_same,173,8,same,5,axis_6,projection,unique,1194,1194,0,0,0,0
r8_m173_same,173,8,same,5,axis_6,projection,ambiguous,262,750,0,0,8,0
r8_m173_same,173,8,same,5,oblique_1,projection,unique,410,410,0,0,0,0
r8_m173_same,173,8,same,5,oblique_1,projection,ambiguous,383,1534,77,50,4,3
r8_m173_same,173,8,same,5,oblique_2,projection,unique,1329,1329,0,0,0,0
r8_m173_same,173,8,same,5,oblique_2,projection,ambiguous,256,615,7,7,2,1
r8_m063_same,63,8,same,6,axis_1,feasibility,unique,9,9,0,0,0,0
r8_m063_same,63,8,same,6,axis_1,feasibility,ambiguous,247,2907,256,112,2,4
r8_m063_same,63,8,same,6,axis_2,feasibility,unique,324,324,0,0,0,0
r8_m063_same,63,8,same,6,axis_2,feasibility,ambiguous,460,2592,336,208,4,4
r8_m063_same,63,8,same,6,axis_3,feasibility,unique,1622,1622,0,0,0,0
r8_m063_same,63,8,same,6,axis_3,feasibility,ambiguous,446,1294,32,28,8,2
r8_m063_same,63,8,same,6,axis_6,feasibility,unique,1622,1622,0,0,0,0
r8_m063_same,63,8,same,6,axis_6,feasibility,ambiguous,446,1294,32,28,8,2
r8_m063_same,63,8,same,6,oblique_1,feasibility,unique,369,369,0,0,0,0
r8_m063_same,63,8,same,6,oblique_1,feasibility,ambiguous,476,2547,87,84,4,2
r8_m063_same,63,8,same,6,oblique_2,feasibility,unique,1485,1485,0,0,0,0
r8_m063_same,63,8,same,6,oblique_2,feasibility,ambiguous,496,1431,13,13,2,1
r8_m063_same,63,8,same,6,axis_1,projection,unique,9,9,0,0,0,0
r8_m063_same,63,8,same,6,axis_1,projection,ambiguous,247,2907,832,112,2,24
r8_m063_same,63,8,same,6,axis_2,projection,unique,324,324,0,0,0,0
r8_m063_same,63,8,same,6,axis_2,projection,ambiguous,460,2592,656,208,4,20
r8_m063_same,63,8,same,6,axis_3,projection,unique,1622,1622,0,0,0,0
r8_m063_same,63,8,same,6,axis_3,projection,ambiguous,446,1294,38,28,8,4
r8_m063_same,63,8,same,6,axis_6,projection,unique,1622,1622,0,0,0,0
r8_m063_same,63,8,same,6,axis_6,projection,ambiguous,446,1294,38,28,8,4
r8_m063_same,63,8,same,6,oblique_1,projection,unique,369,369,0,0,0,0
r8_m063_same,63,8,same,6,oblique_1,projection,ambiguous,476,2547,143,84,4,4
r8_m063_same,63,8,same,6,oblique_2,projection,unique,1485,1485,0,0,0,0
r8_m063_same,63,8,same,6,oblique_2,projection,ambiguous,496,1431,13,13,2,1
r8_m063_split,63,8,split,6,axis_1,feasibility,unique,9,9,0,0,0,0
r8_m063_split,63,8,split,6,axis_1,feasibility,ambiguous,247,2907,256,112,2,4
r8_m063_split,63,8,split,6,axis_2,feasibility,unique,784,784,0,0,0,0
r8_m063_split,63,8,split,6,axis_2,feasibility,ambiguous,585,2132,0,0,4,0
r8_m063_split,63,8,split,6,axis_3,feasibility,unique,1883,1883,0,0,0,0
r8_m063_split,63,8,split,6,axis_3,feasibility,ambiguous,377,1033,0,0,8,0
r8_m063_split,63,8,split,6,axis_6,feasibility,unique,2156,2156,0,0,0,0
r8_m063_split,63,8,split,6,axis_6,feasibility,ambiguous,314,760,0,0,8,0
r8_m063_split,63,8,split,6,oblique_1,feasibility,unique,884,884,0,0,0,0
r8_m063_split,63,8,split,6,oblique_1,feasibility,ambiguous,596,2032,9,9,2,1
r8_m063_split,63,8,split,6,oblique_2,feasibility,unique,2865,2865,0,0,0,0
r8_m063_split,63,8,split,6,oblique_2,feasibility,ambiguous,25,51,0,0,2,0
r8_m063_split,63,8,split,6,axis_1,projection,unique,9,9,0,0,0,0
r8_m063_split,63,8,split,6,axis_1,projection,ambiguous,247,2907,832,112,2,24
r8_m063_split,63,8,split,6,axis_2,projection,unique,784,784,0,0,0,0
r8_m063_split,63,8,split,6,axis_2,projection,ambiguous,585,2132,0,0,4,0
r8_m063_split,63,8,split,6,axis_3,projection,unique,1883,1883,0,0,0,0
r8_m063_split,63,8,split,6,axis_3,projection,ambiguous,377,1033,0,0,8,0
r8_m063_split,63,8,split,6,axis_6,projection,unique,2156,2156,0,0,0,0
r8_m063_split,63,8,split,6,axis_6,projection,ambiguous,314,760,0,0,8,0
r8_m063_split,63,8,split,6,oblique_1,projection,unique,884,884,0,0,0,0
r8_m063_split,63,8,split,6,oblique_1,projection,ambiguous,596,2032,12,9,2,2
r8_m063_split,63,8,split,6,oblique_2,projection,unique,2865,2865,0,0,0,0
r8_m063_split,63,8,split,6,oblique_2,projection,ambiguous,25,51,0,0,2,0
r8_m252_split,252,8,split,6,axis_1,feasibility,unique,9,9,0,0,0,0
r8_m252_split,252,8,split,6,axis_1,feasibility,ambiguous,247,2907,256,112,2,4
r8_m252_split,252,8,split,6,axis_2,feasibility,unique,576,576,0,0,0,0
r8_m252_split,252,8,split,6,axis_2,feasibility,ambiguous,580,2340,272,132,4,4
r8_m252_split,252,8,split,6,axis_3,feasibility,unique,1840,1840,0,0,0,0
r8_m252_split,252,8,split,6,axis_3,feasibility,ambiguous,416,1076,8,4,8,2
r8_m252_split,252,8,split,6,axis_6,feasibility,unique,2156,2156,0,0,0,0
r8_m252_split,252,8,split,6,axis_6,feasibility,ambiguous,314,760,0,0,8,0
r8_m252_split,252,8,split,6,oblique_1,feasibility,unique,1050,1050,0,0,0,0
r8_m252_split,252,8,split,6,oblique_1,feasibility,ambiguous,590,1866,15,15,2,1
r8_m252_split,252,8,split,6,oblique_2,feasibility,unique,2839,2839,0,0,0,0
r8_m252_split,252,8,split,6,oblique_2,feasibility,ambiguous,38,77,0,0,2,0
r8_m252_split,252,8,split,6,axis_1,projection,unique,9,9,0,0,0,0
r8_m252_split,252,8,split,6,axis_1,projection,ambiguous,247,2907,832,112,2,24
r8_m252_split,252,8,split,6,axis_2,projection,unique,576,576,0,0,0,0
r8_m252_split,252,8,split,6,axis_2,projection,ambiguous,580,2340,520,132,4,12
r8_m252_split,252,8,split,6,axis_3,projection,unique,1840,1840,0,0,0,0
r8_m252_split,252,8,split,6,axis_3,projection,ambiguous,416,1076,14,4,8,4
r8_m252_split,252,8,split,6,axis_6,projection,unique,2156,2156,0,0,0,0
r8_m252_split,252,8,split,6,axis_6,projection,ambiguous,314,760,0,0,8,0
r8_m252_split,252,8,split,6,oblique_1,projection,unique,1050,1050,0,0,0,0
r8_m252_split,252,8,split,6,oblique_1,projection,ambiguous,590,1866,18,15,2,2
r8_m252_split,252,8,split,6,oblique_2,projection,unique,2839,2839,0,0,0,0
r8_m252_split,252,8,split,6,oblique_2,projection,ambiguous,38,77,0,0,2,0
r8_m252_same,252,8,same,6,axis_1,feasibility,unique,9,9,0,0,0,0
r8_m252_same,252,8,same,6,axis_1,feasibility,ambiguous,247,2907,256,112,2,4
r8_m252_same,252,8,same,6,axis_2,feasibility,unique,324,324,0,0,0,0
r8_m252_same,252,8,same,6,axis_2,feasibility,ambiguous,460,2592,336,208,4,4
r8_m252_same,252,8,same,6,axis_3,feasibility,unique,1622,1622,0,0,0,0
r8_m252_same,252,8,same,6,axis_3,feasibility,ambiguous,446,1294,32,28,8,2
r8_m252_same,252,8,same,6,axis_6,feasibility,unique,1622,1622,0,0,0,0
r8_m252_same,252,8,same,6,axis_6,feasibility,ambiguous,446,1294,32,28,8,2
r8_m252_same,252,8,same,6,oblique_1,feasibility,unique,597,597,0,0,0,0
r8_m252_same,252,8,same,6,oblique_1,feasibility,ambiguous,532,2319,94,88,4,2
r8_m252_same,252,8,same,6,oblique_2,feasibility,unique,2014,2014,0,0,0,0
r8_m252_same,252,8,same,6,oblique_2,feasibility,ambiguous,366,902,9,9,2,1
r8_m252_same,252,8,same,6,axis_1,projection,unique,9,9,0,0,0,0
r8_m252_same,252,8,same,6,axis_1,projection,ambiguous,247,2907,832,112,2,24
r8_m252_same,252,8,same,6,axis_2,projection,unique,324,324,0,0,0,0
r8_m252_same,252,8,same,6,axis_2,projection,ambiguous,460,2592,648,208,4,20
r8_m252_same,252,8,same,6,axis_3,projection,unique,1622,1622,0,0,0,0
r8_m252_same,252,8,same,6,axis_3,projection,ambiguous,446,1294,38,28,8,4
r8_m252_same,252,8,same,6,axis_6,projection,unique,1622,1622,0,0,0,0
r8_m252_same,252,8,same,6,axis_6,projection,ambiguous,446,1294,38,28,8,4
r8_m252_same,252,8,same,6,oblique_1,projection,unique,597,597,0,0,0,0
r8_m252_same,252,8,same,6,oblique_1,projection,ambiguous,532,2319,142,88,4,4
r8_m252_same,252,8,same,6,oblique_2,projection,unique,2014,2014,0,0,0,0
r8_m252_same,252,8,same,6,oblique_2,projection,ambiguous,366,902,9,9,2,1
r8_m219_same,219,8,same,6,axis_1,feasibility,unique,9,9,0,0,0,0
r8_m219_same,219,8,same,6,axis_1,feasibility,ambiguous,247,2907,256,112,2,4
r8_m219_same,219,8,same,6,axis_2,feasibility,unique,324,324,0,0,0,0
r8_m219_same,219,8,same,6,axis_2,feasibility,ambiguous,460,2592,336,208,4,4
r8_m219_same,219,8,same,6,axis_3,feasibility,unique,1811,1811,0,0,0,0
r8_m219_same,219,8,same,6,axis_3,feasibility,ambiguous,401,1105,0,0,8,0
r8_m219_same,219,8,same,6,axis_6,feasibility,unique,1811,1811,0,0,0,0
r8_m219_same,219,8,same,6,axis_6,feasibility,ambiguous,401,1105,0,0,8,0
r8_m219_same,219,8,same,6,oblique_1,feasibility,unique,906,906,0,0,0,0
r8_m219_same,219,8,same,6,oblique_1,feasibility,ambiguous,567,2010,74,74,2,1
r8_m219_same,219,8,same,6,oblique_2,feasibility,unique,1628,1628,0,0,0,0
r8_m219_same,219,8,same,6,oblique_2,feasibility,ambiguous,469,1288,21,21,2,1
r8_m219_same,219,8,same,6,axis_1,projection,unique,9,9,0,0,0,0
r8_m219_same,219,8,same,6,axis_1,projection,ambiguous,247,2907,832,112,2,24
r8_m219_same,219,8,same,6,axis_2,projection,unique,324,324,0,0,0,0
r8_m219_same,219,8,same,6,axis_2,projection,ambiguous,460,2592,648,208,4,20
r8_m219_same,219,8,same,6,axis_3,projection,unique,1811,1811,0,0,0,0
r8_m219_same,219,8,same,6,axis_3,projection,ambiguous,401,1105,0,0,8,0
r8_m219_same,219,8,same,6,axis_6,projection,unique,1811,1811,0,0,0,0
r8_m219_same,219,8,same,6,axis_6,projection,ambiguous,401,1105,0,0,8,0
r8_m219_same,219,8,same,6,oblique_1,projection,unique,906,906,0,0,0,0
r8_m219_same,219,8,same,6,oblique_1,projection,ambiguous,567,2010,80,74,2,2
r8_m219_same,219,8,same,6,oblique_2,projection,unique,1628,1628,0,0,0,0
r8_m219_same,219,8,same,6,oblique_2,projection,ambiguous,469,1288,21,21,2,1
r8_m219_split,219,8,split,6,axis_1,feasibility,unique,9,9,0,0,0,0
r8_m219_split,219,8,split,6,axis_1,feasibility,ambiguous,247,2907,256,112,2,4
r8_m219_split,219,8,split,6,axis_2,feasibility,unique,672,672,0,0,0,0
r8_m219_split,219,8,split,6,axis_2,feasibility,ambiguous,586,2244,148,74,4,2
r8_m219_split,219,8,split,6,axis_3,feasibility,unique,2026,2026,0,0,0,0
r8_m219_split,219,8,split,6,axis_3,feasibility,ambiguous,347,890,0,0,8,0
r8_m219_split,219,8,split,6,axis_6,feasibility,unique,2323,2323,0,0,0,0
r8_m219_split,219,8,split,6,axis_6,feasibility,ambiguous,235,593,0,0,8,0
r8_m219_split,219,8,split,6,oblique_1,feasibility,unique,1340,1340,0,0,0,0
r8_m219_split,219,8,split,6,oblique_1,feasibility,ambiguous,583,1576,9,9,2,1
r8_m219_split,219,8,split,6,oblique_2,feasibility,unique,2857,2857,0,0,0,0
r8_m219_split,219,8,split,6,oblique_2,feasibility,ambiguous,29,59,0,0,2,0
r8_m219_split,219,8,split,6,axis_1,projection,unique,9,9,0,0,0,0
r8_m219_split,219,8,split,6,axis_1,projection,ambiguous,247,2907,832,112,2,24
r8_m219_split,219,8,split,6,axis_2,projection,unique,672,672,0,0,0,0
r8_m219_split,219,8,split,6,axis_2,projection,ambiguous,586,2244,274,74,4,8
r8_m219_split,219,8,split,6,axis_3,projection,unique,2026,2026,0,0,0,0
r8_m219_split,219,8,split,6,axis_3,projection,ambiguous,347,890,0,0,8,0
r8_m219_split,219,8,split,6,axis_6,projection,unique,2323,2323,0,0,0,0
r8_m219_split,219,8,split,6,axis_6,projection,ambiguous,235,593,0,0,8,0
r8_m219_split,219,8,split,6,oblique_1,projection,unique,1340,1340,0,0,0,0
r8_m219_split,219,8,split,6,oblique_1,projection,ambiguous,583,1576,9,9,2,1
r8_m219_split,219,8,split,6,oblique_2,projection,unique,2857,2857,0,0,0,0
r8_m219_split,219,8,split,6,oblique_2,projection,ambiguous,29,59,0,0,2,0
r8_m231_split,231,8,split,6,axis_1,feasibility,unique,9,9,0,0,0,0
r8_m231_split,231,8,split,6,axis_1,feasibility,ambiguous,247,2907,256,112,2,4
r8_m231_split,231,8,split,6,axis_2,feasibility,unique,672,672,0,0,0,0
r8_m231_split,231,8,split,6,axis_2,feasibility,ambiguous,586,2244,148,74,4,2
r8_m231_split,231,8,split,6,axis_3,feasibility,unique,2026,2026,0,0,0,0
r8_m231_split,231,8,split,6,axis_3,feasibility,ambiguous,347,890,0,0,8,0
r8_m231_split,231,8,split,6,axis_6,feasibility,unique,2323,2323,0,0,0,0
r8_m231_split,231,8,split,6,axis_6,feasibility,ambiguous,235,593,0,0,8,0
r8_m231_split,231,8,split,6,oblique_1,feasibility,unique,1346,1346,0,0,0,0
r8_m231_split,231,8,split,6,oblique_1,feasibility,ambiguous,676,1570,0,0,2,0
r8_m231_split,231,8,split,6,oblique_2,feasibility,unique,2857,2857,0,0,0,0
r8_m231_split,231,8,split,6,oblique_2,feasibility,ambiguous,29,59,0,0,2,0
r8_m231_split,231,8,split,6,axis_1,projection,unique,9,9,0,0,0,0
r8_m231_split,231,8,split,6,axis_1,projection,ambiguous,247,2907,832,112,2,24
r8_m231_split,231,8,split,6,axis_2,projection,unique,672,672,0,0,0,0
r8_m231_split,231,8,split,6,axis_2,projection,ambiguous,586,2244,274,74,4,8
r8_m231_split,231,8,split,6,axis_3,projection,unique,2026,2026,0,0,0,0
r8_m231_split,231,8,split,6,axis_3,projection,ambiguous,347,890,0,0,8,0
r8_m231_split,231,8,split,6,axis_6,projection,unique,2323,2323,0,0,0,0
r8_m231_split,231,8,split,6,axis_6,projection,ambiguous,235,593,0,0,8,0
r8_m231_split,231,8,split,6,oblique_1,projection,unique,1346,1346,0,0,0,0
r8_m231_split,231,8,split,6,oblique_1,projection,ambiguous,676,1570,0,0,2,0
r8_m231_split,231,8,split,6,oblique_2,projection,unique,2857,2857,0,0,0,0
r8_m231_split,231,8,split,6,oblique_2,projection,ambiguous,29,59,0,0,2,0
r8_m231_same,231,8,same,6,axis_1,feasibility,unique,9,9,0,0,0,0
r8_m231_same,231,8,same,6,axis_1,feasibility,ambiguous,247,2907,256,112,2,4
r8_m231_same,231,8,same,6,axis_2,feasibility,unique,324,324,0,0,0,0
r8_m231_same,231,8,same,6,axis_2,feasibility,ambiguous,460,2592,336,208,4,4
r8_m231_same,231,8,same,6,axis_3,feasibility,unique,1811,1811,0,0,0,0
r8_m231_same,231,8,same,6,axis_3,feasibility,ambiguous,401,1105,0,0,8,0
r8_m231_same,231,8,same,6,axis_6,feasibility,unique,1811,1811,0,0,0,0
r8_m231_same,231,8,same,6,axis_6,feasibility,ambiguous,401,1105,0,0,8,0
r8_m231_same,231,8,same,6,oblique_1,feasibility,unique,830,830,0,0,0,0
r8_m231_same,231,8,same,6,oblique_1,feasibility,ambiguous,616,2086,42,42,4,1
r8_m231_same,231,8,same,6,oblique_2,feasibility,unique,2061,2061,0,0,0,0
r8_m231_same,231,8,same,6,oblique_2,feasibility,ambiguous,387,855,0,0,2,0
r8_m231_same,231,8,same,6,axis_1,projection,unique,9,9,0,0,0,0
r8_m231_same,231,8,same,6,axis_1,projection,ambiguous,247,2907,832,112,2,24
r8_m231_same,231,8,same,6,axis_2,projection,unique,324,324,0,0,0,0
r8_m231_same,231,8,same,6,axis_2,projection,ambiguous,460,2592,652,208,4,20
r8_m231_same,231,8,same,6,axis_3,projection,unique,1811,1811,0,0,0,0
r8_m231_same,231,8,same,6,axis_3,projection,ambiguous,401,1105,0,0,8,0
r8_m231_same,231,8,same,6,axis_6,projection,unique,1811,1811,0,0,0,0
r8_m231_same,231,8,same,6,axis_6,projection,ambiguous,401,1105,0,0,8,0
r8_m231_same,231,8,same,6,oblique_1,projection,unique,830,830,0,0,0,0
r8_m231_same,231,8,same,6,oblique_1,projection,ambiguous,616,2086,62,42,4,3
r8_m231_same,231,8,same,6,oblique_2,projection,unique,2061,2061,0,0,0,0
r8_m231_same,231,8,same,6,oblique_2,projection,ambiguous,387,855,0,0,2,0
r8_m127_same,127,8,same,7,axis_1,feasibility,unique,3,3,0,0,0,0
r8_m127_same,127,8,same,7,axis_1,feasibility,ambiguous,253,4371,384,148,2,6
r8_m127_same,127,8,same,7,axis_2,feasibility,unique,378,378,0,0,0,0
r8_m127_same,127,8,same,7,axis_2,feasibility,ambiguous,518,3996,584,296,4,6
r8_m127_same,127,8,same,7,axis_3,feasibility,unique,2422,2422,0,0,0,0
r8_m127_same,127,8,same,7,axis_3,feasibility,ambiguous,695,1952,51,43,8,2
r8_m127_same,127,8,same,7,axis_6,feasibility,unique,2422,2422,0,0,0,0
r8_m127_same,127,8,same,7,axis_6,feasibility,ambiguous,695,1952,51,43,8,2
r8_m127_same,127,8,same,7,oblique_1,feasibility,unique,631,631,0,0,0,0
r8_m127_same,127,8,same,7,oblique_1,feasibility,ambiguous,748,3743,128,123,4,2
r8_m127_same,127,8,same,7,oblique_2,feasibility,unique,2218,2218,0,0,0,0
r8_m127_same,127,8,same,7,oblique_2,feasibility,ambiguous,739,2156,33,33,2,1
r8_m127_same,127,8,same,7,axis_1,projection,unique,3,3,0,0,0,0
r8_m127_same,127,8,same,7,axis_1,projection,ambiguous,253,4371,1536,148,2,30
r8_m127_same,127,8,same,7,axis_2,projection,unique,378,378,0,0,0,0
r8_m127_same,127,8,same,7,axis_2,projection,ambiguous,518,3996,1392,296,4,28
r8_m127_same,127,8,same,7,axis_3,projection,unique,2422,2422,0,0,0,0
r8_m127_same,127,8,same,7,axis_3,projection,ambiguous,695,1952,62,43,8,4
r8_m127_same,127,8,same,7,axis_6,projection,unique,2422,2422,0,0,0,0
r8_m127_same,127,8,same,7,axis_6,projection,ambiguous,695,1952,62,43,8,4
r8_m127_same,127,8,same,7,oblique_1,projection,unique,631,631,0,0,0,0
r8_m127_same,127,8,same,7,oblique_1,projection,ambiguous,748,3743,196,123,4,4
r8_m127_same,127,8,same,7,oblique_2,projection,unique,2218,2218,0,0,0,0
r8_m127_same,127,8,same,7,oblique_2,projection,ambiguous,739,2156,33,33,2,1
r8_m127_split,127,8,split,7,axis_1,feasibility,unique,3,3,0,0,0,0
r8_m127_split,127,8,split,7,axis_1,feasibility,ambiguous,253,4371,384,148,2,6
r8_m127_split,127,8,split,7,axis_2,feasibility,unique,812,812,0,0,0,0
r8_m127_split,127,8,split,7,axis_2,feasibility,ambiguous,853,3562,296,148,4,2
r8_m127_split,127,8,split,7,axis_3,feasibility,unique,2827,2827,0,0,0,0
r8_m127_split,127,8,split,7,axis_3,feasibility,ambiguous,604,1547,0,0,8,0
r8_m127_split,127,8,split,7,axis_6,feasibility,unique,3254,3254,0,0,0,0
r8_m127_split,127,8,split,7,axis_6,feasibility,ambiguous,466,1120,0,0,8,0
r8_m127_split,127,8,split,7,oblique_1,feasibility,unique,1412,1412,0,0,0,0
r8_m127_split,127,8,split,7,oblique_1,feasibility,ambiguous,934,2962,15,15,2,1
r8_m127_split,127,8,split,7,oblique_2,feasibility,unique,4287,4287,0,0,0,0
r8_m127_split,127,8,split,7,oblique_2,feasibility,ambiguous,43,87,0,0,2,0
r8_m127_split,127,8,split,7,axis_1,projection,unique,3,3,0,0,0,0
r8_m127_split,127,8,split,7,axis_1,projection,ambiguous,253,4371,1536,148,2,30
r8_m127_split,127,8,split,7,axis_2,projection,unique,812,812,0,0,0,0
r8_m127_split,127,8,split,7,axis_2,projection,ambiguous,853,3562,474,148,4,8
r8_m127_split,127,8,split,7,axis_3,projection,unique,2827,2827,0,0,0,0
r8_m127_split,127,8,split,7,axis_3,projection,ambiguous,604,1547,0,0,8,0
r8_m127_split,127,8,split,7,axis_6,projection,unique,3254,3254,0,0,0,0
r8_m127_split,127,8,split,7,axis_6,projection,ambiguous,466,1120,0,0,8,0
r8_m127_split,127,8,split,7,oblique_1,projection,unique,1412,1412,0,0,0,0
r8_m127_split,127,8,split,7,oblique_1,projection,ambiguous,934,2962,18,15,2,2
r8_m127_split,127,8,split,7,oblique_2,projection,unique,4287,4287,0,0,0,0
r8_m127_split,127,8,split,7,oblique_2,projection,ambiguous,43,87,0,0,2,0
r8_m254_split,254,8,split,7,axis_1,feasibility,unique,3,3,0,0,0,0
r8_m254_split,254,8,split,7,axis_1,feasibility,ambiguous,253,4371,384,148,2,6
r8_m254_split,254,8,split,7,axis_2,feasibility,unique,696,696,0,0,0,0
r8_m254_split,254,8,split,7,axis_2,feasibility,ambiguous,834,3678,452,218,4,4
r8_m254_split,254,8,split,7,axis_3,feasibility,unique,2756,2756,0,0,0,0
r8_m254_split,254,8,split,7,axis_3,feasibility,ambiguous,622,1618,16,8,8,2
r8_m254_split,254,8,split,7,axis_6,feasibility,unique,3254,3254,0,0,0,0
r8_m254_split,254,8,split,7,axis_6,feasibility,ambiguous,466,1120,0,0,8,0
r8_m254_split,254,8,split,7,oblique_1,feasibility,unique,1539,1539,0,0,0,0
r8_m254_split,254,8,split,7,oblique_1,feasibility,ambiguous,898,2835,19,19,3,1
r8_m254_split,254,8,split,7,oblique_2,feasibility,unique,4281,4281,0,0,0,0
r8_m254_split,254,8,split,7,oblique_2,feasibility,ambiguous,46,93,0,0,2,0
r8_m254_split,254,8,split,7,axis_1,projection,unique,3,3,0,0,0,0
r8_m254_split,254,8,split,7,axis_1,projection,ambiguous,253,4371,1536,148,2,30
r8_m254_split,254,8,split,7,axis_2,projection,unique,696,696,0,0,0,0
r8_m254_split,254,8,split,7,axis_2,projection,ambiguous,834,3678,818,218,4,12
r8_m254_split,254,8,split,7,axis_3,projection,unique,2756,2756,0,0,0,0
r8_m254_split,254,8,split,7,axis_3,projection,ambiguous,622,1618,22,8,8,4
r8_m254_split,254,8,split,7,axis_6,projection,unique,3254,3254,0,0,0,0
r8_m254_split,254,8,split,7,axis_6,projection,ambiguous,466,1120,0,0,8,0
r8_m254_split,254,8,split,7,oblique_1,projection,unique,1539,1539,0,0,0,0
r8_m254_split,254,8,split,7,oblique_1,projection,ambiguous,898,2835,22,19,3,2
r8_m254_split,254,8,split,7,oblique_2,projection,unique,4281,4281,0,0,0,0
r8_m254_split,254,8,split,7,oblique_2,projection,ambiguous,46,93,0,0,2,0
r8_m254_same,254,8,same,7,axis_1,feasibility,unique,3,3,0,0,0,0
r8_m254_same,254,8,same,7,axis_1,feasibility,ambiguous,253,4371,384,148,2,6
r8_m254_same,254,8,same,7,axis_2,feasibility,unique,378,378,0,0,0,0
r8_m254_same,254,8,same,7,axis_2,feasibility,ambiguous,518,3996,584,296,4,6
r8_m254_same,254,8,same,7,axis_3,feasibility,unique,2422,2422,0,0,0,0
r8_m254_same,254,8,same,7,axis_3,feasibility,ambiguous,695,1952,51,43,8,2
r8_m254_same,254,8,same,7,axis_6,feasibility,unique,2422,2422,0,0,0,0
r8_m254_same,254,8,same,7,axis_6,feasibility,ambiguous,695,1952,51,43,8,2
r8_m254_same,254,8,same,7,oblique_1,feasibility,unique,798,798,0,0,0,0
r8_m254_same,254,8,same,7,oblique_1,feasibility,ambiguous,767,3576,162,154,4,2
r8_m254_same,254,8,same,7,oblique_2,feasibility,unique,2552,2552,0,0,0,0
r8_m254_same,254,8,same,7,oblique_2,feasibility,ambiguous,690,1822,15,15,2,1
r8_m254_same,254,8,same,7,axis_1,projection,unique,3,3,0,0,0,0
r8_m254_same,254,8,same,7,axis_1,projection,ambiguous,253,4371,1536,148,2,30
r8_m254_same,254,8,same,7,axis_2,projection,unique,378,378,0,0,0,0
r8_m254_same,254,8,same,7,axis_2,projection,ambiguous,518,3996,1384,296,4,28
r8_m254_same,254,8,same,7,axis_3,projection,unique,2422,2422,0,0,0,0
r8_m254_same,254,8,same,7,axis_3,projection,ambiguous,695,1952,62,43,8,4
r8_m254_same,254,8,same,7,axis_6,projection,unique,2422,2422,0,0,0,0
r8_m254_same,254,8,same,7,axis_6,projection,ambiguous,695,1952,62,43,8,4
r8_m254_same,254,8,same,7,oblique_1,projection,unique,798,798,0,0,0,0
r8_m254_same,254,8,same,7,oblique_1,projection,ambiguous,767,3576,240,154,4,4
r8_m254_same,254,8,same,7,oblique_2,projection,unique,2552,2552,0,0,0,0
r8_m254_same,254,8,same,7,oblique_2,projection,ambiguous,690,1822,15,15,2,1
r8_m191_same,191,8,same,7,axis_1,feasibility,unique,3,3,0,0,0,0
r8_m191_same,191,8,same,7,axis_1,feasibility,ambiguous,253,4371,384,148,2,6
r8_m191_same,191,8,same,7,axis_2,feasibility,unique,378,378,0,0,0,0
r8_m191_same,191,8,same,7,axis_2,feasibility,ambiguous,518,3996,584,296,4,6
r8_m191_same,191,8,same,7,axis_3,feasibility,unique,2422,2422,0,0,0,0
r8_m191_same,191,8,same,7,axis_3,feasibility,ambiguous,695,1952,51,43,8,2
r8_m191_same,191,8,same,7,axis_6,feasibility,unique,2422,2422,0,0,0,0
r8_m191_same,191,8,same,7,axis_6,feasibility,ambiguous,695,1952,51,43,8,2
r8_m191_same,191,8,same,7,oblique_1,feasibility,unique,606,606,0,0,0,0
r8_m191_same,191,8,same,7,oblique_1,feasibility,ambiguous,710,3768,161,153,4,2
r8_m191_same,191,8,same,7,oblique_2,feasibility,unique,2187,2187,0,0,0,0
r8_m191_same,191,8,same,7,oblique_2,feasibility,ambiguous,774,2187,19,19,2,1
r8_m191_same,191,8,same,7,axis_1,projection,unique,3,3,0,0,0,0
r8_m191_same,191,8,same,7,axis_1,projection,ambiguous,253,4371,1536,148,2,30
r8_m191_same,191,8,same,7,axis_2,projection,unique,378,378,0,0,0,0
r8_m191_same,191,8,same,7,axis_2,projection,ambiguous,518,3996,1400,296,4,28
r8_m191_same,191,8,same,7,axis_3,projection,unique,2422,2422,0,0,0,0
r8_m191_same,191,8,same,7,axis_3,projection,ambiguous,695,1952,62,43,8,4
r8_m191_same,191,8,same,7,axis_6,projection,unique,2422,2422,0,0,0,0
r8_m191_same,191,8,same,7,axis_6,projection,ambiguous,695,1952,62,43,8,4
r8_m191_same,191,8,same,7,oblique_1,projection,unique,606,606,0,0,0,0
r8_m191_same,191,8,same,7,oblique_1,projection,ambiguous,710,3768,271,153,4,4
r8_m191_same,191,8,same,7,oblique_2,projection,unique,2187,2187,0,0,0,0
r8_m191_same,191,8,same,7,oblique_2,projection,ambiguous,774,2187,19,19,2,1
r8_m191_split,191,8,split,7,axis_1,feasibility,unique,3,3,0,0,0,0
r8_m191_split,191,8,split,7,axis_1,feasibility,ambiguous,253,4371,384,148,2,6
r8_m191_split,191,8,split,7,axis_2,feasibility,unique,812,812,0,0,0,0
r8_m191_split,191,8,split,7,axis_2,feasibility,ambiguous,853,3562,296,148,4,2
r8_m191_split,191,8,split,7,axis_3,feasibility,unique,2827,2827,0,0,0,0
r8_m191_split,191,8,split,7,axis_3,feasibility,ambiguous,604,1547,0,0,8,0
r8_m191_split,191,8,split,7,axis_6,feasibility,unique,3254,3254,0,0,0,0
r8_m191_split,191,8,split,7,axis_6,feasibility,ambiguous,466,1120,0,0,8,0
r8_m191_split,191,8,split,7,oblique_1,feasibility,unique,1385,1385,0,0,0,0
r8_m191_split,191,8,split,7,oblique_1,feasibility,ambiguous,888,2989,12,12,3,1
r8_m191_split,191,8,split,7,oblique_2,feasibility,unique,4303,4303,0,0,0,0
r8_m191_split,191,8,split,7,oblique_2,feasibility,ambiguous,35,71,0,0,2,0
r8_m191_split,191,8,split,7,axis_1,projection,unique,3,3,0,0,0,0
r8_m191_split,191,8,split,7,axis_1,projection,ambiguous,253,4371,1536,148,2,30
r8_m191_split,191,8,split,7,axis_2,projection,unique,812,812,0,0,0,0
r8_m191_split,191,8,split,7,axis_2,projection,ambiguous,853,3562,474,148,4,8
r8_m191_split,191,8,split,7,axis_3,projection,unique,2827,2827,0,0,0,0
r8_m191_split,191,8,split,7,axis_3,projection,ambiguous,604,1547,0,0,8,0
r8_m191_split,191,8,split,7,axis_6,projection,unique,3254,3254,0,0,0,0
r8_m191_split,191,8,split,7,axis_6,projection,ambiguous,466,1120,0,0,8,0
r8_m191_split,191,8,split,7,oblique_1,projection,unique,1385,1385,0,0,0,0
r8_m191_split,191,8,split,7,oblique_1,projection,ambiguous,888,2989,15,12,3,2
r8_m191_split,191,8,split,7,oblique_2,projection,unique,4303,4303,0,0,0,0
r8_m191_split,191,8,split,7,oblique_2,projection,ambiguous,35,71,0,0,2,0
r8_m223_split,223,8,split,7,axis_1,feasibility,unique,3,3,0,0,0,0
r8_m223_split,223,8,split,7,axis_1,feasibility,ambiguous,253,4371,384,148,2,6
r8_m223_split,223,8,split,7,axis_2,feasibility,unique,696,696,0,0,0,0
r8_m223_split,223,8,split,7,axis_2,feasibility,ambiguous,834,3678,452,218,4,4
r8_m223_split,223,8,split,7,axis_3,feasibility,unique,2756,2756,0,0,0,0
r8_m223_split,223,8,split,7,axis_3,feasibility,ambiguous,622,1618,16,8,8,2
r8_m223_split,223,8,split,7,axis_6,feasibility,unique,3254,3254,0,0,0,0
r8_m223_split,223,8,split,7,axis_6,feasibility,ambiguous,466,1120,0,0,8,0
r8_m223_split,223,8,split,7,oblique_1,feasibility,unique,1530,1530,0,0,0,0
r8_m223_split,223,8,split,7,oblique_1,feasibility,ambiguous,905,2844,15,15,2,1
r8_m223_split,223,8,split,7,oblique_2,feasibility,unique,4261,4261,0,0,0,0
r8_m223_split,223,8,split,7,oblique_2,feasibility,ambiguous,56,113,0,0,2,0
r8_m223_split,223,8,split,7,axis_1,projection,unique,3,3,0,0,0,0
r8_m223_split,223,8,split,7,axis_1,projection,ambiguous,253,4371,1536,148,2,30
r8_m223_split,223,8,split,7,axis_2,projection,unique,696,696,0,0,0,0
r8_m223_split,223,8,split,7,axis_2,projection,ambiguous,834,3678,818,218,4,12
r8_m223_split,223,8,split,7,axis_3,projection,unique,2756,2756,0,0,0,0
r8_m223_split,223,8,split,7,axis_3,projection,ambiguous,622,1618,20,8,8,4
r8_m223_split,223,8,split,7,axis_6,projection,unique,3254,3254,0,0,0,0
r8_m223_split,223,8,split,7,axis_6,projection,ambiguous,466,1120,0,0,8,0
r8_m223_split,223,8,split,7,oblique_1,projection,unique,1530,1530,0,0,0,0
r8_m223_split,223,8,split,7,oblique_1,projection,ambiguous,905,2844,18,15,2,2
r8_m223_split,223,8,split,7,oblique_2,projection,unique,4261,4261,0,0,0,0
r8_m223_split,223,8,split,7,oblique_2,projection,ambiguous,56,113,0,0,2,0
r8_m223_same,223,8,same,7,axis_1,feasibility,unique,3,3,0,0,0,0
r8_m223_same,223,8,same,7,axis_1,feasibility,ambiguous,253,4371,384,148,2,6
r8_m223_same,223,8,same,7,axis_2,feasibility,unique,378,378,0,0,0,0
r8_m223_same,223,8,same,7,axis_2,feasibility,ambiguous,518,3996,584,296,4,6
r8_m223_same,223,8,same,7,axis_3,feasibility,unique,2422,2422,0,0,0,0
r8_m223_same,223,8,same,7,axis_3,feasibility,ambiguous,695,1952,51,43,8,2
r8_m223_same,223,8,same,7,axis_6,feasibility,unique,2422,2422,0,0,0,0
r8_m223_same,223,8,same,7,axis_6,feasibility,ambiguous,695,1952,51,43,8,2
r8_m223_same,223,8,same,7,oblique_1,feasibility,unique,1055,1055,0,0,0,0
r8_m223_same,223,8,same,7,oblique_1,feasibility,ambiguous,824,3319,104,104,2,1
r8_m223_same,223,8,same,7,oblique_2,feasibility,unique,2347,2347,0,0,0,0
r8_m223_same,223,8,same,7,oblique_2,feasibility,ambiguous,737,2027,25,25,2,1
r8_m223_same,223,8,same,7,axis_1,projection,unique,3,3,0,0,0,0
r8_m223_same,223,8,same,7,axis_1,projection,ambiguous,253,4371,1536,148,2,30
r8_m223_same,223,8,same,7,axis_2,projection,unique,378,378,0,0,0,0
r8_m223_same,223,8,same,7,axis_2,projection,ambiguous,518,3996,1384,296,4,28
r8_m223_same,223,8,same,7,axis_3,projection,unique,2422,2422,0,0,0,0
r8_m223_same,223,8,same,7,axis_3,projection,ambiguous,695,1952,62,43,8,4
r8_m223_same,223,8,same,7,axis_6,projection,unique,2422,2422,0,0,0,0
r8_m223_same,223,8,same,7,axis_6,projection,ambiguous,695,1952,62,43,8,4
r8_m223_same,223,8,same,7,oblique_1,projection,unique,1055,1055,0,0,0,0
r8_m223_same,223,8,same,7,oblique_1,projection,ambiguous,824,3319,118,104,2,2
r8_m223_same,223,8,same,7,oblique_2,projection,unique,2347,2347,0,0,0,0
r8_m223_same,223,8,same,7,oblique_2,projection,ambiguous,737,2027,25,25,2,1
r8_m255_same,255,8,same,8,axis_1,feasibility,unique,1,1,0,0,0,0
r8_m255_same,255,8,same,8,axis_1,feasibility,ambiguous,255,6560,512,175,2,8
r8_m255_same,255,8,same,8,axis_2,feasibility,unique,441,441,0,0,0,0
r8_m255_same,255,8,same,8,axis_2,feasibility,ambiguous,583,6120,896,399,4,8
r8_m255_same,255,8,same,8,axis_3,feasibility,unique,3269,3269,0,0,0,0
r8_m255_same,255,8,same,8,axis_3,feasibility,ambiguous,1131,3292,150,119,8,4
r8_m255_same,255,8,same,8,axis_6,feasibility,unique,3269,3269,0,0,0,0
r8_m255_same,255,8,same,8,axis_6,feasibility,ambiguous,1131,3292,150,119,8,4
r8_m255_same,255,8,same,8,oblique_1,feasibility,unique,1046,1046,0,0,0,0
r8_m255_same,255,8,same,8,oblique_1,feasibility,ambiguous,1108,5515,233,223,4,2
r8_m255_same,255,8,same,8,oblique_2,feasibility,unique,3273,3273,0,0,0,0
r8_m255_same,255,8,same,8,oblique_2,feasibility,ambiguous,1147,3288,52,52,2,1
r8_m255_same,255,8,same,8,axis_1,projection,unique,1,1,0,0,0,0
r8_m255_same,255,8,same,8,axis_1,projection,ambiguous,255,6560,2432,175,2,32
r8_m255_same,255,8,same,8,axis_2,projection,unique,441,441,0,0,0,0
r8_m255_same,255,8,same,8,axis_2,projection,ambiguous,583,6120,2464,399,4,32
r8_m255_same,255,8,same,8,axis_3,projection,unique,3269,3269,0,0,0,0
r8_m255_same,255,8,same,8,axis_3,projection,ambiguous,1131,3292,194,119,8,8
r8_m255_same,255,8,same,8,axis_6,projection,unique,3269,3269,0,0,0,0
r8_m255_same,255,8,same,8,axis_6,projection,ambiguous,1131,3292,194,119,8,8
r8_m255_same,255,8,same,8,oblique_1,projection,unique,1046,1046,0,0,0,0
r8_m255_same,255,8,same,8,oblique_1,projection,ambiguous,1108,5515,367,223,4,4
r8_m255_same,255,8,same,8,oblique_2,projection,unique,3273,3273,0,0,0,0
r8_m255_same,255,8,same,8,oblique_2,projection,ambiguous,1147,3288,52,52,2,1
r8_m255_split,255,8,split,8,axis_1,feasibility,unique,1,1,0,0,0,0
r8_m255_split,255,8,split,8,axis_1,feasibility,ambiguous,255,6560,512,175,2,8
r8_m255_split,255,8,split,8,axis_2,feasibility,unique,841,841,0,0,0,0
r8_m255_split,255,8,split,8,axis_2,feasibility,ambiguous,1184,5720,720,344,4,4
r8_m255_split,255,8,split,8,axis_3,feasibility,unique,3917,3917,0,0,0,0
r8_m255_split,255,8,split,8,axis_3,feasibility,ambiguous,996,2644,32,16,8,2
r8_m255_split,255,8,split,8,axis_6,feasibility,unique,4683,4683,0,0,0,0
r8_m255_split,255,8,split,8,axis_6,feasibility,ambiguous,770,1878,0,0,8,0
r8_m255_split,255,8,split,8,oblique_1,feasibility,unique,2217,2217,0,0,0,0
r8_m255_split,255,8,split,8,oblique_1,feasibility,ambiguous,1383,4344,21,21,3,1
r8_m255_split,255,8,split,8,oblique_2,feasibility,unique,6407,6407,0,0,0,0
r8_m255_split,255,8,split,8,oblique_2,feasibility,ambiguous,76,154,0,0,2,0
r8_m255_split,255,8,split,8,axis_1,projection,unique,1,1,0,0,0,0
r8_m255_split,255,8,split,8,axis_1,projection,ambiguous,255,6560,2432,175,2,32
r8_m255_split,255,8,split,8,axis_2,projection,unique,841,841,0,0,0,0
r8_m255_split,255,8,split,8,axis_2,projection,ambiguous,1184,5720,1284,344,4,12
r8_m255_split,255,8,split,8,axis_3,projection,unique,3917,3917,0,0,0,0
r8_m255_split,255,8,split,8,axis_3,projection,ambiguous,996,2644,38,16,8,4
r8_m255_split,255,8,split,8,axis_6,projection,unique,4683,4683,0,0,0,0
r8_m255_split,255,8,split,8,axis_6,projection,ambiguous,770,1878,0,0,8,0
r8_m255_split,255,8,split,8,oblique_1,projection,unique,2217,2217,0,0,0,0
r8_m255_split,255,8,split,8,oblique_1,projection,ambiguous,1383,4344,24,21,3,2
r8_m255_split,255,8,split,8,oblique_2,projection,unique,6407,6407,0,0,0,0
r8_m255_split,255,8,split,8,oblique_2,projection,ambiguous,76,154,0,0,2,0
r16_m255_same,255,16,same,8,axis_1,feasibility,unique,625,625,0,0,0,0
r16_m255_same,255,16,same,8,axis_1,feasibility,ambiguous,1776,5936,0,0,0,0
r16_m255_same,255,16,same,8,axis_2,feasibility,unique,2209,2209,0,0,0,0
r16_m255_same,255,16,same,8,axis_2,feasibility,ambiguous,1760,4352,0,0,2,0
r16_m255_same,255,16,same,8,axis_3,feasibility,unique,5607,5607,0,0,0,0
r16_m255_same,255,16,same,8,axis_3,feasibility,ambiguous,468,954,0,0,2,0
r16_m255_same,255,16,same,8,axis_6,feasibility,unique,6561,6561,0,0,0,0
r16_m255_same,255,16,same,8,oblique_1,feasibility,unique,2834,2834,0,0,0,0
r16_m255_same,255,16,same,8,oblique_1,feasibility,ambiguous,1232,3727,50,48,3,2
r16_m255_same,255,16,same,8,oblique_2,feasibility,unique,4688,4688,0,0,0,0
r16_m255_same,255,16,same,8,oblique_2,feasibility,ambiguous,657,1873,0,0,2,0
r16_m255_same,255,16,same,8,axis_1,projection,unique,625,625,0,0,0,0
r16_m255_same,255,16,same,8,axis_1,projection,ambiguous,1776,5936,0,0,0,0
r16_m255_same,255,16,same,8,axis_2,projection,unique,2209,2209,0,0,0,0
r16_m255_same,255,16,same,8,axis_2,projection,ambiguous,1760,4352,0,0,2,0
r16_m255_same,255,16,same,8,axis_3,projection,unique,5607,5607,0,0,0,0
r16_m255_same,255,16,same,8,axis_3,projection,ambiguous,468,954,0,0,2,0
r16_m255_same,255,16,same,8,axis_6,projection,unique,6561,6561,0,0,0,0
r16_m255_same,255,16,same,8,oblique_1,projection,unique,2834,2834,0,0,0,0
r16_m255_same,255,16,same,8,oblique_1,projection,ambiguous,1232,3727,56,48,3,3
r16_m255_same,255,16,same,8,oblique_2,projection,unique,4688,4688,0,0,0,0
r16_m255_same,255,16,same,8,oblique_2,projection,ambiguous,657,1873,0,0,2,0
r16_m255_split,255,16,split,8,axis_1,feasibility,unique,625,625,0,0,0,0
r16_m255_split,255,16,split,8,axis_1,feasibility,ambiguous,1776,5936,0,0,0,0
r16_m255_split,255,16,split,8,axis_2,feasibility,unique,2704,2704,0,0,0,0
r16_m255_split,255,16,split,8,axis_2,feasibility,ambiguous,1652,3857,0,0,2,0
r16_m255_split,255,16,split,8,axis_3,feasibility,unique,5760,5760,0,0,0,0
r16_m255_split,255,16,split,8,axis_3,feasibility,ambiguous,396,801,0,0,2,0
r16_m255_split,255,16,split,8,axis_6,feasibility,unique,6561,6561,0,0,0,0
r16_m255_split,255,16,split,8,oblique_1,feasibility,unique,3536,3536,0,0,0,0
r16_m255_split,255,16,split,8,oblique_1,feasibility,ambiguous,1163,3025,0,0,2,0
r16_m255_split,255,16,split,8,oblique_2,feasibility,unique,6511,6511,0,0,0,0
r16_m255_split,255,16,split,8,oblique_2,feasibility,ambiguous,24,50,0,0,2,0
r16_m255_split,255,16,split,8,axis_1,projection,unique,625,625,0,0,0,0
r16_m255_split,255,16,split,8,axis_1,projection,ambiguous,1776,5936,0,0,0,0
r16_m255_split,255,16,split,8,axis_2,projection,unique,2704,2704,0,0,0,0
r16_m255_split,255,16,split,8,axis_2,projection,ambiguous,1652,3857,0,0,2,0
r16_m255_split,255,16,split,8,axis_3,projection,unique,5760,5760,0,0,0,0
r16_m255_split,255,16,split,8,axis_3,projection,ambiguous,396,801,0,0,2,0
r16_m255_split,255,16,split,8,axis_6,projection,unique,6561,6561,0,0,0,0
r16_m255_split,255,16,split,8,oblique_1,projection,unique,3536,3536,0,0,0,0
r16_m255_split,255,16,split,8,oblique_1,projection,ambiguous,1163,3025,0,0,2,0
r16_m255_split,255,16,split,8,oblique_2,projection,unique,6511,6511,0,0,0,0
r16_m255_split,255,16,split,8,oblique_2,projection,ambiguous,24,50,0,0,2,0
