resolution,palette,k,mode,operation,weighting,families,strata,mean_us,median_us,p95_us,max_us,mean_trial_us,max_raw_us,mean_nodes,mean_branches,mean_factor_updates,mean_fixed_calls,mean_decompositions,mean_component_solves,mean_fixed_checks,mean_fixed_rejections,mean_literal_queries,p95_nodes,max_nodes,p95_branches,max_branches,search_fraction,fixed_fraction,decomposition_fraction,identified_fraction,unique_fraction,mean_family_size,mean_free_cells,mean_gac_gap,mean_shape_variables,max_component,mean_component,mean_root_components,mean_supported_literals
8,split,0,search,feasibility,truth,886,6,16.7290957031,6.149,20.141,331.071,18.4586078559,779.41,1.79752604167,0.797526041667,49.8587239583,0,0,0,0,0,0,5,5,4,4,0.386067708333,0,0,0.720865885417,0.455078125,11.20703125,0.1640625,0,0,8,1.2734375,0.751953125,10.2330729167
8,split,0,search,feasibility,family,886,6,5.73231591705,4.747,8.383,331.071,6.24820810288,779.41,1.40052406596,0.400524065961,42.9859186747,0,0,0,0,0,0,4,5,3,4,0.219766033832,0,0,0.876654598191,0.670901180479,4.0006555515,0.111016287372,0,0,8,0.514913593769,0.398516033832,8.98676321447
8,split,0,search,projection,truth,886,6,15.1571458333,11.077,37.677,72.76,22.5992792969,905.73,4.53125,2.37825520833,119.744791667,0,0,0,0,0,1.15299479167,21,21,16,16,0.386067708333,0,0,0.720865885417,0.455078125,11.20703125,0.1640625,0,0,8,1.2734375,0.751953125,10.2330729167
8,split,0,search,projection,family,886,6,9.48659313476,8.794,20.111,72.76,11.5696099422,905.73,2.49543791327,0.948556194475,83.6855210742,0,0,0,0,0,0.546881718794,13,21,9,16,0.219766033832,0,0,0.876654598191,0.670901180479,4.0006555515,0.111016287372,0,0,8,0.514913593769,0.398516033832,8.98676321447
8,split,0,decomposition,feasibility,truth,886,6,6.3185,5.498,11.327,64.888,6.98785546875,147.063,2.353515625,0.797526041667,46.0305989583,0,0.190104166667,0.555989583333,0,0,0,9,9,4,4,0.386067708333,0,0.190104166667,0.720865885417,0.455078125,11.20703125,0.1640625,0,0,8,1.2734375,0.751953125,10.2330729167
8,split,0,decomposition,feasibility,family,886,6,5.17985049293,4.817,8.232,64.888,5.92829390738,147.063,1.69552406596,0.400524065961,40.924252008,0,0.11625,0.295,0,0,0,7,9,3,4,0.219766033832,0,0.11625,0.876654598191,0.670901180479,4.0006555515,0.111016287372,0,0,8,0.514913593769,0.398516033832,8.98676321447
8,split,0,decomposition,projection,truth,886,6,14.4078730469,11.117,36.114,69.115,17.1740720486,6253.515,6.26953125,2.37825520833,107.44921875,0,0.67578125,1.73828125,0,0,1.15299479167,37,37,16,16,0.386067708333,0,0.190104166667,0.720865885417,0.455078125,11.20703125,0.1640625,0,0,8,1.2734375,0.751953125,10.2330729167
8,split,0,decomposition,projection,family,886,6,9.26017686397,8.804,18.138,69.115,12.0151891861,6253.515,3.17210457994,0.948556194475,78.9421877409,0,0.28625,0.676666666667,0,0,0.546881718794,22,37,9,16,0.219766033832,0,0.11625,0.876654598191,0.670901180479,4.0006555515,0.111016287372,0,0,8,0.514913593769,0.398516033832,8.98676321447
8,split,0,fixed_hit,feasibility,truth,886,6,4.81331705729,4.537,8.473,10.386,5.12618467882,236.538,1,0,36.7936197917,0.386067708333,0,0,0.386067708333,0,0,1,1,0,0,0,0.386067708333,0,0.720865885417,0.455078125,11.20703125,0.1640625,0,0,8,1.2734375,0.751953125,10.2330729167
8,split,0,fixed_hit,feasibility,family,886,6,4.60675589084,4.446,7.902,10.386,4.9897131637,236.538,1,0,37.9313047645,0.219766033832,0,0,0.219766033832,0,0,1,1,0,0,0,0.219766033832,0,0.876654598191,0.670901180479,4.0006555515,0.111016287372,0,0,8,0.514913593769,0.398516033832,8.98676321447
8,split,0,fixed_hit,projection,truth,886,6,13.5910403646,10.476,29.936,77.097,18.0723736979,1577.202,3.06901041667,0,103.432291667,1.990234375,0,0,1.990234375,0,2.06901041667,9,9,0,0,0,0.386067708333,0,0.720865885417,0.455078125,11.20703125,0.1640625,0,0,8,1.2734375,0.751953125,10.2330729167
8,split,0,fixed_hit,projection,family,886,6,8.97350239377,8.713,14.832,77.097,11.3121951,1577.202,1.92676321447,0,78.0449664314,0.832496957527,0,0,0.832496957527,0,0.926763214474,7,9,0,0,0,0.219766033832,0,0.876654598191,0.670901180479,4.0006555515,0.111016287372,0,0,8,0.514913593769,0.398516033832,8.98676321447
8,split,0,both,feasibility,truth,886,6,4.81329882812,4.577,8.373,9.565,5.46025499132,102.205,1,0,36.7936197917,0.386067708333,0,0,0.386067708333,0,0,1,1,0,0,0,0.386067708333,0,0.720865885417,0.455078125,11.20703125,0.1640625,0,0,8,1.2734375,0.751953125,10.2330729167
8,split,0,both,feasibility,family,886,6,4.60650602932,4.467,7.912,9.565,5.08622654125,102.205,1,0,37.9313047645,0.219766033832,0,0,0.219766033832,0,0,1,1,0,0,0,0.219766033832,0,0.876654598191,0.670901180479,4.0006555515,0.111016287372,0,0,8,0.514913593769,0.398516033832,8.98676321447
8,split,0,both,projection,truth,886,6,13.5304427083,10.445,28.793,76.185,16.7921705729,977.861,3.06901041667,0,103.432291667,1.990234375,0,0,1.990234375,0,2.06901041667,9,9,0,0,0,0.386067708333,0,0.720865885417,0.455078125,11.20703125,0.1640625,0,0,8,1.2734375,0.751953125,10.2330729167
8,split,0,both,projection,family,886,6,8.9626257846,8.733,14.692,76.185,10.9174086407,977.861,1.92676321447,0,78.0449664314,0.832496957527,0,0,0.832496957527,0,0.926763214474,7,9,0,0,0,0.219766033832,0,0.876654598191,0.670901180479,4.0006555515,0.111016287372,0,0,8,0.514913593769,0.398516033832,8.98676321447
8,same,0,search,feasibility,truth,886,6,6.33809570312,5.909,11.748,34.452,8.96280099826,987.214,1.79752604167,0.797526041667,49.8587239583,0,0,0,0,0,0,5,5,4,4,0.386067708333,0,0,0.720865885417,0.455078125,11.20703125,0.1640625,0,0,8,1.2734375,0.751953125,10.2330729167
8,same,0,search,feasibility,family,886,6,5.16911186453,4.697,8.393,34.452,6.18289774637,987.214,1.40052406596,0.400524065961,42.9859186747,0,0,0,0,0,0,4,5,3,4,0.219766033832,0,0,0.876654598191,0.670901180479,4.0006555515,0.111016287372,0,0,8,0.514913593769,0.398516033832,8.98676321447
8,same,0,search,projection,truth,886,6,14.5671503906,11.087,34.292,65.48,15.5724663628,294.737,4.53125,2.37825520833,119.744791667,0,0,0,0,0,1.15299479167,21,21,16,16,0.386067708333,0,0,0.720865885417,0.455078125,11.20703125,0.1640625,0,0,8,1.2734375,0.751953125,10.2330729167
8,same,0,search,projection,family,886,6,9.31102529492,8.693,20.221,65.48,10.1155724616,294.737,2.49543791327,0.948556194475,83.6855210742,0,0,0,0,0,0.546881718794,13,21,9,16,0.219766033832,0,0,0.876654598191,0.670901180479,4.0006555515,0.111016287372,0,0,8,0.514913593769,0.398516033832,8.98676321447
8,same,0,decomposition,feasibility,truth,886,6,6.26212044271,5.398,11.518,28.002,7.27105729167,654.491,2.353515625,0.797526041667,46.0305989583,0,0.190104166667,0.555989583333,0,0,0,9,9,4,4,0.386067708333,0,0.190104166667,0.720865885417,0.455078125,11.20703125,0.1640625,0,0,8,1.2734375,0.751953125,10.2330729167
8,same,0,decomposition,feasibility,family,886,6,5.13312289106,4.707,8.283,28.002,5.88778967495,654.491,1.69552406596,0.400524065961,40.924252008,0,0.11625,0.295,0,0,0,7,9,3,4,0.219766033832,0,0.11625,0.876654598191,0.670901180479,4.0006555515,0.111016287372,0,0,8,0.514913593769,0.398516033832,8.98676321447
8,same,0,decomposition,projection,truth,886,6,14.075735026,11.067,33.35,66.25,16.5004144965,2395.856,6.26953125,2.37825520833,107.44921875,0,0.67578125,1.73828125,0,0,1.15299479167,37,37,16,16,0.386067708333,0,0.190104166667,0.720865885417,0.455078125,11.20703125,0.1640625,0,0,8,1.2734375,0.751953125,10.2330729167
8,same,0,decomposition,projection,family,886,6,9.13278260983,8.763,18.157,66.25,11.3696488001,2395.856,3.17210457994,0.948556194475,78.9421877409,0,0.28625,0.676666666667,0,0,0.546881718794,22,37,9,16,0.219766033832,0,0.11625,0.876654598191,0.670901180479,4.0006555515,0.111016287372,0,0,8,0.514913593769,0.398516033832,8.98676321447
8,same,0,fixed_hit,feasibility,truth,886,6,4.7531328125,4.507,8.423,10.436,5.44468359375,623.484,1,0,36.7936197917,0.386067708333,0,0,0.386067708333,0,0,1,1,0,0,0,0.386067708333,0,0.720865885417,0.455078125,11.20703125,0.1640625,0,0,8,1.2734375,0.751953125,10.2330729167
8,same,0,fixed_hit,feasibility,family,886,6,4.56624418005,4.396,8.012,10.436,5.17559093078,623.484,1,0,37.9313047645,0.219766033832,0,0,0.219766033832,0,0,1,1,0,0,0,0.219766033832,0,0.876654598191,0.670901180479,4.0006555515,0.111016287372,0,0,8,0.514913593769,0.398516033832,8.98676321447
8,same,0,fixed_hit,projection,truth,886,6,13.3971764323,10.026,27.852,90.437,14.9996510417,645.306,3.06901041667,0,103.432291667,1.990234375,0,0,1.990234375,0,2.06901041667,9,9,0,0,0,0.386067708333,0,0.720865885417,0.455078125,11.20703125,0.1640625,0,0,8,1.2734375,0.751953125,10.2330729167
8,same,0,fixed_hit,projection,family,886,6,8.87941722603,8.593,15.033,90.437,10.2891693419,645.306,1.92676321447,0,78.0449664314,0.832496957527,0,0,0.832496957527,0,0.926763214474,7,9,0,0,0,0.219766033832,0,0.876654598191,0.670901180479,4.0006555515,0.111016287372,0,0,8,0.514913593769,0.398516033832,8.98676321447
8,same,0,both,feasibility,truth,886,6,4.77182877604,4.557,8.372,9.795,5.93846419271,1776.559,1,0,36.7936197917,0.386067708333,0,0,0.386067708333,0,0,1,1,0,0,0,0.386067708333,0,0.720865885417,0.455078125,11.20703125,0.1640625,0,0,8,1.2734375,0.751953125,10.2330729167
8,same,0,both,feasibility,family,886,6,4.57461809419,4.397,8.012,9.795,6.41592790497,1776.559,1,0,37.9313047645,0.219766033832,0,0,0.219766033832,0,0,1,1,0,0,0,0.219766033832,0,0.876654598191,0.670901180479,4.0006555515,0.111016287372,0,0,8,0.514913593769,0.398516033832,8.98676321447
8,same,0,both,projection,truth,886,6,13.9695332031,10.296,43.256,119.271,16.7170091146,2078.145,3.06901041667,0,103.432291667,1.990234375,0,0,1.990234375,0,2.06901041667,9,9,0,0,0,0.386067708333,0,0.720865885417,0.455078125,11.20703125,0.1640625,0,0,8,1.2734375,0.751953125,10.2330729167
8,same,0,both,projection,family,886,6,9.05608159963,8.593,14.762,119.271,11.7016304637,2078.145,1.92676321447,0,78.0449664314,0.832496957527,0,0,0.832496957527,0,0.926763214474,7,9,0,0,0,0.219766033832,0,0.876654598191,0.670901180479,4.0006555515,0.111016287372,0,0,8,0.514913593769,0.398516033832,8.98676321447
16,split,0,search,feasibility,truth,1241,6,7.27116796875,5.247,17.075,37.557,8.25981271701,528.58,1.005859375,0.005859375,65.46484375,0,0,0,0,0,0,1,2,0,1,0.005859375,0,0,0.937662760417,0.694661458333,1.85286458333,0.486979166667,0,0,2,0.01171875,0.005859375,8.49869791667
16,split,0,search,feasibility,family,1241,6,7.20716259172,5.969,16.976,37.557,8.02137171219,528.58,1.00218719453,0.0021871945259,65.2969135479,0,0,0,0,0,0,1,2,0,1,0.0021871945259,0,0,0.960799818461,0.780464469014,1.45486289516,0.309227063259,0,0,2,0.00437438905181,0.0021871945259,8.31360145231
16,split,0,search,projection,truth,1241,6,12.9081386719,10.456,27.651,77.898,14.074265625,305.242,1.49869791667,0.005859375,127.202473958,0,0,0,0,0,0.492838541667,4,5,0,1,0.005859375,0,0,0.937662760417,0.694661458333,1.85286458333,0.486979166667,0,0,2,0.01171875,0.005859375,8.49869791667
16,split,0,search,projection,family,1241,6,12.3449645554,10.436,27.391,77.898,13.4942646855,305.242,1.31360145231,0.0021871945259,122.263188626,0,0,0,0,0,0.311414257785,3,5,0,1,0.0021871945259,0,0,0.960799818461,0.780464469014,1.45486289516,0.309227063259,0,0,2,0.00437438905181,0.0021871945259,8.31360145231
16,split,0,decomposition,feasibility,truth,1241,6,7.28263085937,5.338,17.126,35.935,8.0714390191,320.165,1.005859375,0.005859375,65.46484375,0,0,0,0,0,0,1,2,0,1,0.005859375,0,0,0.937662760417,0.694661458333,1.85286458333,0.486979166667,0,0,2,0.01171875,0.005859375,8.49869791667
16,split,0,decomposition,feasibility,family,1241,6,7.22374276932,5.909,16.945,35.935,8.00817493382,320.165,1.00218719453,0.0021871945259,65.2969135479,0,0,0,0,0,0,1,2,0,1,0.0021871945259,0,0,0.960799818461,0.780464469014,1.45486289516,0.309227063259,0,0,2,0.00437438905181,0.0021871945259,8.31360145231
16,split,0,decomposition,projection,truth,1241,6,12.9674876302,10.556,27.682,81.253,14.7944761285,817.457,1.49869791667,0.005859375,127.202473958,0,0,0,0,0,0.492838541667,4,5,0,1,0.005859375,0,0,0.937662760417,0.694661458333,1.85286458333,0.486979166667,0,0,2,0.01171875,0.005859375,8.49869791667
16,split,0,decomposition,projection,family,1241,6,12.3786579388,10.466,27.422,81.253,14.2097434622,817.457,1.31360145231,0.0021871945259,122.263188626,0,0,0,0,0,0.311414257785,3,5,0,1,0.0021871945259,0,0,0.960799818461,0.780464469014,1.45486289516,0.309227063259,0,0,2,0.00437438905181,0.0021871945259,8.31360145231
16,split,0,fixed_hit,feasibility,truth,1241,6,7.28113671875,5.228,17.095,61.894,8.08911197917,886.231,1,0,64.95703125,0.005859375,0,0,0.005859375,0,0,1,1,0,0,0,0.005859375,0,0.937662760417,0.694661458333,1.85286458333,0.486979166667,0,0,2,0.01171875,0.005859375,8.49869791667
16,split,0,fixed_hit,feasibility,family,1241,6,7.26835317736,5.989,17.065,61.894,8.10767698722,886.231,1,0,65.1100367151,0.0021871945259,0,0,0.0021871945259,0,0,1,1,0,0,0,0.0021871945259,0,0.960799818461,0.780464469014,1.45486289516,0.309227063259,0,0,2,0.00437438905181,0.0021871945259,8.31360145231
16,split,0,fixed_hit,projection,truth,1241,6,12.9303528646,10.546,27.601,94.373,14.1174450955,277.781,1.49869791667,0,127.266927083,0.005859375,0,0,0.005859375,0,0.498697916667,4,5,0,0,0,0.005859375,0,0.937662760417,0.694661458333,1.85286458333,0.486979166667,0,0,2,0.01171875,0.005859375,8.49869791667
16,split,0,fixed_hit,projection,family,1241,6,12.3598809501,10.526,27.452,94.373,13.466946996,277.781,1.31360145231,0,122.287247766,0.0021871945259,0,0,0.0021871945259,0,0.313601452311,3,5,0,0,0,0.0021871945259,0,0.960799818461,0.780464469014,1.45486289516,0.309227063259,0,0,2,0.00437438905181,0.0021871945259,8.31360145231
16,split,0,both,feasibility,truth,1241,6,7.21661328125,6.069,17.136,22.114,7.88637456597,199.992,1,0,64.95703125,0.005859375,0,0,0.005859375,0,0,1,1,0,0,0,0.005859375,0,0.937662760417,0.694661458333,1.85286458333,0.486979166667,0,0,2,0.01171875,0.005859375,8.49869791667
16,split,0,both,feasibility,family,1241,6,7.19525523742,6.069,16.925,22.114,7.83301374233,199.992,1,0,65.1100367151,0.0021871945259,0,0,0.0021871945259,0,0,1,1,0,0,0,0.0021871945259,0,0.960799818461,0.780464469014,1.45486289516,0.309227063259,0,0,2,0.00437438905181,0.0021871945259,8.31360145231
16,split,0,both,projection,truth,1241,6,12.9792441406,10.546,27.652,92.039,14.7818958333,1094.617,1.49869791667,0,127.266927083,0.005859375,0,0,0.005859375,0,0.498697916667,4,5,0,0,0,0.005859375,0,0.937662760417,0.694661458333,1.85286458333,0.486979166667,0,0,2,0.01171875,0.005859375,8.49869791667
16,split,0,both,projection,family,1241,6,12.3643445536,10.485,27.472,92.039,13.9426604377,1094.617,1.31360145231,0,122.287247766,0.0021871945259,0,0,0.0021871945259,0,0.313601452311,3,5,0,0,0,0.0021871945259,0,0.960799818461,0.780464469014,1.45486289516,0.309227063259,0,0,2,0.00437438905181,0.0021871945259,8.31360145231
16,same,0,search,feasibility,truth,1241,6,7.27720117187,5.909,17.336,41.272,8.77901671007,1077.852,1.005859375,0.005859375,65.46484375,0,0,0,0,0,0,1,2,0,1,0.005859375,0,0,0.937662760417,0.694661458333,1.85286458333,0.486979166667,0,0,2,0.01171875,0.005859375,8.49869791667
16,same,0,search,feasibility,family,1241,6,7.22601142203,5.929,17.276,41.272,8.64207273605,1077.852,1.00218719453,0.0021871945259,65.2969135479,0,0,0,0,0,0,1,2,0,1,0.0021871945259,0,0,0.960799818461,0.780464469014,1.45486289516,0.309227063259,0,0,2,0.00437438905181,0.0021871945259,8.31360145231
16,same,0,search,projection,truth,1241,6,12.8400976562,10.246,28.212,59.23,14.7112519531,1807.696,1.49869791667,0.005859375,127.202473958,0,0,0,0,0,0.492838541667,4,5,0,1,0.005859375,0,0,0.937662760417,0.694661458333,1.85286458333,0.486979166667,0,0,2,0.01171875,0.005859375,8.49869791667
16,same,0,search,projection,family,1241,6,12.2870285701,10.216,27.922,59.23,14.1279787376,1807.696,1.31360145231,0.0021871945259,122.263188626,0,0,0,0,0,0.311414257785,3,5,0,1,0.0021871945259,0,0,0.960799818461,0.780464469014,1.45486289516,0.309227063259,0,0,2,0.00437438905181,0.0021871945259,8.31360145231
16,same,0,decomposition,feasibility,truth,1241,6,7.25296484375,5.969,17.376,33.521,9.06792751736,2720.408,1.005859375,0.005859375,65.46484375,0,0,0,0,0,0,1,2,0,1,0.005859375,0,0,0.937662760417,0.694661458333,1.85286458333,0.486979166667,0,0,2,0.01171875,0.005859375,8.49869791667
16,same,0,decomposition,feasibility,family,1241,6,7.19901399498,5.969,17.266,33.521,9.28512349841,2720.408,1.00218719453,0.0021871945259,65.2969135479,0,0,0,0,0,0,1,2,0,1,0.0021871945259,0,0,0.960799818461,0.780464469014,1.45486289516,0.309227063259,0,0,2,0.00437438905181,0.0021871945259,8.31360145231
16,same,0,decomposition,projection,truth,1241,6,12.8588873698,10.215,28.192,60.091,15.3357248264,998.141,1.49869791667,0.005859375,127.202473958,0,0,0,0,0,0.492838541667,4,5,0,1,0.005859375,0,0,0.937662760417,0.694661458333,1.85286458333,0.486979166667,0,0,2,0.01171875,0.005859375,8.49869791667
16,same,0,decomposition,projection,family,1241,6,12.3055946248,10.205,27.952,60.091,14.1553448238,998.141,1.31360145231,0.0021871945259,122.263188626,0,0,0,0,0,0.311414257785,3,5,0,1,0.0021871945259,0,0,0.960799818461,0.780464469014,1.45486289516,0.309227063259,0,0,2,0.00437438905181,0.0021871945259,8.31360145231
16,same,0,fixed_hit,feasibility,truth,1241,6,7.22107877604,5.959,17.256,36.986,8.1183062066,1268.42,1,0,64.95703125,0.005859375,0,0,0.005859375,0,0,1,1,0,0,0,0.005859375,0,0.937662760417,0.694661458333,1.85286458333,0.486979166667,0,0,2,0.01171875,0.005859375,8.49869791667
16,same,0,fixed_hit,feasibility,family,1241,6,7.20592021378,5.979,17.156,36.986,8.13629600009,1268.42,1,0,65.1100367151,0.0021871945259,0,0,0.0021871945259,0,0,1,1,0,0,0,0.0021871945259,0,0.960799818461,0.780464469014,1.45486289516,0.309227063259,0,0,2,0.00437438905181,0.0021871945259,8.31360145231
16,same,0,fixed_hit,projection,truth,1241,6,12.9739199219,10.285,28.263,139.942,14.2696134983,549.862,1.49869791667,0,127.266927083,0.005859375,0,0,0.005859375,0,0.498697916667,4,5,0,0,0,0.005859375,0,0.937662760417,0.694661458333,1.85286458333,0.486979166667,0,0,2,0.01171875,0.005859375,8.49869791667
16,same,0,fixed_hit,projection,family,1241,6,12.4186089992,10.265,27.832,139.942,13.6113044368,549.862,1.31360145231,0,122.287247766,0.0021871945259,0,0,0.0021871945259,0,0.313601452311,3,5,0,0,0,0.0021871945259,0,0.960799818461,0.780464469014,1.45486289516,0.309227063259,0,0,2,0.00437438905181,0.0021871945259,8.31360145231
16,same,0,both,feasibility,truth,1241,6,7.19811067708,5.949,17.236,24.076,8.28193055556,1089.389,1,0,64.95703125,0.005859375,0,0,0.005859375,0,0,1,1,0,0,0,0.005859375,0,0.937662760417,0.694661458333,1.85286458333,0.486979166667,0,0,2,0.01171875,0.005859375,8.49869791667
16,same,0,both,feasibility,family,1241,6,7.17845874525,5.949,17.186,24.076,8.32553955811,1089.389,1,0,65.1100367151,0.0021871945259,0,0,0.0021871945259,0,0,1,1,0,0,0,0.0021871945259,0,0.960799818461,0.780464469014,1.45486289516,0.309227063259,0,0,2,0.00437438905181,0.0021871945259,8.31360145231
16,same,0,both,projection,truth,1241,6,12.8933170573,10.186,28.382,62.044,14.9108951823,1628.675,1.49869791667,0,127.266927083,0.005859375,0,0,0.005859375,0,0.498697916667,4,5,0,0,0,0.005859375,0,0.937662760417,0.694661458333,1.85286458333,0.486979166667,0,0,2,0.01171875,0.005859375,8.49869791667
16,same,0,both,projection,family,1241,6,12.3251759915,10.166,28.002,62.044,14.2594214614,1628.675,1.31360145231,0,122.287247766,0.0021871945259,0,0,0.0021871945259,0,0.313601452311,3,5,0,0,0,0.0021871945259,0,0.960799818461,0.780464469014,1.45486289516,0.309227063259,0,0,2,0.00437438905181,0.0021871945259,8.31360145231
8,same,1,search,feasibility,truth,5308,24,6.39183691406,5.839,11.477,51.588,7.77172497106,2091.936,1.73036024306,0.730360243056,49.4409722222,0,0,0,0,0,0,4,5,3,4,0.376627604167,0,0,0.740749782986,0.446072048611,9.24848090278,0.194878472222,0,0,8,1.17599826389,0.699978298611,10.0740017361
8,same,1,search,feasibility,family,5308,24,5.29308360259,4.917,8.493,51.588,6.26853683535,2091.936,1.36057771356,0.360577713565,43.1324474452,0,0,0,0,0,0,3,5,2,4,0.216428408009,0,0,0.885158837675,0.662204848257,3.33810991524,0.122675773646,0,0,8,0.500513066018,0.359275630231,8.9187292986
8,same,1,search,projection,truth,5308,24,14.1062664931,11.007,36.405,73.341,18.549203776,3020.972,4.13932291667,2.04047309028,114.054144965,0,0,0,0,0,1.09884982639,13,21,9,16,0.376627604167,0,0,0.740749782986,0.446072048611,9.24848090278,0.194878472222,0,0,8,1.17599826389,0.699978298611,10.0740017361
8,same,1,search,projection,family,5308,24,9.2916415386,8.804,19.65,73.341,11.6169466921,3020.972,2.30016094327,0.779227240178,82.3640128603,0,0,0,0,0,0.520933703092,7,21,4,16,0.216428408009,0,0,0.885158837675,0.662204848257,3.33810991524,0.122675773646,0,0,8,0.500513066018,0.359275630231,8.9187292986
8,same,1,decomposition,feasibility,truth,5308,24,6.25468858507,5.599,11.817,65.519,7.51631362124,2346.722,2.23643663194,0.730360243056,45.9136284722,0,0.182725694444,0.506076388889,0,0,0,7,9,3,4,0.376627604167,0,0.182725694444,0.740749782986,0.446072048611,9.24848090278,0.194878472222,0,0,8,1.17599826389,0.699978298611,10.0740017361
8,same,1,decomposition,feasibility,family,5308,24,5.22413752964,4.828,8.383,65.519,6.47566101347,2346.722,1.60460549134,0.360577713565,41.4231418896,0,0.101180555556,0.244027777778,0,0,0,5,9,2,4,0.216428408009,0,0.101180555556,0.885158837675,0.662204848257,3.33810991524,0.122675773646,0,0,8,0.500513066018,0.359275630231,8.9187292986
8,same,1,decomposition,projection,truth,5308,24,13.6553065321,10.907,35.694,88.584,16.1437557147,3087.013,5.59244791667,2.04047309028,103.696940104,0,0.5859375,1.453125,0,0,1.09884982639,22,37,9,16,0.376627604167,0,0.182725694444,0.740749782986,0.446072048611,9.24848090278,0.194878472222,0,0,8,1.17599826389,0.699978298611,10.0740017361
8,same,1,decomposition,projection,family,5308,24,9.10775238669,8.824,17.797,88.584,11.0376402075,3087.013,2.80085538771,0.779227240178,78.8424850825,0,0.219097222222,0.500694444444,0,0,0.520933703092,9,37,4,16,0.216428408009,0,0.101180555556,0.885158837675,0.662204848257,3.33810991524,0.122675773646,0,0,8,0.500513066018,0.359275630231,8.9187292986
8,same,1,fixed_hit,feasibility,truth,5308,24,4.96421506076,4.667,8.623,14.492,5.85665574363,2076.243,1,0,37.7486979167,0.376627604167,0,0,0.376627604167,0,0,1,1,0,0,0,0.376627604167,0,0.740749782986,0.446072048611,9.24848090278,0.194878472222,0,0,8,1.17599826389,0.699978298611,10.0740017361
8,same,1,fixed_hit,feasibility,family,5308,24,4.75174830841,4.507,8.203,14.492,5.56819726436,2076.243,1,0,38.5577584877,0.216428408009,0,0,0.216428408009,0,0,1,1,0,0,0,0.216428408009,0,0.885158837675,0.662204848257,3.33810991524,0.122675773646,0,0,8,0.500513066018,0.359275630231,8.9187292986
8,same,1,fixed_hit,projection,truth,5308,24,12.850062717,10.246,29.775,86.43,16.8382263455,2807.499,2.89561631944,0,100.087022569,1.74576822917,0,0,1.74576822917,0,1.89561631944,9,9,0,0,0,0.376627604167,0,0.740749782986,0.446072048611,9.24848090278,0.194878472222,0,0,8,1.17599826389,0.699978298611,10.0740017361
8,same,1,fixed_hit,projection,family,5308,24,8.94518921231,8.763,15.152,86.43,11.3444283888,2807.499,1.86297719047,0,78.0036355521,0.723123569543,0,0,0.723123569543,0,0.862977190466,5,9,0,0,0,0.216428408009,0,0.885158837675,0.662204848257,3.33810991524,0.122675773646,0,0,8,0.500513066018,0.359275630231,8.9187292986
8,same,1,both,feasibility,truth,5308,24,4.95342849392,4.677,8.583,16.335,5.84166478588,2061.63,1,0,37.7486979167,0.376627604167,0,0,0.376627604167,0,0,1,1,0,0,0,0.376627604167,0,0.740749782986,0.446072048611,9.24848090278,0.194878472222,0,0,8,1.17599826389,0.699978298611,10.0740017361
8,same,1,both,feasibility,family,5308,24,4.74753319144,4.507,8.193,16.335,5.70450617088,2061.63,1,0,38.5577584877,0.216428408009,0,0,0.216428408009,0,0,1,1,0,0,0,0.216428408009,0,0.885158837675,0.662204848257,3.33810991524,0.122675773646,0,0,8,0.500513066018,0.359275630231,8.9187292986
8,same,1,both,projection,truth,5308,24,12.7666477865,10.195,29.484,101.734,14.427885489,1175.189,2.89561631944,0,100.087022569,1.74576822917,0,0,1.74576822917,0,1.89561631944,9,9,0,0,0,0.376627604167,0,0.740749782986,0.446072048611,9.24848090278,0.194878472222,0,0,8,1.17599826389,0.699978298611,10.0740017361
8,same,1,both,projection,family,5308,24,8.8672164401,8.753,15.013,101.734,10.2552452923,1175.189,1.86297719047,0,78.0036355521,0.723123569543,0,0,0.723123569543,0,0.862977190466,5,9,0,0,0,0.216428408009,0,0.885158837675,0.662204848257,3.33810991524,0.122675773646,0,0,8,0.500513066018,0.359275630231,8.9187292986
8,split,1,search,feasibility,truth,5508,24,6.27962109375,5.688,11.007,53.431,6.94069759115,2274.312,1.71115451389,0.711154513889,48.8754340278,0,0,0,0,0,0,4,5,3,4,0.361979166667,0,0,0.751139322917,0.475477430556,9.06423611111,0.175347222222,0,0,8,1.12847222222,0.680772569444,9.99088541667
8,split,1,search,feasibility,family,5508,24,5.22787860488,4.828,8.343,53.431,5.81836096898,2274.312,1.35180133849,0.351801338492,42.8105961256,0,0,0,0,0,0,3,5,2,4,0.208313180881,0,0,0.889568726818,0.680137699993,3.28272770899,0.112004075749,0,0,8,0.479854590378,0.350539488071,8.88345018546
8,split,1,search,projection,truth,5508,24,13.6297383898,10.927,36.005,71.118,15.4389550781,1115.509,4.04644097222,1.99978298611,111.355251736,0,0,0,0,0,1.04665798611,13,21,9,16,0.361979166667,0,0,0.751139322917,0.475477430556,9.06423611111,0.175347222222,0,0,8,1.12847222222,0.680772569444,9.99088541667
8,split,1,search,projection,family,5508,24,9.12987570207,8.893,18.999,71.118,10.1622148064,1115.509,2.26392874995,0.766527140183,81.2628604733,0,0,0,0,0,0.497401609771,7,21,4,16,0.208313180881,0,0,0.889568726818,0.680137699993,3.28272770899,0.112004075749,0,0,8,0.479854590378,0.350539488071,8.88345018546
8,split,1,decomposition,feasibility,truth,5508,24,6.18890907118,5.519,11.768,35.053,6.94461375145,988.826,2.20811631944,0.711154513889,45.4255642361,0,0.178168402778,0.496961805556,0,0,0,7,9,3,4,0.361979166667,0,0.178168402778,0.751139322917,0.475477430556,9.06423611111,0.175347222222,0,0,8,1.12847222222,0.680772569444,9.99088541667
8,split,1,decomposition,feasibility,family,5508,24,5.18063610143,4.788,8.273,35.053,5.79487509845,988.826,1.5945872862,0.351801338492,41.1115193282,0,0.100559640523,0.242785947712,0,0,0,5,9,2,4,0.208313180881,0,0.100559640523,0.889568726818,0.680137699993,3.28272770899,0.112004075749,0,0,8,0.479854590378,0.350539488071,8.88345018546
8,split,1,decomposition,projection,truth,5508,24,13.3133519965,10.806,35.724,180.994,14.7349224537,939.412,5.48133680556,1.99978298611,101.17578125,0,0.576822916667,1.43489583333,0,0,1.04665798611,22,37,9,16,0.361979166667,0,0.178168402778,0.751139322917,0.475477430556,9.06423611111,0.175347222222,0,0,8,1.12847222222,0.680772569444,9.99088541667
8,split,1,decomposition,projection,family,5508,24,9.02626116015,8.913,17.466,180.994,10.1668402139,939.412,2.76200881531,0.766527140183,77.7660058982,0,0.21779003268,0.498080065359,0,0,0.497401609771,9,37,4,16,0.208313180881,0,0.100559640523,0.889568726818,0.680137699993,3.28272770899,0.112004075749,0,0,8,0.479854590378,0.350539488071,8.88345018546
8,split,1,fixed_hit,feasibility,truth,5508,24,4.9528577474,4.687,8.433,157.478,5.46965827546,3469.381,1,0,37.6723090278,0.361979166667,0,0,0.361979166667,0,0,1,1,0,0,0,0.361979166667,0,0.751139322917,0.475477430556,9.06423611111,0.175347222222,0,0,8,1.12847222222,0.680772569444,9.99088541667
8,split,1,fixed_hit,feasibility,family,5508,24,4.75281272312,4.527,7.942,157.478,5.30060666209,3469.381,1,0,38.4221957357,0.208313180881,0,0,0.208313180881,0,0,1,1,0,0,0,0.208313180881,0,0.889568726818,0.680137699993,3.28272770899,0.112004075749,0,0,8,0.479854590378,0.350539488071,8.88345018546
8,split,1,fixed_hit,projection,truth,5508,24,12.5247388238,9.945,28.763,89.465,13.8066083261,1854.517,2.81488715278,0,97.708984375,1.69574652778,0,0,1.69574652778,0,1.81488715278,9,9,0,0,0,0.361979166667,0,0.751139322917,0.475477430556,9.06423611111,0.175347222222,0,0,8,1.12847222222,0.680772569444,9.99088541667
8,split,1,fixed_hit,projection,family,5508,24,8.78792029976,8.783,14.682,89.465,9.90559825689,1854.517,1.8297794112,0,76.9620288761,0.709599518157,0,0,0.709599518157,0,0.829779411204,5,9,0,0,0,0.208313180881,0,0.889568726818,0.680137699993,3.28272770899,0.112004075749,0,0,8,0.479854590378,0.350539488071,8.88345018546
8,split,1,both,feasibility,truth,5508,24,4.91850271267,4.668,8.433,26.27,5.59958564815,1032.082,1,0,37.6723090278,0.361979166667,0,0,0.361979166667,0,0,1,1,0,0,0,0.361979166667,0,0.751139322917,0.475477430556,9.06423611111,0.175347222222,0,0,8,1.12847222222,0.680772569444,9.99088541667
8,split,1,both,feasibility,family,5508,24,4.72716676779,4.537,7.972,26.27,5.39168941758,1032.082,1,0,38.4221957357,0.208313180881,0,0,0.208313180881,0,0,1,1,0,0,0,0.208313180881,0,0.889568726818,0.680137699993,3.28272770899,0.112004075749,0,0,8,0.479854590378,0.350539488071,8.88345018546
8,split,1,both,projection,truth,5508,24,12.5206925998,9.915,28.644,264.841,13.8492030165,1191.363,2.81488715278,0,97.708984375,1.69574652778,0,0,1.69574652778,0,1.81488715278,9,9,0,0,0,0.361979166667,0,0.751139322917,0.475477430556,9.06423611111,0.175347222222,0,0,8,1.12847222222,0.680772569444,9.99088541667
8,split,1,both,projection,family,5508,24,8.8373633853,8.793,14.652,264.841,10.0775696788,1191.363,1.8297794112,0,76.9620288761,0.709599518157,0,0,0.709599518157,0,0.829779411204,5,9,0,0,0,0.208313180881,0,0.889568726818,0.680137699993,3.28272770899,0.112004075749,0,0,8,0.479854590378,0.350539488071,8.88345018546
8,same,2,search,feasibility,truth,7812,24,6.37788621238,5.769,11.066,24.647,7.16994567419,2104.125,1.67476851852,0.674768518519,49.5255353009,0,0,0,0,0,0,4,5,3,4,0.372974537037,0,0,0.75660083912,0.424189814815,7.78240740741,0.205946180556,0,0.00998263888889,8,1.09743923611,0.655164930556,9.97699652778
8,same,2,search,feasibility,family,7812,24,5.33919166924,5.018,8.834,24.647,6.14534207893,2104.125,1.32343887665,0.323438876653,43.506162667,0,0,0,0,0,0,3,5,2,4,0.212855789001,0,0,0.892234405488,0.647316197569,2.87250582233,0.126493584706,0,0.0032583948935,8,0.485051906905,0.322853298378,8.87444720021
8,same,2,search,projection,truth,7812,24,13.5975026765,11.157,34.452,96.816,15.5778299334,2927.07,3.84302662037,1.75086805556,111.225115741,0,0,0,0,0,1.09215856481,13,21,9,16,0.372974537037,0,0,0.75660083912,0.424189814815,7.78240740741,0.205946180556,0,0.00998263888889,8,1.09743923611,0.655164930556,9.97699652778
8,same,2,search,projection,family,7812,24,9.25003759333,8.794,18.458,96.816,10.7446272577,2927.07,2.15165033693,0.634766593419,82.1710026103,0,0,0,0,0,0.516883743511,7,21,4,16,0.212855789001,0,0,0.892234405488,0.647316197569,2.87250582233,0.126493584706,0,0.0032583948935,8,0.485051906905,0.322853298378,8.87444720021
8,same,2,decomposition,feasibility,truth,7812,24,6.2430447772,5.758,11.187,20.38,7.19758639564,6977.962,2.12847222222,0.674768518519,46.3206741898,0,0.172164351852,0.453703703704,0,0,0,7,9,3,4,0.372974537037,0,0.172164351852,0.75660083912,0.424189814815,7.78240740741,0.205946180556,0,0.00998263888889,8,1.09743923611,0.655164930556,9.97699652778
8,same,2,decomposition,feasibility,family,7812,24,5.29331617891,4.908,8.743,20.38,6.44803298535,6977.962,1.51686480258,0.323438876653,42.1432922966,0,0.0836921296296,0.193425925926,0,0,0,5,9,2,4,0.212855789001,0,0.0836921296296,0.892234405488,0.647316197569,2.87250582233,0.126493584706,0,0.0032583948935,8,0.485051906905,0.322853298378,8.87444720021
8,same,2,decomposition,projection,truth,7812,24,13.5045431858,11.046,29.355,103.747,15.3001945168,3324.963,5.03399884259,1.75086805556,102.677083333,0,0.493923611111,1.19097222222,0,0,1.09215856481,22,37,9,16,0.372974537037,0,0.172164351852,0.75660083912,0.424189814815,7.78240740741,0.205946180556,0,0.00998263888889,8,1.09743923611,0.655164930556,9.97699652778
8,same,2,decomposition,projection,family,7812,24,9.14099799976,8.784,17.887,103.747,10.4213918396,3324.963,2.50725218878,0.634766593419,79.6566044622,0,0.159571759259,0.355601851852,0,0,0.516883743511,9,37,4,16,0.212855789001,0,0.0836921296296,0.892234405488,0.647316197569,2.87250582233,0.126493584706,0,0.0032583948935,8,0.485051906905,0.322853298378,8.87444720021
8,same,2,fixed_hit,feasibility,truth,7812,24,5.15696086516,4.797,9.054,29.024,6.11114621914,5539.384,1.00889756944,0.00889756944444,39.0810908565,0.364076967593,0,0,0.372974537037,0.00889756944444,0,1,2,0,1,0.00889756944444,0.364076967593,0,0.75660083912,0.424189814815,7.78240740741,0.205946180556,0,0.00998263888889,8,1.09743923611,0.655164930556,9.97699652778
8,same,2,fixed_hit,feasibility,family,7812,24,4.89707649086,4.607,8.472,29.024,5.79928849479,5539.384,1.00286528223,0.00286528222741,39.4102248358,0.209990506774,0,0,0.212855789001,0.00286528222741,0,1,2,0,1,0.00286528222741,0.209990506774,0,0.892234405488,0.647316197569,2.87250582233,0.126493584706,0,0.0032583948935,8,0.485051906905,0.322853298378,8.87444720021
8,same,2,fixed_hit,projection,truth,7812,24,12.6145445602,10.346,23.296,134.223,14.0850060764,2083.283,2.8013599537,0.0100549768519,99.5345775463,1.53074363426,0,0,1.54079861111,0.0100549768519,1.79130497685,9,9,0,2,0.00889756944444,0.364076967593,0,0.75660083912,0.424189814815,7.78240740741,0.205946180556,0,0.00998263888889,8,1.09743923611,0.655164930556,9.97699652778
8,same,2,fixed_hit,projection,family,7812,24,9.03939521727,8.713,15.534,134.223,10.2129033856,2083.283,1.82399762665,0.00314122041726,78.8932144424,0.612420274635,0,0,0.615561495053,0.00314122041726,0.820856406237,5,9,0,2,0.00286528222741,0.209990506774,0,0.892234405488,0.647316197569,2.87250582233,0.126493584706,0,0.0032583948935,8,0.485051906905,0.322853298378,8.87444720021
8,same,2,both,feasibility,truth,7812,24,5.16187897859,4.788,9.064,34.392,5.84294625289,2088.591,1.00889756944,0.00889756944444,39.0810908565,0.364076967593,0,0,0.372974537037,0.00889756944444,0,1,2,0,1,0.00889756944444,0.364076967593,0,0.75660083912,0.424189814815,7.78240740741,0.205946180556,0,0.00998263888889,8,1.09743923611,0.655164930556,9.97699652778
8,same,2,both,feasibility,family,7812,24,4.91264040024,4.607,8.482,34.392,5.6029468037,2088.591,1.00286528223,0.00286528222741,39.4102248358,0.209990506774,0,0,0.212855789001,0.00286528222741,0,1,2,0,1,0.00286528222741,0.209990506774,0,0.892234405488,0.647316197569,2.87250582233,0.126493584706,0,0.0032583948935,8,0.485051906905,0.322853298378,8.87444720021
8,same,2,both,projection,truth,7812,24,12.6909848814,10.305,23.095,164.088,14.436067853,2087.929,2.8013599537,0.0100549768519,99.5345775463,1.53074363426,0,0,1.54079861111,0.0100549768519,1.79130497685,9,9,0,2,0.00889756944444,0.364076967593,0,0.75660083912,0.424189814815,7.78240740741,0.205946180556,0,0.00998263888889,8,1.09743923611,0.655164930556,9.97699652778
8,same,2,both,projection,family,7812,24,8.95320037787,8.713,15.263,164.088,10.4478141724,2087.929,1.82399762665,0.00314122041726,78.8932144424,0.612420274635,0,0,0.615561495053,0.00314122041726,0.820856406237,5,9,0,2,0.00286528222741,0.209990506774,0,0.892234405488,0.647316197569,2.87250582233,0.126493584706,0,0.0032583948935,8,0.485051906905,0.322853298378,8.87444720021
8,split,2,search,feasibility,truth,8519,24,6.15139192708,5.519,9.595,37.847,6.87013630883,2523.59,1.63035300926,0.630353009259,48.1527777778,0,0,0,0,0,0,4,5,3,4,0.336588541667,0,0,0.779622395833,0.491391782407,7.38049768519,0.172453703704,0,0.00173611111111,8,0.99146412037,0.61009837963,9.78038194444
8,split,2,search,feasibility,family,8519,24,5.22973973935,4.917,8.303,37.847,5.85309145876,2523.59,1.30401402523,0.304014025228,42.7720569678,0,0,0,0,0,0,3,5,2,4,0.194908355278,0,0,0.902259720954,0.688108400381,2.74274755565,0.10802474891,0,0.000686813186813,8,0.439971420961,0.303217699441,8.79062186606
8,split,2,search,projection,truth,8519,24,12.7804731626,10.776,33.691,87.783,15.5750453077,1038.852,3.63440393519,1.669921875,105.006148727,0,0,0,0,0,0.964482060185,13,21,9,16,0.336588541667,0,0,0.779622395833,0.491391782407,7.38049768519,0.172453703704,0,0.00173611111111,8,0.99146412037,0.61009837963,9.78038194444
8,split,2,search,projection,family,8519,24,8.84053626648,8.503,14.863,87.783,9.86137140914,1038.852,2.06564663462,0.606786359084,79.511451403,0,0,0,0,0,0.458860275536,7,21,4,16,0.194908355278,0,0,0.902259720954,0.688108400381,2.74274755565,0.10802474891,0,0.000686813186813,8,0.439971420961,0.303217699441,8.79062186606
8,split,2,decomposition,feasibility,truth,8519,24,6.05006076389,5.518,9.474,183.268,7.1235476466,6179.274,2.06799768519,0.630353009259,45.0941840278,0,0.164134837963,0.437644675926,0,0,0,7,9,3,4,0.336588541667,0,0.164134837963,0.779622395833,0.491391782407,7.38049768519,0.172453703704,0,0.00173611111111,8,0.99146412037,0.61009837963,9.78038194444
8,split,2,decomposition,feasibility,family,8519,24,5.20763345212,4.827,8.262,183.268,6.14718596744,6179.274,1.49459104689,0.304014025228,41.4357571472,0,0.0822676774958,0.190577021658,0,0,0,5,9,2,4,0.194908355278,0,0.0822676774958,0.902259720954,0.688108400381,2.74274755565,0.10802474891,0,0.000686813186813,8,0.439971420961,0.303217699441,8.79062186606
8,split,2,decomposition,projection,truth,8519,24,12.1402712674,10.586,27.662,357.982,12.990725164,1215.92,4.79716435185,1.669921875,96.7380642361,0,0.479817708333,1.16276041667,0,0,0.964482060185,22,37,9,16,0.336588541667,0,0.164134837963,0.779622395833,0.491391782407,7.38049768519,0.172453703704,0,0.00173611111111,8,0.99146412037,0.61009837963,9.78038194444
8,split,2,decomposition,projection,family,8519,24,8.70169694974,8.493,14.692,357.982,9.38318057121,1215.92,2.41649262334,0.606786359084,77.0437545236,0,0.157193827694,0.350845988722,0,0,0.458860275536,9,37,4,16,0.194908355278,0,0.0822676774958,0.902259720954,0.688108400381,2.74274755565,0.10802474891,0,0.000686813186813,8,0.439971420961,0.303217699441,8.79062186606
8,split,2,fixed_hit,feasibility,truth,8519,24,5.04234252025,4.707,8.553,50.096,5.57500846354,1229.932,1.00173611111,0.00173611111111,38.6412760417,0.334852430556,0,0,0.336588541667,0.00173611111111,0,1,2,0,1,0.00173611111111,0.334852430556,0,0.779622395833,0.491391782407,7.38049768519,0.172453703704,0,0.00173611111111,8,0.99146412037,0.61009837963,9.78038194444
8,split,2,fixed_hit,feasibility,family,8519,24,4.8407264242,4.556,8.142,50.096,5.36925907653,1229.932,1.00068681319,0.000686813186813,39.0386671192,0.194221542091,0,0,0.194908355278,0.000686813186813,0,1,2,0,1,0.000686813186813,0.194221542091,0,0.902259720954,0.688108400381,2.74274755565,0.10802474891,0,0.000686813186813,8,0.439971420961,0.303217699441,8.79062186606
8,split,2,fixed_hit,projection,truth,8519,24,11.5679006076,9.945,22.183,75.475,12.6182160253,362.839,2.61791087963,0.00173611111111,93.8412181713,1.44596354167,0,0,1.44769965278,0.00173611111111,1.61617476852,9,9,0,1,0.00173611111111,0.334852430556,0,0.779622395833,0.491391782407,7.38049768519,0.172453703704,0,0.00173611111111,8,0.99146412037,0.61009837963,9.78038194444
8,split,2,fixed_hit,projection,family,8519,24,8.54714019704,8.463,14.562,75.475,9.27892794704,362.839,1.74635986435,0.000686813186813,76.3709662317,0.586509970115,0,0,0.587196783302,0.000686813186813,0.745673051165,5,9,0,1,0.000686813186813,0.194221542091,0,0.902259720954,0.688108400381,2.74274755565,0.10802474891,0,0.000686813186813,8,0.439971420961,0.303217699441,8.79062186606
8,split,2,both,feasibility,truth,8519,24,5.02794198495,4.697,8.493,71.488,5.36463206501,279.984,1.00173611111,0.00173611111111,38.6412760417,0.334852430556,0,0,0.336588541667,0.00173611111111,0,1,2,0,1,0.00173611111111,0.334852430556,0,0.779622395833,0.491391782407,7.38049768519,0.172453703704,0,0.00173611111111,8,0.99146412037,0.61009837963,9.78038194444
8,split,2,both,feasibility,family,8519,24,4.82623242499,4.557,8.122,71.488,5.1710927354,279.984,1.00068681319,0.000686813186813,39.0386671192,0.194221542091,0,0,0.194908355278,0.000686813186813,0,1,2,0,1,0.000686813186813,0.194221542091,0,0.902259720954,0.688108400381,2.74274755565,0.10802474891,0,0.000686813186813,8,0.439971420961,0.303217699441,8.79062186606
8,split,2,both,projection,truth,8519,24,11.5113300781,9.895,21.473,76.005,12.5597926553,4071.632,2.61791087963,0.00173611111111,93.8412181713,1.44596354167,0,0,1.44769965278,0.00173611111111,1.61617476852,9,9,0,1,0.00173611111111,0.334852430556,0,0.779622395833,0.491391782407,7.38049768519,0.172453703704,0,0.00173611111111,8,0.99146412037,0.61009837963,9.78038194444
8,split,2,both,projection,family,8519,24,8.52413655268,8.452,14.522,76.005,9.45443288357,4071.632,1.74635986435,0.000686813186813,76.3709662317,0.586509970115,0,0,0.587196783302,0.000686813186813,0.745673051165,5,9,0,1,0.000686813186813,0.194221542091,0,0.902259720954,0.688108400381,2.74274755565,0.10802474891,0,0.000686813186813,8,0.439971420961,0.303217699441,8.79062186606
8,same,3,search,feasibility,truth,11568,24,6.51587929205,5.928,11.177,30.336,7.20922289738,1546.591,1.66512345679,0.66512345679,50.041087963,0,0,0,0,0,0,4,6,3,5,0.366994598765,0,0,0.760380497685,0.415653935185,7.35358796296,0.207995756173,0.0324074074074,0.0527584876543,8,1.04923804012,0.637297453704,9.96440972222
8,same,3,search,feasibility,family,11568,24,5.50770260458,5.228,9.154,30.336,6.03643400582,1546.591,1.32630728959,0.326307289593,44.2676355145,0,0,0,0,0,0,3,6,2,5,0.208481960889,0,0,0.892375885039,0.645650135071,2.81741811446,0.116424612135,0.025462962963,0.0356570663002,8,0.478024262935,0.313791501432,8.87836436881
8,same,3,search,projection,truth,11568,24,13.6328309221,11.327,34.923,69.956,14.5884528517,788.914,3.87263695988,1.71407214506,112.302951389,0,0,0,0,0,1.15856481481,13,27,9,20,0.366994598765,0,0,0.760380497685,0.415653935185,7.35358796296,0.207995756173,0.0324074074074,0.0527584876543,8,1.04923804012,0.637297453704,9.96440972222
8,same,3,search,projection,family,11568,24,9.4413551808,8.913,19.119,69.956,10.1263328393,788.914,2.20380468334,0.647723583561,83.7453028693,0,0,0,0,0,0.556081099776,7,27,4,20,0.208481960889,0,0,0.892375885039,0.645650135071,2.81741811446,0.116424612135,0.025462962963,0.0356570663002,8,0.478024262935,0.313791501432,8.87836436881
8,same,3,decomposition,feasibility,truth,11568,24,6.3817263696,5.919,10.706,31.347,6.93777117091,848.675,2.09997106481,0.66512345679,46.9252989969,0,0.166425540123,0.434847608025,0,0,0,7,10,3,5,0.366994598765,0,0.166425540123,0.760380497685,0.415653935185,7.35358796296,0.207995756173,0.0324074074074,0.0527584876543,8,1.04923804012,0.637297453704,9.96440972222
8,same,3,decomposition,feasibility,family,11568,24,5.46101169642,5.108,9.084,31.347,5.90275275504,848.675,1.50937538373,0.326307289593,42.9578505994,0,0.0785132137346,0.183068094136,0,0,0,5,10,2,5,0.208481960889,0,0.0785132137346,0.892375885039,0.645650135071,2.81741811446,0.116424612135,0.025462962963,0.0356570663002,8,0.478024262935,0.313791501432,8.87836436881
8,same,3,decomposition,projection,truth,11568,24,13.2288173225,11.147,29.574,67.562,15.8441526974,975.477,5.00597993827,1.71407214506,104.03043017,0,0.471402391975,1.1333429784,0,0,1.15856481481,22,43,9,20,0.366994598765,0,0.166425540123,0.760380497685,0.415653935185,7.35358796296,0.207995756173,0.0324074074074,0.0527584876543,8,1.04923804012,0.637297453704,9.96440972222
8,same,3,decomposition,projection,family,11568,24,9.3191517263,8.914,18.458,67.562,10.4403496326,975.477,2.5502987034,0.647723583561,81.2523100066,0,0.154366801698,0.346494020062,0,0,0.556081099776,9,43,4,20,0.208481960889,0,0.0785132137346,0.892375885039,0.645650135071,2.81741811446,0.116424612135,0.025462962963,0.0356570663002,8,0.478024262935,0.313791501432,8.87836436881
8,same,3,fixed_hit,feasibility,truth,11568,24,5.40564911265,5.017,9.384,54.994,6.53237128665,868.675,1.0479841821,0.0479841820988,40.4925733025,0.353539737654,0,0,0.385320216049,0.0317804783951,0,1,3,0,2,0.0317804783951,0.353539737654,0,0.760380497685,0.415653935185,7.35358796296,0.207995756173,0.0324074074074,0.0527584876543,8,1.04923804012,0.637297453704,9.96440972222
8,same,3,fixed_hit,feasibility,family,11568,24,5.10113052201,4.767,8.814,54.994,5.72403123485,868.675,1.03239905439,0.0323990543905,40.5033357237,0.200467509625,0,0,0.220135082534,0.019667572909,0,1,3,0,2,0.019667572909,0.200467509625,0,0.892375885039,0.645650135071,2.81741811446,0.116424612135,0.025462962963,0.0356570663002,8,0.478024262935,0.313791501432,8.87836436881
8,same,3,fixed_hit,projection,truth,11568,24,12.8071148727,10.506,25.148,125.039,13.8843579122,2306.22,2.95437885802,0.162374614198,101.635368441,1.41449652778,0,0,1.51321373457,0.0987172067901,1.79200424383,9,24,0,14,0.0317804783951,0.353539737654,0,0.760380497685,0.415653935185,7.35358796296,0.207995756173,0.0324074074074,0.0527584876543,8,1.04923804012,0.637297453704,9.96440972222
8,same,3,fixed_hit,projection,family,11568,24,9.21611571317,8.863,16.906,125.039,10.0754370606,2306.22,1.92763573765,0.0928359728022,80.8567794117,0.563457706657,0,0,0.616440284397,0.0529825777405,0.834799764848,5,24,0,14,0.019667572909,0.200467509625,0,0.892375885039,0.645650135071,2.81741811446,0.116424612135,0.025462962963,0.0356570663002,8,0.478024262935,0.313791501432,8.87836436881
8,same,3,both,feasibility,truth,11568,24,5.41005208333,5.028,9.375,51.569,5.87688104424,2058.946,1.08318865741,0.0479841820988,40.4252507716,0.365981867284,0.0128279320988,0.0352044753086,0.410590277778,0.0446084104938,0,1,7,0,2,0.0317804783951,0.353539737654,0.0128279320988,0.760380497685,0.415653935185,7.35358796296,0.207995756173,0.0324074074074,0.0527584876543,8,1.04923804012,0.637297453704,9.96440972222
8,same,3,both,feasibility,family,11568,24,5.10086472358,4.787,8.783,51.569,5.53550970258,2058.946,1.05511799729,0.0323990543905,40.445561804,0.205333443267,0.00908082561728,0.0227189429012,0.234081841793,0.0287483985263,0,1,7,0,2,0.019667572909,0.200467509625,0.00908082561728,0.892375885039,0.645650135071,2.81741811446,0.116424612135,0.025462962963,0.0356570663002,8,0.478024262935,0.313791501432,8.87836436881
8,same,3,both,projection,truth,11568,24,12.7764965278,10.506,25.199,128.465,13.6331396605,938.531,3.08275462963,0.162374614198,101.318624614,1.44256365741,0.0516010802469,0.128375771605,1.59288194444,0.150318287037,1.79200424383,9,46,0,14,0.0317804783951,0.353539737654,0.0128279320988,0.760380497685,0.415653935185,7.35358796296,0.207995756173,0.0324074074074,0.0527584876543,8,1.04923804012,0.637297453704,9.96440972222
8,same,3,both,projection,family,11568,24,9.21366477222,8.873,16.956,128.465,9.89214889484,938.531,1.98934966512,0.0928359728022,80.6804098129,0.572229890299,0.0266251929012,0.0617139274691,0.65183766094,0.0796077706417,0.834799764848,5,46,0,14,0.019667572909,0.200467509625,0.00908082561728,0.892375885039,0.645650135071,2.81741811446,0.116424612135,0.025462962963,0.0356570663002,8,0.478024262935,0.313791501432,8.87836436881
8,split,3,search,feasibility,truth,13082,24,6.09824483989,5.529,9.634,98.179,7.20991603974,5110.816,1.59244791667,0.592447916667,47.6610725309,0,0,0,0,0,0,4,6,3,5,0.313705632716,0,0,0.796175733025,0.505642361111,6.5903742284,0.180073302469,0.0185185185185,0.0196759259259,8,0.8828125,0.569685570988,9.64882330247
8,split,3,search,feasibility,family,13082,24,5.28392419462,4.978,8.173,98.179,6.000495028,5110.816,1.29736047129,0.297360471295,42.9421642894,0,0,0,0,0,0,3,6,2,5,0.183950812049,0,0,0.906687912725,0.69549457185,2.61463302709,0.107921429005,0.0208333333333,0.0212928921569,8,0.408520660986,0.286437848348,8.75584106095
8,split,3,search,projection,truth,13082,24,12.0749890046,10.837,25.359,172.341,13.344403887,2067.128,3.48288001543,1.54793595679,101.650945216,0,0,0,0,0,0.934944058642,13,27,9,20,0.313705632716,0,0,0.796175733025,0.505642361111,6.5903742284,0.180073302469,0.0185185185185,0.0196759259259,8,0.8828125,0.569685570988,9.64882330247
8,split,3,search,projection,family,13082,24,8.83835282075,8.483,14.482,172.341,9.78399275184,2067.128,2.06378211757,0.596678038736,79.4519584854,0,0,0,0,0,0.467104078835,7,27,4,20,0.183950812049,0,0,0.906687912725,0.69549457185,2.61463302709,0.107921429005,0.0208333333333,0.0212928921569,8,0.408520660986,0.286437848348,8.75584106095
8,split,3,decomposition,feasibility,truth,13082,24,5.96486125579,5.498,9.184,39.951,6.94332167888,1687.665,2.00241126543,0.592447916667,44.7630690586,0,0.153983410494,0.409963348765,0,0,0,7,10,3,5,0.313705632716,0,0.153983410494,0.796175733025,0.505642361111,6.5903742284,0.180073302469,0.0185185185185,0.0196759259259,8,0.8828125,0.569685570988,9.64882330247
8,split,3,decomposition,feasibility,family,13082,24,5.23688700277,4.927,8.133,39.951,6.012870803,1687.665,1.47629287723,0.297360471295,41.6704599189,0,0.0764453696324,0.178932405931,0,0,0,5,10,2,5,0.183950812049,0,0.0764453696324,0.906687912725,0.69549457185,2.61463302709,0.107921429005,0.0208333333333,0.0212928921569,8,0.408520660986,0.286437848348,8.75584106095
8,split,3,decomposition,projection,truth,13082,24,11.7531046007,10.727,23.255,168.595,12.9267186696,1961.539,4.55680941358,1.54793595679,93.9505208333,0,0.441695601852,1.07392939815,0,0,0.934944058642,22,43,9,20,0.313705632716,0,0.153983410494,0.796175733025,0.505642361111,6.5903742284,0.180073302469,0.0185185185185,0.0196759259259,8,0.8828125,0.569685570988,9.64882330247
8,split,3,decomposition,projection,family,13082,24,8.75482351824,8.493,14.542,168.595,9.74946518433,1961.539,2.40206452807,0.596678038736,77.0395448089,0,0.150260996918,0.338282410502,0,0,0.467104078835,9,43,4,20,0.183950812049,0,0.0764453696324,0.906687912725,0.69549457185,2.61463302709,0.107921429005,0.0208333333333,0.0212928921569,8,0.408520660986,0.286437848348,8.75584106095
8,split,3,fixed_hit,feasibility,truth,13082,24,5.09869338349,4.767,8.312,23.896,5.60827689365,1681.405,1.01967592593,0.0196759259259,39.3503568673,0.312258873457,0,0,0.322675540123,0.0104166666667,0,1,3,0,2,0.0104166666667,0.312258873457,0,0.796175733025,0.505642361111,6.5903742284,0.180073302469,0.0185185185185,0.0196759259259,8,0.8828125,0.569685570988,9.64882330247
8,split,3,fixed_hit,feasibility,family,13082,24,4.9069305431,4.627,8.042,23.896,5.45030740583,1681.405,1.02129289216,0.0212928921569,39.6009038615,0.181538128225,0,0,0.192414353715,0.0108762254902,0,1,3,0,2,0.0108762254902,0.181538128225,0,0.906687912725,0.69549457185,2.61463302709,0.107921429005,0.0208333333333,0.0212928921569,8,0.408520660986,0.286437848348,8.75584106095
8,split,3,fixed_hit,projection,truth,13082,24,11.2529129051,9.925,21.252,76.245,12.395410735,3078.339,2.60194830247,0.09375,91.9727044753,1.28390239198,0,0,1.33135609568,0.0474537037037,1.50819830247,9,24,0,14,0.0104166666667,0.312258873457,0,0.796175733025,0.505642361111,6.5903742284,0.180073302469,0.0185185185185,0.0196759259259,8,0.8828125,0.569685570988,9.64882330247
8,split,3,fixed_hit,projection,family,13082,24,8.64904855049,8.483,14.683,76.245,9.54989613201,3078.339,1.80204494949,0.0733762254902,76.8420495582,0.529657788286,0,0,0.566575680443,0.0369178921569,0.728668723999,5,24,0,14,0.0108762254902,0.181538128225,0,0.906687912725,0.69549457185,2.61463302709,0.107921429005,0.0208333333333,0.0212928921569,8,0.408520660986,0.286437848348,8.75584106095
8,split,3,both,feasibility,truth,13082,24,5.11998828125,4.767,8.313,56.035,5.64801379244,1150.08,1.04716435185,0.0196759259259,39.2971161265,0.321807484568,0.00896990740741,0.0274884259259,0.341194058642,0.0193865740741,0,1,7,0,2,0.0104166666667,0.312258873457,0.00896990740741,0.796175733025,0.505642361111,6.5903742284,0.180073302469,0.0185185185185,0.0196759259259,8,0.8828125,0.569685570988,9.64882330247
8,split,3,both,feasibility,family,13082,24,4.91308305996,4.627,8.033,56.035,5.43149735941,1150.08,1.04277726716,0.0212928921569,39.5462163615,0.186095419892,0.00846354166667,0.021484375,0.205435187049,0.0193397671569,0,1,7,0,2,0.0108762254902,0.181538128225,0.00846354166667,0.906687912725,0.69549457185,2.61463302709,0.107921429005,0.0208333333333,0.0212928921569,8,0.408520660986,0.286437848348,8.75584106095
8,split,3,both,projection,truth,13082,24,11.3400217978,9.925,21.613,128.284,12.4135097576,2122.382,2.71103395062,0.09375,91.7041859568,1.30907600309,0.0419560185185,0.109085648148,1.39848572531,0.0894097222222,1.50819830247,9,46,0,14,0.0104166666667,0.312258873457,0.00896990740741,0.796175733025,0.505642361111,6.5903742284,0.180073302469,0.0185185185185,0.0196759259259,8,0.8828125,0.569685570988,9.64882330247
8,split,3,both,projection,family,13082,24,8.67570335769,8.483,14.692,128.284,9.55478156948,2122.382,1.86128974116,0.0733762254902,76.6727787248,0.538121329953,0.025390625,0.0592447916667,0.60042984711,0.0623085171569,0.728668723999,5,46,0,14,0.0108762254902,0.181538128225,0.00846354166667,0.906687912725,0.69549457185,2.61463302709,0.107921429005,0.0208333333333,0.0212928921569,8,0.408520660986,0.286437848348,8.75584106095
8,same,4,search,feasibility,truth,17719,24,6.48030166538,5.849,10.777,60.331,6.95235345936,2255.464,1.55552340535,0.55552340535,49.4909014918,0,0,0,0,0,0,4,5,3,4,0.346225565844,0,0,0.791694798097,0.419431584362,5.77591306584,0.176761831276,0.00096450617284,0.0324074074074,8,0.934445730453,0.54771090535,9.77369470165
8,same,4,search,feasibility,family,17719,24,5.54093006222,5.268,9.494,60.331,5.9736990424,2255.464,1.23514810708,0.23514810708,44.0331908991,0,0,0,0,0,0,2,5,1,4,0.179053353505,0,0,0.913241845123,0.66525276509,2.23176325621,0.0888088436028,0.000317529856087,0.0109547911706,8,0.400861910035,0.235457324187,8.733322463
8,same,4,search,projection,truth,17719,24,12.9286502379,11.507,26.44,74.613,13.9877241298,938.611,3.33793081276,1.26134902263,107.916634516,0,0,0,0,0,1.07658179012,13,21,9,16,0.346225565844,0,0,0.791694798097,0.419431584362,5.77591306584,0.176761831276,0.00096450617284,0.0324074074074,8,0.934445730453,0.54771090535,9.77369470165
8,same,4,search,projection,family,17719,24,9.20357700109,8.413,18.408,74.613,9.90783136103,938.611,1.86558670157,0.390556617511,81.7074106031,0,0,0,0,0,0.475030084055,6,21,2,16,0.179053353505,0,0,0.913241845123,0.66525276509,2.23176325621,0.0888088436028,0.000317529856087,0.0109547911706,8,0.400861910035,0.235457324187,8.733322463
8,same,4,decomposition,feasibility,truth,17719,24,6.39833539095,5.829,10.806,23.546,7.02686275077,2138.036,1.89065715021,0.55552340535,47.088123714,0,0.136316872428,0.335133744856,0,0,0,7,9,3,4,0.346225565844,0,0.136316872428,0.791694798097,0.419431584362,5.77591306584,0.176761831276,0.00096450617284,0.0324074074074,8,0.934445730453,0.54771090535,9.77369470165
8,same,4,decomposition,feasibility,family,17719,24,5.51487864025,5.228,9.475,23.546,6.04305248916,2138.036,1.33671060708,0.23514810708,43.3101006213,0,0.0462239583333,0.1015625,0,0,0,2,9,1,4,0.179053353505,0,0.0462239583333,0.913241845123,0.66525276509,2.23176325621,0.0888088436028,0.000317529856087,0.0109547911706,8,0.400861910035,0.235457324187,8.733322463
8,same,4,decomposition,projection,truth,17719,24,12.7305070087,11.317,26.189,90.186,13.6593339335,1532.329,4.0948752572,1.26134902263,102.436953447,0,0.326388888889,0.756944444444,0,0,1.07658179012,22,37,9,16,0.346225565844,0,0.136316872428,0.791694798097,0.419431584362,5.77591306584,0.176761831276,0.00096450617284,0.0324074074074,8,0.934445730453,0.54771090535,9.77369470165
8,same,4,decomposition,projection,family,17719,24,9.16517237735,8.402,18.338,90.186,9.86931946957,1532.329,2.02530892379,0.390556617511,80.5662068994,0,0.0740017361111,0.159722222222,0,0,0.475030084055,6,37,2,16,0.179053353505,0,0.0462239583333,0.913241845123,0.66525276509,2.23176325621,0.0888088436028,0.000317529856087,0.0109547911706,8,0.400861910035,0.235457324187,8.733322463
8,same,4,fixed_hit,feasibility,truth,17719,24,5.57734892618,5.048,9.815,42.615,6.14632309885,2980.431,1.02546296296,0.025462962963,41.4946630658,0.322080761317,0,0,0.34754372428,0.025462962963,0,1,3,0,2,0.0245627572016,0.322080761317,0,0.791694798097,0.419431584362,5.77591306584,0.176761831276,0.00096450617284,0.0324074074074,8,0.934445730453,0.54771090535,9.77369470165
8,same,4,fixed_hit,feasibility,family,17719,24,5.23710586802,4.838,9.304,42.615,5.7577958528,2980.431,1.00865224725,0.00865224724853,41.1107042528,0.170867176354,0,0,0.179519423602,0.00865224724853,0,1,3,0,2,0.00837260519036,0.170867176354,0,0.913241845123,0.66525276509,2.23176325621,0.0888088436028,0.000317529856087,0.0109547911706,8,0.400861910035,0.235457324187,8.733322463
8,same,4,fixed_hit,projection,truth,17719,24,12.2644333526,10.596,23.906,76.155,13.1432570945,2083.263,2.63342335391,0.0364583333333,99.9714506173,1.12493569959,0,0,1.16139403292,0.0364583333333,1.59696502058,7,9,0,4,0.0245627572016,0.322080761317,0,0.791694798097,0.419431584362,5.77591306584,0.176761831276,0.00096450617284,0.0324074074074,8,0.934445730453,0.54771090535,9.77369470165
8,same,4,fixed_hit,projection,family,17719,24,9.09119480782,8.503,17.236,76.155,9.82777807161,2083.263,1.69840846055,0.0110591260668,80.0132010054,0.382344965225,0,0,0.393404091292,0.0110591260668,0.687349334485,5,9,0,4,0.00837260519036,0.170867176354,0,0.913241845123,0.66525276509,2.23176325621,0.0888088436028,0.000317529856087,0.0109547911706,8,0.400861910035,0.235457324187,8.733322463
8,same,4,both,feasibility,truth,17719,24,5.57037464635,5.067,9.815,51.798,6.18171078747,1929.05,1.02546296296,0.025462962963,41.4946630658,0.322080761317,0,0,0.34754372428,0.025462962963,0,1,3,0,2,0.0245627572016,0.322080761317,0,0.791694798097,0.419431584362,5.77591306584,0.176761831276,0.00096450617284,0.0324074074074,8,0.934445730453,0.54771090535,9.77369470165
8,same,4,both,feasibility,family,17719,24,5.24057228678,4.838,9.284,51.798,5.73556224693,1929.05,1.00865224725,0.00865224724853,41.1107042528,0.170867176354,0,0,0.179519423602,0.00865224724853,0,1,3,0,2,0.00837260519036,0.170867176354,0,0.913241845123,0.66525276509,2.23176325621,0.0888088436028,0.000317529856087,0.0109547911706,8,0.400861910035,0.235457324187,8.733322463
8,same,4,both,projection,truth,17719,24,12.4262159851,10.576,23.996,186.592,13.6199620949,4893.441,2.63342335391,0.0364583333333,99.9714506173,1.12493569959,0,0,1.16139403292,0.0364583333333,1.59696502058,7,9,0,4,0.0245627572016,0.322080761317,0,0.791694798097,0.419431584362,5.77591306584,0.176761831276,0.00096450617284,0.0324074074074,8,0.934445730453,0.54771090535,9.77369470165
8,same,4,both,projection,family,17719,24,9.09685559389,8.483,17.216,186.592,9.90899005063,4893.441,1.69840846055,0.0110591260668,80.0132010054,0.382344965225,0,0,0.393404091292,0.0110591260668,0.687349334485,5,9,0,4,0.00837260519036,0.170867176354,0,0.913241845123,0.66525276509,2.23176325621,0.0888088436028,0.000317529856087,0.0109547911706,8,0.400861910035,0.235457324187,8.733322463
8,split,4,search,feasibility,truth,20323,24,5.99719418724,5.658,9.244,35.984,6.64173417138,3068.605,1.48418209877,0.484182098765,46.8440072016,0,0,0,0,0,0,4,5,3,4,0.285236625514,0,0,0.826477301955,0.528870884774,5.07908950617,0.158950617284,0,0.00385802469136,8,0.770318930041,0.475180041152,9.44007201646
8,split,4,search,feasibility,family,20323,24,5.26831481729,4.968,8.262,35.984,5.78691971787,3068.605,1.20579817714,0.205798177141,42.5354741323,0,0,0,0,0,0,2,5,1,4,0.151754743679,0,0,0.928219307813,0.729163418698,2.02213704211,0.0875907241818,0,0.00139772141786,8,0.334827693718,0.205475311973,8.59881940762
8,split,4,search,projection,truth,20323,24,11.4076987847,10.316,21.803,716.044,12.5211744684,8135.623,2.98206018519,1.14358281893,96.2391653807,0,0,0,0,0,0.838477366255,13,21,9,16,0.285236625514,0,0,0.826477301955,0.528870884774,5.07908950617,0.158950617284,0,0.00385802469136,8,0.770318930041,0.475180041152,9.44007201646
8,split,4,search,projection,family,20323,24,8.52773173783,7.471,13.781,716.044,9.49863279529,8135.623,1.72601241237,0.350600835321,76.7641294958,0,0,0,0,0,0.375411577053,5,21,2,16,0.151754743679,0,0,0.928219307813,0.729163418698,2.02213704211,0.0875907241818,0,0.00139772141786,8,0.334827693718,0.205475311973,8.59881940762
8,split,4,decomposition,feasibility,truth,20323,24,5.92043640689,5.529,8.993,40.742,6.42652506644,1257.517,1.80156893004,0.484182098765,44.6094393004,0,0.127443415638,0.317386831276,0,0,0,7,9,3,4,0.285236625514,0,0.127443415638,0.826477301955,0.528870884774,5.07908950617,0.158950617284,0,0.00385802469136,8,0.770318930041,0.475180041152,9.44007201646
8,split,4,decomposition,feasibility,family,20323,24,5.2494313923,4.968,8.242,40.742,5.68820841616,1257.517,1.30412473039,0.205798177141,41.8442296796,0,0.0446059849606,0.0983265532544,0,0,0,2,9,1,4,0.151754743679,0,0.0446059849606,0.928219307813,0.729163418698,2.02213704211,0.0875907241818,0,0.00139772141786,8,0.334827693718,0.205475311973,8.59881940762
8,split,4,decomposition,projection,truth,20323,24,11.0997184285,10.335,19.719,154.383,11.9698460005,1792.052,3.71045524691,1.14358281893,91.0465213477,0,0.312114197531,0.728395061728,0,0,0.838477366255,22,37,9,16,0.285236625514,0,0.127443415638,0.826477301955,0.528870884774,5.07908950617,0.158950617284,0,0.00385802469136,8,0.770318930041,0.475180041152,9.44007201646
8,split,4,decomposition,projection,family,20323,24,8.46706473718,7.522,13.791,154.383,9.22033241085,1792.052,1.88099885222,0.350600835321,75.670841774,0,0.0716338449211,0.154986439842,0,0,0.375411577053,5,37,2,16,0.151754743679,0,0.0446059849606,0.928219307813,0.729163418698,2.02213704211,0.0875907241818,0,0.00139772141786,8,0.334827693718,0.205475311973,8.59881940762
8,split,4,fixed_hit,feasibility,truth,20323,24,5.21575974151,4.837,8.423,48.784,5.63945176397,1326.577,1.00385802469,0.00385802469136,40.0698302469,0.281378600823,0,0,0.285236625514,0.00385802469136,0,1,2,0,1,0.00385802469136,0.281378600823,0,0.826477301955,0.528870884774,5.07908950617,0.158950617284,0,0.00385802469136,8,0.770318930041,0.475180041152,9.44007201646
8,split,4,fixed_hit,feasibility,family,20323,24,5.00997634369,4.707,8.192,48.784,5.46057055022,1326.577,1.00139772142,0.00139772141786,40.0601698028,0.150357022261,0,0,0.151754743679,0.00139772141786,0,1,2,0,1,0.00139772141786,0.150357022261,0,0.928219307813,0.729163418698,2.02213704211,0.0875907241818,0,0.00139772141786,8,0.334827693718,0.205475311973,8.59881940762
8,split,4,fixed_hit,projection,truth,20323,24,10.6705664545,9.825,18.888,76.035,11.7406023341,2063.272,2.31230709877,0.00462962962963,88.9836998457,1.02893518519,0,0,1.03356481481,0.00462962962963,1.30767746914,7,9,0,2,0.00385802469136,0.281378600823,0,0.826477301955,0.528870884774,5.07908950617,0.158950617284,0,0.00385802469136,8,0.770318930041,0.475180041152,9.44007201646
8,split,4,fixed_hit,projection,family,20323,24,8.38526653952,7.491,13.771,76.035,9.21572207843,2063.272,1.56967222564,0.00158484716637,75.2463826227,0.352265292189,0,0,0.353850139355,0.00158484716637,0.568087378477,4,9,0,2,0.00139772141786,0.150357022261,0,0.928219307813,0.729163418698,2.02213704211,0.0875907241818,0,0.00139772141786,8,0.334827693718,0.205475311973,8.59881940762
8,split,4,both,feasibility,truth,20323,24,5.25420656507,4.847,8.423,1225.435,5.75857478138,2047.359,1.00385802469,0.00385802469136,40.0698302469,0.281378600823,0,0,0.285236625514,0.00385802469136,0,1,2,0,1,0.00385802469136,0.281378600823,0,0.826477301955,0.528870884774,5.07908950617,0.158950617284,0,0.00385802469136,8,0.770318930041,0.475180041152,9.44007201646
8,split,4,both,feasibility,family,20323,24,5.04852085215,4.707,8.182,1225.435,5.49471163575,2047.359,1.00139772142,0.00139772141786,40.0601698028,0.150357022261,0,0,0.151754743679,0.00139772141786,0,1,2,0,1,0.00139772141786,0.150357022261,0,0.928219307813,0.729163418698,2.02213704211,0.0875907241818,0,0.00139772141786,8,0.334827693718,0.205475311973,8.59881940762
8,split,4,both,projection,truth,20323,24,10.6993321438,9.835,19.169,85.339,11.6440660151,1689.267,2.31230709877,0.00462962962963,88.9836998457,1.02893518519,0,0,1.03356481481,0.00462962962963,1.30767746914,7,9,0,2,0.00385802469136,0.281378600823,0,0.826477301955,0.528870884774,5.07908950617,0.158950617284,0,0.00385802469136,8,0.770318930041,0.475180041152,9.44007201646
8,split,4,both,projection,family,20323,24,8.39746501537,7.472,13.751,85.339,9.19034065212,1689.267,1.56967222564,0.00158484716637,75.2463826227,0.352265292189,0,0,0.353850139355,0.00158484716637,0.568087378477,4,9,0,2,0.00139772141786,0.150357022261,0,0.928219307813,0.729163418698,2.02213704211,0.0875907241818,0,0.00139772141786,8,0.334827693718,0.205475311973,8.59881940762
16,same,4,search,feasibility,truth,25286,24,8.498491866,6.6,20.361,292.874,9.54750978438,5074.189,1.0178433642,0.0178433641975,70.2366898148,0,0,0,0,0,0,1,3,0,2,0.0168145576132,0,0,0.946236818416,0.689461162551,1.65805041152,0.209104938272,0,0.0039866255144,3,0.0364583333333,0.0168145576132,8.47456918724
16,same,4,search,feasibility,family,25286,24,8.19162691688,6.6,19.519,292.874,9.15182322908,5074.189,1.00453018164,0.00453018164079,69.2793443471,0,0,0,0,0,0,1,3,0,2,0.00443305654367,0,0,0.970348438908,0.806055536249,1.30683492642,0.119178346025,0,0.000767822987607,3,0.00927791227081,0.00443305654367,8.25235991239
16,same,4,search,projection,truth,25286,24,14.757533179,10.876,33.992,215.637,16.2160313036,7076.098,1.47842721193,0.0206725823045,137.076453189,0,0,0,0,0,0.45775462963,3,8,0,3,0.0168145576132,0,0,0.946236818416,0.689461162551,1.65805041152,0.209104938272,0,0.0039866255144,3,0.0364583333333,0.0168145576132,8.47456918724
16,same,4,search,projection,family,25286,24,13.4006203062,10.816,30.786,215.637,14.8717297364,7076.098,1.25286883667,0.00494198082427,127.263517919,0,0,0,0,0,0.24792685585,2,8,0,3,0.00443305654367,0,0,0.970348438908,0.806055536249,1.30683492642,0.119178346025,0,0.000767822987607,3,0.00927791227081,0.00443305654367,8.25235991239
16,same,4,decomposition,feasibility,truth,25286,24,8.40304944702,6.58,20.34,97.728,9.49527341607,3088.113,1.0178433642,0.0178433641975,70.2366898148,0,0,0,0,0,0,1,3,0,2,0.0168145576132,0,0,0.946236818416,0.689461162551,1.65805041152,0.209104938272,0,0.0039866255144,3,0.0364583333333,0.0168145576132,8.47456918724
16,same,4,decomposition,feasibility,family,25286,24,8.17104068755,6.57,19.49,97.728,9.04986527341,3088.113,1.00453018164,0.00453018164079,69.2793443471,0,0,0,0,0,0,1,3,0,2,0.00443305654367,0,0,0.970348438908,0.806055536249,1.30683492642,0.119178346025,0,0.000767822987607,3,0.00927791227081,0.00443305654367,8.25235991239
16,same,4,decomposition,projection,truth,25286,24,14.749890625,10.887,34.051,334.957,16.0837146241,5084.374,1.47842721193,0.0206725823045,137.076453189,0,0,0,0,0,0.45775462963,3,8,0,3,0.0168145576132,0,0,0.946236818416,0.689461162551,1.65805041152,0.209104938272,0,0.0039866255144,3,0.0364583333333,0.0168145576132,8.47456918724
16,same,4,decomposition,projection,family,25286,24,13.4243695736,10.807,30.827,334.957,14.5460176071,5084.374,1.25286883667,0.00494198082427,127.263517919,0,0,0,0,0,0.24792685585,2,8,0,3,0.00443305654367,0,0,0.970348438908,0.806055536249,1.30683492642,0.119178346025,0,0.000767822987607,3,0.00927791227081,0.00443305654367,8.25235991239
16,same,4,fixed_hit,feasibility,truth,25286,24,8.27845868699,6.57,19.94,131.969,9.09873860811,3067.752,1.00398662551,0.0039866255144,68.955150463,0.0156571502058,0,0,0.0196437757202,0.0039866255144,0,1,3,0,2,0.00372942386831,0.0156571502058,0,0.946236818416,0.689461162551,1.65805041152,0.209104938272,0,0.0039866255144,3,0.0364583333333,0.0168145576132,8.47456918724
16,same,4,fixed_hit,feasibility,family,25286,24,8.14813957425,6.58,19.349,131.969,8.97414916831,3067.752,1.00076782299,0.000767822987607,68.945746493,0.00407703273953,0,0,0.00484485572714,0.000767822987607,0,1,3,0,2,0.000719260439044,0.00407703273953,0,0.970348438908,0.806055536249,1.30683492642,0.119178346025,0,0.000767822987607,3,0.00927791227081,0.00443305654367,8.25235991239
16,same,4,fixed_hit,projection,truth,25286,24,14.715065072,10.867,34.141,288.137,16.255210841,7123.284,1.47080761317,0.00424382716049,136.511638374,0.0182291666667,0,0,0.0224729938272,0.00424382716049,0.466563786008,3,7,0,3,0.00372942386831,0.0156571502058,0,0.946236818416,0.689461162551,1.65805041152,0.209104938272,0,0.0039866255144,3,0.0364583333333,0.0168145576132,8.47456918724
16,same,4,fixed_hit,projection,family,25286,24,13.4341299116,10.807,30.857,288.137,14.7770858614,7123.284,1.2515663043,0.000816385536169,127.178020769,0.00444026937445,0,0,0.00525665491062,0.000816385536169,0.250749918768,2,7,0,3,0.000719260439044,0.00407703273953,0,0.970348438908,0.806055536249,1.30683492642,0.119178346025,0,0.000767822987607,3,0.00927791227081,0.00443305654367,8.25235991239
16,same,4,both,feasibility,truth,25286,24,8.2831797518,6.56,19.94,136.527,9.20141797411,5061.079,1.00398662551,0.0039866255144,68.955150463,0.0156571502058,0,0,0.0196437757202,0.0039866255144,0,1,3,0,2,0.00372942386831,0.0156571502058,0,0.946236818416,0.689461162551,1.65805041152,0.209104938272,0,0.0039866255144,3,0.0364583333333,0.0168145576132,8.47456918724
16,same,4,both,feasibility,family,25286,24,8.15060413653,6.57,19.369,136.527,9.08339619657,5061.079,1.00076782299,0.000767822987607,68.945746493,0.00407703273953,0,0,0.00484485572714,0.000767822987607,0,1,3,0,2,0.000719260439044,0.00407703273953,0,0.970348438908,0.806055536249,1.30683492642,0.119178346025,0,0.000767822987607,3,0.00927791227081,0.00443305654367,8.25235991239
16,same,4,both,projection,truth,25286,24,14.7246240355,10.877,34.062,158.31,16.5949402756,5123.113,1.47080761317,0.00424382716049,136.511638374,0.0182291666667,0,0,0.0224729938272,0.00424382716049,0.466563786008,3,7,0,3,0.00372942386831,0.0156571502058,0,0.946236818416,0.689461162551,1.65805041152,0.209104938272,0,0.0039866255144,3,0.0364583333333,0.0168145576132,8.47456918724
16,same,4,both,projection,family,25286,24,13.4392716984,10.827,30.846,158.31,14.6885854246,5123.113,1.2515663043,0.000816385536169,127.178020769,0.00444026937445,0,0,0.00525665491062,0.000816385536169,0.250749918768,2,7,0,3,0.000719260439044,0.00407703273953,0,0.970348438908,0.806055536249,1.30683492642,0.119178346025,0,0.000767822987607,3,0.00927791227081,0.00443305654367,8.25235991239
16,split,4,search,feasibility,truth,26067,24,7.81236033951,6.52,18.037,102.615,8.73469561257,2094.088,1.00196116255,0.00196116255144,67.3133037551,0,0,0,0,0,0,1,2,0,1,0.00196116255144,0,0,0.953723797582,0.727044753086,1.53941615226,0.201678240741,0,0,2,0.00392232510288,0.00196116255144,8.39474022634
16,split,4,search,feasibility,family,26067,24,7.77892615882,6.52,18.017,102.615,8.69404320177,2094.088,1.00070304687,0.000703046871876,67.3186395154,0,0,0,0,0,0,1,2,0,1,0.000703046871876,0,0,0.9732034075,0.823383561006,1.27239051593,0.115333223299,0,0,2,0.00140609374375,0.000703046871876,8.22467059513
16,split,4,search,projection,truth,26067,24,13.3967608989,10.916,29.395,142.225,14.9233777328,2337.287,1.39474022634,0.00196116255144,128.220839763,0,0,0,0,0,0.392779063786,3,5,0,1,0.00196116255144,0,0,0.953723797582,0.727044753086,1.53941615226,0.201678240741,0,0,2,0.00392232510288,0.00196116255144,8.39474022634
16,split,4,search,projection,family,26067,24,12.8111630927,10.856,28.714,142.225,14.2626052868,2337.287,1.22467059513,0.000703046871876,123.147765413,0,0,0,0,0,0.223967548255,2,5,0,1,0.000703046871876,0,0,0.9732034075,0.823383561006,1.27239051593,0.115333223299,0,0,2,0.00140609374375,0.000703046871876,8.22467059513
16,split,4,decomposition,feasibility,truth,26067,24,7.80951887217,6.539,18.037,137.137,8.68126951517,2011.385,1.00196116255,0.00196116255144,67.3133037551,0,0,0,0,0,0,1,2,0,1,0.00196116255144,0,0,0.953723797582,0.727044753086,1.53941615226,0.201678240741,0,0,2,0.00392232510288,0.00196116255144,8.39474022634
16,split,4,decomposition,feasibility,family,26067,24,7.77741724017,6.54,18.008,137.137,8.64425494278,2011.385,1.00070304687,0.000703046871876,67.3186395154,0,0,0,0,0,0,1,2,0,1,0.000703046871876,0,0,0.9732034075,0.823383561006,1.27239051593,0.115333223299,0,0,2,0.00140609374375,0.000703046871876,8.22467059513
16,split,4,decomposition,projection,truth,26067,24,13.3945746206,10.916,29.405,94.814,14.9392302383,3070.516,1.39474022634,0.00196116255144,128.220839763,0,0,0,0,0,0.392779063786,3,5,0,1,0.00196116255144,0,0,0.953723797582,0.727044753086,1.53941615226,0.201678240741,0,0,2,0.00392232510288,0.00196116255144,8.39474022634
16,split,4,decomposition,projection,family,26067,24,12.8070646097,10.866,28.693,94.814,14.2579759634,3070.516,1.22467059513,0.000703046871876,123.147765413,0,0,0,0,0,0.223967548255,2,5,0,1,0.000703046871876,0,0,0.9732034075,0.823383561006,1.27239051593,0.115333223299,0,0,2,0.00140609374375,0.000703046871876,8.22467059513
16,split,4,fixed_hit,feasibility,truth,26067,24,7.79150588349,6.52,18.017,128.926,8.80259892618,3195.957,1,0,67.1559284979,0.00196116255144,0,0,0.00196116255144,0,0,1,1,0,0,0,0.00196116255144,0,0.953723797582,0.727044753086,1.53941615226,0.201678240741,0,0,2,0.00392232510288,0.00196116255144,8.39474022634
16,split,4,fixed_hit,feasibility,family,26067,24,7.77014629063,6.52,18.007,128.926,8.75064757959,3195.957,1,0,67.2626319485,0.000703046871876,0,0,0.000703046871876,0,0,1,1,0,0,0,0.000703046871876,0,0.9732034075,0.823383561006,1.27239051593,0.115333223299,0,0,2,0.00140609374375,0.000703046871876,8.22467059513
16,split,4,fixed_hit,projection,truth,26067,24,13.4063737461,10.927,29.414,109.425,15.0648203339,5050.833,1.39474022634,0,128.242412551,0.00196116255144,0,0,0.00196116255144,0,0.394740226337,3,5,0,0,0,0.00196116255144,0,0.953723797582,0.727044753086,1.53941615226,0.201678240741,0,0,2,0.00392232510288,0.00196116255144,8.39474022634
16,split,4,fixed_hit,projection,family,26067,24,12.8168825949,10.876,28.743,109.425,14.372358906,5050.833,1.22467059513,0,123.155498928,0.000703046871876,0,0,0.000703046871876,0,0.224670595127,2,5,0,0,0,0.000703046871876,0,0.9732034075,0.823383561006,1.27239051593,0.115333223299,0,0,2,0.00140609374375,0.000703046871876,8.22467059513
16,split,4,both,feasibility,truth,26067,24,7.79867062114,6.52,18.027,182.427,8.6855110811,2342.996,1,0,67.1559284979,0.00196116255144,0,0,0.00196116255144,0,0,1,1,0,0,0,0.00196116255144,0,0.953723797582,0.727044753086,1.53941615226,0.201678240741,0,0,2,0.00392232510288,0.00196116255144,8.39474022634
16,split,4,both,feasibility,family,26067,24,7.77639442979,6.52,18.017,182.427,8.66223487302,2342.996,1,0,67.2626319485,0.000703046871876,0,0,0.000703046871876,0,0,1,1,0,0,0,0.000703046871876,0,0.9732034075,0.823383561006,1.27239051593,0.115333223299,0,0,2,0.00140609374375,0.000703046871876,8.22467059513
16,split,4,both,projection,truth,26067,24,13.4384955954,10.936,29.434,139.942,14.9641228138,2554.776,1.39474022634,0,128.242412551,0.00196116255144,0,0,0.00196116255144,0,0.394740226337,3,5,0,0,0,0.00196116255144,0,0.953723797582,0.727044753086,1.53941615226,0.201678240741,0,0,2,0.00392232510288,0.00196116255144,8.39474022634
16,split,4,both,projection,family,26067,24,12.8457269378,10.867,28.703,139.942,14.3030695718,2554.776,1.22467059513,0,123.155498928,0.000703046871876,0,0,0.000703046871876,0,0.224670595127,2,5,0,0,0,0.000703046871876,0,0.9732034075,0.823383561006,1.27239051593,0.115333223299,0,0,2,0.00140609374375,0.000703046871876,8.22467059513
8,same,5,search,feasibility,truth,24540,24,7.07330347651,6.66,11.337,38.798,7.8045135531,926.001,1.77091906722,0.770919067215,52.4095507545,0,0,0,0,0,0,4,7,3,6,0.382716049383,0,0,0.741981202846,0.380251200274,7.71069101509,0.1811771262,0.164823388203,0.22213648834,8,1.06618655693,0.687971536351,10.1532707476
8,same,5,search,feasibility,family,24540,24,6.06711523897,5.708,9.855,38.798,6.71143149258,926.001,1.44747717298,0.447477172978,46.8994746434,0,0,0,0,0,0,4,7,3,6,0.244009860485,0,0,0.870870384138,0.597683549798,3.15201401896,0.0862021159222,0.139687256805,0.17348947515,8,0.562616506941,0.381209152704,9.06460206782
8,same,5,search,projection,truth,24540,24,15.1390678584,12.459,35.163,419.965,16.9396346951,3094.603,4.46493484225,2.0338648834,121.137924383,0,0,0,0,0,1.43106995885,17,33,11,24,0.382716049383,0,0,0.741981202846,0.380251200274,7.71069101509,0.1811771262,0.164823388203,0.22213648834,8,1.06618655693,0.687971536351,10.1532707476
8,same,5,search,projection,family,24540,24,10.6684893104,9.855,21.312,419.965,12.0523500143,3094.603,2.70049937172,0.920479022629,91.0067927087,0,0,0,0,0,0.780020349089,11,33,6,24,0.244009860485,0,0,0.870870384138,0.597683549798,3.15201401896,0.0862021159222,0.139687256805,0.17348947515,8,0.562616506941,0.381209152704,9.06460206782
8,same,5,decomposition,feasibility,truth,24540,24,6.95032810357,6.469,11.387,81.303,7.71954858968,1255.25,2.25898062414,0.770919067215,48.6803412209,0,0.186321159122,0.488061556927,0,0,0,7,11,3,6,0.382716049383,0,0.186321159122,0.741981202846,0.380251200274,7.71069101509,0.1811771262,0.164823388203,0.22213648834,8,1.06618655693,0.687971536351,10.1532707476
8,same,5,decomposition,feasibility,family,24540,24,6.01819194186,5.658,9.815,81.303,6.701123443,1255.25,1.68305091636,0.447477172978,45.077989235,0,0.0997204654431,0.235573743386,0,0,0,6,11,3,6,0.244009860485,0,0.0997204654431,0.870870384138,0.597683549798,3.15201401896,0.0862021159222,0.139687256805,0.17348947515,8,0.562616506941,0.381209152704,9.06460206782
8,same,5,decomposition,projection,truth,24540,24,14.7152661608,12.449,31.848,150.638,16.1974820959,1355.641,5.765625,2.0338648834,111.018647119,0,0.540166323731,1.30069015775,0,0,1.43106995885,23,49,11,24,0.382716049383,0,0.186321159122,0.741981202846,0.380251200274,7.71069101509,0.1811771262,0.164823388203,0.22213648834,8,1.06618655693,0.687971536351,10.1532707476
8,same,5,decomposition,projection,family,24540,24,10.5541040905,9.855,20.451,150.638,11.5894874521,1355.641,3.16684155095,0.920479022629,87.3935424607,0,0.206315620866,0.466342179233,0,0,0.780020349089,13,49,6,24,0.244009860485,0,0.0997204654431,0.870870384138,0.597683549798,3.15201401896,0.0862021159222,0.139687256805,0.17348947515,8,0.562616506941,0.381209152704,9.06460206782
8,same,5,fixed_hit,feasibility,truth,24540,24,6.05826245285,5.778,10.175,35.924,6.70137243513,3070.407,1.2003600823,0.200360082305,43.8209019204,0.339270404664,0,0,0.461698388203,0.122427983539,0,3,5,2,4,0.117305384088,0.339270404664,0,0.741981202846,0.380251200274,7.71069101509,0.1811771262,0.164823388203,0.22213648834,8,1.06618655693,0.687971536351,10.1532707476
8,same,5,fixed_hit,feasibility,family,24540,24,5.65863497214,5.339,9.594,35.924,6.26723859721,3070.407,1.15689568903,0.156895689029,43.1890214088,0.20153483154,0,0,0.292127610516,0.0905927789765,0,3,5,2,4,0.0870346739124,0.20153483154,0,0.870870384138,0.597683549798,3.15201401896,0.0862021159222,0.139687256805,0.17348947515,8,0.562616506941,0.381209152704,9.06460206782
8,same,5,fixed_hit,projection,truth,24540,24,14.5054851466,11.828,30.657,153.372,15.9603926826,2094.53,3.71977880658,0.686685528121,112.150141461,1.38089420439,0,0,1.78722993827,0.406335733882,2.03309327846,12,35,6,24,0.117305384088,0.339270404664,0,0.741981202846,0.380251200274,7.71069101509,0.1811771262,0.164823388203,0.22213648834,8,1.06618655693,0.687971536351,10.1532707476
8,same,5,fixed_hit,projection,family,24540,24,10.5384566775,9.715,20.642,153.372,11.625077376,2094.53,2.46831425835,0.403904622905,88.4760147823,0.602031384821,0,0,0.829059354286,0.227027969466,1.06440963544,7,35,2,24,0.0870346739124,0.20153483154,0,0.870870384138,0.597683549798,3.15201401896,0.0862021159222,0.139687256805,0.17348947515,8,0.562616506941,0.381209152704,9.06460206782
8,same,5,both,feasibility,truth,24540,24,6.12133978481,5.889,10.235,144.158,6.79579241684,2632.665,1.35575274348,0.200360082305,43.3494941701,0.383766289438,0.059627914952,0.15539266118,0.565822187929,0.182055898491,0,5,9,2,4,0.117305384088,0.339270404664,0.059627914952,0.741981202846,0.380251200274,7.71069101509,0.1811771262,0.164823388203,0.22213648834,8,1.06618655693,0.687971536351,10.1532707476
8,same,5,both,feasibility,family,24540,24,5.68903305371,5.388,9.625,144.158,6.31067835238,2632.665,1.24980088496,0.156895689029,42.8398563956,0.216831727208,0.0385587177579,0.0929051959325,0.345983223942,0.129151496734,0,3,9,2,4,0.0870346739124,0.20153483154,0.0385587177579,0.870870384138,0.597683549798,3.15201401896,0.0862021159222,0.139687256805,0.17348947515,8,0.562616506941,0.381209152704,9.06460206782
8,same,5,both,projection,truth,24540,24,14.5345408522,11.848,31.267,126.772,15.8775202618,1077.4,4.23499657064,0.686685528121,110.347200789,1.47708762003,0.212920096022,0.51521776406,2.09634344993,0.619255829904,2.03309327846,14,57,6,24,0.117305384088,0.339270404664,0.059627914952,0.741981202846,0.380251200274,7.71069101509,0.1811771262,0.164823388203,0.22213648834,8,1.06618655693,0.687971536351,10.1532707476
8,same,5,both,projection,family,24540,24,10.5644732526,9.715,20.671,126.772,11.5487593819,1077.4,2.69894576877,0.403904622905,87.5511274228,0.628886853571,0.10107421875,0.230631510417,0.956989041786,0.328102188216,1.06440963544,7,57,2,24,0.0870346739124,0.20153483154,0.0385587177579,0.870870384138,0.597683549798,3.15201401896,0.0862021159222,0.139687256805,0.17348947515,8,0.562616506941,0.381209152704,9.06460206782
8,split,5,search,feasibility,truth,29528,24,6.35918297754,5.949,9.545,62.304,7.04188886746,844.418,1.63768861454,0.63768861454,48.1702674897,0,0,0,0,0,0,4,7,3,6,0.300454389575,0,0,0.800714270405,0.507094478738,6.24995713306,0.151813271605,0.12037037037,0.122170781893,8,0.777820644719,0.580761316872,9.63383058985
8,split,5,search,feasibility,family,29528,24,5.6902804265,5.338,8.553,62.304,6.18358253994,844.418,1.3914417051,0.391441705104,44.4887301853,0,0,0,0,0,0,4,7,3,6,0.203913347662,0,0,0.893502797397,0.668120183822,2.80927819293,0.0852555240022,0.11887254902,0.119538785294,8,0.442715786142,0.335471457707,8.87143760723
8,split,5,search,projection,truth,29528,24,12.5028442215,11.137,27.271,106.851,13.5045847551,1555.584,3.74661351166,1.6925154321,102.56719393,0,0,0,0,0,1.05409807956,13,33,9,24,0.300454389575,0,0,0.800714270405,0.507094478738,6.24995713306,0.151813271605,0.12037037037,0.122170781893,8,0.777820644719,0.580761316872,9.63383058985
8,split,5,search,projection,family,29528,24,9.64568043916,9.335,16.575,106.851,10.4532082565,1555.584,2.44547063139,0.813793780613,83.5894819424,0,0,0,0,0,0.631676850779,11,33,6,24,0.203913347662,0,0,0.893502797397,0.668120183822,2.80927819293,0.0852555240022,0.11887254902,0.119538785294,8,0.442715786142,0.335471457707,8.87143760723
8,split,5,decomposition,feasibility,truth,29528,24,6.20365237054,5.939,8.964,44.918,6.70627103338,874.644,2.08288323045,0.63768861454,44.8174725652,0,0.164887688615,0.445194615912,0,0,0,7,11,3,6,0.300454389575,0,0.164887688615,0.800714270405,0.507094478738,6.24995713306,0.151813271605,0.12037037037,0.122170781893,8,0.777820644719,0.580761316872,9.63383058985
8,split,5,decomposition,feasibility,family,29528,24,5.62205440943,5.248,8.402,44.918,6.07268222148,874.644,1.61842511269,0.391441705104,42.747438225,0,0.095425297545,0.22698340759,0,0,0,6,11,3,6,0.203913347662,0,0.095425297545,0.893502797397,0.668120183822,2.80927819293,0.0852555240022,0.11887254902,0.119538785294,8,0.442715786142,0.335471457707,8.87143760723
8,split,5,decomposition,projection,truth,29528,24,12.142846665,11.016,24.828,84.829,13.2052445488,3066.2,4.92890517833,1.6925154321,93.6577503429,0,0.480967078189,1.18229166667,0,0,1.05409807956,22,49,9,24,0.300454389575,0,0.164887688615,0.800714270405,0.507094478738,6.24995713306,0.151813271605,0.12037037037,0.122170781893,8,0.777820644719,0.580761316872,9.63383058985
8,split,5,decomposition,projection,family,29528,24,9.52008287905,9.354,16.515,84.829,10.4108846807,3066.2,2.89321574883,0.813793780613,80.1703914598,0,0.197017089969,0.447745117437,0,0,0.631676850779,13,49,6,24,0.203913347662,0,0.095425297545,0.893502797397,0.668120183822,2.80927819293,0.0852555240022,0.11887254902,0.119538785294,8,0.442715786142,0.335471457707,8.87143760723
8,split,5,fixed_hit,feasibility,truth,29528,24,5.51483581962,5.097,8.512,66.611,6.10742897662,1163.23,1.12217078189,0.122170781893,41.2283093278,0.285408093278,0,0,0.347393689986,0.0619855967078,0,3,5,2,4,0.0599279835391,0.285408093278,0,0.800714270405,0.507094478738,6.24995713306,0.151813271605,0.12037037037,0.122170781893,8,0.777820644719,0.580761316872,9.63383058985
8,split,5,fixed_hit,feasibility,family,29528,24,5.32554690053,4.968,8.333,66.611,5.84320266436,1163.23,1.11953878529,0.119538785294,41.2830820825,0.180603595666,0,0,0.24070610645,0.0601025107838,0,3,5,2,4,0.0574983441171,0.180603595666,0,0.893502797397,0.668120183822,2.80927819293,0.0852555240022,0.11887254902,0.119538785294,8,0.442715786142,0.335471457707,8.87143760723
8,split,5,fixed_hit,projection,truth,29528,24,11.9239082004,10.376,23.025,137.959,12.8818820373,1331.725,3.04200960219,0.473508230453,94.8226380316,1.18257030178,0,0,1.42048182442,0.237911522634,1.56850137174,9,35,4,24,0.0599279835391,0.285408093278,0,0.800714270405,0.507094478738,6.24995713306,0.151813271605,0.12037037037,0.122170781893,8,0.777820644719,0.580761316872,9.63383058985
8,split,5,fixed_hit,projection,family,29528,24,9.53967350506,9.314,16.385,137.959,10.3565001455,1331.725,2.23567829228,0.339018588671,81.4588830369,0.557483613282,0,0,0.727388839825,0.169905226543,0.896659703605,7,35,2,24,0.0574983441171,0.180603595666,0,0.893502797397,0.668120183822,2.80927819293,0.0852555240022,0.11887254902,0.119538785294,8,0.442715786142,0.335471457707,8.87143760723
8,split,5,both,feasibility,truth,29528,24,5.54770256773,5.098,8.542,61.703,6.07787755773,2357.669,1.24858539095,0.122170781893,40.8461076818,0.319744513032,0.0451388888889,0.126414609053,0.426868998628,0.107124485597,0,3,9,2,4,0.0599279835391,0.285408093278,0.0451388888889,0.800714270405,0.507094478738,6.24995713306,0.151813271605,0.12037037037,0.122170781893,8,0.777820644719,0.580761316872,9.63383058985
8,split,5,both,feasibility,family,29528,24,5.35041624989,4.977,8.342,61.703,5.90235813097,2357.669,1.20565685495,0.119538785294,40.9619865114,0.194763751916,0.0351651546217,0.0861180696601,0.290031417322,0.0952676654055,0,3,9,2,4,0.0574983441171,0.180603595666,0.0351651546217,0.893502797397,0.668120183822,2.80927819293,0.0852555240022,0.11887254902,0.119538785294,8,0.442715786142,0.335471457707,8.87143760723
8,split,5,both,projection,truth,29528,24,11.9369253472,10.385,22.675,85.469,12.9219296911,2377.869,3.48263888889,0.479681069959,93.2581661523,1.26208847737,0.175025720165,0.439429012346,1.67811213992,0.416023662551,1.56352880658,9,57,4,24,0.0599279835391,0.285408093278,0.0451388888889,0.800714270405,0.507094478738,6.24995713306,0.151813271605,0.12037037037,0.122170781893,8,0.777820644719,0.580761316872,9.63383058985
8,split,5,both,projection,family,29528,24,9.5768209128,9.324,16.435,85.469,10.3846582462,2377.869,2.45324719128,0.339841295376,80.5871600716,0.58230856047,0.0944957788076,0.217474630532,0.847120919173,0.264812358703,0.895931265376,7,57,2,24,0.0574983441171,0.180603595666,0.0351651546217,0.893502797397,0.668120183822,2.80927819293,0.0852555240022,0.11887254902,0.119538785294,8,0.442715786142,0.335471457707,8.87143760723
8,same,6,search,feasibility,truth,35079,24,7.65786043953,7.291,12.268,113.261,8.4771585029,1526.911,1.89001771834,0.890017718336,54.7517861225,0,0,0,0,0,0,5,7,4,6,0.40076303155,0,0,0.716706675812,0.356567215364,8.6706390032,0.158093278464,0.272062185642,0.35769604481,8,1.13808870599,0.759859396433,10.387359968
8,same,6,search,feasibility,family,35079,24,6.58435214215,6.219,10.356,113.261,7.34755278369,1526.911,1.5669144664,0.566914466396,49.0555520341,0,0,0,0,0,0,4,7,3,6,0.272084151322,0,0,0.848323621881,0.565605067381,3.61092511105,0.0703553441438,0.231974678456,0.286257263479,8,0.635155687622,0.459686323606,9.25604709643
8,same,6,search,projection,truth,35079,24,17.2828460648,13.881,37.316,268.055,18.9256040428,1255.42,5.12269947417,2.45660436671,130.460076589,0,0,0,0,0,1.66609510745,18,33,12,24,0.40076303155,0,0,0.716706675812,0.356567215364,8.6706390032,0.158093278464,0.272062185642,0.35769604481,8,1.13808870599,0.759859396433,10.387359968
8,same,6,search,projection,family,35079,24,12.1558842176,10.796,25.208,268.055,13.2994242335,1255.42,3.21772673097,1.2455347639,97.4507384109,0,0,0,0,0,0.972191967074,13,33,8,24,0.272084151322,0,0,0.848323621881,0.565605067381,3.61092511105,0.0703553441438,0.231974678456,0.286257263479,8,0.635155687622,0.459686323606,9.25604709643
8,same,6,decomposition,feasibility,truth,35079,24,7.46305332647,6.941,12.279,108.814,8.21107801783,1763.118,2.46077674897,0.890017718336,50.243441358,0,0.215420667581,0.570759030636,0,0,0,8,11,4,6,0.40076303155,0,0.215420667581,0.716706675812,0.356567215364,8.6706390032,0.158093278464,0.272062185642,0.35769604481,8,1.13808870599,0.759859396433,10.387359968
8,same,6,decomposition,feasibility,family,35079,24,6.47720179448,6.169,10.266,108.814,7.21648745384,1763.118,1.88839618408,0.566914466396,46.4796990366,0,0.135350233844,0.321481717687,0,0,0,7,11,3,6,0.272084151322,0,0.135350233844,0.848323621881,0.565605067381,3.61092511105,0.0703553441438,0.231974678456,0.286257263479,8,0.635155687622,0.459686323606,9.25604709643
8,same,6,decomposition,projection,truth,35079,24,16.6148487797,13.871,35.754,123.527,18.3575589611,3944.63,6.70123171011,2.45660436671,117.777234797,0,0.653463648834,1.57853223594,0,0,1.66609510745,27,49,12,24,0.40076303155,0,0.215420667581,0.716706675812,0.356567215364,8.6706390032,0.158093278464,0.272062185642,0.35769604481,8,1.13808870599,0.759859396433,10.387359968
8,same,6,decomposition,projection,family,35079,24,11.9398754495,10.806,24.297,123.527,13.2609564575,3944.63,3.86770547247,1.2455347639,92.2587475521,0,0.287879995748,0.649978741497,0,0,0.972191967074,17,49,8,24,0.272084151322,0,0.135350233844,0.848323621881,0.565605067381,3.61092511105,0.0703553441438,0.231974678456,0.286257263479,8,0.635155687622,0.459686323606,9.25604709643
8,same,6,fixed_hit,feasibility,truth,35079,24,6.56292365398,6.23,10.696,141.755,7.27806646281,1841.227,1.31119970279,0.311199702789,45.881530064,0.343878600823,0,0,0.530249771376,0.186371170553,0,3,5,2,4,0.168738568816,0.343878600823,0,0.716706675812,0.356567215364,8.6706390032,0.158093278464,0.272062185642,0.35769604481,8,1.13808870599,0.759859396433,10.387359968
8,same,6,fixed_hit,feasibility,family,35079,24,6.10018709513,5.808,10.085,141.755,6.80370660747,1841.227,1.25258503257,0.252585032567,45.0108126278,0.213673048291,0,0,0.358792851052,0.145119802761,0,3,5,2,4,0.130932411658,0.213673048291,0,0.848323621881,0.565605067381,3.61092511105,0.0703553441438,0.231974678456,0.286257263479,8,0.635155687622,0.459686323606,9.25604709643
8,same,6,fixed_hit,projection,truth,35079,24,16.4820617713,13.671,36.555,185.882,18.1929313748,2165.818,4.43072702332,1.12858653406,121.771090535,1.48922610882,0,0,2.14947702332,0.660250914495,2.30214048925,18,35,10,24,0.168738568816,0.343878600823,0,0.716706675812,0.356567215364,8.6706390032,0.158093278464,0.272062185642,0.35769604481,8,1.13808870599,0.759859396433,10.387359968
8,same,6,fixed_hit,projection,family,35079,24,11.9864869866,10.565,24.066,185.882,13.4395150733,2165.818,2.98562794981,0.700311721783,94.811777806,0.700864684486,0,0,1.09127533027,0.390410645782,1.28531622803,12,35,6,24,0.130932411658,0.213673048291,0,0.848323621881,0.565605067381,3.61092511105,0.0703553441438,0.231974678456,0.286257263479,8,0.635155687622,0.459686323606,9.25604709643
8,same,6,both,feasibility,truth,35079,24,6.65169590192,6.439,10.736,79.01,7.36377931146,2511.451,1.56977309099,0.311199702789,45.0135602423,0.413151577503,0.099451303155,0.258573388203,0.698974051212,0.285822473708,0,6,9,2,4,0.168738568816,0.343878600823,0.099451303155,0.716706675812,0.356567215364,8.6706390032,0.158093278464,0.272062185642,0.35769604481,8,1.13808870599,0.759859396433,10.387359968
8,same,6,both,feasibility,family,35079,24,6.13678778734,5.939,10.085,79.01,6.82512365863,2511.451,1.42273277917,0.252585032567,44.2946535079,0.23837277193,0.0714019982993,0.170147746599,0.454894572991,0.216521801061,0,5,9,2,4,0.130932411658,0.213673048291,0.0714019982993,0.848323621881,0.565605067381,3.61092511105,0.0703553441438,0.231974678456,0.286257263479,8,0.635155687622,0.459686323606,9.25604709643
8,same,6,both,projection,truth,35079,24,16.7140053584,13.681,37.306,148.916,18.2579749943,2065.816,5.29972565158,1.12858653406,118.514917695,1.64080361225,0.361454046639,0.868998628258,2.66250857339,1.02170496113,2.30214048925,28,57,10,24,0.168738568816,0.343878600823,0.099451303155,0.716706675812,0.356567215364,8.6706390032,0.158093278464,0.272062185642,0.35769604481,8,1.13808870599,0.759859396433,10.387359968
8,same,6,both,projection,family,35079,24,12.087110031,10.546,24.077,148.916,13.335251234,2065.816,3.3980429158,0.700311721783,93.0312984267,0.742916661527,0.182769982993,0.412414965986,1.3160972903,0.573180628776,1.28531622803,14,57,6,24,0.130932411658,0.213673048291,0.0714019982993,0.848323621881,0.565605067381,3.61092511105,0.0703553441438,0.231974678456,0.286257263479,8,0.635155687622,0.459686323606,9.25604709643
8,split,6,search,feasibility,truth,43987,24,6.60599322702,6.259,9.965,73.972,7.39561532636,1854.286,1.69877400549,0.698774005487,49.1056670096,0,0,0,0,0,0,5,7,4,6,0.297053612254,0,0,0.795038866027,0.507415980796,6.55552697759,0.119484453589,0.186099679927,0.18832876086,8,0.746056241427,0.614497599451,9.70184613626
8,split,6,search,feasibility,family,43987,24,5.99434114486,5.719,8.893,73.972,6.77462197614,1854.286,1.47827062251,0.478270622511,45.8463215096,0,0,0,0,0,0,4,7,3,6,0.213978102162,0,0,0.879853401184,0.656515525328,3.13677620282,0.0632296754148,0.186570018078,0.187399501818,8,0.461026254504,0.389878520263,8.99207912017
8,split,6,search,projection,truth,43987,24,13.4432634459,11.628,29.725,153.843,14.8369959086,2171.536,4.10229481024,1.93474222679,105.798353909,0,0,0,0,0,1.16755258345,18,33,12,24,0.297053612254,0,0,0.795038866027,0.507415980796,6.55552697759,0.119484453589,0.186099679927,0.18832876086,8,0.746056241427,0.614497599451,9.70184613626
8,split,6,search,projection,family,43987,24,10.4497979865,9.815,21.362,153.843,11.6404591819,2171.536,2.83748719327,1.07208263637,87.6754159023,0,0,0,0,0,0.765404556901,13,33,8,24,0.213978102162,0,0,0.879853401184,0.656515525328,3.13677620282,0.0632296754148,0.186570018078,0.187399501818,8,0.461026254504,0.389878520263,8.99207912017
8,split,6,decomposition,feasibility,truth,43987,24,6.45071764975,6.24,9.184,133.331,7.23202713954,2319.16,2.19374428441,0.698774005487,45.2822216507,0,0.177526291724,0.494970278921,0,0,0,8,11,4,6,0.297053612254,0,0.177526291724,0.795038866027,0.507415980796,6.55552697759,0.119484453589,0.186099679927,0.18832876086,8,0.746056241427,0.614497599451,9.70184613626
8,split,6,decomposition,feasibility,family,43987,24,5.91515533808,5.579,8.623,133.331,6.60228961768,2319.16,1.77929020871,0.478270622511,43.4692767974,0,0.125119168101,0.301019586201,0,0,0,7,11,3,6,0.213978102162,0,0.125119168101,0.879853401184,0.656515525328,3.13677620282,0.0632296754148,0.186570018078,0.187399501818,8,0.461026254504,0.389878520263,8.99207912017
8,split,6,decomposition,projection,truth,43987,24,12.7441180698,11.488,28.884,102.666,14.1007389499,1822.829,5.47586591221,1.93474222679,95.2487425697,0,0.550983081847,1.37357110197,0,0,1.16755258345,27,49,12,24,0.297053612254,0,0.177526291724,0.795038866027,0.507415980796,6.55552697759,0.119484453589,0.186099679927,0.18832876086,8,0.746056241427,0.614497599451,9.70184613626
8,split,6,decomposition,projection,family,43987,24,10.2406459386,9.815,19.37,102.666,11.3388684003,1822.829,3.44726615271,1.07208263637,82.9110023692,0,0.26778010472,0.60977895944,0,0,0.765404556901,17,49,8,24,0.213978102162,0,0.125119168101,0.879853401184,0.656515525328,3.13677620282,0.0632296754148,0.186570018078,0.187399501818,8,0.461026254504,0.389878520263,8.99207912017
8,split,6,fixed_hit,feasibility,truth,43987,24,5.77438503086,5.438,8.703,167.934,6.50282916095,1449.053,1.18787151349,0.187871513489,42.4257258802,0.277963534522,0,0,0.373013831733,0.0950502972108,0,3,5,2,4,0.0863054412437,0.277963534522,0,0.795038866027,0.507415980796,6.55552697759,0.119484453589,0.186099679927,0.18832876086,8,0.746056241427,0.614497599451,9.70184613626
8,split,6,fixed_hit,feasibility,family,43987,24,5.59773074555,5.238,8.553,167.934,6.29274637439,1449.053,1.18725174768,0.187251747681,42.4562389917,0.186943513078,0,0,0.280984128788,0.0940406157102,0,3,5,2,4,0.0834797737263,0.186943513078,0,0.879853401184,0.656515525328,3.13677620282,0.0632296754148,0.186570018078,0.187399501818,8,0.461026254504,0.389878520263,8.99207912017
8,split,6,fixed_hit,projection,truth,43987,24,12.6668362912,10.977,28.123,174.925,13.9480187138,1429.012,3.44014346136,0.763260173754,98.4133230453,1.20197473708,0,0,1.58506229995,0.383087562872,1.67688328761,14,35,6,24,0.0863054412437,0.277963534522,0,0.795038866027,0.507415980796,6.55552697759,0.119484453589,0.186099679927,0.18832876086,8,0.746056241427,0.614497599451,9.70184613626
8,split,6,fixed_hit,projection,family,43987,24,10.3382551639,9.754,18.148,174.925,11.3918036207,1429.012,2.63028935783,0.578702050822,85.4829737334,0.637178852077,0,0,0.927024958843,0.289846106766,1.05158730701,12,35,6,24,0.0834797737263,0.186943513078,0,0.879853401184,0.656515525328,3.13677620282,0.0632296754148,0.186570018078,0.187399501818,8,0.461026254504,0.389878520263,8.99207912017
8,split,6,both,feasibility,truth,43987,24,5.82299405578,5.468,8.723,134.905,6.5225111978,2999.88,1.38711705533,0.187871513489,41.7945530407,0.331461476909,0.0697873799726,0.199245541838,0.496299154092,0.164837677183,0,5,9,2,4,0.0863054412437,0.277963534522,0.0697873799726,0.795038866027,0.507415980796,6.55552697759,0.119484453589,0.186099679927,0.18832876086,8,0.746056241427,0.614497599451,9.70184613626
8,split,6,both,feasibility,family,43987,24,5.62672488943,5.258,8.552,134.905,6.29559604246,2999.88,1.3394929676,0.187251747681,41.8385246551,0.209729971411,0.062448734959,0.152241219918,0.36621932208,0.156489350669,0,5,9,2,4,0.0834797737263,0.186943513078,0.062448734959,0.879853401184,0.656515525328,3.13677620282,0.0632296754148,0.186570018078,0.187399501818,8,0.461026254504,0.389878520263,8.99207912017
8,split,6,both,projection,truth,43987,24,12.7282239798,10.927,31.208,270.179,14.1165320549,1806.765,4.15504972565,0.770576131687,95.7947245085,1.32714620485,0.284007773205,0.71410608139,1.99789951989,0.670753315043,1.67036751257,17,57,8,24,0.0863054412437,0.277963534522,0.0697873799726,0.795038866027,0.507415980796,6.55552697759,0.119484453589,0.186099679927,0.18832876086,8,0.746056241427,0.614497599451,9.70184613626
8,split,6,both,projection,family,43987,24,10.3832480542,9.765,18.398,270.179,11.5145728777,1806.765,3.00925515321,0.579808693797,83.880856816,0.675854915954,0.166010815097,0.378896630194,1.13226515931,0.456410243351,1.05054982922,14,57,6,24,0.0834797737263,0.186943513078,0.062448734959,0.879853401184,0.656515525328,3.13677620282,0.0632296754148,0.186570018078,0.187399501818,8,0.461026254504,0.389878520263,8.99207912017
8,same,7,search,feasibility,truth,47927,24,8.34621195321,7.972,13.18,132.691,9.20558947124,2097.765,2.08339048925,1.08339048925,57.9590287304,0,0,0,0,0,0,5,8,4,7,0.426326017375,0,0,0.671830942311,0.31715820759,10.9528082609,0.143127953056,0.434537418077,0.540361606462,8,1.27581542448,0.865245389422,10.8087181832
8,same,7,search,feasibility,family,47927,24,7.11813941557,6.791,11.287,132.691,7.9173612922,2097.765,1.73471738462,0.734717384623,51.7483138494,0,0,0,0,0,0,5,8,4,7,0.290375383451,0,0,0.814008292473,0.540705220069,4.85161955839,0.0563446502495,0.354620362722,0.421161719174,8,0.731745215103,0.560524365492,9.55213682216
8,same,7,search,projection,truth,47927,24,19.8440525644,15.414,45.79,123.537,22.3540603471,4015.487,6.36756020424,3.30492684042,148.032026368,0,0,0,0,0,2.06263336382,23,39,16,28,0.426326017375,0,0,0.671830942311,0.31715820759,10.9528082609,0.143127953056,0.434537418077,0.540361606462,8,1.27581542448,0.865245389422,10.8087181832
8,same,7,search,projection,family,47927,24,13.6883348378,11.437,31.118,123.537,15.4542127523,4015.487,4.16000844229,1.91198792288,109.050674151,0,0,0,0,0,1.24802051941,18,39,12,28,0.290375383451,0,0,0.814008292473,0.540705220069,4.85161955839,0.0563446502495,0.354620362722,0.421161719174,8,0.731745215103,0.560524365492,9.55213682216
8,same,7,decomposition,feasibility,truth,47927,24,8.11607220698,7.622,13.12,81.694,9.09022206346,1983.918,2.75462962963,1.08339048925,52.5146604938,0,0.236854138089,0.671239140375,0,0,0,9,12,4,7,0.426326017375,0,0.236854138089,0.671830942311,0.31715820759,10.9528082609,0.143127953056,0.434537418077,0.540361606462,8,1.27581542448,0.865245389422,10.8087181832
8,same,7,decomposition,feasibility,family,47927,24,6.95546725277,6.61,10.917,81.694,7.81028557521,1983.918,2.16589297986,0.734717384623,48.2264109476,0,0.162853422619,0.431175595238,0,0,0,8,12,4,7,0.290375383451,0,0.162853422619,0.814008292473,0.540705220069,4.85161955839,0.0563446502495,0.354620362722,0.421161719174,8,0.731745215103,0.560524365492,9.55213682216
8,same,7,decomposition,projection,truth,47927,24,18.9619371952,15.373,41.563,604.164,20.9153907877,2839.328,8.50473441549,3.30492684042,130.198083371,0,0.852766346594,2.13717421125,0,0,2.06263336382,37,55,16,28,0.426326017375,0,0.236854138089,0.671830942311,0.31715820759,10.9528082609,0.143127953056,0.434537418077,0.540361606462,8,1.27581542448,0.865245389422,10.8087181832
8,same,7,decomposition,projection,family,47927,24,13.3110472456,11.257,29.424,604.164,14.6251707173,2839.328,5.27403373991,1.91198792288,99.884751532,0,0.46912202381,1.11402529762,0,0,1.24802051941,27,55,12,28,0.290375383451,0,0.162853422619,0.814008292473,0.540705220069,4.85161955839,0.0563446502495,0.354620362722,0.421161719174,8,0.731745215103,0.560524365492,9.55213682216
8,same,7,fixed_hit,feasibility,truth,47927,24,7.12255305975,6.81,11.457,117.238,7.99271784344,2418.24,1.48113854595,0.481138545953,48.3841449474,0.359205913733,0,0,0.635954884926,0.276748971193,0,3,7,2,6,0.229138088706,0.359205913733,0,0.671830942311,0.31715820759,10.9528082609,0.143127953056,0.434537418077,0.540361606462,8,1.27581542448,0.865245389422,10.8087181832
8,same,7,fixed_hit,feasibility,family,47927,24,6.53254623311,6.22,10.646,117.238,7.25262018561,2418.24,1.38093216937,0.380932169374,47.0612549151,0.231816354346,0,0,0.443738238342,0.211921883996,0,3,7,2,6,0.172242022985,0.231816354346,0,0.814008292473,0.540705220069,4.85161955839,0.0563446502495,0.354620362722,0.421161719174,8,0.731745215103,0.560524365492,9.55213682216
8,same,7,fixed_hit,projection,truth,47927,24,19.1770609377,15.414,44.948,189.607,22.0727928447,4723.409,5.74368427069,1.96008611492,139.268985292,1.71959304984,0,0,2.83910608139,1.11951303155,2.78359815577,24,42,14,30,0.229138088706,0.359205913733,0,0.671830942311,0.31715820759,10.9528082609,0.143127953056,0.434537418077,0.540361606462,8,1.27581542448,0.865245389422,10.8087181832
8,same,7,fixed_hit,projection,family,47927,24,13.5364960345,10.947,31.097,189.607,15.2774304363,4723.409,3.91009026863,1.28995864057,105.852108739,0.894648382911,0,0,1.59943236922,0.704783986314,1.62013162806,18,42,10,30,0.172242022985,0.231816354346,0,0.814008292473,0.540705220069,4.85161955839,0.0563446502495,0.354620362722,0.421161719174,8,0.731745215103,0.560524365492,9.55213682216
8,same,7,both,feasibility,truth,47927,24,7.27165412094,7.02,11.497,201.314,8.14354690913,1139.555,1.87101813748,0.481138545953,47.0757696997,0.479919219631,0.139384240207,0.389879591526,0.896052431032,0.416133211401,0,7,11,2,6,0.229138088706,0.359205913733,0.139384240207,0.671830942311,0.31715820759,10.9528082609,0.143127953056,0.434537418077,0.540361606462,8,1.27581542448,0.865245389422,10.8087181832
8,same,7,both,feasibility,family,47927,24,6.58720761299,6.42,10.606,201.314,7.33065652634,1139.555,1.66032205033,0.380932169374,45.9182582633,0.28706189006,0.10388764881,0.279389880952,0.602871422866,0.315809532805,0,6,11,2,6,0.172242022985,0.231816354346,0.10388764881,0.814008292473,0.540705220069,4.85161955839,0.0563446502495,0.354620362722,0.421161719174,8,0.731745215103,0.560524365492,9.55213682216
8,same,7,both,projection,truth,47927,24,19.5847824074,15.404,49.395,201.656,21.6473279194,1474.872,7.31356691053,1.96008611492,133.12765775,2.01588934614,0.628334095412,1.56988263984,3.7637364731,1.74784712696,2.78359815577,36,61,14,30,0.229138088706,0.359205913733,0.139384240207,0.671830942311,0.31715820759,10.9528082609,0.143127953056,0.434537418077,0.540361606462,8,1.27581542448,0.865245389422,10.8087181832
8,same,7,both,projection,family,47927,24,13.7144525314,10.927,32.329,201.656,15.1890317887,1474.872,4.82778000077,1.28995864057,101.730038427,1.00606951386,0.386253720238,0.917689732143,2.09710722042,1.09103770655,1.62013162806,29,61,10,30,0.172242022985,0.231816354346,0.10388764881,0.814008292473,0.540705220069,4.85161955839,0.0563446502495,0.354620362722,0.421161719174,8,0.731745215103,0.560524365492,9.55213682216
8,split,7,search,feasibility,truth,62715,24,7.03748416781,6.76,11.006,117.418,7.99038120142,4887.356,1.83528616065,0.835286160646,51.0558318092,0,0,0,0,0,0,5,8,4,7,0.316996265813,0,0,0.765101070721,0.478280749886,8.01284103033,0.10866293248,0.292104862064,0.29502934004,8,0.809356424326,0.710076588935,9.96902149063
8,split,7,search,feasibility,family,62715,24,6.43816546037,6.119,9.564,117.418,7.33147416017,4887.356,1.62894567111,0.628945671114,47.9676302866,0,0,0,0,0,0,5,8,4,7,0.235642418347,0,0,0.850881380195,0.630836721847,4.19085449215,0.0544860046398,0.290222972947,0.291290883935,8,0.519503117678,0.493919514377,9.23815971909
8,split,7,search,projection,truth,62715,24,14.8821994456,12.178,37.236,387.346,16.6052680232,4710.39,4.94773090992,2.52656797744,115.637688615,0,0,0,0,0,1.42116293248,21,39,16,28,0.316996265813,0,0,0.765101070721,0.478280749886,8.01284103033,0.10866293248,0.292104862064,0.29502934004,8,0.809356424326,0.710076588935,9.96902149063
8,split,7,search,projection,family,62715,24,11.8919211226,10.526,28.012,387.346,13.3026684032,4710.39,3.64500335523,1.64692055577,96.4970746655,0,0,0,0,0,0.998082799461,18,39,12,28,0.235642418347,0,0,0.850881380195,0.630836721847,4.19085449215,0.0544860046398,0.290222972947,0.291290883935,8,0.519503117678,0.493919514377,9.23815971909
8,split,7,decomposition,feasibility,truth,62715,24,6.79530344079,6.6,9.584,459.966,7.86576937268,2157.465,2.42391594269,0.835286160646,46.3813157293,0,0.195549458924,0.588629782045,0,0,0,9,12,4,7,0.316996265813,0,0.195549458924,0.765101070721,0.478280749886,8.01284103033,0.10866293248,0.292104862064,0.29502934004,8,0.809356424326,0.710076588935,9.96902149063
8,split,7,decomposition,feasibility,family,62715,24,6.29306836099,6.089,8.943,459.966,7.12587813094,2157.465,2.04003111317,0.628945671114,44.6360235765,0,0.15280834603,0.41108544206,0,0,0,8,12,4,7,0.235642418347,0,0.15280834603,0.850881380195,0.630836721847,4.19085449215,0.0544860046398,0.290222972947,0.291290883935,8,0.519503117678,0.493919514377,9.23815971909
8,split,7,decomposition,projection,truth,62715,24,14.139388384,12.158,30.626,546.677,15.901904575,4985.265,6.7835791038,2.52656797744,101.110558604,0,0.702103337906,1.83584819387,0,0,1.42116293248,37,55,16,28,0.316996265813,0,0.195549458924,0.765101070721,0.478280749886,8.01284103033,0.10866293248,0.292104862064,0.29502934004,8,0.809356424326,0.710076588935,9.96902149063
8,split,7,decomposition,projection,family,62715,24,11.5148726213,10.526,24.858,546.677,13.068774263,4985.265,4.69693285826,1.64692055577,88.0206117826,0,0.438074126516,1.05192950303,0,0,0.998082799461,27,55,12,28,0.235642418347,0,0.15280834603,0.850881380195,0.630836721847,4.19085449215,0.0544860046398,0.290222972947,0.291290883935,8,0.519503117678,0.493919514377,9.23815971909
8,split,7,fixed_hit,feasibility,truth,62715,24,6.12278778959,5.819,9.013,110.377,6.85345059188,7385.447,1.2940386374,0.294038637403,43.9628010212,0.288999390337,0,0,0.437480948026,0.148481557689,0,3,7,2,6,0.124247447036,0.288999390337,0,0.765101070721,0.478280749886,8.01284103033,0.10866293248,0.292104862064,0.29502934004,8,0.809356424326,0.710076588935,9.96902149063
8,split,7,fixed_hit,feasibility,family,62715,24,5.94394917821,5.619,8.853,110.377,6.66372062338,7385.447,1.29089617306,0.29089617306,43.996807602,0.203967951361,0,0,0.349949993386,0.145982042024,0,3,7,2,6,0.116900478843,0.203967951361,0,0.850881380195,0.630836721847,4.19085449215,0.0544860046398,0.290222972947,0.291290883935,8,0.519503117678,0.493919514377,9.23815971909
8,split,7,fixed_hit,projection,truth,62715,24,14.1780452389,11.858,34.052,443.401,15.8059757659,2778.786,4.25814471879,1.28750381039,107.551335543,1.34234491693,0,0,1.98801630849,0.645671391556,1.9706409084,18,42,10,30,0.124247447036,0.288999390337,0,0.765101070721,0.478280749886,8.01284103033,0.10866293248,0.292104862064,0.29502934004,8,0.809356424326,0.710076588935,9.96902149063
8,split,7,fixed_hit,projection,family,62715,24,11.750978259,10.416,28.323,443.401,13.0922035947,2778.786,3.40299281273,1.06836638256,93.6827737404,0.807838023445,0,0,1.34266062165,0.534822598201,1.33462643018,18,42,10,30,0.116900478843,0.203967951361,0,0.850881380195,0.630836721847,4.19085449215,0.0544860046398,0.290222972947,0.291290883935,8,0.519503117678,0.493919514377,9.23815971909
8,split,7,both,feasibility,truth,62715,24,6.19238846022,5.939,9.114,123.777,6.92460106755,3856.257,1.60496684957,0.294038637403,42.9571997409,0.379534369761,0.0999085505258,0.310928212163,0.627924477976,0.248390108215,0,6,11,2,6,0.124247447036,0.288999390337,0.0999085505258,0.765101070721,0.478280749886,8.01284103033,0.10866293248,0.292104862064,0.29502934004,8,0.809356424326,0.710076588935,9.96902149063
8,split,7,both,feasibility,family,62715,24,5.99205199527,5.719,8.823,123.777,6.71997903625,3856.257,1.5494592398,0.29089617306,42.9601969679,0.254749201361,0.0934742417049,0.258563066743,0.494205485091,0.239456283729,0,6,11,2,6,0.116900478843,0.203967951361,0.0934742417049,0.850881380195,0.630836721847,4.19085449215,0.0544860046398,0.290222972947,0.291290883935,8,0.519503117678,0.493919514377,9.23815971909
8,split,7,both,projection,truth,62715,24,14.3599347851,11.868,34.001,415.959,16.1540043502,5195.954,5.53462696235,1.29725842097,102.749971422,1.58880124981,0.481100442006,1.27541533303,2.72045038866,1.13164913885,1.96195320835,29,61,10,30,0.124247447036,0.288999390337,0.0999085505258,0.765101070721,0.478280749886,8.01284103033,0.10866293248,0.292104862064,0.29502934004,8,0.809356424326,0.710076588935,9.96902149063
8,split,7,both,projection,family,62715,24,11.8465832295,10.426,31.438,415.959,13.3510092344,5195.954,4.25582066356,1.0700739725,89.9228128489,0.911705907874,0.353769417395,0.852721126457,1.80115171844,0.889445810568,1.33302556461,29,61,10,30,0.116900478843,0.203967951361,0.0934742417049,0.850881380195,0.630836721847,4.19085449215,0.0544860046398,0.290222972947,0.291290883935,8,0.519503117678,0.493919514377,9.23815971909
8,same,8,search,feasibility,truth,16654,6,9.1475955901,8.744,15.013,288.247,10.9856615099,2945.147,2.2941370726,1.2941370726,61.8402174465,0,0,0,0,0,0,6,9,5,8,0.458796931362,0,0,0.622266041762,0.287024335721,13.8341716202,0.125438195397,0.613117919016,0.739724635472,8,1.43542651019,0.981100442006,11.2163288117
8,same,8,search,feasibility,family,16654,6,7.68936547752,7.361,12.329,288.247,9.36156441616,2945.147,1.90601592088,0.906015920877,54.5298738696,0,0,0,0,0,0,6,9,5,8,0.307471922506,0,0,0.779451299379,0.524430885302,6.59145928047,0.0465316202904,0.484136208886,0.56298757499,8,0.823995137616,0.663144423189,9.82895649165
8,same,8,search,projection,truth,16654,6,23.3883224102,18.338,52.83,193.293,26.3572439415,3079.051,7.74046131179,4.31984453589,167.081263019,0,0,0,0,0,2.4206167759,27,45,20,32,0.458796931362,0,0,0.622266041762,0.287024335721,13.8341716202,0.125438195397,0.613117919016,0.739724635472,8,1.43542651019,0.981100442006,11.2163288117
8,same,8,search,projection,family,16654,6,15.9849955856,12.258,43.285,193.293,18.2664863198,3079.051,5.22167280806,2.71847300829,121.349405858,0,0,0,0,0,1.50319979977,23,45,16,32,0.307471922506,0,0,0.779451299379,0.524430885302,6.59145928047,0.0465316202904,0.484136208886,0.56298757499,8,0.823995137616,0.663144423189,9.82895649165
8,same,8,decomposition,feasibility,truth,16654,6,8.85945866992,8.322,14.792,81.664,10.4565077309,2152.758,3.06881572931,1.2941370726,55.4172128232,0,0.257277853986,0.774678656709,0,0,0,10,13,5,8,0.458796931362,0,0.257277853986,0.622266041762,0.287024335721,13.8341716202,0.125438195397,0.613117919016,0.739724635472,8,1.43542651019,0.981100442006,11.2163288117
8,same,8,decomposition,feasibility,family,16654,6,7.48055875026,7.201,11.658,81.664,8.80142177789,2152.758,2.43759144171,0.906015920877,50.1343660571,0,0.177897135417,0.531575520833,0,0,0,9,13,5,8,0.307471922506,0,0.177897135417,0.779451299379,0.524430885302,6.59145928047,0.0465316202904,0.484136208886,0.56298757499,8,0.823995137616,0.663144423189,9.82895649165
8,same,8,decomposition,projection,truth,16654,6,22.0384088046,18.298,48.784,174.765,24.6305589087,3072.481,10.5148351369,4.31984453589,143.170680282,0,1.04902707921,2.77437382513,0,0,2.4206167759,43,61,20,32,0.458796931362,0,0.257277853986,0.622266041762,0.287024335721,13.8341716202,0.125438195397,0.613117919016,0.739724635472,8,1.43542651019,0.981100442006,11.2163288117
8,same,8,decomposition,projection,family,16654,6,15.1593873321,12.248,36.124,174.765,17.0436242691,3072.481,6.8938733289,2.71847300829,107.343220963,0,0.642740885417,1.67220052083,0,0,1.50319979977,37,61,16,32,0.307471922506,0,0.177897135417,0.779451299379,0.524430885302,6.59145928047,0.0465316202904,0.484136208886,0.56298757499,8,0.823995137616,0.663144423189,9.82895649165
8,same,8,fixed_hit,feasibility,truth,16654,6,7.72868167962,7.281,12.348,67.963,8.53662652204,3114.614,1.65688665346,0.656886653457,51.0443021897,0.379591525682,0,0,0.74932683026,0.369735304578,0,5,9,4,8,0.282121627801,0.379591525682,0,0.622266041762,0.287024335721,13.8341716202,0.125438195397,0.613117919016,0.739724635472,8,1.43542651019,0.981100442006,11.2163288117
8,same,8,fixed_hit,feasibility,family,16654,6,6.98353684796,6.66,11.348,67.963,7.81446565586,3114.614,1.5105195615,0.510519561501,49.1044987923,0.248270268383,0,0,0.527350435944,0.279080167561,0,5,9,4,8,0.207104353647,0.248270268383,0,0.779451299379,0.524430885302,6.59145928047,0.0465316202904,0.484136208886,0.56298757499,8,0.823995137616,0.663144423189,9.82895649165
8,same,8,fixed_hit,projection,truth,16654,6,22.8264445969,17.237,55.524,124.068,26.2658460346,2136.774,7.24107097495,2.98610476045,158.30993751,2.00434385002,0,0,3.67946959305,1.67512574303,3.2549662145,25,45,16,32,0.282121627801,0.379591525682,0,0.622266041762,0.287024335721,13.8341716202,0.125438195397,0.613117919016,0.739724635472,8,1.43542651019,0.981100442006,11.2163288117
8,same,8,fixed_hit,projection,family,16654,6,15.721470563,11.758,40.04,124.068,17.8160399463,2136.774,4.96871106569,2.02942953519,117.574439701,1.09641420778,0,0,2.18991571267,1.09350150489,1.9392815305,24,45,14,32,0.207104353647,0.248270268383,0,0.779451299379,0.524430885302,6.59145928047,0.0465316202904,0.484136208886,0.56298757499,8,0.823995137616,0.663144423189,9.82895649165
8,same,8,both,feasibility,truth,16654,6,7.88257161002,7.551,12.529,76.696,8.63474350116,1415.822,2.18322918254,0.656886653457,49.251486054,0.560051821369,0.177005537774,0.526342529086,1.10679266372,0.546740842351,0,7,13,4,8,0.282121627801,0.379591525682,0.177005537774,0.622266041762,0.287024335721,13.8341716202,0.125438195397,0.613117919016,0.739724635472,8,1.43542651019,0.981100442006,11.2163288117
8,same,8,both,feasibility,family,16654,6,7.02999038048,6.881,11.207,76.696,7.78857904114,1415.822,1.90147008233,0.510519561501,47.5566472298,0.34462443505,0.12841796875,0.390950520833,0.752122571361,0.407498136311,0,7,13,4,8,0.207104353647,0.248270268383,0.12841796875,0.779451299379,0.524430885302,6.59145928047,0.0465316202904,0.484136208886,0.56298757499,8,0.823995137616,0.663144423189,9.82895649165
8,same,8,both,projection,truth,16654,6,23.2406427882,17.266,56.956,192.101,26.8174674677,3292.444,9.68907178784,2.98610476045,148.488263984,2.52133821064,0.927297668038,2.44800081288,5.1237616217,2.60242341107,3.2549662145,46,61,16,32,0.282121627801,0.379591525682,0.177005537774,0.622266041762,0.287024335721,13.8341716202,0.125438195397,0.613117919016,0.739724635472,8,1.43542651019,0.981100442006,11.2163288117
8,same,8,both,projection,family,16654,6,15.9634905127,11.738,47.181,192.101,18.1772638563,3292.444,6.58231783653,2.02942953519,110.435767826,1.35422670778,0.616048177083,1.61360677083,3.06377638975,1.70954968197,1.9392815305,36,61,14,32,0.207104353647,0.248270268383,0.12841796875,0.779451299379,0.524430885302,6.59145928047,0.0465316202904,0.484136208886,0.56298757499,8,0.823995137616,0.663144423189,9.82895649165
8,split,8,search,feasibility,truth,22730,6,7.82816090027,7.702,12.018,57.607,8.67956409931,2141.361,1.98178631306,0.981786313062,53.4392369049,0,0,0,0,0,0,6,9,5,8,0.33818523599,0,0,0.73430752426,0.458923944521,9.86221612559,0.0868007925621,0.400345475791,0.403012752121,8,0.891810191536,0.813316059544,10.2150078748
8,split,8,search,feasibility,family,22730,6,7.19532176781,6.871,11.127,57.607,7.93807696618,2141.361,1.78172417891,0.781724178915,50.1681467379,0,0,0,0,0,0,6,9,5,8,0.254073953318,0,0,0.822468005588,0.613231854093,5.70701086963,0.0446296296296,0.394763703251,0.395735925474,8,0.572770467384,0.59991018017,9.46585780715
8,split,8,search,projection,truth,22730,6,16.6322843825,12.619,45.629,235.177,18.1397317228,2073.97,5.86374028349,3.23017324595,126.239496012,0,0,0,0,0,1.63356703755,27,45,20,32,0.33818523599,0,0,0.73430752426,0.458923944521,9.86221612559,0.0868007925621,0.400345475791,0.403012752121,8,0.891810191536,0.813316059544,10.2150078748
8,split,8,search,projection,family,22730,6,13.4895949841,10.977,36.615,235.177,14.7778086808,2073.97,4.56453141336,2.35477917842,106.127832079,0,0,0,0,0,1.20975223494,23,45,16,32,0.254073953318,0,0,0.822468005588,0.613231854093,5.70701086963,0.0446296296296,0.394763703251,0.395735925474,8,0.572770467384,0.59991018017,9.46585780715
8,split,8,decomposition,feasibility,truth,22730,6,7.44777135091,7.362,10.175,134.073,8.34466978272,2075.04,2.67192501143,0.981786313062,47.8376517807,0,0.215007874816,0.690138698369,0,0,0,10,13,5,8,0.33818523599,0,0.215007874816,0.73430752426,0.458923944521,9.86221612559,0.0868007925621,0.400345475791,0.403012752121,8,0.891810191536,0.813316059544,10.2150078748
8,split,8,decomposition,feasibility,family,22730,6,6.91769457581,6.67,9.755,134.073,7.74689066447,2075.04,2.29761538262,0.781724178915,45.9115784509,0,0.170054976852,0.515891203704,0,0,0,9,13,5,8,0.254073953318,0,0.170054976852,0.822468005588,0.613231854093,5.70701086963,0.0446296296296,0.394763703251,0.395735925474,8,0.572770467384,0.59991018017,9.46585780715
8,split,8,decomposition,projection,truth,22730,6,15.5153934868,12.599,36.646,279.773,17.229877373,2112.127,8.21297566428,3.23017324595,107.215363512,0,0.836457857034,2.34923538079,0,0,1.63356703755,43,61,20,32,0.33818523599,0,0.215007874816,0.73430752426,0.458923944521,9.86221612559,0.0868007925621,0.400345475791,0.403012752121,8,0.891810191536,0.813316059544,10.2150078748
8,split,8,decomposition,projection,family,22730,6,12.820269464,10.977,30.887,279.773,14.1797886104,2112.127,6.1509125862,2.35477917842,93.1019331593,0,0.59983121142,1.58638117284,0,0,1.20975223494,37,61,16,32,0.254073953318,0,0.170054976852,0.822468005588,0.613231854093,5.70701086963,0.0446296296296,0.394763703251,0.395735925474,8,0.572770467384,0.59991018017,9.46585780715
8,split,8,fixed_hit,feasibility,truth,22730,6,6.76194317431,6.469,9.825,94.953,7.57853840031,3076.296,1.40037087842,0.400370878423,45.551592745,0.305949296347,0,0,0.507468373724,0.201519077376,0,3,9,2,8,0.155387898186,0.305949296347,0,0.73430752426,0.458923944521,9.86221612559,0.0868007925621,0.400345475791,0.403012752121,8,0.891810191536,0.813316059544,10.2150078748
8,split,8,fixed_hit,feasibility,family,22730,6,6.5761348716,6.199,9.635,94.953,7.26970573231,3076.296,1.39465037014,0.394650370144,45.543486305,0.219748060942,0,0,0.417559357125,0.197811296183,0,3,9,2,8,0.143760048755,0.219748060942,0,0.822468005588,0.613231854093,5.70701086963,0.0446296296296,0.394763703251,0.395735925474,8,0.572770467384,0.59991018017,9.46585780715
8,split,8,fixed_hit,projection,truth,22730,6,15.7798906163,12.408,42.845,90.717,17.2943556284,3508.951,5.15086622974,1.90674693898,117.34034446,1.51795966062,0,0,2.47297159986,0.955011939237,2.24411929076,24,45,14,32,0.155387898186,0.305949296347,0,0.73430752426,0.458923944521,9.86221612559,0.0868007925621,0.400345475791,0.403012752121,8,0.891810191536,0.813316059544,10.2150078748
8,split,8,fixed_hit,projection,family,22730,6,13.2565180778,10.807,36.074,90.717,14.5717095723,3508.951,4.28900756278,1.68877880889,102.603270221,0.985279649947,0,0,1.83022460995,0.844944959999,1.60022875389,24,45,14,32,0.143760048755,0.219748060942,0,0.822468005588,0.613231854093,5.70701086963,0.0446296296296,0.394763703251,0.395735925474,8,0.572770467384,0.59991018017,9.46585780715
8,split,8,both,feasibility,truth,22730,6,6.83258067876,6.791,9.905,55.093,7.54526127453,1680.664,1.82998018595,0.400370878423,44.1180714322,0.437636539145,0.128638926993,0.429609307524,0.767794543515,0.330158004369,0,7,13,2,8,0.155387898186,0.305949296347,0.128638926993,0.73430752426,0.458923944521,9.86221612559,0.0868007925621,0.400345475791,0.403012752121,8,0.891810191536,0.813316059544,10.2150078748
8,split,8,both,feasibility,family,22730,6,6.60432179274,6.37,9.545,55.093,7.28100154209,1680.664,1.76458992776,0.394650370144,44.0880535633,0.308289727608,0.11791248714,0.369939557613,0.624013510932,0.315723783323,0,7,13,2,8,0.143760048755,0.219748060942,0.11791248714,0.822468005588,0.613231854093,5.70701086963,0.0446296296296,0.394763703251,0.395735925474,8,0.572770467384,0.59991018017,9.46585780715
8,split,8,both,projection,truth,22730,6,16.1437744246,12.408,48.714,100.603,17.7932830361,3089.637,7.10199156633,1.91975308642,110.000812884,1.94533353655,0.678148656201,1.94970278921,3.58499720571,1.63966366916,2.2325356907,46,61,14,32,0.155387898186,0.305949296347,0.128638926993,0.73430752426,0.458923944521,9.86221612559,0.0868007925621,0.400345475791,0.403012752121,8,0.891810191536,0.813316059544,10.2150078748
8,split,8,both,projection,family,22730,6,13.4914252502,10.816,35.905,100.603,15.0246562647,3089.637,5.79587484673,1.69141255374,96.0720099333,1.22760218081,0.562596129115,1.5067026749,2.63646014235,1.40885796154,1.59775961809,36,61,14,32,0.143760048755,0.219748060942,0.11791248714,0.822468005588,0.613231854093,5.70701086963,0.0446296296296,0.394763703251,0.395735925474,8,0.572770467384,0.59991018017,9.46585780715
16,same,8,search,feasibility,truth,28417,6,9.672436341,7.421,22.844,749.465,10.6048338583,2403.097,1.05776558451,0.0577655845146,76.6287659402,0,0,0,0,0,0,2,3,1,2,0.0533709292283,0,0,0.914891657776,0.572168876696,2.21013056953,0.0653863740283,0,0.0113549763756,3,0.112203424275,0.0545902555505,8.78616064624
16,same,8,search,feasibility,family,28417,6,9.19963193667,7.331,21.483,749.465,10.1135747196,2403.097,1.01875756293,0.0187575629283,74.5823108766,0,0,0,0,0,0,1,3,0,2,0.0182206815698,0,0,0.952152437173,0.718985904425,1.55113335992,0.0274409490062,0,0.00299229381866,3,0.0373431503179,0.0185116209706,8.41811969316
16,same,8,search,projection,truth,28417,6,17.8587326627,11.868,48.223,304.591,20.1313819201,4456.756,1.8035106437,0.0719402530102,156.318294975,0,0,0,0,0,0.731570390692,4,8,1,4,0.0533709292283,0,0,0.914891657776,0.572168876696,2.21013056953,0.0653863740283,0,0.0113549763756,3,0.112203424275,0.0545902555505,8.78616064624
16,same,8,search,projection,family,28417,6,15.2015252868,11.717,34.051,304.591,16.9187905562,4456.756,1.42158600411,0.021977931921,138.096926741,0,0,0,0,0,0.399608072184,3,8,0,4,0.0182206815698,0,0,0.952152437173,0.718985904425,1.55113335992,0.0274409490062,0,0.00299229381866,3,0.0373431503179,0.0185116209706,8.41811969316
16,same,8,decomposition,feasibility,truth,28417,6,9.63789755119,7.421,22.804,66.14,10.7046609511,4077.926,1.059594574,0.0577655845146,76.586699182,0,0.000914494741655,0.00182898948331,0,0,0,2,5,1,2,0.0533709292283,0,0.000914494741655,0.914891657776,0.572168876696,2.21013056953,0.0653863740283,0,0.0113549763756,3,0.112203424275,0.0545902555505,8.78616064624
16,same,8,decomposition,feasibility,family,28417,6,9.16850971197,7.331,21.483,66.14,10.23057498,4077.926,1.01909349977,0.0187575629283,74.5745843291,0,0.000167968421937,0.000335936843873,0,0,0,1,5,0,2,0.0182206815698,0,0.000167968421937,0.952152437173,0.718985904425,1.55113335992,0.0274409490062,0,0.00299229381866,3,0.0373431503179,0.0185116209706,8.41811969316
16,same,8,decomposition,projection,truth,28417,6,17.7903061779,11.858,48.954,290.73,19.5301668191,3543.494,1.80533963319,0.0719402530102,156.276228217,0,0.000914494741655,0.00182898948331,0,0,0.731570390692,4,9,1,4,0.0533709292283,0,0.000914494741655,0.914891657776,0.572168876696,2.21013056953,0.0653863740283,0,0.0113549763756,3,0.112203424275,0.0545902555505,8.78616064624
16,same,8,decomposition,projection,family,28417,6,15.1977259059,11.728,34.022,290.73,16.7009672572,3543.494,1.42192194095,0.021977931921,138.089200193,0,0.000167968421937,0.000335936843873,0,0,0.399608072184,3,9,0,4,0.0182206815698,0,0.000167968421937,0.952152437173,0.718985904425,1.55113335992,0.0274409490062,0,0.00299229381866,3,0.0373431503179,0.0185116209706,8.41811969316
16,same,8,fixed_hit,feasibility,truth,28417,6,9.35150063507,7.171,22.374,77.107,10.2394213704,2061.961,1.00871310268,0.00871310267744,73.8556876492,0.0495097292079,0,0,0.0582228318854,0.00871310267744,0,1,3,0,2,0.00830666057004,0.0495097292079,0,0.914891657776,0.572168876696,2.21013056953,0.0653863740283,0,0.0113549763756,3,0.112203424275,0.0545902555505,8.78616064624
16,same,8,fixed_hit,feasibility,family,28417,6,9.08821116437,7.161,21.322,77.107,9.96140280295,2061.961,1.00204951631,0.00204951631415,73.7898472586,0.0168270104762,0,0,0.0188765267904,0.00204951631415,0,1,3,0,2,0.00196753566158,0.0168270104762,0,0.952152437173,0.718985904425,1.55113335992,0.0274409490062,0,0.00299229381866,3,0.0373431503179,0.0185116209706,8.41811969316
16,same,8,fixed_hit,projection,truth,28417,6,17.6291278514,11.938,47.762,204.539,19.2755371386,2112.989,1.76909007773,0.010338871107,154.730173246,0.0577909871463,0,0,0.0681298582533,0.010338871107,0.758751206625,4,7,0,3,0.00830666057004,0.0495097292079,0,0.914891657776,0.572168876696,2.21013056953,0.0653863740283,0,0.0113549763756,3,0.112203424275,0.0545902555505,8.78616064624
16,same,8,fixed_hit,projection,family,28417,6,15.1626312987,11.798,34.011,204.539,16.6019154461,2112.989,1.41424545797,0.00229545827185,137.845776493,0.018285714597,0,0,0.0205811728688,0.00229545827185,0.411949999693,3,7,0,3,0.00196753566158,0.0168270104762,0,0.952152437173,0.718985904425,1.55113335992,0.0274409490062,0,0.00299229381866,3,0.0373431503179,0.0185116209706,8.41811969316
16,same,8,both,feasibility,truth,28417,6,9.35090750902,7.161,22.354,101.303,10.2851160223,6883.499,1.00871310268,0.00871310267744,73.8556876492,0.0495097292079,0,0,0.0582228318854,0.00871310267744,0,1,3,0,2,0.00830666057004,0.0495097292079,0,0.914891657776,0.572168876696,2.21013056953,0.0653863740283,0,0.0113549763756,3,0.112203424275,0.0545902555505,8.78616064624
16,same,8,both,feasibility,family,28417,6,9.09456172016,7.161,21.322,101.303,10.0414536735,6883.499,1.00204951631,0.00204951631415,73.7898472586,0.0168270104762,0,0,0.0188765267904,0.00204951631415,0,1,3,0,2,0.00196753566158,0.0168270104762,0,0.952152437173,0.718985904425,1.55113335992,0.0274409490062,0,0.00299229381866,3,0.0373431503179,0.0185116209706,8.41811969316
16,same,8,both,projection,truth,28417,6,17.6319743687,11.948,47.962,134.393,19.5005440312,5083.014,1.76909007773,0.010338871107,154.730173246,0.0577909871463,0,0,0.0681298582533,0.010338871107,0.758751206625,4,7,0,3,0.00830666057004,0.0495097292079,0,0.914891657776,0.572168876696,2.21013056953,0.0653863740283,0,0.0113549763756,3,0.112203424275,0.0545902555505,8.78616064624
16,same,8,both,projection,family,28417,6,15.166247294,11.798,34.001,134.393,16.7879428348,5083.014,1.41424545797,0.00229545827185,137.845776493,0.018285714597,0,0,0.0205811728688,0.00229545827185,0.411949999693,3,7,0,3,0.00196753566158,0.0168270104762,0,0.952152437173,0.718985904425,1.55113335992,0.0274409490062,0,0.00299229381866,3,0.0373431503179,0.0185116209706,8.41811969316
16,split,8,search,feasibility,truth,30708,6,8.50180734644,7.151,18.808,309.058,9.5328716405,2018.808,1.01397144744,0.013971447442,71.2902504699,0,0,0,0,0,0,1,3,0,2,0.0137428237565,0,0,0.933991261495,0.65277142712,1.86948127826,0.0521262002743,0,0,2,0.0274856475131,0.013971447442,8.580907382
16,split,8,search,feasibility,family,30708,6,8.44464777037,7.091,18.788,309.058,9.43154507124,2018.808,1.00562892548,0.00562892547917,71.1530315195,0,0,0,0,0,0,1,3,0,2,0.00559066407727,0,0,0.960075570712,0.760926950572,1.45080538864,0.0242604809534,0,0,2,0.0111813281545,0.00562892547917,8.34390419504
16,split,8,search,projection,truth,30708,6,14.6601577757,11.487,31.237,101.313,16.2460982404,2256.175,1.58532743992,0.01839150536,137.470304324,0,0,0,0,0,0.566935934563,3,7,0,4,0.0137428237565,0,0,0.933991261495,0.65277142712,1.86948127826,0.0521262002743,0,0,2,0.0274856475131,0.013971447442,8.580907382
16,split,8,search,projection,family,30708,6,13.8012465438,11.397,30.046,101.313,15.2876155262,2256.175,1.34497551429,0.00670024473231,130.090248603,0,0,0,0,0,0.338275269557,3,7,0,4,0.00559066407727,0,0,0.960075570712,0.760926950572,1.45080538864,0.0242604809534,0,0,2,0.0111813281545,0.00562892547917,8.34390419504
16,split,8,decomposition,feasibility,truth,30708,6,8.49139930397,7.15,18.789,93.631,9.50037022642,2112.259,1.01442869481,0.013971447442,71.2797337804,0,0.000228623685414,0.000457247370828,0,0,0,1,5,0,2,0.0137428237565,0,0.000228623685414,0.933991261495,0.65277142712,1.86948127826,0.0521262002743,0,0,2,0.0274856475131,0.013971447442,8.580907382
16,split,8,decomposition,feasibility,family,30708,6,8.44037973916,7.101,18.769,93.631,9.39769488569,2112.259,1.00570544828,0.00562892547917,71.1512714951,0,3.82614018978e-05,7.65228037955e-05,0,0,0,1,5,0,2,0.00559066407727,0,3.82614018978e-05,0.960075570712,0.760926950572,1.45080538864,0.0242604809534,0,0,2,0.0111813281545,0.00562892547917,8.34390419504
16,split,8,decomposition,projection,truth,30708,6,14.7476668953,11.498,31.307,220.915,16.2641997409,2078.145,1.58578468729,0.01839150536,137.459787634,0,0.000228623685414,0.000457247370828,0,0,0.566935934563,3,9,0,4,0.0137428237565,0,0.000228623685414,0.933991261495,0.65277142712,1.86948127826,0.0521262002743,0,0,2,0.0274856475131,0.013971447442,8.580907382
16,split,8,decomposition,projection,family,30708,6,13.8522308241,11.397,30.076,220.915,15.3028694293,2078.145,1.34505203709,0.00670024473231,130.088488578,0,3.82614018978e-05,7.65228037955e-05,0,0,0.338275269557,3,9,0,4,0.00559066407727,0,3.82614018978e-05,0.960075570712,0.760926950572,1.45080538864,0.0242604809534,0,0,2,0.0111813281545,0.00562892547917,8.34390419504
16,split,8,fixed_hit,feasibility,truth,30708,6,8.47612444749,6.99,18.779,501.099,9.58024335721,3564.94,1,0,70.8697099019,0.0137428237565,0,0,0.0137428237565,0,0,1,1,0,0,0,0.0137428237565,0,0.933991261495,0.65277142712,1.86948127826,0.0521262002743,0,0,2,0.0274856475131,0.013971447442,8.580907382
16,split,8,fixed_hit,feasibility,family,30708,6,8.45022130253,6.981,18.778,501.099,9.5220323157,3564.94,1,0,70.9864413498,0.00559066407727,0,0,0.00559066407727,0,0,1,1,0,0,0,0.00559066407727,0,0.960075570712,0.760926950572,1.45080538864,0.0242604809534,0,0,2,0.0111813281545,0.00562892547917,8.34390419504
16,split,8,fixed_hit,projection,truth,30708,6,14.6701964894,11.547,31.268,197.6,16.398152763,3615.196,1.57704618198,0,137.312503175,0.0149621500787,0,0,0.0149621500787,0,0.577046181984,3,5,0,0,0,0.0137428237565,0,0.933991261495,0.65277142712,1.86948127826,0.0521262002743,0,0,2,0.0274856475131,0.013971447442,8.580907382
16,split,8,fixed_hit,projection,family,30708,6,13.8125924859,11.437,30.056,197.6,15.4702273415,3615.196,1.34291498431,0,130.058353054,0.00582023248866,0,0,0.00582023248866,0,0.342914984312,3,5,0,0,0,0.00559066407727,0,0.960075570712,0.760926950572,1.45080538864,0.0242604809534,0,0,2,0.0111813281545,0.00562892547917,8.34390419504
16,split,8,both,feasibility,truth,30708,6,8.47439201341,6.991,18.789,208.545,9.45138390151,2026.6,1,0,70.8697099019,0.0137428237565,0,0,0.0137428237565,0,0,1,1,0,0,0,0.0137428237565,0,0.933991261495,0.65277142712,1.86948127826,0.0521262002743,0,0,2,0.0274856475131,0.013971447442,8.580907382
16,split,8,both,feasibility,family,30708,6,8.44569329491,6.991,18.779,208.545,9.39197558034,2026.6,1,0,70.9864413498,0.00559066407727,0,0,0.00559066407727,0,0,1,1,0,0,0,0.00559066407727,0,0.960075570712,0.760926950572,1.45080538864,0.0242604809534,0,0,2,0.0111813281545,0.00562892547917,8.34390419504
16,split,8,both,projection,truth,30708,6,14.6712864401,11.547,31.237,142.175,16.5529256296,3181.565,1.57704618198,0,137.312503175,0.0149621500787,0,0,0.0149621500787,0,0.577046181984,3,5,0,0,0,0.0137428237565,0,0.933991261495,0.65277142712,1.86948127826,0.0521262002743,0,0,2,0.0274856475131,0.013971447442,8.580907382
16,split,8,both,projection,family,30708,6,13.8217340023,11.447,30.016,142.175,15.6083025331,3181.565,1.34291498431,0,130.058353054,0.00582023248866,0,0,0.00582023248866,0,0.342914984312,3,5,0,0,0,0.00559066407727,0,0.960075570712,0.760926950572,1.45080538864,0.0242604809534,0,0,2,0.0111813281545,0.00562892547917,8.34390419504
