job,k,resolution,palette,operation,from_mode,to_mode,category,answer,measurements,branches_less,branches_equal,branches_more,branches_from_sum,branches_to_sum,nodes_less,nodes_equal,nodes_more,nodes_from_sum,nodes_to_sum,us_less,us_equal,us_more,us_from_sum,us_to_sum,trial_mean_us_less,trial_mean_us_equal,trial_mean_us_more,trial_mean_us_from_sum,trial_mean_us_to_sum
r8_m000_split,0,8,split,feasibility,search,decomposition,camera,SAT,886,0,886,0,87,87,0,874,12,973,1003,426,44,416,5270.852,5001.658,489,4,393,5782.621,5481.793
r8_m000_split,0,8,split,feasibility,search,decomposition,perturbation,SAT,17,0,17,0,6,6,0,16,1,23,26,10,0,7,81.743,81.235,8,0,9,138.66,84.09
r8_m000_split,0,8,split,feasibility,search,decomposition,perturbation,UNSAT,31,0,31,0,0,0,0,31,0,31,31,9,11,11,35.251,35.116,12,5,14,35.5326666667,39.5903333333
r8_m000_split,0,8,split,feasibility,search,fixed_hit,camera,SAT,886,67,819,0,87,0,67,819,0,973,886,451,43,392,5270.852,4760.828,479,10,397,5782.621,5115.31166667
r8_m000_split,0,8,split,feasibility,search,fixed_hit,perturbation,SAT,17,4,13,0,6,0,4,13,0,23,17,8,0,9,81.743,69.216,8,1,8,138.66,72.1943333333
r8_m000_split,0,8,split,feasibility,search,fixed_hit,perturbation,UNSAT,31,0,31,0,0,0,0,31,0,31,31,9,12,10,35.251,35.236,9,2,20,35.5326666667,35.848
r8_m000_split,0,8,split,feasibility,search,both,camera,SAT,886,67,819,0,87,0,67,819,0,973,886,440,38,408,5270.852,4763.616,453,3,430,5782.621,5148.69933333
r8_m000_split,0,8,split,feasibility,search,both,perturbation,SAT,17,4,13,0,6,0,4,13,0,23,17,10,0,7,81.743,68.656,9,0,8,138.66,76.951
r8_m000_split,0,8,split,feasibility,search,both,perturbation,UNSAT,31,0,31,0,0,0,0,31,0,31,31,13,9,9,35.251,35.165,12,0,19,35.5326666667,36.038
r8_m000_split,0,8,split,feasibility,fixed_hit,both,camera,SAT,886,0,886,0,0,0,0,886,0,886,886,431,33,422,4760.828,4763.616,472,5,409,5115.31166667,5148.69933333
r8_m000_split,0,8,split,feasibility,fixed_hit,both,perturbation,SAT,17,0,17,0,0,0,0,17,0,17,17,11,1,5,69.216,68.656,11,0,6,72.1943333333,76.951
r8_m000_split,0,8,split,feasibility,fixed_hit,both,perturbation,UNSAT,31,0,31,0,0,0,0,31,0,31,31,14,9,8,35.236,35.165,16,2,13,35.848,36.038
r8_m000_split,0,8,split,projection,search,decomposition,camera,SAT,886,0,886,0,167,167,0,874,12,1284,1354,437,28,421,8229.167,8216.917,481,3,402,9866.453,11548.1323333
r8_m000_split,0,8,split,projection,search,decomposition,perturbation,SAT,17,0,17,0,20,20,0,16,1,50,62,7,0,10,180.149,177.687,9,0,8,195.838666667,263.562
r8_m000_split,0,8,split,projection,search,decomposition,perturbation,UNSAT,31,0,31,0,0,0,0,31,0,0,0,9,6,16,35.223,35.266,14,3,14,35.5566666667,35.5326666667
r8_m000_split,0,8,split,projection,search,fixed_hit,camera,SAT,886,67,819,0,167,0,32,854,0,1284,1194,419,21,446,8229.167,8186.312,437,3,446,9866.453,10077.8583333
r8_m000_split,0,8,split,projection,search,fixed_hit,perturbation,SAT,17,4,13,0,20,0,3,14,0,50,35,9,0,8,180.149,158.49,10,0,7,195.838666667,161.662
r8_m000_split,0,8,split,projection,search,fixed_hit,perturbation,UNSAT,31,0,31,0,0,0,0,31,0,0,0,12,7,12,35.223,35.282,16,1,14,35.5566666667,35.7566666667
r8_m000_split,0,8,split,projection,search,both,camera,SAT,886,67,819,0,167,0,32,854,0,1284,1194,387,25,474,8229.167,8200.319,388,4,494,9866.453,9862.94066667
r8_m000_split,0,8,split,projection,search,both,perturbation,SAT,17,4,13,0,20,0,3,14,0,50,35,8,0,9,180.149,158.558,10,0,7,195.838666667,160.182
r8_m000_split,0,8,split,projection,search,both,perturbation,UNSAT,31,0,31,0,0,0,0,31,0,0,0,9,9,13,35.223,35.353,14,1,16,35.5566666667,35.7746666667
r8_m000_split,0,8,split,projection,fixed_hit,both,camera,SAT,886,0,886,0,0,0,0,886,0,1194,1194,433,10,443,8186.312,8200.319,463,5,418,10077.8583333,9862.94066667
r8_m000_split,0,8,split,projection,fixed_hit,both,perturbation,SAT,17,0,17,0,0,0,0,17,0,35,35,9,0,8,158.49,158.558,10,0,7,161.662,160.182
r8_m000_split,0,8,split,projection,fixed_hit,both,perturbation,UNSAT,31,0,31,0,0,0,0,31,0,0,0,10,8,13,35.282,35.353,16,2,13,35.7566666667,35.7746666667
r8_m000_split,0,8,split,query,search,decomposition,camera,SAT,112,0,112,0,20,20,0,112,0,132,132,62,2,48,554.23,554.106,62,2,48,554.23,554.106
r8_m000_split,0,8,split,query,search,decomposition,camera,UNSAT,200,0,200,0,0,0,0,200,0,200,200,94,41,65,131.718,131.16,94,41,65,131.718,131.16
r8_m000_split,0,8,split,query,search,decomposition,perturbation,SAT,160,0,160,0,65,65,0,145,15,225,258,113,0,47,837.252,746.054,113,0,47,837.252,746.054
r8_m000_split,0,8,split,query,search,decomposition,perturbation,UNSAT,992,0,992,0,0,0,0,992,0,992,992,383,304,305,1108.693,767.111,383,304,305,1108.693,767.111
r8_m000_split,0,8,split,query,search,fixed_hit,camera,SAT,112,20,92,0,20,0,20,92,0,132,112,67,0,45,554.23,2756.352,67,0,45,554.23,2756.352
r8_m000_split,0,8,split,query,search,fixed_hit,camera,UNSAT,200,0,200,0,0,0,0,200,0,200,200,85,30,85,131.718,136.342,85,30,85,131.718,136.342
r8_m000_split,0,8,split,query,search,fixed_hit,perturbation,SAT,160,43,117,0,65,0,43,117,0,225,160,108,1,51,837.252,651.908,108,1,51,837.252,651.908
r8_m000_split,0,8,split,query,search,fixed_hit,perturbation,UNSAT,992,0,992,0,0,0,0,992,0,992,992,368,288,336,1108.693,644.496,368,288,336,1108.693,644.496
r8_m000_split,0,8,split,query,search,both,camera,SAT,112,20,92,0,20,0,20,92,0,132,112,72,2,38,554.23,504.116,72,2,38,554.23,504.116
r8_m000_split,0,8,split,query,search,both,camera,UNSAT,200,0,200,0,0,0,0,200,0,200,200,90,35,75,131.718,130.326,90,35,75,131.718,130.326
r8_m000_split,0,8,split,query,search,both,perturbation,SAT,160,43,117,0,65,0,43,117,0,225,160,110,4,46,837.252,2168.795,110,4,46,837.252,2168.795
r8_m000_split,0,8,split,query,search,both,perturbation,UNSAT,992,0,992,0,0,0,0,992,0,992,992,348,304,340,1108.693,599.864,348,304,340,1108.693,599.864
r8_m000_split,0,8,split,query,fixed_hit,both,camera,SAT,112,0,112,0,0,0,0,112,0,112,112,70,2,40,2756.352,504.116,70,2,40,2756.352,504.116
r8_m000_split,0,8,split,query,fixed_hit,both,camera,UNSAT,200,0,200,0,0,0,0,200,0,200,200,103,40,57,136.342,130.326,103,40,57,136.342,130.326
r8_m000_split,0,8,split,query,fixed_hit,both,perturbation,SAT,160,0,160,0,0,0,0,160,0,160,160,68,4,88,651.908,2168.795,68,4,88,651.908,2168.795
r8_m000_split,0,8,split,query,fixed_hit,both,perturbation,UNSAT,992,0,992,0,0,0,0,992,0,992,992,319,318,355,644.496,599.864,319,318,355,644.496,599.864
r8_m000_same,0,8,same,feasibility,search,decomposition,camera,SAT,886,0,886,0,87,87,0,874,12,973,1003,423,68,395,4941.07,4948.482,464,6,416,5997.978,5800.12233333
r8_m000_same,0,8,same,feasibility,search,decomposition,perturbation,SAT,17,0,17,0,6,6,0,16,1,23,26,6,2,9,81.124,79.621,11,0,6,84.5806666667,80.8826666667
r8_m000_same,0,8,same,feasibility,search,decomposition,perturbation,UNSAT,31,0,31,0,0,0,0,31,0,31,31,7,11,13,35.305,36.63,16,1,14,37.062,37.7423333333
r8_m000_same,0,8,same,feasibility,search,fixed_hit,camera,SAT,886,67,819,0,87,0,67,819,0,973,886,435,66,385,4941.07,4732.221,492,5,389,5997.978,5420.755
r8_m000_same,0,8,same,feasibility,search,fixed_hit,perturbation,SAT,17,4,13,0,6,0,4,13,0,23,17,10,2,5,81.124,68.362,14,0,3,84.5806666667,69.633
r8_m000_same,0,8,same,feasibility,search,fixed_hit,perturbation,UNSAT,31,0,31,0,0,0,0,31,0,31,31,12,10,9,35.305,35.318,15,0,16,37.062,69.0083333333
r8_m000_same,0,8,same,feasibility,search,both,camera,SAT,886,67,819,0,87,0,67,819,0,973,886,461,46,379,4941.07,4734.88,455,11,420,5997.978,6272.22066667
r8_m000_same,0,8,same,feasibility,search,both,perturbation,SAT,17,4,13,0,6,0,4,13,0,23,17,10,0,7,81.124,68.554,10,0,7,84.5806666667,71.435
r8_m000_same,0,8,same,feasibility,search,both,perturbation,UNSAT,31,0,31,0,0,0,0,31,0,31,31,12,7,12,35.305,35.363,11,1,19,37.062,37.4116666667
r8_m000_same,0,8,same,feasibility,fixed_hit,both,camera,SAT,886,0,886,0,0,0,0,886,0,886,886,445,61,380,4732.221,4734.88,471,11,404,5420.755,6272.22066667
r8_m000_same,0,8,same,feasibility,fixed_hit,both,perturbation,SAT,17,0,17,0,0,0,0,17,0,17,17,9,1,7,68.362,68.554,9,0,8,69.633,71.435
r8_m000_same,0,8,same,feasibility,fixed_hit,both,perturbation,UNSAT,31,0,31,0,0,0,0,31,0,31,31,12,7,12,35.318,35.363,19,1,11,69.0083333333,37.4116666667
r8_m000_same,0,8,same,projection,search,decomposition,camera,SAT,886,0,886,0,167,167,0,874,12,1284,1354,444,32,410,8132.451,8112.642,482,1,403,9003.768,10419.5473333
r8_m000_same,0,8,same,projection,search,decomposition,perturbation,SAT,17,0,17,0,20,20,0,16,1,50,62,11,0,6,177.968,173.331,10,0,7,224.263,181.274333333
r8_m000_same,0,8,same,projection,search,decomposition,perturbation,UNSAT,31,0,31,0,0,0,0,31,0,0,0,10,8,13,35.144,35.975,19,2,10,35.7633333333,42.752
r8_m000_same,0,8,same,projection,search,fixed_hit,camera,SAT,886,67,819,0,167,0,32,854,0,1284,1194,417,40,429,8132.451,8139.323,459,5,422,9003.768,9571.692
r8_m000_same,0,8,same,projection,search,fixed_hit,perturbation,SAT,17,4,13,0,20,0,3,14,0,50,35,13,1,3,177.968,156.335,13,0,4,224.263,157.09
r8_m000_same,0,8,same,projection,search,fixed_hit,perturbation,UNSAT,31,0,31,0,0,0,0,31,0,0,0,8,12,11,35.144,35.155,17,1,13,35.7633333333,35.6163333333
r8_m000_same,0,8,same,projection,search,both,camera,SAT,886,67,819,0,167,0,32,854,0,1284,1194,421,24,441,8132.451,8228.549,413,6,467,9003.768,10650.6396667
r8_m000_same,0,8,same,projection,search,both,perturbation,SAT,17,4,13,0,20,0,3,14,0,50,35,11,0,6,177.968,159.862,10,0,7,224.263,165.45
r8_m000_same,0,8,same,projection,search,both,perturbation,UNSAT,31,0,31,0,0,0,0,31,0,0,0,8,12,11,35.144,35.183,15,1,15,35.7633333333,36.0073333333
r8_m000_same,0,8,same,projection,fixed_hit,both,camera,SAT,886,0,886,0,0,0,0,886,0,1194,1194,432,34,420,8139.323,8228.549,466,6,414,9571.692,10650.6396667
r8_m000_same,0,8,same,projection,fixed_hit,both,perturbation,SAT,17,0,17,0,0,0,0,17,0,35,35,6,2,9,156.335,159.862,9,0,8,157.09,165.45
r8_m000_same,0,8,same,projection,fixed_hit,both,perturbation,UNSAT,31,0,31,0,0,0,0,31,0,0,0,8,12,11,35.155,35.183,17,3,11,35.6163333333,36.0073333333
r8_m000_same,0,8,same,query,search,decomposition,camera,SAT,112,0,112,0,20,20,0,112,0,132,132,55,3,54,669.82,871.577,55,3,54,669.82,871.577
r8_m000_same,0,8,same,query,search,decomposition,camera,UNSAT,200,0,200,0,0,0,0,200,0,200,200,82,33,85,136.106,159.402,82,33,85,136.106,159.402
r8_m000_same,0,8,same,query,search,decomposition,perturbation,SAT,160,0,160,0,65,65,0,145,15,225,258,98,9,53,894.546,770.754,98,9,53,894.546,770.754
r8_m000_same,0,8,same,query,search,decomposition,perturbation,UNSAT,992,0,992,0,0,0,0,992,0,992,992,345,290,357,592.76,1075.977,345,290,357,592.76,1075.977
r8_m000_same,0,8,same,query,search,fixed_hit,camera,SAT,112,20,92,0,20,0,20,92,0,132,112,69,3,40,669.82,536.973,69,3,40,669.82,536.973
r8_m000_same,0,8,same,query,search,fixed_hit,camera,UNSAT,200,0,200,0,0,0,0,200,0,200,200,93,34,73,136.106,131.958,93,34,73,136.106,131.958
r8_m000_same,0,8,same,query,search,fixed_hit,perturbation,SAT,160,43,117,0,65,0,43,117,0,225,160,115,6,39,894.546,637.489,115,6,39,894.546,637.489
r8_m000_same,0,8,same,query,search,fixed_hit,perturbation,UNSAT,992,0,992,0,0,0,0,992,0,992,992,351,280,361,592.76,679.143,351,280,361,592.76,679.143
r8_m000_same,0,8,same,query,search,both,camera,SAT,112,20,92,0,20,0,20,92,0,132,112,67,3,42,669.82,8410.968,67,3,42,669.82,8410.968
r8_m000_same,0,8,same,query,search,both,camera,UNSAT,200,0,200,0,0,0,0,200,0,200,200,102,28,70,136.106,133.001,102,28,70,136.106,133.001
r8_m000_same,0,8,same,query,search,both,perturbation,SAT,160,43,117,0,65,0,43,117,0,225,160,111,4,45,894.546,878.71,111,4,45,894.546,878.71
r8_m000_same,0,8,same,query,search,both,perturbation,UNSAT,992,0,992,0,0,0,0,992,0,992,992,318,313,361,592.76,610.931,318,313,361,592.76,610.931
r8_m000_same,0,8,same,query,fixed_hit,both,camera,SAT,112,0,112,0,0,0,0,112,0,112,112,53,7,52,536.973,8410.968,53,7,52,536.973,8410.968
r8_m000_same,0,8,same,query,fixed_hit,both,camera,UNSAT,200,0,200,0,0,0,0,200,0,200,200,83,33,84,131.958,133.001,83,33,84,131.958,133.001
r8_m000_same,0,8,same,query,fixed_hit,both,perturbation,SAT,160,0,160,0,0,0,0,160,0,160,160,65,6,89,637.489,878.71,65,6,89,637.489,878.71
r8_m000_same,0,8,same,query,fixed_hit,both,perturbation,UNSAT,992,0,992,0,0,0,0,992,0,992,992,362,282,348,679.143,610.931,362,282,348,679.143,610.931
r16_m000_split,0,16,split,feasibility,search,decomposition,camera,SAT,1241,0,1241,0,3,3,0,1241,0,1244,1244,618,32,591,9882.037,9905.902,618,6,617,10925.398,11038.9513333
r16_m000_split,0,16,split,feasibility,search,decomposition,perturbation,SAT,12,0,12,0,0,0,0,12,0,12,12,4,1,7,76.496,77.368,4,0,8,133.395333333,86.0613333333
r16_m000_split,0,16,split,feasibility,search,decomposition,perturbation,UNSAT,36,0,36,0,0,0,0,36,0,36,36,17,4,15,61.377,61.483,22,2,12,63.9076666667,62.7413333333
r16_m000_split,0,16,split,feasibility,search,fixed_hit,camera,SAT,1241,3,1238,0,3,0,3,1238,0,1244,1241,616,35,590,9882.037,9969.237,614,7,620,10925.398,11186.186
r16_m000_split,0,16,split,feasibility,search,fixed_hit,perturbation,SAT,12,0,12,0,0,0,0,12,0,12,12,4,0,8,76.496,77.758,3,0,9,133.395333333,79.237
r16_m000_split,0,16,split,feasibility,search,fixed_hit,perturbation,UNSAT,36,0,36,0,0,0,0,36,0,36,36,17,10,9,61.377,61.382,20,2,14,63.9076666667,63.098
r16_m000_split,0,16,split,feasibility,search,both,camera,SAT,1241,3,1238,0,3,0,3,1238,0,1244,1241,579,43,619,9882.037,9867.588,558,7,676,10925.398,10795.7713333
r16_m000_split,0,16,split,feasibility,search,both,perturbation,SAT,12,0,12,0,0,0,0,12,0,12,12,3,1,8,76.496,77.128,5,0,7,133.395333333,77.5113333333
r16_m000_split,0,16,split,feasibility,search,both,perturbation,UNSAT,36,0,36,0,0,0,0,36,0,36,36,17,6,13,61.377,61.362,21,1,14,63.9076666667,62.0403333333
r16_m000_split,0,16,split,feasibility,fixed_hit,both,camera,SAT,1241,0,1241,0,0,0,0,1241,0,1241,1241,609,31,601,9969.237,9867.588,648,7,586,11186.186,10795.7713333
r16_m000_split,0,16,split,feasibility,fixed_hit,both,perturbation,SAT,12,0,12,0,0,0,0,12,0,12,12,7,0,5,77.758,77.128,9,0,3,79.237,77.5113333333
r16_m000_split,0,16,split,feasibility,fixed_hit,both,perturbation,UNSAT,36,0,36,0,0,0,0,36,0,36,36,12,7,17,61.382,61.362,18,2,16,63.098,62.0403333333
r16_m000_split,0,16,split,projection,search,decomposition,camera,SAT,1241,0,1241,0,3,3,0,1241,0,1465,1465,611,23,607,16652.235,16707.51,637,1,603,18181.2816667,19154.01
r16_m000_split,0,16,split,projection,search,decomposition,perturbation,SAT,12,0,12,0,0,0,0,12,0,16,16,9,0,3,147.333,192.972,5,0,7,157.854333333,216.087666667
r16_m000_split,0,16,split,projection,search,decomposition,perturbation,UNSAT,36,0,36,0,0,0,0,36,0,0,0,8,9,19,61.317,61.436,21,1,14,77.982,61.945
r16_m000_split,0,16,split,projection,search,fixed_hit,camera,SAT,1241,3,1238,0,3,0,0,1241,0,1465,1465,607,22,612,16652.235,16683.819,647,7,587,18181.2816667,18263.722
r16_m000_split,0,16,split,projection,search,fixed_hit,perturbation,SAT,12,0,12,0,0,0,0,12,0,16,16,6,0,6,147.333,150.427,5,0,7,157.854333333,154.463
r16_m000_split,0,16,split,projection,search,fixed_hit,perturbation,UNSAT,36,0,36,0,0,0,0,36,0,0,0,10,10,16,61.317,61.449,17,2,17,77.982,69.3776666667
r16_m000_split,0,16,split,projection,search,both,camera,SAT,1241,3,1238,0,3,0,0,1241,0,1465,1465,581,19,641,16652.235,16687.699,569,2,670,18181.2816667,18896.321
r16_m000_split,0,16,split,projection,search,both,perturbation,SAT,12,0,12,0,0,0,0,12,0,16,16,4,0,8,147.333,147.862,7,0,5,157.854333333,165.24
r16_m000_split,0,16,split,projection,search,both,perturbation,UNSAT,36,0,36,0,0,0,0,36,0,0,0,11,9,16,61.317,61.477,21,0,15,77.982,61.5406666667
r16_m000_split,0,16,split,projection,fixed_hit,both,camera,SAT,1241,0,1241,0,0,0,0,1241,0,1465,1465,596,16,629,16683.819,16687.699,623,3,615,18263.722,18896.321
r16_m000_split,0,16,split,projection,fixed_hit,both,perturbation,SAT,12,0,12,0,0,0,0,12,0,16,16,7,0,5,150.427,147.862,7,0,5,154.463,165.24
r16_m000_split,0,16,split,projection,fixed_hit,both,perturbation,UNSAT,36,0,36,0,0,0,0,36,0,0,0,13,5,18,61.449,61.477,19,1,16,69.3776666667,61.5406666667
r16_m000_split,0,16,split,query,search,decomposition,camera,SAT,132,0,132,0,0,0,0,132,0,132,132,67,2,63,1026.238,982.896,67,2,63,1026.238,982.896
r16_m000_split,0,16,split,query,search,decomposition,camera,UNSAT,252,0,252,0,0,0,0,252,0,252,252,99,51,102,188.822,187.688,99,51,102,188.822,187.688
r16_m000_split,0,16,split,query,search,decomposition,perturbation,SAT,100,0,100,0,0,0,0,100,0,100,100,32,1,67,637.276,681.002,32,1,67,637.276,681.002
r16_m000_split,0,16,split,query,search,decomposition,perturbation,UNSAT,1052,0,1052,0,0,0,0,1052,0,1052,1052,418,269,365,901.717,917.069,418,269,365,901.717,917.069
r16_m000_split,0,16,split,query,search,fixed_hit,camera,SAT,132,0,132,0,0,0,0,132,0,132,132,48,5,79,1026.238,1303.15,48,5,79,1026.238,1303.15
r16_m000_split,0,16,split,query,search,fixed_hit,camera,UNSAT,252,0,252,0,0,0,0,252,0,252,252,90,32,130,188.822,485.142,90,32,130,188.822,485.142
r16_m000_split,0,16,split,query,search,fixed_hit,perturbation,SAT,100,0,100,0,0,0,0,100,0,100,100,37,1,62,637.276,635.474,37,1,62,637.276,635.474
r16_m000_split,0,16,split,query,search,fixed_hit,perturbation,UNSAT,1052,0,1052,0,0,0,0,1052,0,1052,1052,415,253,384,901.717,833.596,415,253,384,901.717,833.596
r16_m000_split,0,16,split,query,search,both,camera,SAT,132,0,132,0,0,0,0,132,0,132,132,48,3,81,1026.238,2026.816,48,3,81,1026.238,2026.816
r16_m000_split,0,16,split,query,search,both,camera,UNSAT,252,0,252,0,0,0,0,252,0,252,252,77,28,147,188.822,195.134,77,28,147,188.822,195.134
r16_m000_split,0,16,split,query,search,both,perturbation,SAT,100,0,100,0,0,0,0,100,0,100,100,47,5,48,637.276,1085.724,47,5,48,637.276,1085.724
r16_m000_split,0,16,split,query,search,both,perturbation,UNSAT,1052,0,1052,0,0,0,0,1052,0,1052,1052,431,270,351,901.717,806.575,431,270,351,901.717,806.575
r16_m000_split,0,16,split,query,fixed_hit,both,camera,SAT,132,0,132,0,0,0,0,132,0,132,132,61,0,71,1303.15,2026.816,61,0,71,1303.15,2026.816
r16_m000_split,0,16,split,query,fixed_hit,both,camera,UNSAT,252,0,252,0,0,0,0,252,0,252,252,106,36,110,485.142,195.134,106,36,110,485.142,195.134
r16_m000_split,0,16,split,query,fixed_hit,both,perturbation,SAT,100,0,100,0,0,0,0,100,0,100,100,62,3,35,635.474,1085.724,62,3,35,635.474,1085.724
r16_m000_split,0,16,split,query,fixed_hit,both,perturbation,UNSAT,1052,0,1052,0,0,0,0,1052,0,1052,1052,428,290,334,833.596,806.575,428,290,334,833.596,806.575
r16_m000_same,0,16,same,feasibility,search,decomposition,camera,SAT,1241,0,1241,0,3,3,0,1241,0,1244,1244,581,71,589,9916.288,9874.598,671,10,560,11652.7103333,12079.816
r16_m000_same,0,16,same,feasibility,search,decomposition,perturbation,SAT,12,0,12,0,0,0,0,12,0,12,12,3,0,9,135.646,78.79,5,0,7,146.842,93.214
r16_m000_same,0,16,same,feasibility,search,decomposition,perturbation,UNSAT,36,0,36,0,0,0,0,36,0,36,36,15,10,11,63.376,62.549,25,2,9,88.1403333333,63.752
r16_m000_same,0,16,same,feasibility,search,fixed_hit,camera,SAT,1241,3,1238,0,3,0,3,1238,0,1244,1241,596,87,558,9916.288,9882.89,630,8,603,11652.7103333,11201.392
r16_m000_same,0,16,same,feasibility,search,fixed_hit,perturbation,SAT,12,0,12,0,0,0,0,12,0,12,12,5,1,6,135.646,80.842,5,0,7,146.842,87.3176666667
r16_m000_same,0,16,same,feasibility,search,fixed_hit,perturbation,UNSAT,36,0,36,0,0,0,0,36,0,36,36,13,11,12,63.376,62.275,24,0,12,88.1403333333,64.7646666667
r16_m000_same,0,16,same,feasibility,search,both,camera,SAT,1241,3,1238,0,3,0,3,1238,0,1244,1241,573,75,593,9916.288,9843.694,593,14,634,11652.7103333,11407.646
r16_m000_same,0,16,same,feasibility,search,both,perturbation,SAT,12,0,12,0,0,0,0,12,0,12,12,3,1,8,135.646,80.065,7,0,5,146.842,86.032
r16_m000_same,0,16,same,feasibility,search,both,perturbation,UNSAT,36,0,36,0,0,0,0,36,0,36,36,12,14,10,63.376,61.218,19,2,15,88.1403333333,115.935
r16_m000_same,0,16,same,feasibility,fixed_hit,both,camera,SAT,1241,0,1241,0,0,0,0,1241,0,1241,1241,587,73,581,9882.89,9843.694,651,15,575,11201.392,11407.646
r16_m000_same,0,16,same,feasibility,fixed_hit,both,perturbation,SAT,12,0,12,0,0,0,0,12,0,12,12,6,1,5,80.842,80.065,9,0,3,87.3176666667,86.032
r16_m000_same,0,16,same,feasibility,fixed_hit,both,perturbation,UNSAT,36,0,36,0,0,0,0,36,0,36,36,16,9,11,62.275,61.218,15,1,20,64.7646666667,115.935
r16_m000_same,0,16,same,projection,search,decomposition,camera,SAT,1241,0,1241,0,3,3,0,1241,0,1465,1465,588,39,614,16579.379,16605.819,631,5,605,19231.2986667,19029.844
r16_m000_same,0,16,same,projection,search,decomposition,perturbation,SAT,12,0,12,0,0,0,0,12,0,16,16,5,1,6,147.462,148.054,3,0,9,149.827,174.694
r16_m000_same,0,16,same,projection,search,decomposition,perturbation,UNSAT,36,0,36,0,0,0,0,36,0,0,0,17,8,11,63.218,63.284,23,1,12,122.326666667,94.866
r16_m000_same,0,16,same,projection,search,fixed_hit,camera,SAT,1241,3,1238,0,3,0,0,1241,0,1465,1465,573,49,619,16579.379,16776.908,585,4,652,19231.2986667,18357.134
r16_m000_same,0,16,same,projection,search,fixed_hit,perturbation,SAT,12,0,12,0,0,0,0,12,0,16,16,4,0,8,147.462,156.807,1,0,11,149.827,415.629333333
r16_m000_same,0,16,same,projection,search,fixed_hit,perturbation,UNSAT,36,0,36,0,0,0,0,36,0,0,0,22,3,11,63.218,62.769,21,1,14,122.326666667,64.9356666667
r16_m000_same,0,16,same,projection,search,both,camera,SAT,1241,3,1238,0,3,0,0,1241,0,1465,1465,567,49,625,16579.379,16630.949,566,7,668,19231.2986667,19249.901
r16_m000_same,0,16,same,projection,search,both,perturbation,SAT,12,0,12,0,0,0,0,12,0,16,16,5,0,7,147.462,147.334,3,0,9,149.827,150.311
r16_m000_same,0,16,same,projection,search,both,perturbation,UNSAT,36,0,36,0,0,0,0,36,0,0,0,21,6,9,63.218,61.901,19,1,16,122.326666667,74.7383333333
r16_m000_same,0,16,same,projection,fixed_hit,both,camera,SAT,1241,0,1241,0,0,0,0,1241,0,1465,1465,590,40,611,16776.908,16630.949,666,4,571,18357.134,19249.901
r16_m000_same,0,16,same,projection,fixed_hit,both,perturbation,SAT,12,0,12,0,0,0,0,12,0,16,16,8,0,4,156.807,147.334,11,0,1,415.629333333,150.311
r16_m000_same,0,16,same,projection,fixed_hit,both,perturbation,UNSAT,36,0,36,0,0,0,0,36,0,0,0,13,10,13,62.769,61.901,18,3,15,64.9356666667,74.7383333333
r16_m000_same,0,16,same,query,search,decomposition,camera,SAT,132,0,132,0,0,0,0,132,0,132,132,59,2,71,1182.23,984.568,59,2,71,1182.23,984.568
r16_m000_same,0,16,same,query,search,decomposition,camera,UNSAT,252,0,252,0,0,0,0,252,0,252,252,104,46,102,186.017,183.777,104,46,102,186.017,183.777
r16_m000_same,0,16,same,query,search,decomposition,perturbation,SAT,100,0,100,0,0,0,0,100,0,100,100,36,1,63,772.16,711.536,36,1,63,772.16,711.536
r16_m000_same,0,16,same,query,search,decomposition,perturbation,UNSAT,1052,0,1052,0,0,0,0,1052,0,1052,1052,336,302,414,875.23,888.48,336,302,414,875.23,888.48
r16_m000_same,0,16,same,query,search,fixed_hit,camera,SAT,132,0,132,0,0,0,0,132,0,132,132,43,5,84,1182.23,980.426,43,5,84,1182.23,980.426
r16_m000_same,0,16,same,query,search,fixed_hit,camera,UNSAT,252,0,252,0,0,0,0,252,0,252,252,79,47,126,186.017,189.665,79,47,126,186.017,189.665
r16_m000_same,0,16,same,query,search,fixed_hit,perturbation,SAT,100,0,100,0,0,0,0,100,0,100,100,36,3,61,772.16,649.614,36,3,61,772.16,649.614
r16_m000_same,0,16,same,query,search,fixed_hit,perturbation,UNSAT,1052,0,1052,0,0,0,0,1052,0,1052,1052,370,322,360,875.23,880.004,370,322,360,875.23,880.004
r16_m000_same,0,16,same,query,search,both,camera,SAT,132,0,132,0,0,0,0,132,0,132,132,42,5,85,1182.23,1001.727,42,5,85,1182.23,1001.727
r16_m000_same,0,16,same,query,search,both,camera,UNSAT,252,0,252,0,0,0,0,252,0,252,252,71,60,121,186.017,189.434,71,60,121,186.017,189.434
r16_m000_same,0,16,same,query,search,both,perturbation,SAT,100,0,100,0,0,0,0,100,0,100,100,48,5,47,772.16,665.059,48,5,47,772.16,665.059
r16_m000_same,0,16,same,query,search,both,perturbation,UNSAT,1052,0,1052,0,0,0,0,1052,0,1052,1052,373,300,379,875.23,901.986,373,300,379,875.23,901.986
r16_m000_same,0,16,same,query,fixed_hit,both,camera,SAT,132,0,132,0,0,0,0,132,0,132,132,64,2,66,980.426,1001.727,64,2,66,980.426,1001.727
r16_m000_same,0,16,same,query,fixed_hit,both,camera,UNSAT,252,0,252,0,0,0,0,252,0,252,252,111,42,99,189.665,189.434,111,42,99,189.665,189.434
r16_m000_same,0,16,same,query,fixed_hit,both,perturbation,SAT,100,0,100,0,0,0,0,100,0,100,100,63,3,34,649.614,665.059,63,3,34,649.614,665.059
r16_m000_same,0,16,same,query,fixed_hit,both,perturbation,UNSAT,1052,0,1052,0,0,0,0,1052,0,1052,1052,349,320,383,880.004,901.986,349,320,383,880.004,901.986
r8_m001_same,1,8,same,feasibility,search,decomposition,camera,SAT,1319,0,1319,0,136,136,0,1298,21,1455,1505,642,99,578,7479.861,7441.258,724,10,585,8233.91266667,8401.55633333
r8_m001_same,1,8,same,feasibility,search,decomposition,perturbation,SAT,14,0,14,0,6,6,0,12,2,20,24,9,0,5,63.257,61.812,8,0,6,65.008,62.3736666667
r8_m001_same,1,8,same,feasibility,search,decomposition,perturbation,UNSAT,34,0,34,0,0,0,0,34,0,34,34,10,12,12,42.507,42.464,15,2,17,43.2526666667,46.7386666667
r8_m001_same,1,8,same,feasibility,search,fixed_hit,camera,SAT,1319,105,1214,0,136,0,105,1214,0,1455,1319,688,94,537,7479.861,7186.452,711,16,592,8233.91266667,8060.72566667
r8_m001_same,1,8,same,feasibility,search,fixed_hit,perturbation,SAT,14,4,10,0,6,0,4,10,0,20,14,8,0,6,63.257,54.31,8,0,6,65.008,57.1516666667
r8_m001_same,1,8,same,feasibility,search,fixed_hit,perturbation,UNSAT,34,0,34,0,0,0,0,34,0,34,34,12,8,14,42.507,42.794,16,0,18,43.2526666667,57.2433333333
r8_m001_same,1,8,same,feasibility,search,both,camera,SAT,1319,105,1214,0,136,0,105,1214,0,1455,1319,681,88,550,7479.861,7182.626,700,13,606,8233.91266667,7486.721
r8_m001_same,1,8,same,feasibility,search,both,perturbation,SAT,14,4,10,0,6,0,4,10,0,20,14,9,1,4,63.257,54.865,10,0,4,65.008,56.874
r8_m001_same,1,8,same,feasibility,search,both,perturbation,UNSAT,34,0,34,0,0,0,0,34,0,34,34,14,9,11,42.507,42.483,18,1,15,43.2526666667,43.585
r8_m001_same,1,8,same,feasibility,fixed_hit,both,camera,SAT,1319,0,1319,0,0,0,0,1319,0,1319,1319,609,80,630,7186.452,7182.626,714,12,593,8060.72566667,7486.721
r8_m001_same,1,8,same,feasibility,fixed_hit,both,perturbation,SAT,14,0,14,0,0,0,0,14,0,14,14,7,2,5,54.31,54.865,8,0,6,57.1516666667,56.874
r8_m001_same,1,8,same,feasibility,fixed_hit,both,perturbation,UNSAT,34,0,34,0,0,0,0,34,0,34,34,14,14,6,42.794,42.483,21,3,10,57.2433333333,43.585
r8_m001_same,1,8,same,projection,search,decomposition,camera,SAT,1319,0,1319,0,253,253,0,1298,21,1949,2053,631,58,630,12361.499,12243,721,9,589,13856.2923333,13928.014
r8_m001_same,1,8,same,projection,search,decomposition,perturbation,SAT,14,0,14,0,12,12,0,12,2,37,43,8,0,6,116.587,114.646,8,0,6,117.381666667,120.024666667
r8_m001_same,1,8,same,projection,search,decomposition,perturbation,UNSAT,34,0,34,0,0,0,0,34,0,0,0,11,10,13,42.418,42.473,16,3,15,43.038,43.3613333333
r8_m001_same,1,8,same,projection,search,fixed_hit,camera,SAT,1319,105,1214,0,253,0,49,1270,0,1949,1818,635,49,635,12361.499,12225.04,666,7,646,13856.2923333,14133.233
r8_m001_same,1,8,same,projection,search,fixed_hit,perturbation,SAT,14,4,10,0,12,0,2,12,0,37,31,9,0,5,116.587,111.889,6,0,8,117.381666667,130.939333333
r8_m001_same,1,8,same,projection,search,fixed_hit,perturbation,UNSAT,34,0,34,0,0,0,0,34,0,0,0,11,12,11,42.418,42.474,19,1,14,43.038,42.848
r8_m001_same,1,8,same,projection,search,both,camera,SAT,1319,105,1214,0,253,0,49,1270,0,1949,1818,596,55,668,12361.499,12134.047,612,8,699,13856.2923333,14115.1493333
r8_m001_same,1,8,same,projection,search,both,perturbation,SAT,14,4,10,0,12,0,2,12,0,37,31,5,0,9,116.587,113.019,4,0,10,117.381666667,116.849666667
r8_m001_same,1,8,same,projection,search,both,perturbation,UNSAT,34,0,34,0,0,0,0,34,0,0,0,9,13,12,42.418,42.562,14,3,17,43.038,49.376
r8_m001_same,1,8,same,projection,fixed_hit,both,camera,SAT,1319,0,1319,0,0,0,0,1319,0,1818,1818,616,64,639,12225.04,12134.047,696,8,615,14133.233,14115.1493333
r8_m001_same,1,8,same,projection,fixed_hit,both,perturbation,SAT,14,0,14,0,0,0,0,14,0,31,31,5,1,8,111.889,113.019,7,0,7,130.939333333,116.849666667
r8_m001_same,1,8,same,projection,fixed_hit,both,perturbation,UNSAT,34,0,34,0,0,0,0,34,0,0,0,11,11,12,42.474,42.562,17,1,16,42.848,49.376
r8_m001_same,1,8,same,query,search,decomposition,camera,SAT,131,0,131,0,6,6,0,131,0,137,137,96,3,32,688.964,653.413,96,3,32,688.964,653.413
r8_m001_same,1,8,same,query,search,decomposition,camera,UNSAT,253,0,253,0,0,0,0,253,0,253,253,146,43,64,202.932,197.858,146,43,64,202.932,197.858
r8_m001_same,1,8,same,query,search,decomposition,perturbation,SAT,130,0,130,0,47,47,0,121,9,177,195,60,5,65,531.493,514.58,60,5,65,531.493,514.58
r8_m001_same,1,8,same,query,search,decomposition,perturbation,UNSAT,1022,0,1022,0,0,0,0,1022,0,1022,1022,318,298,406,684.741,682.797,318,298,406,684.741,682.797
r8_m001_same,1,8,same,query,search,fixed_hit,camera,SAT,131,6,125,0,6,0,6,125,0,137,131,86,2,43,688.964,645.705,86,2,43,688.964,645.705
r8_m001_same,1,8,same,query,search,fixed_hit,camera,UNSAT,253,0,253,0,0,0,0,253,0,253,253,135,36,82,202.932,370.614,135,36,82,202.932,370.614
r8_m001_same,1,8,same,query,search,fixed_hit,perturbation,SAT,130,38,92,0,47,0,38,92,0,177,130,57,5,68,531.493,508.771,57,5,68,531.493,508.771
r8_m001_same,1,8,same,query,search,fixed_hit,perturbation,UNSAT,1022,0,1022,0,0,0,0,1022,0,1022,1022,284,277,461,684.741,2836.679,284,277,461,684.741,2836.679
r8_m001_same,1,8,same,query,search,both,camera,SAT,131,6,125,0,6,0,6,125,0,137,131,79,0,52,688.964,719.39,79,0,52,688.964,719.39
r8_m001_same,1,8,same,query,search,both,camera,UNSAT,253,0,253,0,0,0,0,253,0,253,253,138,31,84,202.932,227.611,138,31,84,202.932,227.611
r8_m001_same,1,8,same,query,search,both,perturbation,SAT,130,38,92,0,47,0,38,92,0,177,130,56,4,70,531.493,509.029,56,4,70,531.493,509.029
r8_m001_same,1,8,same,query,search,both,perturbation,UNSAT,1022,0,1022,0,0,0,0,1022,0,1022,1022,272,336,414,684.741,680.83,272,336,414,684.741,680.83
r8_m001_same,1,8,same,query,fixed_hit,both,camera,SAT,131,0,131,0,0,0,0,131,0,131,131,48,3,80,645.705,719.39,48,3,80,645.705,719.39
r8_m001_same,1,8,same,query,fixed_hit,both,camera,UNSAT,253,0,253,0,0,0,0,253,0,253,253,111,46,96,370.614,227.611,111,46,96,370.614,227.611
r8_m001_same,1,8,same,query,fixed_hit,both,perturbation,SAT,130,0,130,0,0,0,0,130,0,130,130,71,1,58,508.771,509.029,71,1,58,508.771,509.029
r8_m001_same,1,8,same,query,fixed_hit,both,perturbation,UNSAT,1022,0,1022,0,0,0,0,1022,0,1022,1022,414,288,320,2836.679,680.83,414,288,320,2836.679,680.83
r8_m001_split,1,8,split,feasibility,search,decomposition,camera,SAT,1375,0,1375,0,135,135,0,1354,21,1510,1560,654,76,645,7889.593,7946.256,685,5,685,9434.09433333,9201.44166667
r8_m001_split,1,8,split,feasibility,search,decomposition,perturbation,SAT,14,0,14,0,6,6,0,12,2,20,24,9,0,5,63.897,63.145,7,0,7,65.159,63.636
r8_m001_split,1,8,split,feasibility,search,decomposition,perturbation,UNSAT,34,0,34,0,0,0,0,34,0,34,34,15,10,9,44.523,60.245,17,1,16,52.164,59.0333333333
r8_m001_split,1,8,split,feasibility,search,fixed_hit,camera,SAT,1375,104,1271,0,135,0,104,1271,0,1510,1375,689,73,613,7889.593,7641.331,735,10,630,9434.09433333,8517.594
r8_m001_split,1,8,split,feasibility,search,fixed_hit,perturbation,SAT,14,4,10,0,6,0,4,10,0,20,14,8,0,6,63.897,55.674,7,0,7,65.159,57.2866666667
r8_m001_split,1,8,split,feasibility,search,fixed_hit,perturbation,UNSAT,34,0,34,0,0,0,0,34,0,34,34,13,10,11,44.523,44.405,14,2,18,52.164,45.474
r8_m001_split,1,8,split,feasibility,search,both,camera,SAT,1375,104,1271,0,135,0,104,1271,0,1510,1375,697,67,611,7889.593,7661.964,708,11,656,9434.09433333,8894.86066667
r8_m001_split,1,8,split,feasibility,search,both,perturbation,SAT,14,4,10,0,6,0,4,10,0,20,14,10,0,4,63.897,55.514,9,0,5,65.159,57.417
r8_m001_split,1,8,split,feasibility,search,both,perturbation,UNSAT,34,0,34,0,0,0,0,34,0,34,34,11,10,13,44.523,46.185,14,2,18,52.164,95.0086666667
r8_m001_split,1,8,split,feasibility,fixed_hit,both,camera,SAT,1375,0,1375,0,0,0,0,1375,0,1375,1375,654,71,650,7641.331,7661.964,688,14,673,8517.594,8894.86066667
r8_m001_split,1,8,split,feasibility,fixed_hit,both,perturbation,SAT,14,0,14,0,0,0,0,14,0,14,14,9,0,5,55.674,55.514,8,0,6,57.2866666667,57.417
r8_m001_split,1,8,split,feasibility,fixed_hit,both,perturbation,UNSAT,34,0,34,0,0,0,0,34,0,34,34,12,8,14,44.405,46.185,13,3,18,45.474,95.0086666667
r8_m001_split,1,8,split,projection,search,decomposition,camera,SAT,1375,0,1375,0,249,249,0,1354,21,1970,2074,677,66,632,12664.798,12657.329,742,7,626,14239.711,14593.7046667
r8_m001_split,1,8,split,projection,search,decomposition,perturbation,SAT,14,0,14,0,12,12,0,12,2,37,43,10,0,4,115.817,114.193,10,0,4,117.932333333,114.847333333
r8_m001_split,1,8,split,projection,search,decomposition,perturbation,UNSAT,34,0,34,0,0,0,0,34,0,0,0,11,8,15,43.487,43.707,16,3,15,44.625,44.1836666667
r8_m001_split,1,8,split,projection,search,fixed_hit,camera,SAT,1375,104,1271,0,249,0,46,1329,0,1970,1842,642,51,682,12664.798,12559.868,671,9,695,14239.711,15005.905
r8_m001_split,1,8,split,projection,search,fixed_hit,perturbation,SAT,14,4,10,0,12,0,2,12,0,37,31,6,0,8,115.817,112.532,5,0,9,117.932333333,169.362333333
r8_m001_split,1,8,split,projection,search,fixed_hit,perturbation,UNSAT,34,0,34,0,0,0,0,34,0,0,0,14,10,10,43.487,43.346,16,2,16,44.625,46.249
r8_m001_split,1,8,split,projection,search,both,camera,SAT,1375,104,1271,0,249,0,46,1329,0,1970,1842,623,52,700,12664.798,12789.509,630,6,739,14239.711,14911.0336667
r8_m001_split,1,8,split,projection,search,both,perturbation,SAT,14,4,10,0,12,0,2,12,0,37,31,7,1,6,115.817,111.783,8,0,6,117.932333333,113.273666667
r8_m001_split,1,8,split,projection,search,both,perturbation,UNSAT,34,0,34,0,0,0,0,34,0,0,0,11,8,15,43.487,44.411,14,0,20,44.625,46.388
r8_m001_split,1,8,split,projection,fixed_hit,both,camera,SAT,1375,0,1375,0,0,0,0,1375,0,1842,1842,681,53,641,12559.868,12789.509,726,4,645,15005.905,14911.0336667
r8_m001_split,1,8,split,projection,fixed_hit,both,perturbation,SAT,14,0,14,0,0,0,0,14,0,31,31,7,0,7,112.532,111.783,8,0,6,169.362333333,113.273666667
r8_m001_split,1,8,split,projection,fixed_hit,both,perturbation,UNSAT,34,0,34,0,0,0,0,34,0,0,0,7,12,15,43.346,44.411,10,5,19,46.249,46.388
r8_m001_split,1,8,split,query,search,decomposition,camera,SAT,140,0,140,0,6,6,0,140,0,146,146,80,2,58,722.561,798.922,80,2,58,722.561,798.922
r8_m001_split,1,8,split,query,search,decomposition,camera,UNSAT,268,0,268,0,0,0,0,268,0,268,268,135,38,95,239.263,212.701,135,38,95,239.263,212.701
r8_m001_split,1,8,split,query,search,decomposition,perturbation,SAT,130,0,130,0,47,47,0,121,9,177,195,68,4,58,557.019,682.176,68,4,58,557.019,682.176
r8_m001_split,1,8,split,query,search,decomposition,perturbation,UNSAT,1022,0,1022,0,0,0,0,1022,0,1022,1022,382,265,375,725.02,777.443,382,265,375,725.02,777.443
r8_m001_split,1,8,split,query,search,fixed_hit,camera,SAT,140,6,134,0,6,0,6,134,0,146,140,86,4,50,722.561,744.644,86,4,50,722.561,744.644
r8_m001_split,1,8,split,query,search,fixed_hit,camera,UNSAT,268,0,268,0,0,0,0,268,0,268,268,140,35,93,239.263,214.684,140,35,93,239.263,214.684
r8_m001_split,1,8,split,query,search,fixed_hit,perturbation,SAT,130,38,92,0,47,0,38,92,0,177,130,57,3,70,557.019,680.765,57,3,70,557.019,680.765
r8_m001_split,1,8,split,query,search,fixed_hit,perturbation,UNSAT,1022,0,1022,0,0,0,0,1022,0,1022,1022,379,254,389,725.02,741.785,379,254,389,725.02,741.785
r8_m001_split,1,8,split,query,search,both,camera,SAT,140,6,134,0,6,0,6,134,0,146,140,74,3,63,722.561,751.207,74,3,63,722.561,751.207
r8_m001_split,1,8,split,query,search,both,camera,UNSAT,268,0,268,0,0,0,0,268,0,268,268,127,34,107,239.263,210.59,127,34,107,239.263,210.59
r8_m001_split,1,8,split,query,search,both,perturbation,SAT,130,38,92,0,47,0,38,92,0,177,130,66,5,59,557.019,471.794,66,5,59,557.019,471.794
r8_m001_split,1,8,split,query,search,both,perturbation,UNSAT,1022,0,1022,0,0,0,0,1022,0,1022,1022,345,286,391,725.02,806.856,345,286,391,725.02,806.856
r8_m001_split,1,8,split,query,fixed_hit,both,camera,SAT,140,0,140,0,0,0,0,140,0,140,140,72,6,62,744.644,751.207,72,6,62,744.644,751.207
r8_m001_split,1,8,split,query,fixed_hit,both,camera,UNSAT,268,0,268,0,0,0,0,268,0,268,268,104,41,123,214.684,210.59,104,41,123,214.684,210.59
r8_m001_split,1,8,split,query,fixed_hit,both,perturbation,SAT,130,0,130,0,0,0,0,130,0,130,130,66,3,61,680.765,471.794,66,3,61,680.765,471.794
r8_m001_split,1,8,split,query,fixed_hit,both,perturbation,UNSAT,1022,0,1022,0,0,0,0,1022,0,1022,1022,381,273,368,741.785,806.856,381,273,368,741.785,806.856
r8_m128_split,1,8,split,feasibility,search,decomposition,camera,SAT,1406,0,1406,0,126,126,0,1386,20,1532,1580,662,81,663,7660.084,7642.543,745,13,648,8476.85266667,8302.70266667
r8_m128_split,1,8,split,feasibility,search,decomposition,perturbation,SAT,17,0,17,0,10,10,0,15,2,27,32,12,0,5,94.302,91.428,10,1,6,100.525333333,93.9686666667
r8_m128_split,1,8,split,feasibility,search,decomposition,perturbation,UNSAT,31,0,31,0,0,0,0,31,0,31,31,10,10,11,40.633,40.821,16,3,12,41.728,43.1476666667
r8_m128_split,1,8,split,feasibility,search,fixed_hit,camera,SAT,1406,96,1310,0,126,0,96,1310,0,1532,1406,709,102,595,7660.084,7552.397,747,13,646,8476.85266667,8287.63766667
r8_m128_split,1,8,split,feasibility,search,fixed_hit,perturbation,SAT,17,6,11,0,10,0,6,11,0,27,17,10,2,5,94.302,71.879,11,0,6,100.525333333,73.6693333333
r8_m128_split,1,8,split,feasibility,search,fixed_hit,perturbation,UNSAT,31,0,31,0,0,0,0,31,0,31,31,9,11,11,40.633,40.941,13,1,17,41.728,42.5063333333
r8_m128_split,1,8,split,feasibility,search,both,camera,SAT,1406,96,1310,0,126,0,96,1310,0,1532,1406,680,103,623,7660.084,7396.978,717,17,672,8476.85266667,8270.56866667
r8_m128_split,1,8,split,feasibility,search,both,perturbation,SAT,17,6,11,0,10,0,6,11,0,27,17,13,0,4,94.302,71.421,12,0,5,100.525333333,73.6996666667
r8_m128_split,1,8,split,feasibility,search,both,perturbation,UNSAT,31,0,31,0,0,0,0,31,0,31,31,12,9,10,40.633,40.994,18,1,12,41.728,42.0506666667
r8_m128_split,1,8,split,feasibility,fixed_hit,both,camera,SAT,1406,0,1406,0,0,0,0,1406,0,1406,1406,637,122,647,7552.397,7396.978,744,11,651,8287.63766667,8270.56866667
r8_m128_split,1,8,split,feasibility,fixed_hit,both,perturbation,SAT,17,0,17,0,0,0,0,17,0,17,17,12,1,4,71.879,71.421,9,0,8,73.6693333333,73.6996666667
r8_m128_split,1,8,split,feasibility,fixed_hit,both,perturbation,UNSAT,31,0,31,0,0,0,0,31,0,31,31,11,9,11,40.941,40.994,20,1,10,42.5063333333,42.0506666667
r8_m128_split,1,8,split,projection,search,decomposition,camera,SAT,1406,0,1406,0,238,238,0,1386,20,1981,2081,695,47,664,12831.352,12834.524,770,4,632,14271.735,14087.4153333
r8_m128_split,1,8,split,projection,search,decomposition,perturbation,SAT,17,0,17,0,25,25,0,15,2,59,75,12,0,5,197.04,192.552,10,0,7,199.252,272.382333333
r8_m128_split,1,8,split,projection,search,decomposition,perturbation,UNSAT,31,0,31,0,0,0,0,31,0,0,0,12,9,10,40.842,40.85,19,3,9,76.2986666667,42.3253333333
r8_m128_split,1,8,split,projection,search,fixed_hit,camera,SAT,1406,96,1310,0,238,0,47,1359,0,1981,1851,684,42,680,12831.352,12713.871,707,3,696,14271.735,13763.1646667
r8_m128_split,1,8,split,projection,search,fixed_hit,perturbation,SAT,17,6,11,0,25,0,3,14,0,59,44,9,0,8,197.04,187.953,8,0,9,199.252,195.848666667
r8_m128_split,1,8,split,projection,search,fixed_hit,perturbation,UNSAT,31,0,31,0,0,0,0,31,0,0,0,12,11,8,40.842,41.374,18,2,11,76.2986666667,43.789
r8_m128_split,1,8,split,projection,search,both,camera,SAT,1406,96,1310,0,238,0,47,1359,0,1981,1851,662,70,674,12831.352,12851.817,641,12,753,14271.735,14263.1383333
r8_m128_split,1,8,split,projection,search,both,perturbation,SAT,17,6,11,0,25,0,3,14,0,59,44,11,0,6,197.04,186.212,7,1,9,199.252,196.816666667
r8_m128_split,1,8,split,projection,search,both,perturbation,UNSAT,31,0,31,0,0,0,0,31,0,0,0,12,10,9,40.842,40.835,18,3,10,76.2986666667,58.8406666667
r8_m128_split,1,8,split,projection,fixed_hit,both,camera,SAT,1406,0,1406,0,0,0,0,1406,0,1851,1851,666,54,686,12713.871,12851.817,752,11,643,13763.1646667,14263.1383333
r8_m128_split,1,8,split,projection,fixed_hit,both,perturbation,SAT,17,0,17,0,0,0,0,17,0,44,44,10,0,7,187.953,186.212,6,0,11,195.848666667,196.816666667
r8_m128_split,1,8,split,projection,fixed_hit,both,perturbation,UNSAT,31,0,31,0,0,0,0,31,0,0,0,9,12,10,41.374,40.835,17,1,13,43.789,58.8406666667
r8_m128_split,1,8,split,query,search,decomposition,camera,SAT,145,0,145,0,20,20,0,145,0,165,165,88,2,55,940.234,735.848,88,2,55,940.234,735.848
r8_m128_split,1,8,split,query,search,decomposition,camera,UNSAT,263,0,263,0,0,0,0,263,0,263,263,123,38,102,190.204,187.964,123,38,102,190.204,187.964
r8_m128_split,1,8,split,query,search,decomposition,perturbation,SAT,166,0,166,0,88,88,0,145,21,254,299,69,7,90,819.514,1132.018,69,7,90,819.514,1132.018
r8_m128_split,1,8,split,query,search,decomposition,perturbation,UNSAT,986,0,986,0,0,0,0,986,0,986,986,308,255,423,704.675,763.405,308,255,423,704.675,763.405
r8_m128_split,1,8,split,query,search,fixed_hit,camera,SAT,145,20,125,0,20,0,20,125,0,165,145,86,0,59,940.234,830.5,86,0,59,940.234,830.5
r8_m128_split,1,8,split,query,search,fixed_hit,camera,UNSAT,263,0,263,0,0,0,0,263,0,263,263,122,40,101,190.204,190.386,122,40,101,190.204,190.386
r8_m128_split,1,8,split,query,search,fixed_hit,perturbation,SAT,166,61,105,0,88,0,61,105,0,254,166,98,7,61,819.514,676.874,98,7,61,819.514,676.874
r8_m128_split,1,8,split,query,search,fixed_hit,perturbation,UNSAT,986,0,986,0,0,0,0,986,0,986,986,303,273,410,704.675,769.669,303,273,410,704.675,769.669
r8_m128_split,1,8,split,query,search,both,camera,SAT,145,20,125,0,20,0,20,125,0,165,145,88,6,51,940.234,731.38,88,6,51,940.234,731.38
r8_m128_split,1,8,split,query,search,both,camera,UNSAT,263,0,263,0,0,0,0,263,0,263,263,100,44,119,190.204,189.275,100,44,119,190.204,189.275
r8_m128_split,1,8,split,query,search,both,perturbation,SAT,166,61,105,0,88,0,61,105,0,254,166,94,7,65,819.514,686.967,94,7,65,819.514,686.967
r8_m128_split,1,8,split,query,search,both,perturbation,UNSAT,986,0,986,0,0,0,0,986,0,986,986,304,270,412,704.675,667.859,304,270,412,704.675,667.859
r8_m128_split,1,8,split,query,fixed_hit,both,camera,SAT,145,0,145,0,0,0,0,145,0,145,145,82,3,60,830.5,731.38,82,3,60,830.5,731.38
r8_m128_split,1,8,split,query,fixed_hit,both,camera,UNSAT,263,0,263,0,0,0,0,263,0,263,263,106,51,106,190.386,189.275,106,51,106,190.386,189.275
r8_m128_split,1,8,split,query,fixed_hit,both,perturbation,SAT,166,0,166,0,0,0,0,166,0,166,166,74,4,88,676.874,686.967,74,4,88,676.874,686.967
r8_m128_split,1,8,split,query,fixed_hit,both,perturbation,UNSAT,986,0,986,0,0,0,0,986,0,986,986,385,260,341,769.669,667.859,385,260,341,769.669,667.859
r8_m128_same,1,8,same,feasibility,search,decomposition,camera,SAT,1364,0,1364,0,136,136,0,1343,21,1500,1550,671,82,611,7703.169,7678.772,747,11,606,9968.179,10206.9603333
r8_m128_same,1,8,same,feasibility,search,decomposition,perturbation,SAT,17,0,17,0,10,10,0,15,2,27,32,11,0,6,95.514,93.342,8,0,9,122.495,97.7613333333
r8_m128_same,1,8,same,feasibility,search,decomposition,perturbation,UNSAT,31,0,31,0,0,0,0,31,0,31,31,13,7,11,42.093,43.186,17,0,14,43.0073333333,86.6326666667
r8_m128_same,1,8,same,feasibility,search,fixed_hit,camera,SAT,1364,105,1259,0,136,0,105,1259,0,1500,1364,725,73,566,7703.169,7433.251,720,12,632,9968.179,9736.08966667
r8_m128_same,1,8,same,feasibility,search,fixed_hit,perturbation,SAT,17,6,11,0,10,0,6,11,0,27,17,11,1,5,95.514,74.131,10,1,6,122.495,82.2743333333
r8_m128_same,1,8,same,feasibility,search,fixed_hit,perturbation,UNSAT,31,0,31,0,0,0,0,31,0,31,31,9,10,12,42.093,42.962,15,1,15,43.0073333333,43.1503333333
r8_m128_same,1,8,same,feasibility,search,both,camera,SAT,1364,105,1259,0,136,0,105,1259,0,1500,1364,707,79,578,7703.169,7441.557,730,13,621,9968.179,8880.68433333
r8_m128_same,1,8,same,feasibility,search,both,perturbation,SAT,17,6,11,0,10,0,6,11,0,27,17,10,3,4,95.514,75.194,12,0,5,122.495,76.6866666667
r8_m128_same,1,8,same,feasibility,search,both,perturbation,UNSAT,31,0,31,0,0,0,0,31,0,31,31,12,10,9,42.093,43.021,18,1,12,43.0073333333,43.8456666667
r8_m128_same,1,8,same,feasibility,fixed_hit,both,camera,SAT,1364,0,1364,0,0,0,0,1364,0,1364,1364,684,68,612,7433.251,7441.557,750,10,604,9736.08966667,8880.68433333
r8_m128_same,1,8,same,feasibility,fixed_hit,both,perturbation,SAT,17,0,17,0,0,0,0,17,0,17,17,10,1,6,74.131,75.194,12,0,5,82.2743333333,76.6866666667
r8_m128_same,1,8,same,feasibility,fixed_hit,both,perturbation,UNSAT,31,0,31,0,0,0,0,31,0,31,31,7,14,10,42.962,43.021,18,2,11,43.1503333333,43.8456666667
r8_m128_same,1,8,same,projection,search,decomposition,camera,SAT,1364,0,1364,0,251,251,0,1343,21,1964,2068,676,43,645,12474.051,12399.153,756,6,602,16904.7316667,16528.2953333
r8_m128_same,1,8,same,projection,search,decomposition,perturbation,SAT,17,0,17,0,26,26,0,15,2,60,76,10,0,7,198.98,193.532,10,0,7,289.408666667,200.096
r8_m128_same,1,8,same,projection,search,decomposition,perturbation,UNSAT,31,0,31,0,0,0,0,31,0,0,0,8,9,14,41.265,42.133,12,3,16,50.0746666667,42.4963333333
r8_m128_same,1,8,same,projection,search,fixed_hit,camera,SAT,1364,105,1259,0,251,0,47,1317,0,1964,1833,648,36,680,12474.051,12312.61,686,4,674,16904.7316667,18005.7626667
r8_m128_same,1,8,same,projection,search,fixed_hit,perturbation,SAT,17,6,11,0,26,0,4,13,0,60,44,11,2,4,198.98,198.73,11,1,5,289.408666667,310.913666667
r8_m128_same,1,8,same,projection,search,fixed_hit,perturbation,UNSAT,31,0,31,0,0,0,0,31,0,0,0,8,5,18,41.265,42.183,11,3,17,50.0746666667,41.963
r8_m128_same,1,8,same,projection,search,both,camera,SAT,1364,105,1259,0,251,0,47,1317,0,1964,1833,665,45,654,12474.051,12288.442,642,8,714,16904.7316667,13740.111
r8_m128_same,1,8,same,projection,search,both,perturbation,SAT,17,6,11,0,26,0,4,13,0,60,44,9,1,7,198.98,184.461,7,0,10,289.408666667,206.285666667
r8_m128_same,1,8,same,projection,search,both,perturbation,UNSAT,31,0,31,0,0,0,0,31,0,0,0,9,11,11,41.265,42.075,17,2,12,50.0746666667,42.2326666667
r8_m128_same,1,8,same,projection,fixed_hit,both,camera,SAT,1364,0,1364,0,0,0,0,1364,0,1833,1833,672,49,643,12312.61,12288.442,754,5,605,18005.7626667,13740.111
r8_m128_same,1,8,same,projection,fixed_hit,both,perturbation,SAT,17,0,17,0,0,0,0,17,0,44,44,10,0,7,198.73,184.461,10,0,7,310.913666667,206.285666667
r8_m128_same,1,8,same,projection,fixed_hit,both,perturbation,UNSAT,31,0,31,0,0,0,0,31,0,0,0,12,8,11,42.183,42.075,14,0,17,41.963,42.2326666667
r8_m128_same,1,8,same,query,search,decomposition,camera,SAT,141,0,141,0,12,12,0,141,0,153,153,84,3,54,723.596,717.882,84,3,54,723.596,717.882
r8_m128_same,1,8,same,query,search,decomposition,camera,UNSAT,267,0,267,0,0,0,0,267,0,267,267,121,41,105,222.984,219.754,121,41,105,222.984,219.754
r8_m128_same,1,8,same,query,search,decomposition,perturbation,SAT,167,0,167,0,91,91,0,146,21,258,303,102,3,62,3017.331,835.912,102,3,62,3017.331,835.912
r8_m128_same,1,8,same,query,search,decomposition,perturbation,UNSAT,985,0,985,0,0,0,0,985,0,985,985,403,215,367,732.723,717.976,403,215,367,732.723,717.976
r8_m128_same,1,8,same,query,search,fixed_hit,camera,SAT,141,12,129,0,12,0,12,129,0,153,141,73,4,64,723.596,861.733,73,4,64,723.596,861.733
r8_m128_same,1,8,same,query,search,fixed_hit,camera,UNSAT,267,0,267,0,0,0,0,267,0,267,267,116,35,116,222.984,228.818,116,35,116,222.984,228.818
r8_m128_same,1,8,same,query,search,fixed_hit,perturbation,SAT,167,64,103,0,91,0,64,103,0,258,167,113,2,52,3017.331,670.927,113,2,52,3017.331,670.927
r8_m128_same,1,8,same,query,search,fixed_hit,perturbation,UNSAT,985,0,985,0,0,0,0,985,0,985,985,377,218,390,732.723,741.255,377,218,390,732.723,741.255
r8_m128_same,1,8,same,query,search,both,camera,SAT,141,12,129,0,12,0,12,129,0,153,141,82,2,57,723.596,777.606,82,2,57,723.596,777.606
r8_m128_same,1,8,same,query,search,both,camera,UNSAT,267,0,267,0,0,0,0,267,0,267,267,114,41,112,222.984,206.405,114,41,112,222.984,206.405
r8_m128_same,1,8,same,query,search,both,perturbation,SAT,167,64,103,0,91,0,64,103,0,258,167,106,6,55,3017.331,750.537,106,6,55,3017.331,750.537
r8_m128_same,1,8,same,query,search,both,perturbation,UNSAT,985,0,985,0,0,0,0,985,0,985,985,369,210,406,732.723,713.66,369,210,406,732.723,713.66
r8_m128_same,1,8,same,query,fixed_hit,both,camera,SAT,141,0,141,0,0,0,0,141,0,141,141,86,3,52,861.733,777.606,86,3,52,861.733,777.606
r8_m128_same,1,8,same,query,fixed_hit,both,camera,UNSAT,267,0,267,0,0,0,0,267,0,267,267,114,46,107,228.818,206.405,114,46,107,228.818,206.405
r8_m128_same,1,8,same,query,fixed_hit,both,perturbation,SAT,167,0,167,0,0,0,0,167,0,167,167,72,4,91,670.927,750.537,72,4,91,670.927,750.537
r8_m128_same,1,8,same,query,fixed_hit,both,perturbation,UNSAT,985,0,985,0,0,0,0,985,0,985,985,380,252,353,741.255,713.66,380,252,353,741.255,713.66
r8_m002_same,1,8,same,feasibility,search,decomposition,camera,SAT,1315,0,1315,0,141,141,0,1294,21,1456,1506,632,85,598,7697.321,7592.22,707,9,599,8949.224,8579.28
r8_m002_same,1,8,same,feasibility,search,decomposition,perturbation,SAT,14,0,14,0,5,5,0,12,2,19,23,7,2,5,63.896,62.856,7,0,7,75.2966666667,64.9776666667
r8_m002_same,1,8,same,feasibility,search,decomposition,perturbation,UNSAT,34,0,34,0,0,0,0,34,0,34,34,9,13,12,39.842,39.777,18,2,14,40.4173333333,41.2833333333
r8_m002_same,1,8,same,feasibility,search,fixed_hit,camera,SAT,1315,110,1205,0,141,0,110,1205,0,1456,1315,677,73,565,7697.321,7315.678,708,15,592,8949.224,8210.23566667
r8_m002_same,1,8,same,feasibility,search,fixed_hit,perturbation,SAT,14,3,11,0,5,0,3,11,0,19,14,7,0,7,63.896,55.112,8,0,6,75.2966666667,104.106333333
r8_m002_same,1,8,same,feasibility,search,fixed_hit,perturbation,UNSAT,34,0,34,0,0,0,0,34,0,34,34,12,7,15,39.842,39.85,15,1,18,40.4173333333,40.522
r8_m002_same,1,8,same,feasibility,search,both,camera,SAT,1315,110,1205,0,141,0,110,1205,0,1456,1315,691,72,552,7697.321,7288.942,715,8,592,8949.224,9058.413
r8_m002_same,1,8,same,feasibility,search,both,perturbation,SAT,14,3,11,0,5,0,3,11,0,19,14,10,2,2,63.896,54.753,8,0,6,75.2966666667,57.4056666667
r8_m002_same,1,8,same,feasibility,search,both,perturbation,UNSAT,34,0,34,0,0,0,0,34,0,34,34,18,8,8,39.842,39.63,17,7,10,40.4173333333,40.805
r8_m002_same,1,8,same,feasibility,fixed_hit,both,camera,SAT,1315,0,1315,0,0,0,0,1315,0,1315,1315,663,75,577,7315.678,7288.942,723,7,585,8210.23566667,9058.413
r8_m002_same,1,8,same,feasibility,fixed_hit,both,perturbation,SAT,14,0,14,0,0,0,0,14,0,14,14,8,1,5,55.112,54.753,8,0,6,104.106333333,57.4056666667
r8_m002_same,1,8,same,feasibility,fixed_hit,both,perturbation,UNSAT,34,0,34,0,0,0,0,34,0,34,34,15,10,9,39.85,39.63,23,1,10,40.522,40.805
r8_m002_same,1,8,same,projection,search,decomposition,camera,SAT,1315,0,1315,0,254,254,0,1294,21,1955,2059,654,45,616,12701.968,12702.716,727,2,586,16519.4543333,15784.808
r8_m002_same,1,8,same,projection,search,decomposition,perturbation,SAT,14,0,14,0,9,9,0,12,2,34,38,7,0,7,122.048,121.295,7,1,6,129.557333333,123.664333333
r8_m002_same,1,8,same,projection,search,decomposition,perturbation,UNSAT,34,0,34,0,0,0,0,34,0,0,0,12,8,14,39.73,39.751,18,1,15,60.0256666667,40.124
r8_m002_same,1,8,same,projection,search,fixed_hit,camera,SAT,1315,110,1205,0,254,0,45,1268,2,1955,1830,644,44,627,12701.968,12659.573,663,7,645,16519.4543333,15963.752
r8_m002_same,1,8,same,projection,search,fixed_hit,perturbation,SAT,14,3,11,0,9,0,2,12,0,34,31,6,1,7,122.048,123.247,5,0,9,129.557333333,170.732333333
r8_m002_same,1,8,same,projection,search,fixed_hit,perturbation,UNSAT,34,0,34,0,0,0,0,34,0,0,0,15,5,14,39.73,39.742,17,0,17,60.0256666667,40.241
r8_m002_same,1,8,same,projection,search,both,camera,SAT,1315,110,1205,0,254,0,45,1268,2,1955,1830,606,41,668,12701.968,12638.064,618,6,691,16519.4543333,14958.445
r8_m002_same,1,8,same,projection,search,both,perturbation,SAT,14,3,11,0,9,0,2,12,0,34,31,6,0,8,122.048,122.675,5,0,9,129.557333333,124.578
r8_m002_same,1,8,same,projection,search,both,perturbation,UNSAT,34,0,34,0,0,0,0,34,0,0,0,15,8,11,39.73,39.684,17,2,15,60.0256666667,40.0886666667
r8_m002_same,1,8,same,projection,fixed_hit,both,camera,SAT,1315,0,1315,0,0,0,0,1315,0,1830,1830,649,43,623,12659.573,12638.064,693,9,613,15963.752,14958.445
r8_m002_same,1,8,same,projection,fixed_hit,both,perturbation,SAT,14,0,14,0,0,0,0,14,0,31,31,8,0,6,123.247,122.675,8,0,6,170.732333333,124.578
r8_m002_same,1,8,same,projection,fixed_hit,both,perturbation,UNSAT,34,0,34,0,0,0,0,34,0,0,0,14,9,11,39.742,39.684,19,0,15,40.241,40.0886666667
r8_m002_same,1,8,same,query,search,decomposition,camera,SAT,131,0,131,0,0,0,0,131,0,131,131,83,1,47,732.514,645.638,83,1,47,732.514,645.638
r8_m002_same,1,8,same,query,search,decomposition,camera,UNSAT,253,0,253,0,0,0,0,253,0,253,253,130,34,89,443.73,198.224,130,34,89,443.73,198.224
r8_m002_same,1,8,same,query,search,decomposition,perturbation,SAT,130,0,130,0,41,41,0,121,9,171,189,85,2,43,1675.77,546.093,85,2,43,1675.77,546.093
r8_m002_same,1,8,same,query,search,decomposition,perturbation,UNSAT,1022,0,1022,0,0,0,0,1022,0,1022,1022,370,274,378,664.573,969.418,370,274,378,664.573,969.418
r8_m002_same,1,8,same,query,search,fixed_hit,camera,SAT,131,0,131,0,0,0,0,131,0,131,131,84,0,47,732.514,642.796,84,0,47,732.514,642.796
r8_m002_same,1,8,same,query,search,fixed_hit,camera,UNSAT,253,0,253,0,0,0,0,253,0,253,253,135,38,80,443.73,193.805,135,38,80,443.73,193.805
r8_m002_same,1,8,same,query,search,fixed_hit,perturbation,SAT,130,32,98,0,41,0,32,98,0,171,130,80,4,46,1675.77,1621.397,80,4,46,1675.77,1621.397
r8_m002_same,1,8,same,query,search,fixed_hit,perturbation,UNSAT,1022,0,1022,0,0,0,0,1022,0,1022,1022,342,261,419,664.573,743.59,342,261,419,664.573,743.59
r8_m002_same,1,8,same,query,search,both,camera,SAT,131,0,131,0,0,0,0,131,0,131,131,68,2,61,732.514,725.339,68,2,61,732.514,725.339
r8_m002_same,1,8,same,query,search,both,camera,UNSAT,253,0,253,0,0,0,0,253,0,253,253,116,41,96,443.73,228.457,116,41,96,443.73,228.457
r8_m002_same,1,8,same,query,search,both,perturbation,SAT,130,32,98,0,41,0,32,98,0,171,130,89,2,39,1675.77,558.114,89,2,39,1675.77,558.114
r8_m002_same,1,8,same,query,search,both,perturbation,UNSAT,1022,0,1022,0,0,0,0,1022,0,1022,1022,361,300,361,664.573,743.51,361,300,361,664.573,743.51
r8_m002_same,1,8,same,query,fixed_hit,both,camera,SAT,131,0,131,0,0,0,0,131,0,131,131,70,2,59,642.796,725.339,70,2,59,642.796,725.339
r8_m002_same,1,8,same,query,fixed_hit,both,camera,UNSAT,253,0,253,0,0,0,0,253,0,253,253,104,45,104,193.805,228.457,104,45,104,193.805,228.457
r8_m002_same,1,8,same,query,fixed_hit,both,perturbation,SAT,130,0,130,0,0,0,0,130,0,130,130,70,5,55,1621.397,558.114,70,5,55,1621.397,558.114
r8_m002_same,1,8,same,query,fixed_hit,both,perturbation,UNSAT,1022,0,1022,0,0,0,0,1022,0,1022,1022,428,279,315,743.59,743.51,428,279,315,743.59,743.51
r8_m002_split,1,8,split,feasibility,search,decomposition,camera,SAT,1375,0,1375,0,135,135,0,1354,21,1510,1560,710,71,594,7858.116,7841.265,748,7,620,8599.455,8439.09666667
r8_m002_split,1,8,split,feasibility,search,decomposition,perturbation,SAT,14,0,14,0,5,5,0,12,2,19,23,6,1,7,63.025,63.133,9,0,5,71.5446666667,86.9353333333
r8_m002_split,1,8,split,feasibility,search,decomposition,perturbation,UNSAT,34,0,34,0,0,0,0,34,0,34,34,12,9,13,43.017,41.857,22,0,12,55.5173333333,42.166
r8_m002_split,1,8,split,feasibility,search,fixed_hit,camera,SAT,1375,104,1271,0,135,0,104,1271,0,1510,1375,733,54,588,7858.116,7591.778,749,4,622,8599.455,9331.76433333
r8_m002_split,1,8,split,feasibility,search,fixed_hit,perturbation,SAT,14,3,11,0,5,0,3,11,0,19,14,8,0,6,63.025,55.045,7,0,7,71.5446666667,56.844
r8_m002_split,1,8,split,feasibility,search,fixed_hit,perturbation,UNSAT,34,0,34,0,0,0,0,34,0,34,34,13,10,11,43.017,41.552,17,2,15,55.5173333333,60.074
r8_m002_split,1,8,split,feasibility,search,both,camera,SAT,1375,104,1271,0,135,0,104,1271,0,1510,1375,680,74,621,7858.116,7626.522,670,13,692,8599.455,8664.39366667
r8_m002_split,1,8,split,feasibility,search,both,perturbation,SAT,14,3,11,0,5,0,3,11,0,19,14,9,0,5,63.025,55.303,7,0,7,71.5446666667,57.0403333333
r8_m002_split,1,8,split,feasibility,search,both,perturbation,UNSAT,34,0,34,0,0,0,0,34,0,34,34,11,12,11,43.017,41.51,19,1,14,55.5173333333,43.124
r8_m002_split,1,8,split,feasibility,fixed_hit,both,camera,SAT,1375,0,1375,0,0,0,0,1375,0,1375,1375,651,60,664,7591.778,7626.522,686,12,677,9331.76433333,8664.39366667
r8_m002_split,1,8,split,feasibility,fixed_hit,both,perturbation,SAT,14,0,14,0,0,0,0,14,0,14,14,5,1,8,55.045,55.303,8,0,6,56.844,57.0403333333
r8_m002_split,1,8,split,feasibility,fixed_hit,both,perturbation,UNSAT,34,0,34,0,0,0,0,34,0,34,34,12,13,9,41.552,41.51,15,2,17,60.074,43.124
r8_m002_split,1,8,split,projection,search,decomposition,camera,SAT,1375,0,1375,0,248,248,0,1354,21,1968,2072,716,35,624,12874.74,12858.722,749,6,620,13720.4243333,14502.096
r8_m002_split,1,8,split,projection,search,decomposition,perturbation,SAT,14,0,14,0,9,9,0,12,2,34,38,8,0,6,120.112,119.241,9,0,5,122.169666667,145.737666667
r8_m002_split,1,8,split,projection,search,decomposition,perturbation,UNSAT,34,0,34,0,0,0,0,34,0,0,0,14,14,6,41.637,41.632,19,3,12,51.299,41.944
r8_m002_split,1,8,split,projection,search,fixed_hit,camera,SAT,1375,104,1271,0,248,0,45,1329,1,1968,1842,676,29,670,12874.74,12775.774,695,3,677,13720.4243333,14467.1613333
r8_m002_split,1,8,split,projection,search,fixed_hit,perturbation,SAT,14,3,11,0,9,0,2,12,0,34,31,5,0,9,120.112,120.733,6,1,7,122.169666667,134.036333333
r8_m002_split,1,8,split,projection,search,fixed_hit,perturbation,UNSAT,34,0,34,0,0,0,0,34,0,0,0,18,8,8,41.637,41.622,19,4,11,51.299,41.9586666667
r8_m002_split,1,8,split,projection,search,both,camera,SAT,1375,104,1271,0,248,0,45,1329,1,1968,1842,613,37,725,12874.74,12832.878,635,6,734,13720.4243333,13918.569
r8_m002_split,1,8,split,projection,search,both,perturbation,SAT,14,3,11,0,9,0,2,12,0,34,31,6,0,8,120.112,120.291,6,0,8,122.169666667,122.012
r8_m002_split,1,8,split,projection,search,both,perturbation,UNSAT,34,0,34,0,0,0,0,34,0,0,0,16,3,15,41.637,41.655,14,0,20,51.299,44.1073333333
r8_m002_split,1,8,split,projection,fixed_hit,both,camera,SAT,1375,0,1375,0,0,0,0,1375,0,1842,1842,652,31,692,12775.774,12832.878,708,9,658,14467.1613333,13918.569
r8_m002_split,1,8,split,projection,fixed_hit,both,perturbation,SAT,14,0,14,0,0,0,0,14,0,31,31,9,0,5,120.733,120.291,7,0,7,134.036333333,122.012
r8_m002_split,1,8,split,projection,fixed_hit,both,perturbation,UNSAT,34,0,34,0,0,0,0,34,0,0,0,9,9,16,41.622,41.655,11,1,22,41.9586666667,44.1073333333
r8_m002_split,1,8,split,query,search,decomposition,camera,SAT,138,0,138,0,0,0,0,138,0,138,138,86,1,51,666.109,717.281,86,1,51,666.109,717.281
r8_m002_split,1,8,split,query,search,decomposition,camera,UNSAT,270,0,270,0,0,0,0,270,0,270,270,138,41,91,220.378,206.997,138,41,91,220.378,206.997
r8_m002_split,1,8,split,query,search,decomposition,perturbation,SAT,130,0,130,0,41,41,0,121,9,171,189,52,2,76,534.13,629.312,52,2,76,534.13,629.312
r8_m002_split,1,8,split,query,search,decomposition,perturbation,UNSAT,1022,0,1022,0,0,0,0,1022,0,1022,1022,380,289,353,983.463,704.847,380,289,353,983.463,704.847
r8_m002_split,1,8,split,query,search,fixed_hit,camera,SAT,138,0,138,0,0,0,0,138,0,138,138,76,1,61,666.109,691.569,76,1,61,666.109,691.569
r8_m002_split,1,8,split,query,search,fixed_hit,camera,UNSAT,270,0,270,0,0,0,0,270,0,270,270,124,40,106,220.378,249.083,124,40,106,220.378,249.083
r8_m002_split,1,8,split,query,search,fixed_hit,perturbation,SAT,130,32,98,0,41,0,32,98,0,171,130,66,1,63,534.13,482.807,66,1,63,534.13,482.807
r8_m002_split,1,8,split,query,search,fixed_hit,perturbation,UNSAT,1022,0,1022,0,0,0,0,1022,0,1022,1022,372,252,398,983.463,705.162,372,252,398,983.463,705.162
r8_m002_split,1,8,split,query,search,both,camera,SAT,138,0,138,0,0,0,0,138,0,138,138,73,2,63,666.109,838.969,73,2,63,666.109,838.969
r8_m002_split,1,8,split,query,search,both,camera,UNSAT,270,0,270,0,0,0,0,270,0,270,270,119,45,106,220.378,211.011,119,45,106,220.378,211.011
r8_m002_split,1,8,split,query,search,both,perturbation,SAT,130,32,98,0,41,0,32,98,0,171,130,74,7,49,534.13,542.565,74,7,49,534.13,542.565
r8_m002_split,1,8,split,query,search,both,perturbation,UNSAT,1022,0,1022,0,0,0,0,1022,0,1022,1022,359,288,375,983.463,759.539,359,288,375,983.463,759.539
r8_m002_split,1,8,split,query,fixed_hit,both,camera,SAT,138,0,138,0,0,0,0,138,0,138,138,74,5,59,691.569,838.969,74,5,59,691.569,838.969
r8_m002_split,1,8,split,query,fixed_hit,both,camera,UNSAT,270,0,270,0,0,0,0,270,0,270,270,120,53,97,249.083,211.011,120,53,97,249.083,211.011
r8_m002_split,1,8,split,query,fixed_hit,both,perturbation,SAT,130,0,130,0,0,0,0,130,0,130,130,65,5,60,482.807,542.565,65,5,60,482.807,542.565
r8_m002_split,1,8,split,query,fixed_hit,both,perturbation,UNSAT,1022,0,1022,0,0,0,0,1022,0,1022,1022,399,268,355,705.162,759.539,399,268,355,705.162,759.539
r8_m004_split,1,8,split,feasibility,search,decomposition,camera,SAT,1352,0,1352,0,129,129,0,1332,20,1481,1529,643,54,655,7747.388,7750.103,680,11,661,8520.81666667,8951.41633333
r8_m004_split,1,8,split,feasibility,search,decomposition,perturbation,SAT,14,0,14,0,3,3,0,14,0,17,17,9,0,5,53.339,52.278,8,0,6,59.786,54.468
r8_m004_split,1,8,split,feasibility,search,decomposition,perturbation,UNSAT,34,0,34,0,0,0,0,34,0,34,34,16,9,9,43.804,43.738,22,0,12,47.046,44.985
r8_m004_split,1,8,split,feasibility,search,fixed_hit,camera,SAT,1352,99,1253,0,129,0,99,1253,0,1481,1352,709,61,582,7747.388,7508.98,710,7,635,8520.81666667,8086.51333333
r8_m004_split,1,8,split,feasibility,search,fixed_hit,perturbation,SAT,14,3,11,0,3,0,3,11,0,17,14,9,2,3,53.339,49.044,10,0,4,59.786,49.769
r8_m004_split,1,8,split,feasibility,search,fixed_hit,perturbation,UNSAT,34,0,34,0,0,0,0,34,0,34,34,14,6,14,43.804,43.886,17,1,16,47.046,44.2563333333
r8_m004_split,1,8,split,feasibility,search,both,camera,SAT,1352,99,1253,0,129,0,99,1253,0,1481,1352,713,42,597,7747.388,7439.885,699,11,642,8520.81666667,8697.33
r8_m004_split,1,8,split,feasibility,search,both,perturbation,SAT,14,3,11,0,3,0,3,11,0,17,14,9,0,5,53.339,49.343,8,0,6,59.786,56.592
r8_m004_split,1,8,split,feasibility,search,both,perturbation,UNSAT,34,0,34,0,0,0,0,34,0,34,34,11,9,14,43.804,43.848,16,0,18,47.046,44.385
r8_m004_split,1,8,split,feasibility,fixed_hit,both,camera,SAT,1352,0,1352,0,0,0,0,1352,0,1352,1352,664,61,627,7508.98,7439.885,729,11,612,8086.51333333,8697.33
r8_m004_split,1,8,split,feasibility,fixed_hit,both,perturbation,SAT,14,0,14,0,0,0,0,14,0,14,14,6,1,7,49.044,49.343,6,0,8,49.769,56.592
r8_m004_split,1,8,split,feasibility,fixed_hit,both,perturbation,UNSAT,34,0,34,0,0,0,0,34,0,34,34,12,7,15,43.886,43.848,19,1,14,44.2563333333,44.385
r8_m004_split,1,8,split,projection,search,decomposition,camera,SAT,1352,0,1352,0,244,244,0,1332,20,1961,2061,641,32,679,12699.721,12866.135,710,8,634,14365.5,14939.0436667
r8_m004_split,1,8,split,projection,search,decomposition,perturbation,SAT,14,0,14,0,6,6,0,14,0,29,29,8,1,5,99.884,100.546,7,0,7,102.176,104.368666667
r8_m004_split,1,8,split,projection,search,decomposition,perturbation,UNSAT,34,0,34,0,0,0,0,34,0,0,0,14,11,9,44.038,44.046,19,2,13,44.8553333333,45.6246666667
r8_m004_split,1,8,split,projection,search,fixed_hit,camera,SAT,1352,99,1253,0,244,0,50,1302,0,1961,1825,629,25,698,12699.721,12714.648,654,2,696,14365.5,14573.3023333
r8_m004_split,1,8,split,projection,search,fixed_hit,perturbation,SAT,14,3,11,0,6,0,2,12,0,29,23,8,0,6,99.884,91.749,7,0,7,102.176,116.607
r8_m004_split,1,8,split,projection,search,fixed_hit,perturbation,UNSAT,34,0,34,0,0,0,0,34,0,0,0,16,5,13,44.038,44.006,16,1,17,44.8553333333,50.4906666667
r8_m004_split,1,8,split,projection,search,both,camera,SAT,1352,99,1253,0,244,0,50,1302,0,1961,1825,598,27,727,12699.721,12579.06,600,9,743,14365.5,14406.2116667
r8_m004_split,1,8,split,projection,search,both,perturbation,SAT,14,3,11,0,6,0,2,12,0,29,23,7,1,6,99.884,91.766,9,0,5,102.176,93.868
r8_m004_split,1,8,split,projection,search,both,perturbation,UNSAT,34,0,34,0,0,0,0,34,0,0,0,12,5,17,44.038,44.139,16,2,16,44.8553333333,49.391
r8_m004_split,1,8,split,projection,fixed_hit,both,camera,SAT,1352,0,1352,0,0,0,0,1352,0,1825,1825,647,28,677,12714.648,12579.06,695,6,651,14573.3023333,14406.2116667
r8_m004_split,1,8,split,projection,fixed_hit,both,perturbation,SAT,14,0,14,0,0,0,0,14,0,23,23,8,0,6,91.749,91.766,11,0,3,116.607,93.868
r8_m004_split,1,8,split,projection,fixed_hit,both,perturbation,UNSAT,34,0,34,0,0,0,0,34,0,0,0,12,6,16,44.006,44.139,19,2,13,50.4906666667,49.391
r8_m004_split,1,8,split,query,search,decomposition,camera,SAT,132,0,132,0,12,12,0,132,0,144,144,57,4,71,788.145,713.509,57,4,71,788.145,713.509
r8_m004_split,1,8,split,query,search,decomposition,camera,UNSAT,252,0,252,0,0,0,0,252,0,252,252,100,35,117,248.415,238.272,100,35,117,248.415,238.272
r8_m004_split,1,8,split,query,search,decomposition,perturbation,SAT,125,0,125,0,22,22,0,125,0,147,147,55,2,68,604.881,470.019,55,2,68,604.881,470.019
r8_m004_split,1,8,split,query,search,decomposition,perturbation,UNSAT,1027,0,1027,0,0,0,0,1027,0,1027,1027,379,266,382,767.063,764.829,379,266,382,767.063,764.829
r8_m004_split,1,8,split,query,search,fixed_hit,camera,SAT,132,12,120,0,12,0,12,120,0,144,132,65,4,63,788.145,691.613,65,4,63,788.145,691.613
r8_m004_split,1,8,split,query,search,fixed_hit,camera,UNSAT,252,0,252,0,0,0,0,252,0,252,252,108,28,116,248.415,195.963,108,28,116,248.415,195.963
r8_m004_split,1,8,split,query,search,fixed_hit,perturbation,SAT,125,22,103,0,22,0,22,103,0,147,125,69,1,55,604.881,636.403,69,1,55,604.881,636.403
r8_m004_split,1,8,split,query,search,fixed_hit,perturbation,UNSAT,1027,0,1027,0,0,0,0,1027,0,1027,1027,369,254,404,767.063,682.022,369,254,404,767.063,682.022
r8_m004_split,1,8,split,query,search,both,camera,SAT,132,12,120,0,12,0,12,120,0,144,132,69,3,60,788.145,659.303,69,3,60,788.145,659.303
r8_m004_split,1,8,split,query,search,both,camera,UNSAT,252,0,252,0,0,0,0,252,0,252,252,109,51,92,248.415,190.086,109,51,92,248.415,190.086
r8_m004_split,1,8,split,query,search,both,perturbation,SAT,125,22,103,0,22,0,22,103,0,147,125,77,3,45,604.881,429.131,77,3,45,604.881,429.131
r8_m004_split,1,8,split,query,search,both,perturbation,UNSAT,1027,0,1027,0,0,0,0,1027,0,1027,1027,359,300,368,767.063,678.917,359,300,368,767.063,678.917
r8_m004_split,1,8,split,query,fixed_hit,both,camera,SAT,132,0,132,0,0,0,0,132,0,132,132,67,3,62,691.613,659.303,67,3,62,691.613,659.303
r8_m004_split,1,8,split,query,fixed_hit,both,camera,UNSAT,252,0,252,0,0,0,0,252,0,252,252,123,36,93,195.963,190.086,123,36,93,195.963,190.086
r8_m004_split,1,8,split,query,fixed_hit,both,perturbation,SAT,125,0,125,0,0,0,0,125,0,125,125,71,5,49,636.403,429.131,71,5,49,636.403,429.131
r8_m004_split,1,8,split,query,fixed_hit,both,perturbation,UNSAT,1027,0,1027,0,0,0,0,1027,0,1027,1027,423,245,359,682.022,678.917,423,245,359,682.022,678.917
r8_m004_same,1,8,same,feasibility,search,decomposition,camera,SAT,1310,0,1310,0,139,139,0,1289,21,1449,1499,668,66,576,7522.918,7597.124,707,12,591,9394.63366667,10449.6746667
r8_m004_same,1,8,same,feasibility,search,decomposition,perturbation,SAT,14,0,14,0,4,4,0,13,1,18,20,11,1,2,54.27,53.249,8,0,6,54.4813333333,58.0346666667
r8_m004_same,1,8,same,feasibility,search,decomposition,perturbation,UNSAT,34,0,34,0,0,0,0,34,0,34,34,14,10,10,43.329,44.626,16,0,18,61.5036666667,44.8586666667
r8_m004_same,1,8,same,feasibility,search,fixed_hit,camera,SAT,1310,108,1202,0,139,0,108,1202,0,1449,1310,703,68,539,7522.918,7249.615,718,3,589,9394.63366667,8385.733
r8_m004_same,1,8,same,feasibility,search,fixed_hit,perturbation,SAT,14,3,11,0,4,0,3,11,0,18,14,10,1,3,54.27,48.907,7,0,7,54.4813333333,50.3183333333
r8_m004_same,1,8,same,feasibility,search,fixed_hit,perturbation,UNSAT,34,0,34,0,0,0,0,34,0,34,34,14,11,9,43.329,43.262,15,1,18,61.5036666667,44.3656666667
r8_m004_same,1,8,same,feasibility,search,both,camera,SAT,1310,108,1202,0,139,0,108,1202,0,1449,1310,684,55,571,7522.918,7252.107,688,8,614,9394.63366667,8986.65633333
r8_m004_same,1,8,same,feasibility,search,both,perturbation,SAT,14,3,11,0,4,0,3,11,0,18,14,5,0,9,54.27,50.555,6,0,8,54.4813333333,56.3336666667
r8_m004_same,1,8,same,feasibility,search,both,perturbation,UNSAT,34,0,34,0,0,0,0,34,0,34,34,17,6,11,43.329,43.314,18,2,14,61.5036666667,62.9903333333
r8_m004_same,1,8,same,feasibility,fixed_hit,both,camera,SAT,1310,0,1310,0,0,0,0,1310,0,1310,1310,645,57,608,7249.615,7252.107,702,6,602,8385.733,8986.65633333
r8_m004_same,1,8,same,feasibility,fixed_hit,both,perturbation,SAT,14,0,14,0,0,0,0,14,0,14,14,5,0,9,48.907,50.555,7,0,7,50.3183333333,56.3336666667
r8_m004_same,1,8,same,feasibility,fixed_hit,both,perturbation,UNSAT,34,0,34,0,0,0,0,34,0,34,34,12,11,11,43.262,43.314,17,2,15,44.3656666667,62.9903333333
r8_m004_same,1,8,same,projection,search,decomposition,camera,SAT,1310,0,1310,0,257,257,0,1289,21,1944,2048,679,40,591,12466.915,12354.337,716,3,591,16127.647,14347.3463333
r8_m004_same,1,8,same,projection,search,decomposition,perturbation,SAT,14,0,14,0,8,8,0,13,1,31,33,6,1,7,101.905,101.754,7,0,7,103.831333333,109.814666667
r8_m004_same,1,8,same,projection,search,decomposition,perturbation,UNSAT,34,0,34,0,0,0,0,34,0,0,0,10,8,16,43.096,43.235,19,1,14,44.796,60.053
r8_m004_same,1,8,same,projection,search,fixed_hit,camera,SAT,1310,108,1202,0,257,0,50,1260,0,1944,1810,670,33,607,12466.915,12342.901,666,9,635,16127.647,14432.749
r8_m004_same,1,8,same,projection,search,fixed_hit,perturbation,SAT,14,3,11,0,8,0,2,12,0,31,26,7,0,7,101.905,99.498,5,0,9,103.831333333,100.270333333
r8_m004_same,1,8,same,projection,search,fixed_hit,perturbation,UNSAT,34,0,34,0,0,0,0,34,0,0,0,18,5,11,43.096,43.095,23,1,10,44.796,43.412
r8_m004_same,1,8,same,projection,search,both,camera,SAT,1310,108,1202,0,257,0,50,1260,0,1944,1810,638,24,648,12466.915,12359.943,630,4,676,16127.647,15291.027
r8_m004_same,1,8,same,projection,search,both,perturbation,SAT,14,3,11,0,8,0,2,12,0,31,26,5,1,8,101.905,99.87,3,0,11,103.831333333,105.826333333
r8_m004_same,1,8,same,projection,search,both,perturbation,UNSAT,34,0,34,0,0,0,0,34,0,0,0,8,12,14,43.096,43.15,9,4,21,44.796,43.445
r8_m004_same,1,8,same,projection,fixed_hit,both,camera,SAT,1310,0,1310,0,0,0,0,1310,0,1810,1810,628,40,642,12342.901,12359.943,687,6,617,14432.749,15291.027
r8_m004_same,1,8,same,projection,fixed_hit,both,perturbation,SAT,14,0,14,0,0,0,0,14,0,26,26,7,1,6,99.498,99.87,7,0,7,100.270333333,105.826333333
r8_m004_same,1,8,same,projection,fixed_hit,both,perturbation,UNSAT,34,0,34,0,0,0,0,34,0,0,0,8,7,19,43.095,43.15,9,1,24,43.412,43.445
r8_m004_same,1,8,same,query,search,decomposition,camera,SAT,132,0,132,0,12,12,0,132,0,144,144,85,3,44,682.743,700.891,85,3,44,682.743,700.891
r8_m004_same,1,8,same,query,search,decomposition,camera,UNSAT,252,0,252,0,0,0,0,252,0,252,252,126,39,87,207.279,188.908,126,39,87,207.279,188.908
r8_m004_same,1,8,same,query,search,decomposition,perturbation,SAT,126,0,126,0,32,32,0,121,5,158,168,82,4,40,454.495,442.474,82,4,40,454.495,442.474
r8_m004_same,1,8,same,query,search,decomposition,perturbation,UNSAT,1026,0,1026,0,0,0,0,1026,0,1026,1026,382,330,314,672.891,681.751,382,330,314,672.891,681.751
r8_m004_same,1,8,same,query,search,fixed_hit,camera,SAT,132,12,120,0,12,0,12,120,0,144,132,88,0,44,682.743,655.716,88,0,44,682.743,655.716
r8_m004_same,1,8,same,query,search,fixed_hit,camera,UNSAT,252,0,252,0,0,0,0,252,0,252,252,121,40,91,207.279,185.779,121,40,91,207.279,185.779
r8_m004_same,1,8,same,query,search,fixed_hit,perturbation,SAT,126,27,99,0,32,0,27,99,0,158,126,63,3,60,454.495,445.005,63,3,60,454.495,445.005
r8_m004_same,1,8,same,query,search,fixed_hit,perturbation,UNSAT,1026,0,1026,0,0,0,0,1026,0,1026,1026,312,298,416,672.891,701.09,312,298,416,672.891,701.09
r8_m004_same,1,8,same,query,search,both,camera,SAT,132,12,120,0,12,0,12,120,0,144,132,88,2,42,682.743,652.929,88,2,42,682.743,652.929
r8_m004_same,1,8,same,query,search,both,camera,UNSAT,252,0,252,0,0,0,0,252,0,252,252,126,46,80,207.279,190.791,126,46,80,207.279,190.791
r8_m004_same,1,8,same,query,search,both,perturbation,SAT,126,27,99,0,32,0,27,99,0,158,126,66,4,56,454.495,446.303,66,4,56,454.495,446.303
r8_m004_same,1,8,same,query,search,both,perturbation,UNSAT,1026,0,1026,0,0,0,0,1026,0,1026,1026,345,329,352,672.891,693.845,345,329,352,672.891,693.845
r8_m004_same,1,8,same,query,fixed_hit,both,camera,SAT,132,0,132,0,0,0,0,132,0,132,132,68,3,61,655.716,652.929,68,3,61,655.716,652.929
r8_m004_same,1,8,same,query,fixed_hit,both,camera,UNSAT,252,0,252,0,0,0,0,252,0,252,252,104,56,92,185.779,190.791,104,56,92,185.779,190.791
r8_m004_same,1,8,same,query,fixed_hit,both,perturbation,SAT,126,0,126,0,0,0,0,126,0,126,126,77,1,48,445.005,446.303,77,1,48,445.005,446.303
r8_m004_same,1,8,same,query,fixed_hit,both,perturbation,UNSAT,1026,0,1026,0,0,0,0,1026,0,1026,1026,428,286,312,701.09,693.845,428,286,312,701.09,693.845
r8_m003_same,2,8,same,feasibility,search,decomposition,camera,SAT,1950,0,1950,0,225,225,0,1915,35,2175,2255,963,133,854,11392.692,11354.313,1050,10,890,14672.7436667,16230.8886667
r8_m003_same,2,8,same,feasibility,search,decomposition,perturbation,SAT,15,0,15,0,9,9,0,12,3,24,31,11,1,3,75.507,71.766,9,0,6,83.4103333333,73.4763333333
r8_m003_same,2,8,same,feasibility,search,decomposition,perturbation,UNSAT,33,0,33,0,0,0,0,33,0,33,33,13,8,12,44.038,41.656,18,2,13,61.7936666667,43.4696666667
r8_m003_same,2,8,same,feasibility,search,fixed_hit,camera,SAT,1950,178,1772,0,225,0,178,1772,0,2175,1950,1025,134,791,11392.692,10949.717,1057,14,879,14672.7436667,13845.453
r8_m003_same,2,8,same,feasibility,search,fixed_hit,perturbation,SAT,15,5,10,0,9,0,5,10,0,24,15,11,0,4,75.507,63.238,11,0,4,83.4103333333,64.007
r8_m003_same,2,8,same,feasibility,search,fixed_hit,perturbation,UNSAT,33,0,33,0,0,0,0,33,0,33,33,11,10,12,44.038,42.723,14,1,18,61.7936666667,45.0953333333
r8_m003_same,2,8,same,feasibility,search,both,camera,SAT,1950,178,1772,0,225,0,178,1772,0,2175,1950,994,115,841,11392.692,10961.381,990,14,946,14672.7436667,13052.7323333
r8_m003_same,2,8,same,feasibility,search,both,perturbation,SAT,15,5,10,0,9,0,5,10,0,24,15,11,0,4,75.507,61.505,8,0,7,83.4103333333,84.062
r8_m003_same,2,8,same,feasibility,search,both,perturbation,UNSAT,33,0,33,0,0,0,0,33,0,33,33,13,12,8,44.038,41.929,14,3,16,61.7936666667,59.3913333333
r8_m003_same,2,8,same,feasibility,fixed_hit,both,camera,SAT,1950,0,1950,0,0,0,0,1950,0,1950,1950,896,138,916,10949.717,10961.381,1013,22,915,13845.453,13052.7323333
r8_m003_same,2,8,same,feasibility,fixed_hit,both,perturbation,SAT,15,0,15,0,0,0,0,15,0,15,15,6,0,9,63.238,61.505,8,0,7,64.007,84.062
r8_m003_same,2,8,same,feasibility,fixed_hit,both,perturbation,UNSAT,33,0,33,0,0,0,0,33,0,33,33,13,12,8,42.723,41.929,19,1,13,45.0953333333,59.3913333333
r8_m003_same,2,8,same,projection,search,decomposition,camera,SAT,1950,0,1950,0,391,391,0,1915,35,2964,3112,981,80,889,18910.074,18721.379,1082,13,855,25478.4263333,23519.654
r8_m003_same,2,8,same,projection,search,decomposition,perturbation,SAT,15,0,15,0,20,20,0,12,3,48,61,13,0,2,141.954,137.477,8,0,7,185.955,161.140666667
r8_m003_same,2,8,same,projection,search,decomposition,perturbation,UNSAT,33,0,33,0,0,0,0,33,0,0,0,10,12,11,43.044,41.534,15,3,15,57.359,43.5953333333
r8_m003_same,2,8,same,projection,search,fixed_hit,camera,SAT,1950,178,1772,0,391,0,73,1875,2,2964,2779,922,79,949,18910.074,18741.759,955,13,982,25478.4263333,21105.2186667
r8_m003_same,2,8,same,projection,search,fixed_hit,perturbation,SAT,15,5,10,0,20,0,4,11,0,48,36,10,0,5,141.954,131.739,8,0,7,185.955,206.362
r8_m003_same,2,8,same,projection,search,fixed_hit,perturbation,UNSAT,33,0,33,0,0,0,0,33,0,0,0,8,9,16,43.044,42.058,14,0,19,57.359,42.6733333333
r8_m003_same,2,8,same,projection,search,both,camera,SAT,1950,178,1772,0,391,0,73,1875,2,2964,2779,912,74,964,18910.074,18768.108,875,9,1066,25478.4263333,24627.5713333
r8_m003_same,2,8,same,projection,search,both,perturbation,SAT,15,5,10,0,20,0,4,11,0,48,36,7,1,7,141.954,134.514,8,0,7,185.955,142.268666667
r8_m003_same,2,8,same,projection,search,both,perturbation,UNSAT,33,0,33,0,0,0,0,33,0,0,0,8,13,12,43.044,42.234,12,1,20,57.359,42.9963333333
r8_m003_same,2,8,same,projection,fixed_hit,both,camera,SAT,1950,0,1950,0,0,0,0,1950,0,2779,2779,960,72,918,18741.759,18768.108,1044,8,898,21105.2186667,24627.5713333
r8_m003_same,2,8,same,projection,fixed_hit,both,perturbation,SAT,15,0,15,0,0,0,0,15,0,36,36,9,0,6,131.739,134.514,10,0,5,206.362,142.268666667
r8_m003_same,2,8,same,projection,fixed_hit,both,perturbation,UNSAT,33,0,33,0,0,0,0,33,0,0,0,9,14,10,42.058,42.234,15,1,17,42.6733333333,42.9963333333
r8_m003_same,2,8,same,query,search,decomposition,camera,SAT,203,0,203,0,20,20,0,203,0,223,223,110,3,90,1628.692,1197.131,110,3,90,1628.692,1197.131
r8_m003_same,2,8,same,query,search,decomposition,camera,UNSAT,373,0,373,0,0,0,0,373,0,373,373,184,42,147,1121.402,1860.64,184,42,147,1121.402,1860.64
r8_m003_same,2,8,same,query,search,decomposition,perturbation,SAT,143,0,143,0,76,76,0,121,22,219,265,87,1,55,654.866,614.18,87,1,55,654.866,614.18
r8_m003_same,2,8,same,query,search,decomposition,perturbation,UNSAT,1009,0,1009,0,0,0,0,1009,0,1009,1009,358,290,361,722.6,751.818,358,290,361,722.6,751.818
r8_m003_same,2,8,same,query,search,fixed_hit,camera,SAT,203,20,183,0,20,0,20,183,0,223,203,130,4,69,1628.692,1117.944,130,4,69,1628.692,1117.944
r8_m003_same,2,8,same,query,search,fixed_hit,camera,UNSAT,373,0,373,0,0,0,0,373,0,373,373,198,47,128,1121.402,329.494,198,47,128,1121.402,329.494
r8_m003_same,2,8,same,query,search,fixed_hit,perturbation,SAT,143,52,91,0,76,0,52,91,0,219,143,89,4,50,654.866,547.969,89,4,50,654.866,547.969
r8_m003_same,2,8,same,query,search,fixed_hit,perturbation,UNSAT,1009,0,1009,0,0,0,0,1009,0,1009,1009,355,278,376,722.6,674.718,355,278,376,722.6,674.718
r8_m003_same,2,8,same,query,search,both,camera,SAT,203,20,183,0,20,0,20,183,0,223,203,128,2,73,1628.692,1053.96,128,2,73,1628.692,1053.96
r8_m003_same,2,8,same,query,search,both,camera,UNSAT,373,0,373,0,0,0,0,373,0,373,373,190,44,139,1121.402,348.232,190,44,139,1121.402,348.232
r8_m003_same,2,8,same,query,search,both,perturbation,SAT,143,52,91,0,76,0,52,91,0,219,143,102,2,39,654.866,640.65,102,2,39,654.866,640.65
r8_m003_same,2,8,same,query,search,both,perturbation,UNSAT,1009,0,1009,0,0,0,0,1009,0,1009,1009,349,277,383,722.6,763.597,349,277,383,722.6,763.597
r8_m003_same,2,8,same,query,fixed_hit,both,camera,SAT,203,0,203,0,0,0,0,203,0,203,203,112,6,85,1117.944,1053.96,112,6,85,1117.944,1053.96
r8_m003_same,2,8,same,query,fixed_hit,both,camera,UNSAT,373,0,373,0,0,0,0,373,0,373,373,177,57,139,329.494,348.232,177,57,139,329.494,348.232
r8_m003_same,2,8,same,query,fixed_hit,both,perturbation,SAT,143,0,143,0,0,0,0,143,0,143,143,81,1,61,547.969,640.65,81,1,61,547.969,640.65
r8_m003_same,2,8,same,query,fixed_hit,both,perturbation,UNSAT,1009,0,1009,0,0,0,0,1009,0,1009,1009,375,280,354,674.718,763.597,375,280,354,674.718,763.597
r8_m003_split,2,8,split,feasibility,search,decomposition,camera,SAT,2121,0,2121,0,214,214,0,2086,35,2335,2415,1018,162,941,12051.944,12020.608,1105,16,1000,13165.9973333,18440.299
r8_m003_split,2,8,split,feasibility,search,decomposition,perturbation,SAT,15,0,15,0,9,9,0,12,3,24,31,10,0,5,72.821,71.52,8,0,7,74.0536666667,88.837
r8_m003_split,2,8,split,feasibility,search,decomposition,perturbation,UNSAT,33,0,33,0,0,0,0,33,0,33,33,10,8,15,39.954,40.263,17,1,15,57.5773333333,41.491
r8_m003_split,2,8,split,feasibility,search,fixed_hit,camera,SAT,2121,167,1954,0,214,0,167,1954,0,2335,2121,1090,148,883,12051.944,11748.58,1151,11,959,13165.9973333,13613.4696667
r8_m003_split,2,8,split,feasibility,search,fixed_hit,perturbation,SAT,15,5,10,0,9,0,5,10,0,24,15,8,0,7,72.821,60.801,8,0,7,74.0536666667,62.665
r8_m003_split,2,8,split,feasibility,search,fixed_hit,perturbation,UNSAT,33,0,33,0,0,0,0,33,0,33,33,9,10,14,39.954,40.058,20,0,13,57.5773333333,41.5896666667
r8_m003_split,2,8,split,feasibility,search,both,camera,SAT,2121,167,1954,0,214,0,167,1954,0,2335,2121,1082,133,906,12051.944,11724.883,1055,21,1045,13165.9973333,12520.623
r8_m003_split,2,8,split,feasibility,search,both,perturbation,SAT,15,5,10,0,9,0,5,10,0,24,15,8,0,7,72.821,60.28,9,0,6,74.0536666667,62.571
r8_m003_split,2,8,split,feasibility,search,both,perturbation,UNSAT,33,0,33,0,0,0,0,33,0,33,33,11,7,15,39.954,40.022,17,0,16,57.5773333333,40.4316666667
r8_m003_split,2,8,split,feasibility,fixed_hit,both,camera,SAT,2121,0,2121,0,0,0,0,2121,0,2121,2121,1008,174,939,11748.58,11724.883,1130,16,975,13613.4696667,12520.623
r8_m003_split,2,8,split,feasibility,fixed_hit,both,perturbation,SAT,15,0,15,0,0,0,0,15,0,15,15,9,2,4,60.801,60.28,8,0,7,62.665,62.571
r8_m003_split,2,8,split,feasibility,fixed_hit,both,perturbation,UNSAT,33,0,33,0,0,0,0,33,0,33,33,11,11,11,40.058,40.022,18,2,13,41.5896666667,40.4316666667
r8_m003_split,2,8,split,projection,search,decomposition,camera,SAT,2121,0,2121,0,374,374,0,2086,35,3019,3167,1092,91,938,19487.96,19351.127,1180,11,930,21317.898,21603.9863333
r8_m003_split,2,8,split,projection,search,decomposition,perturbation,SAT,15,0,15,0,20,20,0,12,3,48,61,6,0,9,139.499,136.657,8,0,7,151.604666667,138.414666667
r8_m003_split,2,8,split,projection,search,decomposition,perturbation,UNSAT,33,0,33,0,0,0,0,33,0,0,0,16,12,5,40.344,40.052,19,2,12,41.0376666667,40.768
r8_m003_split,2,8,split,projection,search,fixed_hit,camera,SAT,2121,167,1954,0,374,0,67,2053,1,3019,2840,1008,82,1031,19487.96,19251.652,1067,13,1041,21317.898,20857.164
r8_m003_split,2,8,split,projection,search,fixed_hit,perturbation,SAT,15,5,10,0,20,0,4,11,0,48,36,9,0,6,139.499,132.3,9,0,6,151.604666667,135.531666667
r8_m003_split,2,8,split,projection,search,fixed_hit,perturbation,UNSAT,33,0,33,0,0,0,0,33,0,0,0,19,9,5,40.344,40.111,19,1,13,41.0376666667,40.9503333333
r8_m003_split,2,8,split,projection,search,both,camera,SAT,2121,167,1954,0,374,0,67,2053,1,3019,2840,1015,100,1006,19487.96,19289.827,1006,20,1095,21317.898,24240.4456667
r8_m003_split,2,8,split,projection,search,both,perturbation,SAT,15,5,10,0,20,0,4,11,0,48,36,7,3,5,139.499,129.116,9,0,6,151.604666667,132.139666667
r8_m003_split,2,8,split,projection,search,both,perturbation,UNSAT,33,0,33,0,0,0,0,33,0,0,0,16,6,11,40.344,40.173,16,3,14,41.0376666667,40.4613333333
r8_m003_split,2,8,split,projection,fixed_hit,both,camera,SAT,2121,0,2121,0,0,0,0,2121,0,2840,2840,1028,93,1000,19251.652,19289.827,1147,7,967,20857.164,24240.4456667
r8_m003_split,2,8,split,projection,fixed_hit,both,perturbation,SAT,15,0,15,0,0,0,0,15,0,36,36,9,0,6,132.3,129.116,8,0,7,135.531666667,132.139666667
r8_m003_split,2,8,split,projection,fixed_hit,both,perturbation,UNSAT,33,0,33,0,0,0,0,33,0,0,0,11,8,14,40.111,40.173,18,0,15,40.9503333333,40.4613333333
r8_m003_split,2,8,split,query,search,decomposition,camera,SAT,209,0,209,0,14,14,0,209,0,223,223,117,3,89,1211.909,1084.038,117,3,89,1211.909,1084.038
r8_m003_split,2,8,split,query,search,decomposition,camera,UNSAT,391,0,391,0,0,0,0,391,0,391,391,172,54,165,350.685,335.198,172,54,165,350.685,335.198
r8_m003_split,2,8,split,query,search,decomposition,perturbation,SAT,143,0,143,0,76,76,0,121,22,219,265,87,4,52,627.133,678.486,87,4,52,627.133,678.486
r8_m003_split,2,8,split,query,search,decomposition,perturbation,UNSAT,1009,0,1009,0,0,0,0,1009,0,1009,1009,383,287,339,664.673,659.996,383,287,339,664.673,659.996
r8_m003_split,2,8,split,query,search,fixed_hit,camera,SAT,209,14,195,0,14,0,14,195,0,223,209,103,5,101,1211.909,1142.915,103,5,101,1211.909,1142.915
r8_m003_split,2,8,split,query,search,fixed_hit,camera,UNSAT,391,0,391,0,0,0,0,391,0,391,391,159,56,176,350.685,356.883,159,56,176,350.685,356.883
r8_m003_split,2,8,split,query,search,fixed_hit,perturbation,SAT,143,52,91,0,76,0,52,91,0,219,143,100,3,40,627.133,527.455,100,3,40,627.133,527.455
r8_m003_split,2,8,split,query,search,fixed_hit,perturbation,UNSAT,1009,0,1009,0,0,0,0,1009,0,1009,1009,373,278,358,664.673,663.684,373,278,358,664.673,663.684
r8_m003_split,2,8,split,query,search,both,camera,SAT,209,14,195,0,14,0,14,195,0,223,209,108,7,94,1211.909,1073.466,108,7,94,1211.909,1073.466
r8_m003_split,2,8,split,query,search,both,camera,UNSAT,391,0,391,0,0,0,0,391,0,391,391,169,44,178,350.685,335.791,169,44,178,350.685,335.791
r8_m003_split,2,8,split,query,search,both,perturbation,SAT,143,52,91,0,76,0,52,91,0,219,143,91,1,51,627.133,571.112,91,1,51,627.133,571.112
r8_m003_split,2,8,split,query,search,both,perturbation,UNSAT,1009,0,1009,0,0,0,0,1009,0,1009,1009,382,264,363,664.673,724.584,382,264,363,664.673,724.584
r8_m003_split,2,8,split,query,fixed_hit,both,camera,SAT,209,0,209,0,0,0,0,209,0,209,209,118,8,83,1142.915,1073.466,118,8,83,1142.915,1073.466
r8_m003_split,2,8,split,query,fixed_hit,both,camera,UNSAT,391,0,391,0,0,0,0,391,0,391,391,177,65,149,356.883,335.791,177,65,149,356.883,335.791
r8_m003_split,2,8,split,query,fixed_hit,both,perturbation,SAT,143,0,143,0,0,0,0,143,0,143,143,69,4,70,527.455,571.112,69,4,70,527.455,571.112
r8_m003_split,2,8,split,query,fixed_hit,both,perturbation,UNSAT,1009,0,1009,0,0,0,0,1009,0,1009,1009,421,268,320,663.684,724.584,421,268,320,663.684,724.584
r8_m192_split,2,8,split,feasibility,search,decomposition,camera,SAT,2212,0,2212,0,186,186,0,2180,32,2398,2472,1077,175,960,11988.64,12232.869,1188,25,999,13052.014,13011.816
r8_m192_split,2,8,split,feasibility,search,decomposition,perturbation,SAT,17,0,17,0,7,7,0,15,2,24,28,7,0,10,75.075,74.814,8,0,9,80.7333333333,94.3393333333
r8_m192_split,2,8,split,feasibility,search,decomposition,perturbation,UNSAT,31,0,31,0,0,0,0,31,0,31,31,7,14,10,33.692,33.89,11,3,17,33.9936666667,42.7156666667
r8_m192_split,2,8,split,feasibility,search,fixed_hit,camera,SAT,2212,142,2070,0,186,0,142,2070,0,2398,2212,1122,150,940,11988.64,11712.131,1161,27,1024,13052.014,12696.765
r8_m192_split,2,8,split,feasibility,search,fixed_hit,perturbation,SAT,17,5,12,0,7,0,5,12,0,24,17,8,2,7,75.075,66.768,9,0,8,80.7333333333,125.527666667
r8_m192_split,2,8,split,feasibility,search,fixed_hit,perturbation,UNSAT,31,0,31,0,0,0,0,31,0,31,31,7,13,11,33.692,33.77,12,1,18,33.9936666667,34.1346666667
r8_m192_split,2,8,split,feasibility,search,both,camera,SAT,2212,142,2070,0,186,0,142,2070,0,2398,2212,1123,170,919,11988.64,11659.383,1130,23,1059,13052.014,12453.511
r8_m192_split,2,8,split,feasibility,search,both,perturbation,SAT,17,5,12,0,7,0,5,12,0,24,17,8,0,9,75.075,66.545,10,0,7,80.7333333333,67.3476666667
r8_m192_split,2,8,split,feasibility,search,both,perturbation,UNSAT,31,0,31,0,0,0,0,31,0,31,31,8,15,8,33.692,33.62,12,1,18,33.9936666667,34.0546666667
r8_m192_split,2,8,split,feasibility,fixed_hit,both,camera,SAT,2212,0,2212,0,0,0,0,2212,0,2212,2212,1040,180,992,11712.131,11659.383,1191,25,996,12696.765,12453.511
r8_m192_split,2,8,split,feasibility,fixed_hit,both,perturbation,SAT,17,0,17,0,0,0,0,17,0,17,17,8,2,7,66.768,66.545,12,0,5,125.527666667,67.3476666667
r8_m192_split,2,8,split,feasibility,fixed_hit,both,perturbation,UNSAT,31,0,31,0,0,0,0,31,0,31,31,12,12,7,33.77,33.62,19,1,11,34.1346666667,34.0546666667
r8_m192_split,2,8,split,projection,search,decomposition,camera,SAT,2212,0,2212,0,338,338,0,2180,32,3052,3190,1046,132,1034,19283.511,19291.256,1228,15,969,20821.903,20635.18
r8_m192_split,2,8,split,projection,search,decomposition,perturbation,SAT,17,0,17,0,14,14,0,15,2,43,47,10,0,7,137.266,135.772,9,0,8,138.682666667,137.223
r8_m192_split,2,8,split,projection,search,decomposition,perturbation,UNSAT,31,0,31,0,0,0,0,31,0,0,0,9,15,7,33.769,33.759,16,2,13,34.1886666667,34.0476666667
r8_m192_split,2,8,split,projection,search,fixed_hit,camera,SAT,2212,142,2070,0,338,0,66,2146,0,3052,2875,1054,121,1037,19283.511,19168.217,1097,11,1104,20821.903,20506.1036667
r8_m192_split,2,8,split,projection,search,fixed_hit,perturbation,SAT,17,5,12,0,14,0,5,12,0,43,33,10,0,7,137.266,127.49,8,0,9,138.682666667,130.742
r8_m192_split,2,8,split,projection,search,fixed_hit,perturbation,UNSAT,31,0,31,0,0,0,0,31,0,0,0,8,11,12,33.769,33.685,16,0,15,34.1886666667,33.8576666667
r8_m192_split,2,8,split,projection,search,both,camera,SAT,2212,142,2070,0,338,0,66,2146,0,3052,2875,1026,116,1070,19283.511,19122.925,1022,9,1181,20821.903,20309.5546667
r8_m192_split,2,8,split,projection,search,both,perturbation,SAT,17,5,12,0,14,0,5,12,0,43,33,10,1,6,137.266,126.873,10,0,7,138.682666667,145.541
r8_m192_split,2,8,split,projection,search,both,perturbation,UNSAT,31,0,31,0,0,0,0,31,0,0,0,9,15,7,33.769,33.648,14,2,15,34.1886666667,33.8343333333
r8_m192_split,2,8,split,projection,fixed_hit,both,camera,SAT,2212,0,2212,0,0,0,0,2212,0,2875,2875,1055,152,1005,19168.217,19122.925,1248,19,945,20506.1036667,20309.5546667
r8_m192_split,2,8,split,projection,fixed_hit,both,perturbation,SAT,17,0,17,0,0,0,0,17,0,33,33,12,0,5,127.49,126.873,12,0,5,130.742,145.541
r8_m192_split,2,8,split,projection,fixed_hit,both,perturbation,UNSAT,31,0,31,0,0,0,0,31,0,0,0,13,10,8,33.685,33.648,14,2,15,33.8576666667,33.8343333333
r8_m192_split,2,8,split,query,search,decomposition,camera,SAT,207,0,207,0,12,12,0,207,0,219,219,96,5,106,1056.226,1088.551,96,5,106,1056.226,1088.551
r8_m192_split,2,8,split,query,search,decomposition,camera,UNSAT,393,0,393,0,0,0,0,393,0,393,393,163,59,171,341.666,332.229,163,59,171,341.666,332.229
r8_m192_split,2,8,split,query,search,decomposition,perturbation,SAT,156,0,156,0,54,54,0,148,8,210,226,74,1,81,632.357,693.071,74,1,81,632.357,693.071
r8_m192_split,2,8,split,query,search,decomposition,perturbation,UNSAT,996,0,996,0,0,0,0,996,0,996,996,349,286,361,628.595,610.893,349,286,361,628.595,610.893
r8_m192_split,2,8,split,query,search,fixed_hit,camera,SAT,207,12,195,0,12,0,12,195,0,219,207,113,3,91,1056.226,1164.031,113,3,91,1056.226,1164.031
r8_m192_split,2,8,split,query,search,fixed_hit,camera,UNSAT,393,0,393,0,0,0,0,393,0,393,393,179,60,154,341.666,362.249,179,60,154,341.666,362.249
r8_m192_split,2,8,split,query,search,fixed_hit,perturbation,SAT,156,46,110,0,54,0,46,110,0,210,156,83,4,69,632.357,580.11,83,4,69,632.357,580.11
r8_m192_split,2,8,split,query,search,fixed_hit,perturbation,UNSAT,996,0,996,0,0,0,0,996,0,996,996,361,286,349,628.595,622.505,361,286,349,628.595,622.505
r8_m192_split,2,8,split,query,search,both,camera,SAT,207,12,195,0,12,0,12,195,0,219,207,109,6,92,1056.226,1227.422,109,6,92,1056.226,1227.422
r8_m192_split,2,8,split,query,search,both,camera,UNSAT,393,0,393,0,0,0,0,393,0,393,393,183,53,157,341.666,331.401,183,53,157,341.666,331.401
r8_m192_split,2,8,split,query,search,both,perturbation,SAT,156,46,110,0,54,0,46,110,0,210,156,104,4,48,632.357,575.89,104,4,48,632.357,575.89
r8_m192_split,2,8,split,query,search,both,perturbation,UNSAT,996,0,996,0,0,0,0,996,0,996,996,364,325,307,628.595,603.456,364,325,307,628.595,603.456
r8_m192_split,2,8,split,query,fixed_hit,both,camera,SAT,207,0,207,0,0,0,0,207,0,207,207,114,6,87,1164.031,1227.422,114,6,87,1164.031,1227.422
r8_m192_split,2,8,split,query,fixed_hit,both,camera,UNSAT,393,0,393,0,0,0,0,393,0,393,393,165,74,154,362.249,331.401,165,74,154,362.249,331.401
r8_m192_split,2,8,split,query,fixed_hit,both,perturbation,SAT,156,0,156,0,0,0,0,156,0,156,156,94,9,53,580.11,575.89,94,9,53,580.11,575.89
r8_m192_split,2,8,split,query,fixed_hit,both,perturbation,UNSAT,996,0,996,0,0,0,0,996,0,996,996,364,337,295,622.505,603.456,364,337,295,622.505,603.456
r8_m192_same,2,8,same,feasibility,search,decomposition,camera,SAT,2072,0,2072,0,223,223,0,2037,35,2295,2375,1030,94,948,11739.472,11738.362,1126,10,936,12755.6256667,12859.872
r8_m192_same,2,8,same,feasibility,search,decomposition,perturbation,SAT,17,0,17,0,5,5,0,16,1,22,24,9,2,6,73.399,72.809,10,0,7,76.425,74.896
r8_m192_same,2,8,same,feasibility,search,decomposition,perturbation,UNSAT,31,0,31,0,0,0,0,31,0,31,31,10,6,15,34.204,34.179,16,1,14,50.8823333333,36.2036666667
r8_m192_same,2,8,same,feasibility,search,fixed_hit,camera,SAT,2072,176,1896,0,223,0,176,1896,0,2295,2072,1112,70,890,11739.472,11307.646,1124,11,937,12755.6256667,12422.2753333
r8_m192_same,2,8,same,feasibility,search,fixed_hit,perturbation,SAT,17,4,13,0,5,0,4,13,0,22,17,8,0,9,73.399,67.631,10,0,7,76.425,68.8106666667
r8_m192_same,2,8,same,feasibility,search,fixed_hit,perturbation,UNSAT,31,0,31,0,0,0,0,31,0,31,31,12,6,13,34.204,34.239,14,2,15,50.8823333333,35.5016666667
r8_m192_same,2,8,same,feasibility,search,both,camera,SAT,2072,176,1896,0,223,0,176,1896,0,2295,2072,1035,68,969,11739.472,11380.622,1058,12,1002,12755.6256667,13028.4483333
r8_m192_same,2,8,same,feasibility,search,both,perturbation,SAT,17,4,13,0,5,0,4,13,0,22,17,9,0,8,73.399,67.408,7,0,10,76.425,69.4373333333
r8_m192_same,2,8,same,feasibility,search,both,perturbation,UNSAT,31,0,31,0,0,0,0,31,0,31,31,11,5,15,34.204,33.958,16,1,14,50.8823333333,39.751
r8_m192_same,2,8,same,feasibility,fixed_hit,both,camera,SAT,2072,0,2072,0,0,0,0,2072,0,2072,2072,998,84,990,11307.646,11380.622,1089,15,968,12422.2753333,13028.4483333
r8_m192_same,2,8,same,feasibility,fixed_hit,both,perturbation,SAT,17,0,17,0,0,0,0,17,0,17,17,11,0,6,67.631,67.408,10,0,7,68.8106666667,69.4373333333
r8_m192_same,2,8,same,feasibility,fixed_hit,both,perturbation,UNSAT,31,0,31,0,0,0,0,31,0,31,31,12,11,8,34.239,33.958,18,2,11,35.5016666667,39.751
r8_m192_same,2,8,same,projection,search,decomposition,camera,SAT,2072,0,2072,0,385,385,0,2037,35,2998,3146,1032,52,988,19230.046,19172.112,1116,10,946,21316.111,20807.1066667
r8_m192_same,2,8,same,projection,search,decomposition,perturbation,SAT,17,0,17,0,11,11,0,16,1,42,44,5,3,9,146.11,146.163,10,0,7,163.774,148.479666667
r8_m192_same,2,8,same,projection,search,decomposition,perturbation,UNSAT,31,0,31,0,0,0,0,31,0,0,0,9,10,12,33.939,34.063,19,2,10,34.7383333333,34.8933333333
r8_m192_same,2,8,same,projection,search,fixed_hit,camera,SAT,2072,176,1896,0,385,0,69,2003,0,2998,2812,986,46,1040,19230.046,19064.651,1065,7,1000,21316.111,21255.1586667
r8_m192_same,2,8,same,projection,search,fixed_hit,perturbation,SAT,17,4,13,0,11,0,4,13,0,42,32,8,0,9,146.11,133.702,9,0,8,163.774,141.45
r8_m192_same,2,8,same,projection,search,fixed_hit,perturbation,UNSAT,31,0,31,0,0,0,0,31,0,0,0,9,13,9,33.939,33.971,19,3,9,34.7383333333,34.1216666667
r8_m192_same,2,8,same,projection,search,both,camera,SAT,2072,176,1896,0,385,0,69,2003,0,2998,2812,949,38,1085,19230.046,19024.25,920,8,1144,21316.111,21357.5146667
r8_m192_same,2,8,same,projection,search,both,perturbation,SAT,17,4,13,0,11,0,4,13,0,42,32,8,0,9,146.11,132.971,7,1,9,163.774,160.657666667
r8_m192_same,2,8,same,projection,search,both,perturbation,UNSAT,31,0,31,0,0,0,0,31,0,0,0,10,10,11,33.939,34.464,15,2,14,34.7383333333,41.557
r8_m192_same,2,8,same,projection,fixed_hit,both,camera,SAT,2072,0,2072,0,0,0,0,2072,0,2812,2812,1021,55,996,19064.651,19024.25,1080,10,982,21255.1586667,21357.5146667
r8_m192_same,2,8,same,projection,fixed_hit,both,perturbation,SAT,17,0,17,0,0,0,0,17,0,32,32,12,0,5,133.702,132.971,8,0,9,141.45,160.657666667
r8_m192_same,2,8,same,projection,fixed_hit,both,perturbation,UNSAT,31,0,31,0,0,0,0,31,0,0,0,9,10,12,33.971,34.464,13,4,14,34.1216666667,41.557
r8_m192_same,2,8,same,query,search,decomposition,camera,SAT,208,0,208,0,12,12,0,208,0,220,220,99,6,103,1177.307,1179.367,99,6,103,1177.307,1179.367
r8_m192_same,2,8,same,query,search,decomposition,camera,UNSAT,392,0,392,0,0,0,0,392,0,392,392,154,57,181,326.769,362.746,154,57,181,326.769,362.746
r8_m192_same,2,8,same,query,search,decomposition,perturbation,SAT,156,0,156,0,39,39,0,152,4,195,203,83,3,70,771.476,638.091,83,3,70,771.476,638.091
r8_m192_same,2,8,same,query,search,decomposition,perturbation,UNSAT,996,0,996,0,0,0,0,996,0,996,996,380,264,352,659.47,651.069,380,264,352,659.47,651.069
r8_m192_same,2,8,same,query,search,fixed_hit,camera,SAT,208,12,196,0,12,0,12,196,0,220,208,99,3,106,1177.307,1109.671,99,3,106,1177.307,1109.671
r8_m192_same,2,8,same,query,search,fixed_hit,camera,UNSAT,392,0,392,0,0,0,0,392,0,392,392,175,62,155,326.769,475.262,175,62,155,326.769,475.262
r8_m192_same,2,8,same,query,search,fixed_hit,perturbation,SAT,156,35,121,0,39,0,35,121,0,195,156,98,5,53,771.476,575.941,98,5,53,771.476,575.941
r8_m192_same,2,8,same,query,search,fixed_hit,perturbation,UNSAT,996,0,996,0,0,0,0,996,0,996,996,403,249,344,659.47,648.467,403,249,344,659.47,648.467
r8_m192_same,2,8,same,query,search,both,camera,SAT,208,12,196,0,12,0,12,196,0,220,208,101,4,103,1177.307,1093.026,101,4,103,1177.307,1093.026
r8_m192_same,2,8,same,query,search,both,camera,UNSAT,392,0,392,0,0,0,0,392,0,392,392,165,63,164,326.769,325.394,165,63,164,326.769,325.394
r8_m192_same,2,8,same,query,search,both,perturbation,SAT,156,35,121,0,39,0,35,121,0,195,156,83,6,67,771.476,836.668,83,6,67,771.476,836.668
r8_m192_same,2,8,same,query,search,both,perturbation,UNSAT,996,0,996,0,0,0,0,996,0,996,996,378,288,330,659.47,660.561,378,288,330,659.47,660.561
r8_m192_same,2,8,same,query,fixed_hit,both,camera,SAT,208,0,208,0,0,0,0,208,0,208,208,114,6,88,1109.671,1093.026,114,6,88,1109.671,1093.026
r8_m192_same,2,8,same,query,fixed_hit,both,camera,UNSAT,392,0,392,0,0,0,0,392,0,392,392,170,61,161,475.262,325.394,170,61,161,475.262,325.394
r8_m192_same,2,8,same,query,fixed_hit,both,perturbation,SAT,156,0,156,0,0,0,0,156,0,156,156,71,3,82,575.941,836.668,71,3,82,575.941,836.668
r8_m192_same,2,8,same,query,fixed_hit,both,perturbation,UNSAT,996,0,996,0,0,0,0,996,0,996,996,368,304,324,648.467,660.561,368,304,324,648.467,660.561
r8_m024_same,2,8,same,feasibility,search,decomposition,camera,SAT,1875,0,1875,0,221,221,0,1840,35,2096,2176,925,134,816,11093.246,11052.094,1005,15,855,12231.6013333,11729.128
r8_m024_same,2,8,same,feasibility,search,decomposition,perturbation,SAT,13,0,13,0,3,3,0,12,1,16,18,6,2,5,62.515,58.26,7,0,6,80.4713333333,59.702
r8_m024_same,2,8,same,feasibility,search,decomposition,perturbation,UNSAT,35,0,35,0,0,0,0,35,0,35,35,8,12,15,44.997,45.204,13,4,18,48.112,52.031
r8_m024_same,2,8,same,feasibility,search,fixed_hit,camera,SAT,1875,159,1716,0,221,15,159,1716,0,2096,1890,935,147,793,11093.246,10755.666,1000,16,859,12231.6013333,13275.9866667
r8_m024_same,2,8,same,feasibility,search,fixed_hit,perturbation,SAT,13,2,11,0,3,0,2,11,0,16,13,8,2,3,62.515,54.752,7,0,6,80.4713333333,70.2656666667
r8_m024_same,2,8,same,feasibility,search,fixed_hit,perturbation,UNSAT,35,0,35,0,0,0,0,35,0,35,35,13,10,12,44.997,44.894,18,2,15,48.112,46.1953333333
r8_m024_same,2,8,same,feasibility,search,both,camera,SAT,1875,159,1716,0,221,15,159,1716,0,2096,1890,959,128,788,11093.246,10727.128,965,20,890,12231.6013333,11378.8063333
r8_m024_same,2,8,same,feasibility,search,both,perturbation,SAT,13,2,11,0,3,0,2,11,0,16,13,6,1,6,62.515,55.231,7,0,6,80.4713333333,68.282
r8_m024_same,2,8,same,feasibility,search,both,perturbation,UNSAT,35,0,35,0,0,0,0,35,0,35,35,12,10,13,44.997,48.684,16,0,19,48.112,53.5333333333
r8_m024_same,2,8,same,feasibility,fixed_hit,both,camera,SAT,1875,0,1875,0,15,15,0,1875,0,1890,1890,922,139,814,10755.666,10727.128,1024,20,831,13275.9866667,11378.8063333
r8_m024_same,2,8,same,feasibility,fixed_hit,both,perturbation,SAT,13,0,13,0,0,0,0,13,0,13,13,5,0,8,54.752,55.231,7,0,6,70.2656666667,68.282
r8_m024_same,2,8,same,feasibility,fixed_hit,both,perturbation,UNSAT,35,0,35,0,0,0,0,35,0,35,35,9,19,7,44.894,48.684,15,2,18,46.1953333333,53.5333333333
r8_m024_same,2,8,same,projection,search,decomposition,camera,SAT,1875,0,1875,0,381,381,0,1840,35,2976,3124,950,85,840,18492.636,18509.742,1032,13,830,19581.0933333,19610.744
r8_m024_same,2,8,same,projection,search,decomposition,perturbation,SAT,13,0,13,0,5,5,0,12,1,25,27,8,0,5,109.174,105.953,9,0,4,121.524666667,110.408666667
r8_m024_same,2,8,same,projection,search,decomposition,perturbation,UNSAT,35,0,35,0,0,0,0,35,0,0,0,15,9,11,45.082,45.049,25,0,10,55.9576666667,45.2783333333
r8_m024_same,2,8,same,projection,search,fixed_hit,camera,SAT,1875,159,1716,0,381,15,67,1806,2,2976,2799,886,77,912,18492.636,18516.549,921,10,944,19581.0933333,19870.1903333
r8_m024_same,2,8,same,projection,search,fixed_hit,perturbation,SAT,13,2,11,0,5,0,1,12,0,25,23,9,0,4,109.174,105.4,6,0,7,121.524666667,122.873
r8_m024_same,2,8,same,projection,search,fixed_hit,perturbation,UNSAT,35,0,35,0,0,0,0,35,0,0,0,15,6,14,45.082,46.139,18,4,13,55.9576666667,46.9086666667
r8_m024_same,2,8,same,projection,search,both,camera,SAT,1875,159,1716,0,381,15,67,1806,2,2976,2799,883,84,908,18492.636,18480.798,878,9,988,19581.0933333,19958.164
r8_m024_same,2,8,same,projection,search,both,perturbation,SAT,13,2,11,0,5,0,1,12,0,25,23,7,0,6,109.174,105.66,7,0,6,121.524666667,114.794
r8_m024_same,2,8,same,projection,search,both,perturbation,UNSAT,35,0,35,0,0,0,0,35,0,0,0,12,12,11,45.082,45.033,18,3,14,55.9576666667,54.2653333333
r8_m024_same,2,8,same,projection,fixed_hit,both,camera,SAT,1875,0,1875,0,15,15,0,1875,0,2799,2799,931,75,869,18516.549,18480.798,1026,11,838,19870.1903333,19958.164
r8_m024_same,2,8,same,projection,fixed_hit,both,perturbation,SAT,13,0,13,0,0,0,0,13,0,23,23,8,0,5,105.4,105.66,10,0,3,122.873,114.794
r8_m024_same,2,8,same,projection,fixed_hit,both,perturbation,UNSAT,35,0,35,0,0,0,0,35,0,0,0,11,9,15,46.139,45.033,15,3,17,46.9086666667,54.2653333333
r8_m024_same,2,8,same,query,search,decomposition,camera,SAT,198,0,198,0,12,12,0,198,0,210,210,88,5,105,1059.236,1129.271,88,5,105,1059.236,1129.271
r8_m024_same,2,8,same,query,search,decomposition,camera,UNSAT,354,0,354,0,0,0,0,354,0,354,354,146,42,166,327.831,585.195,146,42,166,327.831,585.195
r8_m024_same,2,8,same,query,search,decomposition,perturbation,SAT,114,0,114,0,22,22,0,110,4,136,144,56,3,55,539.687,536.479,56,3,55,539.687,536.479
r8_m024_same,2,8,same,query,search,decomposition,perturbation,UNSAT,1038,0,1038,0,0,0,0,1038,0,1038,1038,377,285,376,814.196,805.165,377,285,376,814.196,805.165
r8_m024_same,2,8,same,query,search,fixed_hit,camera,SAT,198,12,186,0,12,0,12,186,0,210,198,115,6,77,1059.236,1053.343,115,6,77,1059.236,1053.343
r8_m024_same,2,8,same,query,search,fixed_hit,camera,UNSAT,354,0,354,0,0,0,0,354,0,354,354,159,55,140,327.831,360.924,159,55,140,327.831,360.924
r8_m024_same,2,8,same,query,search,fixed_hit,perturbation,SAT,114,18,96,0,22,0,18,96,0,136,114,63,5,46,539.687,528.648,63,5,46,539.687,528.648
r8_m024_same,2,8,same,query,search,fixed_hit,perturbation,UNSAT,1038,0,1038,0,0,0,0,1038,0,1038,1038,386,291,361,814.196,737.357,386,291,361,814.196,737.357
r8_m024_same,2,8,same,query,search,both,camera,SAT,198,12,186,0,12,0,12,186,0,210,198,107,1,90,1059.236,1042.725,107,1,90,1059.236,1042.725
r8_m024_same,2,8,same,query,search,both,camera,UNSAT,354,0,354,0,0,0,0,354,0,354,354,149,56,149,327.831,324.931,149,56,149,327.831,324.931
r8_m024_same,2,8,same,query,search,both,perturbation,SAT,114,18,96,0,22,0,18,96,0,136,114,66,7,41,539.687,494.644,66,7,41,539.687,494.644
r8_m024_same,2,8,same,query,search,both,perturbation,UNSAT,1038,0,1038,0,0,0,0,1038,0,1038,1038,361,273,404,814.196,794.003,361,273,404,814.196,794.003
r8_m024_same,2,8,same,query,fixed_hit,both,camera,SAT,198,0,198,0,0,0,0,198,0,198,198,98,5,95,1053.343,1042.725,98,5,95,1053.343,1042.725
r8_m024_same,2,8,same,query,fixed_hit,both,camera,UNSAT,354,0,354,0,0,0,0,354,0,354,354,158,54,142,360.924,324.931,158,54,142,360.924,324.931
r8_m024_same,2,8,same,query,fixed_hit,both,perturbation,SAT,114,0,114,0,0,0,0,114,0,114,114,68,2,44,528.648,494.644,68,2,44,528.648,494.644
r8_m024_same,2,8,same,query,fixed_hit,both,perturbation,UNSAT,1038,0,1038,0,0,0,0,1038,0,1038,1038,374,268,396,737.357,794.003,374,268,396,737.357,794.003
r8_m024_split,2,8,split,feasibility,search,decomposition,camera,SAT,2084,0,2084,0,197,197,0,2051,33,2281,2357,993,147,944,11905.422,11862.253,1106,29,949,14405.348,13382.2416667
r8_m024_split,2,8,split,feasibility,search,decomposition,perturbation,SAT,13,0,13,0,3,3,0,12,1,16,18,6,0,7,79.301,54.843,7,0,6,172.192333333,58.7846666667
r8_m024_split,2,8,split,feasibility,search,decomposition,perturbation,UNSAT,35,0,35,0,0,0,0,35,0,35,35,18,7,10,43.04,44.297,18,3,14,43.7846666667,46.1316666667
r8_m024_split,2,8,split,feasibility,search,fixed_hit,camera,SAT,2084,146,1938,0,197,6,146,1938,0,2281,2090,1040,150,894,11905.422,11617.814,1121,24,939,14405.348,12817.2616667
r8_m024_split,2,8,split,feasibility,search,fixed_hit,perturbation,SAT,13,2,11,0,3,0,2,11,0,16,13,9,0,4,79.301,51.499,10,0,3,172.192333333,59.09
r8_m024_split,2,8,split,feasibility,search,fixed_hit,perturbation,UNSAT,35,0,35,0,0,0,0,35,0,35,35,17,7,11,43.04,42.59,14,1,20,43.7846666667,80.5136666667
r8_m024_split,2,8,split,feasibility,search,both,camera,SAT,2084,146,1938,0,197,6,146,1938,0,2281,2090,1039,140,905,11905.422,11611.009,1091,21,972,14405.348,12633.36
r8_m024_split,2,8,split,feasibility,search,both,perturbation,SAT,13,2,11,0,3,0,2,11,0,16,13,6,3,4,79.301,51.719,8,1,4,172.192333333,78.991
r8_m024_split,2,8,split,feasibility,search,both,perturbation,UNSAT,35,0,35,0,0,0,0,35,0,35,35,19,6,10,43.04,42.381,16,4,15,43.7846666667,49.8346666667
r8_m024_split,2,8,split,feasibility,fixed_hit,both,camera,SAT,2084,0,2084,0,6,6,0,2084,0,2090,2090,965,161,958,11617.814,11611.009,1095,17,972,12817.2616667,12633.36
r8_m024_split,2,8,split,feasibility,fixed_hit,both,perturbation,SAT,13,0,13,0,0,0,0,13,0,13,13,5,2,6,51.499,51.719,6,0,7,59.09,78.991
r8_m024_split,2,8,split,feasibility,fixed_hit,both,perturbation,UNSAT,35,0,35,0,0,0,0,35,0,35,35,15,12,8,42.59,42.381,20,4,11,80.5136666667,49.8346666667
r8_m024_split,2,8,split,projection,search,decomposition,camera,SAT,2084,0,2084,0,352,352,0,2051,33,3039,3181,1063,97,924,19314.094,19107.115,1169,19,896,21458.6003333,20787.7393333
r8_m024_split,2,8,split,projection,search,decomposition,perturbation,SAT,13,0,13,0,5,5,0,12,1,23,25,9,1,3,93.701,90.085,7,0,6,102.267333333,98.8753333333
r8_m024_split,2,8,split,projection,search,decomposition,perturbation,UNSAT,35,0,35,0,0,0,0,35,0,0,0,10,10,15,42.618,60.122,13,2,20,49.4546666667,63.355
r8_m024_split,2,8,split,projection,search,fixed_hit,camera,SAT,2084,146,1938,0,352,6,66,2018,0,3039,2861,1016,92,976,19314.094,19181.426,1045,6,1033,21458.6003333,20978.455
r8_m024_split,2,8,split,projection,search,fixed_hit,perturbation,SAT,13,2,11,0,5,0,1,12,0,23,21,8,2,3,93.701,89.945,7,0,6,102.267333333,97.8076666667
r8_m024_split,2,8,split,projection,search,fixed_hit,perturbation,UNSAT,35,0,35,0,0,0,0,35,0,0,0,11,8,16,42.618,42.248,15,0,20,49.4546666667,42.9543333333
r8_m024_split,2,8,split,projection,search,both,camera,SAT,2084,146,1938,0,352,6,66,2018,0,3039,2861,1027,96,961,19314.094,19065.93,974,18,1092,21458.6003333,20502.4933333
r8_m024_split,2,8,split,projection,search,both,perturbation,SAT,13,2,11,0,5,0,1,12,0,23,21,7,2,4,93.701,92.181,8,0,5,102.267333333,99.7246666667
r8_m024_split,2,8,split,projection,search,both,perturbation,UNSAT,35,0,35,0,0,0,0,35,0,0,0,7,10,18,42.618,42.356,10,1,24,49.4546666667,49.353
r8_m024_split,2,8,split,projection,fixed_hit,both,camera,SAT,2084,0,2084,0,6,6,0,2084,0,2861,2861,1030,106,948,19181.426,19065.93,1150,17,917,20978.455,20502.4933333
r8_m024_split,2,8,split,projection,fixed_hit,both,perturbation,SAT,13,0,13,0,0,0,0,13,0,21,21,7,2,4,89.945,92.181,7,0,6,97.8076666667,99.7246666667
r8_m024_split,2,8,split,projection,fixed_hit,both,perturbation,UNSAT,35,0,35,0,0,0,0,35,0,0,0,8,12,15,42.248,42.356,16,0,19,42.9543333333,49.353
r8_m024_split,2,8,split,query,search,decomposition,camera,SAT,197,0,197,0,0,0,0,197,0,197,197,112,4,81,1047.033,1043.547,112,4,81,1047.033,1043.547
r8_m024_split,2,8,split,query,search,decomposition,camera,UNSAT,379,0,379,0,0,0,0,379,0,379,379,184,48,147,379.689,366.958,184,48,147,379.689,366.958
r8_m024_split,2,8,split,query,search,decomposition,perturbation,SAT,112,0,112,0,22,22,0,108,4,134,142,71,2,39,642.468,483.327,71,2,39,642.468,483.327
r8_m024_split,2,8,split,query,search,decomposition,perturbation,UNSAT,1040,0,1040,0,0,0,0,1040,0,1040,1040,380,238,422,771.115,839.119,380,238,422,771.115,839.119
r8_m024_split,2,8,split,query,search,fixed_hit,camera,SAT,197,0,197,0,0,0,0,197,0,197,197,103,7,87,1047.033,1118.543,103,7,87,1047.033,1118.543
r8_m024_split,2,8,split,query,search,fixed_hit,camera,UNSAT,379,0,379,0,0,0,0,379,0,379,379,173,47,159,379.689,359.234,173,47,159,379.689,359.234
r8_m024_split,2,8,split,query,search,fixed_hit,perturbation,SAT,112,18,94,0,22,0,18,94,0,134,112,85,8,19,642.468,491.681,85,8,19,642.468,491.681
r8_m024_split,2,8,split,query,search,fixed_hit,perturbation,UNSAT,1040,0,1040,0,0,0,0,1040,0,1040,1040,447,258,335,771.115,730.494,447,258,335,771.115,730.494
r8_m024_split,2,8,split,query,search,both,camera,SAT,197,0,197,0,0,0,0,197,0,197,197,97,7,93,1047.033,1022.494,97,7,93,1047.033,1022.494
r8_m024_split,2,8,split,query,search,both,camera,UNSAT,379,0,379,0,0,0,0,379,0,379,379,169,50,160,379.689,338.257,169,50,160,379.689,338.257
r8_m024_split,2,8,split,query,search,both,perturbation,SAT,112,18,94,0,22,0,18,94,0,134,112,83,3,26,642.468,451.102,83,3,26,642.468,451.102
r8_m024_split,2,8,split,query,search,both,perturbation,UNSAT,1040,0,1040,0,0,0,0,1040,0,1040,1040,391,250,399,771.115,720.584,391,250,399,771.115,720.584
r8_m024_split,2,8,split,query,fixed_hit,both,camera,SAT,197,0,197,0,0,0,0,197,0,197,197,108,5,84,1118.543,1022.494,108,5,84,1118.543,1022.494
r8_m024_split,2,8,split,query,fixed_hit,both,camera,UNSAT,379,0,379,0,0,0,0,379,0,379,379,181,57,141,359.234,338.257,181,57,141,359.234,338.257
r8_m024_split,2,8,split,query,fixed_hit,both,perturbation,SAT,112,0,112,0,0,0,0,112,0,112,112,49,12,51,491.681,451.102,49,12,51,491.681,451.102
r8_m024_split,2,8,split,query,fixed_hit,both,perturbation,UNSAT,1040,0,1040,0,0,0,0,1040,0,1040,1040,340,247,453,730.494,720.584,340,247,453,730.494,720.584
r8_m036_split,2,8,split,feasibility,search,decomposition,camera,SAT,2102,0,2102,0,200,200,0,2069,33,2302,2378,1029,112,961,12385.948,12371.547,1149,10,943,13291.1416667,14054.6896667
r8_m036_split,2,8,split,feasibility,search,decomposition,perturbation,SAT,14,0,14,0,4,4,0,13,1,18,20,6,1,7,60.013,59.752,8,1,5,67.0996666667,60.9976666667
r8_m036_split,2,8,split,feasibility,search,decomposition,perturbation,UNSAT,34,0,34,0,0,0,0,34,0,34,34,18,6,10,40.27,40.103,18,1,15,40.9153333333,47.5223333333
r8_m036_split,2,8,split,feasibility,search,fixed_hit,camera,SAT,2102,155,1947,0,200,0,155,1947,0,2302,2102,1073,88,941,12385.948,12066.09,1128,13,961,13291.1416667,12941.8843333
r8_m036_split,2,8,split,feasibility,search,fixed_hit,perturbation,SAT,14,3,11,0,4,0,3,11,0,18,14,5,0,9,60.013,55.343,8,0,6,67.0996666667,57.1156666667
r8_m036_split,2,8,split,feasibility,search,fixed_hit,perturbation,UNSAT,34,0,34,0,0,0,0,34,0,34,34,17,8,9,40.27,40.088,17,2,15,40.9153333333,40.8186666667
r8_m036_split,2,8,split,feasibility,search,both,camera,SAT,2102,155,1947,0,200,0,155,1947,0,2302,2102,1082,105,915,12385.948,12014.674,1071,10,1021,13291.1416667,12879.609
r8_m036_split,2,8,split,feasibility,search,both,perturbation,SAT,14,3,11,0,4,0,3,11,0,18,14,9,0,5,60.013,55.152,8,0,6,67.0996666667,73.4443333333
r8_m036_split,2,8,split,feasibility,search,both,perturbation,UNSAT,34,0,34,0,0,0,0,34,0,34,34,13,8,13,40.27,40.13,15,1,18,40.9153333333,40.7173333333
r8_m036_split,2,8,split,feasibility,fixed_hit,both,camera,SAT,2102,0,2102,0,0,0,0,2102,0,2102,2102,1025,120,957,12066.09,12014.674,1133,11,958,12941.8843333,12879.609
r8_m036_split,2,8,split,feasibility,fixed_hit,both,perturbation,SAT,14,0,14,0,0,0,0,14,0,14,14,9,2,3,55.343,55.152,8,0,6,57.1156666667,73.4443333333
r8_m036_split,2,8,split,feasibility,fixed_hit,both,perturbation,UNSAT,34,0,34,0,0,0,0,34,0,34,34,7,8,19,40.088,40.13,13,1,20,40.8186666667,40.7173333333
r8_m036_split,2,8,split,projection,search,decomposition,camera,SAT,2102,0,2102,0,358,358,0,2069,33,3011,3153,1076,55,971,19759.144,19991.286,1152,14,936,21538.1473333,21293.6886667
r8_m036_split,2,8,split,projection,search,decomposition,perturbation,SAT,14,0,14,0,8,8,0,13,1,34,36,7,1,6,120.713,120.571,10,0,4,127.62,140.076666667
r8_m036_split,2,8,split,projection,search,decomposition,perturbation,UNSAT,34,0,34,0,0,0,0,34,0,0,0,16,7,11,39.331,39.265,14,3,17,44.4213333333,40.3173333333
r8_m036_split,2,8,split,projection,search,fixed_hit,camera,SAT,2102,155,1947,0,358,0,69,2033,0,3011,2827,1054,52,996,19759.144,19602.379,1058,7,1037,21538.1473333,21177.5576667
r8_m036_split,2,8,split,projection,search,fixed_hit,perturbation,SAT,14,3,11,0,8,0,2,12,0,34,28,7,0,7,120.713,112.971,10,0,4,127.62,121.083666667
r8_m036_split,2,8,split,projection,search,fixed_hit,perturbation,UNSAT,34,0,34,0,0,0,0,34,0,0,0,13,7,14,39.331,38.979,16,0,18,44.4213333333,43.288
r8_m036_split,2,8,split,projection,search,both,camera,SAT,2102,155,1947,0,358,0,69,2033,0,3011,2827,1002,52,1048,19759.144,19540.101,970,4,1128,21538.1473333,20973.687
r8_m036_split,2,8,split,projection,search,both,perturbation,SAT,14,3,11,0,8,0,2,12,0,34,28,7,0,7,120.713,113.061,8,0,6,127.62,114.05
r8_m036_split,2,8,split,projection,search,both,perturbation,UNSAT,34,0,34,0,0,0,0,34,0,0,0,15,9,10,39.331,39.231,14,2,18,44.4213333333,39.3776666667
r8_m036_split,2,8,split,projection,fixed_hit,both,camera,SAT,2102,0,2102,0,0,0,0,2102,0,2827,2827,1001,56,1045,19602.379,19540.101,1094,9,999,21177.5576667,20973.687
r8_m036_split,2,8,split,projection,fixed_hit,both,perturbation,SAT,14,0,14,0,0,0,0,14,0,28,28,6,0,8,112.971,113.061,8,0,6,121.083666667,114.05
r8_m036_split,2,8,split,projection,fixed_hit,both,perturbation,UNSAT,34,0,34,0,0,0,0,34,0,0,0,12,10,12,38.979,39.231,16,4,14,43.288,39.3776666667
r8_m036_split,2,8,split,query,search,decomposition,camera,SAT,196,0,196,0,0,0,0,196,0,196,196,113,6,77,1087.585,1069.608,113,6,77,1087.585,1069.608
r8_m036_split,2,8,split,query,search,decomposition,camera,UNSAT,380,0,380,0,0,0,0,380,0,380,380,173,59,148,363.11,356.463,173,59,148,363.11,356.463
r8_m036_split,2,8,split,query,search,decomposition,perturbation,SAT,129,0,129,0,31,31,0,125,4,160,168,77,2,50,553.153,578.766,77,2,50,553.153,578.766
r8_m036_split,2,8,split,query,search,decomposition,perturbation,UNSAT,1023,0,1023,0,0,0,0,1023,0,1023,1023,387,247,389,798.057,692.941,387,247,389,798.057,692.941
r8_m036_split,2,8,split,query,search,fixed_hit,camera,SAT,196,0,196,0,0,0,0,196,0,196,196,109,1,86,1087.585,1137.684,109,1,86,1087.585,1137.684
r8_m036_split,2,8,split,query,search,fixed_hit,camera,UNSAT,380,0,380,0,0,0,0,380,0,380,380,181,53,146,363.11,394.031,181,53,146,363.11,394.031
r8_m036_split,2,8,split,query,search,fixed_hit,perturbation,SAT,129,27,102,0,31,0,27,102,0,160,129,73,2,54,553.153,499.231,73,2,54,553.153,499.231
r8_m036_split,2,8,split,query,search,fixed_hit,perturbation,UNSAT,1023,0,1023,0,0,0,0,1023,0,1023,1023,409,252,362,798.057,686.815,409,252,362,798.057,686.815
r8_m036_split,2,8,split,query,search,both,camera,SAT,196,0,196,0,0,0,0,196,0,196,196,97,4,95,1087.585,1279.179,97,4,95,1087.585,1279.179
r8_m036_split,2,8,split,query,search,both,camera,UNSAT,380,0,380,0,0,0,0,380,0,380,380,178,52,150,363.11,360.37,178,52,150,363.11,360.37
r8_m036_split,2,8,split,query,search,both,perturbation,SAT,129,27,102,0,31,0,27,102,0,160,129,85,1,43,553.153,513.662,85,1,43,553.153,513.662
r8_m036_split,2,8,split,query,search,both,perturbation,UNSAT,1023,0,1023,0,0,0,0,1023,0,1023,1023,361,248,414,798.057,674.247,361,248,414,798.057,674.247
r8_m036_split,2,8,split,query,fixed_hit,both,camera,SAT,196,0,196,0,0,0,0,196,0,196,196,105,4,87,1137.684,1279.179,105,4,87,1137.684,1279.179
r8_m036_split,2,8,split,query,fixed_hit,both,camera,UNSAT,380,0,380,0,0,0,0,380,0,380,380,185,52,143,394.031,360.37,185,52,143,394.031,360.37
r8_m036_split,2,8,split,query,fixed_hit,both,perturbation,SAT,129,0,129,0,0,0,0,129,0,129,129,85,1,43,499.231,513.662,85,1,43,499.231,513.662
r8_m036_split,2,8,split,query,fixed_hit,both,perturbation,UNSAT,1023,0,1023,0,0,0,0,1023,0,1023,1023,377,239,407,686.815,674.247,377,239,407,686.815,674.247
r8_m036_same,2,8,same,feasibility,search,decomposition,camera,SAT,1915,0,1915,0,223,223,0,1880,35,2138,2218,962,80,873,11205.237,11168.843,1018,12,885,12921.3736667,12664.3313333
r8_m036_same,2,8,same,feasibility,search,decomposition,perturbation,SAT,14,0,14,0,5,5,0,13,1,19,21,7,1,6,62.606,62.523,10,0,4,65.8853333333,63.0036666667
r8_m036_same,2,8,same,feasibility,search,decomposition,perturbation,UNSAT,34,0,34,0,0,0,0,34,0,34,34,12,13,9,37.895,37.772,17,0,17,39.0373333333,38.6226666667
r8_m036_same,2,8,same,feasibility,search,fixed_hit,camera,SAT,1915,169,1746,0,223,7,169,1746,0,2138,1922,978,79,858,11205.237,10819.502,997,11,907,12921.3736667,12374.8186667
r8_m036_same,2,8,same,feasibility,search,fixed_hit,perturbation,SAT,14,4,10,0,5,0,4,10,0,19,14,10,0,4,62.606,53.364,9,0,5,65.8853333333,54.0826666667
r8_m036_same,2,8,same,feasibility,search,fixed_hit,perturbation,UNSAT,34,0,34,0,0,0,0,34,0,34,34,10,11,13,37.895,37.949,10,2,22,39.0373333333,38.8853333333
r8_m036_same,2,8,same,feasibility,search,both,camera,SAT,1915,169,1746,0,223,7,169,1746,0,2138,1922,1014,77,824,11205.237,10821.227,928,9,978,12921.3736667,12395.7726667
r8_m036_same,2,8,same,feasibility,search,both,perturbation,SAT,14,4,10,0,5,0,4,10,0,19,14,7,1,6,62.606,53.562,7,0,7,65.8853333333,55.552
r8_m036_same,2,8,same,feasibility,search,both,perturbation,UNSAT,34,0,34,0,0,0,0,34,0,34,34,8,10,16,37.895,37.953,8,0,26,39.0373333333,38.5213333333
r8_m036_same,2,8,same,feasibility,fixed_hit,both,camera,SAT,1915,0,1915,0,7,7,0,1915,0,1922,1922,965,95,855,10819.502,10821.227,1055,14,846,12374.8186667,12395.7726667
r8_m036_same,2,8,same,feasibility,fixed_hit,both,perturbation,SAT,14,0,14,0,0,0,0,14,0,14,14,4,2,8,53.364,53.562,7,0,7,54.0826666667,55.552
r8_m036_same,2,8,same,feasibility,fixed_hit,both,perturbation,UNSAT,34,0,34,0,0,0,0,34,0,34,34,11,11,12,37.949,37.953,17,2,15,38.8853333333,38.5213333333
r8_m036_same,2,8,same,projection,search,decomposition,camera,SAT,1915,0,1915,0,393,393,0,1880,35,2932,3080,958,44,913,18627.605,18489.967,1033,2,880,21265.779,21333.128
r8_m036_same,2,8,same,projection,search,decomposition,perturbation,SAT,14,0,14,0,9,9,0,13,1,36,38,6,2,6,126.713,127.655,8,0,6,133.211333333,128.182
r8_m036_same,2,8,same,projection,search,decomposition,perturbation,UNSAT,34,0,34,0,0,0,0,34,0,0,0,14,8,12,37.868,37.87,14,2,18,38.358,38.3013333333
r8_m036_same,2,8,same,projection,search,fixed_hit,camera,SAT,1915,169,1746,0,393,9,74,1841,0,2932,2743,969,28,918,18627.605,18427.576,961,8,946,21265.779,22024.329
r8_m036_same,2,8,same,projection,search,fixed_hit,perturbation,SAT,14,4,10,0,9,0,2,12,0,36,30,7,0,7,126.713,120.32,6,0,8,133.211333333,126.197333333
r8_m036_same,2,8,same,projection,search,fixed_hit,perturbation,UNSAT,34,0,34,0,0,0,0,34,0,0,0,9,10,15,37.868,37.87,12,1,21,38.358,38.365
r8_m036_same,2,8,same,projection,search,both,camera,SAT,1915,169,1746,0,393,9,74,1841,0,2932,2743,883,41,991,18627.605,18380.012,855,7,1053,21265.779,21686.2326667
r8_m036_same,2,8,same,projection,search,both,perturbation,SAT,14,4,10,0,9,0,2,12,0,36,30,2,0,12,126.713,121.015,4,0,10,133.211333333,121.077333333
r8_m036_same,2,8,same,projection,search,both,perturbation,UNSAT,34,0,34,0,0,0,0,34,0,0,0,10,8,16,37.868,38.015,11,1,22,38.358,38.2843333333
r8_m036_same,2,8,same,projection,fixed_hit,both,camera,SAT,1915,0,1915,0,9,9,0,1915,0,2743,2743,894,49,972,18427.576,18380.012,950,11,954,22024.329,21686.2326667
r8_m036_same,2,8,same,projection,fixed_hit,both,perturbation,SAT,14,0,14,0,0,0,0,14,0,30,30,7,0,7,120.32,121.015,9,0,5,126.197333333,121.077333333
r8_m036_same,2,8,same,projection,fixed_hit,both,perturbation,UNSAT,34,0,34,0,0,0,0,34,0,0,0,8,10,16,37.87,38.015,14,2,18,38.365,38.2843333333
r8_m036_same,2,8,same,query,search,decomposition,camera,SAT,204,0,204,0,9,9,0,204,0,213,213,109,1,94,1074.289,1104.05,109,1,94,1074.289,1104.05
r8_m036_same,2,8,same,query,search,decomposition,camera,UNSAT,372,0,372,0,0,0,0,372,0,372,372,160,49,163,343.848,455.04,160,49,163,343.848,455.04
r8_m036_same,2,8,same,query,search,decomposition,perturbation,SAT,132,0,132,0,38,38,0,128,4,170,178,67,2,63,548.067,544.372,67,2,63,548.067,544.372
r8_m036_same,2,8,same,query,search,decomposition,perturbation,UNSAT,1020,0,1020,0,0,0,0,1020,0,1020,1020,371,278,371,647.586,638.219,371,278,371,647.586,638.219
r8_m036_same,2,8,same,query,search,fixed_hit,camera,SAT,204,9,195,0,9,0,9,195,0,213,204,101,3,100,1074.289,1073.022,101,3,100,1074.289,1073.022
r8_m036_same,2,8,same,query,search,fixed_hit,camera,UNSAT,372,0,372,0,0,0,0,372,0,372,372,149,42,181,343.848,331.956,149,42,181,343.848,331.956
r8_m036_same,2,8,same,query,search,fixed_hit,perturbation,SAT,132,34,98,0,38,0,34,98,0,170,132,79,2,51,548.067,489.323,79,2,51,548.067,489.323
r8_m036_same,2,8,same,query,search,fixed_hit,perturbation,UNSAT,1020,0,1020,0,0,0,0,1020,0,1020,1020,361,263,396,647.586,685.087,361,263,396,647.586,685.087
r8_m036_same,2,8,same,query,search,both,camera,SAT,204,9,195,0,9,0,9,195,0,213,204,115,6,83,1074.289,1085.399,115,6,83,1074.289,1085.399
r8_m036_same,2,8,same,query,search,both,camera,UNSAT,372,0,372,0,0,0,0,372,0,372,372,164,64,144,343.848,360.169,164,64,144,343.848,360.169
r8_m036_same,2,8,same,query,search,both,perturbation,SAT,132,34,98,0,38,0,34,98,0,170,132,71,2,59,548.067,533.565,71,2,59,548.067,533.565
r8_m036_same,2,8,same,query,search,both,perturbation,UNSAT,1020,0,1020,0,0,0,0,1020,0,1020,1020,352,285,383,647.586,713.554,352,285,383,647.586,713.554
r8_m036_same,2,8,same,query,fixed_hit,both,camera,SAT,204,0,204,0,0,0,0,204,0,204,204,129,5,70,1073.022,1085.399,129,5,70,1073.022,1085.399
r8_m036_same,2,8,same,query,fixed_hit,both,camera,UNSAT,372,0,372,0,0,0,0,372,0,372,372,188,62,122,331.956,360.169,188,62,122,331.956,360.169
r8_m036_same,2,8,same,query,fixed_hit,both,perturbation,SAT,132,0,132,0,0,0,0,132,0,132,132,73,8,51,489.323,533.565,73,8,51,489.323,533.565
r8_m036_same,2,8,same,query,fixed_hit,both,perturbation,UNSAT,1020,0,1020,0,0,0,0,1020,0,1020,1020,388,270,362,685.087,713.554,388,270,362,685.087,713.554
r8_m007_same,3,8,same,feasibility,search,decomposition,camera,SAT,2965,0,2965,0,343,343,0,2912,53,3308,3426,1392,235,1338,17261.412,17199.471,1593,30,1342,18146.956,18178.4416667
r8_m007_same,3,8,same,feasibility,search,decomposition,perturbation,SAT,14,0,14,0,2,2,0,14,0,16,16,6,0,8,60.441,60.381,8,0,6,61.1056666667,61.336
r8_m007_same,3,8,same,feasibility,search,decomposition,perturbation,UNSAT,34,0,34,0,0,0,0,34,0,34,34,13,10,11,44.449,44.405,17,2,15,45.022,45.2483333333
r8_m007_same,3,8,same,feasibility,search,fixed_hit,camera,SAT,2965,276,2689,0,343,0,276,2689,0,3308,2965,1506,211,1248,17261.412,16603.286,1606,35,1324,18146.956,17672.0616667
r8_m007_same,3,8,same,feasibility,search,fixed_hit,perturbation,SAT,14,2,12,0,2,0,2,12,0,16,14,8,1,5,60.441,56.394,9,0,5,61.1056666667,57.6046666667
r8_m007_same,3,8,same,feasibility,search,fixed_hit,perturbation,UNSAT,34,0,34,0,0,0,0,34,0,34,34,13,10,11,44.449,44.36,17,2,15,45.022,45.3176666667
r8_m007_same,3,8,same,feasibility,search,both,camera,SAT,2965,276,2689,0,343,0,276,2689,0,3308,2965,1474,209,1282,17261.412,16636.589,1521,31,1413,18146.956,17693.3023333
r8_m007_same,3,8,same,feasibility,search,both,perturbation,SAT,14,2,12,0,2,0,2,12,0,16,14,8,1,5,60.441,55.713,7,1,6,61.1056666667,57.3663333333
r8_m007_same,3,8,same,feasibility,search,both,perturbation,UNSAT,34,0,34,0,0,0,0,34,0,34,34,14,9,11,44.449,44.379,15,2,17,45.022,45.2866666667
r8_m007_same,3,8,same,feasibility,fixed_hit,both,camera,SAT,2965,0,2965,0,0,0,0,2965,0,2965,2965,1393,215,1357,16603.286,16636.589,1591,45,1329,17672.0616667,17693.3023333
r8_m007_same,3,8,same,feasibility,fixed_hit,both,perturbation,SAT,14,0,14,0,0,0,0,14,0,14,14,8,2,4,56.394,55.713,6,2,6,57.6046666667,57.3663333333
r8_m007_same,3,8,same,feasibility,fixed_hit,both,perturbation,UNSAT,34,0,34,0,0,0,0,34,0,34,34,12,10,12,44.36,44.379,21,0,13,45.3176666667,45.2866666667
r8_m007_same,3,8,same,projection,search,decomposition,camera,SAT,2965,0,2965,0,575,575,0,2912,53,4516,4716,1456,122,1387,28101.103,28073.764,1616,12,1337,29454.3916667,29807.2766667
r8_m007_same,3,8,same,projection,search,decomposition,perturbation,SAT,14,0,14,0,2,2,0,14,0,22,22,5,0,9,104.317,104.298,8,0,6,105.970333333,105.198666667
r8_m007_same,3,8,same,projection,search,decomposition,perturbation,UNSAT,34,0,34,0,0,0,0,34,0,0,0,11,11,12,44.397,44.498,18,0,16,44.9466666667,49.3666666667
r8_m007_same,3,8,same,projection,search,fixed_hit,camera,SAT,2965,276,2689,0,575,0,110,2853,2,4516,4250,1395,109,1461,28101.103,28037.405,1479,10,1476,29454.3916667,29703.788
r8_m007_same,3,8,same,projection,search,fixed_hit,perturbation,SAT,14,2,12,0,2,0,0,14,0,22,22,8,0,6,104.317,106.12,8,0,6,105.970333333,121.302666667
r8_m007_same,3,8,same,projection,search,fixed_hit,perturbation,UNSAT,34,0,34,0,0,0,0,34,0,0,0,8,15,11,44.397,44.505,15,3,16,44.9466666667,45.0006666667
r8_m007_same,3,8,same,projection,search,both,camera,SAT,2965,276,2689,0,575,0,110,2853,2,4516,4250,1352,108,1505,28101.103,27999.812,1360,19,1586,29454.3916667,29475.9873333
r8_m007_same,3,8,same,projection,search,both,perturbation,SAT,14,2,12,0,2,0,0,14,0,22,22,4,3,7,104.317,105.751,5,0,9,105.970333333,111.458
r8_m007_same,3,8,same,projection,search,both,perturbation,UNSAT,34,0,34,0,0,0,0,34,0,0,0,7,15,12,44.397,44.537,15,3,16,44.9466666667,53.8776666667
r8_m007_same,3,8,same,projection,fixed_hit,both,camera,SAT,2965,0,2965,0,0,0,0,2965,0,4250,4250,1452,124,1389,28037.405,27999.812,1641,25,1299,29703.788,29475.9873333
r8_m007_same,3,8,same,projection,fixed_hit,both,perturbation,SAT,14,0,14,0,0,0,0,14,0,22,22,6,1,7,106.12,105.751,7,0,7,121.302666667,111.458
r8_m007_same,3,8,same,projection,fixed_hit,both,perturbation,UNSAT,34,0,34,0,0,0,0,34,0,0,0,9,13,12,44.505,44.537,18,1,15,45.0006666667,53.8776666667
r8_m007_same,3,8,same,query,search,decomposition,camera,SAT,287,0,287,0,24,24,0,283,4,311,319,133,8,146,1587.025,1592.363,133,8,146,1587.025,1592.363
r8_m007_same,3,8,same,query,search,decomposition,camera,UNSAT,529,0,529,0,0,0,0,529,0,529,529,237,85,207,565.656,497.582,237,85,207,565.656,497.582
r8_m007_same,3,8,same,query,search,decomposition,perturbation,SAT,120,0,120,0,12,12,0,120,0,132,132,76,5,39,508.386,507.274,76,5,39,508.386,507.274
r8_m007_same,3,8,same,query,search,decomposition,perturbation,UNSAT,1032,0,1032,0,0,0,0,1032,0,1032,1032,373,290,369,714.622,751.679,373,290,369,714.622,751.679
r8_m007_same,3,8,same,query,search,fixed_hit,camera,SAT,287,20,267,0,24,0,20,267,0,311,287,142,7,138,1587.025,1635.233,142,7,138,1587.025,1635.233
r8_m007_same,3,8,same,query,search,fixed_hit,camera,UNSAT,529,0,529,0,0,0,0,529,0,529,529,207,77,245,565.656,523.325,207,77,245,565.656,523.325
r8_m007_same,3,8,same,query,search,fixed_hit,perturbation,SAT,120,12,108,0,12,0,12,108,0,132,120,79,3,38,508.386,453.22,79,3,38,508.386,453.22
r8_m007_same,3,8,same,query,search,fixed_hit,perturbation,UNSAT,1032,0,1032,0,0,0,0,1032,0,1032,1032,363,290,379,714.622,783.308,363,290,379,714.622,783.308
r8_m007_same,3,8,same,query,search,both,camera,SAT,287,20,267,0,24,0,20,267,0,311,287,139,5,143,1587.025,1761.439,139,5,143,1587.025,1761.439
r8_m007_same,3,8,same,query,search,both,camera,UNSAT,529,0,529,0,0,0,0,529,0,529,529,200,91,238,565.656,493.069,200,91,238,565.656,493.069
r8_m007_same,3,8,same,query,search,both,perturbation,SAT,120,12,108,0,12,0,12,108,0,132,120,74,2,44,508.386,456.865,74,2,44,508.386,456.865
r8_m007_same,3,8,same,query,search,both,perturbation,UNSAT,1032,0,1032,0,0,0,0,1032,0,1032,1032,342,304,386,714.622,714.722,342,304,386,714.622,714.722
r8_m007_same,3,8,same,query,fixed_hit,both,camera,SAT,287,0,287,0,0,0,0,287,0,287,287,171,8,108,1635.233,1761.439,171,8,108,1635.233,1761.439
r8_m007_same,3,8,same,query,fixed_hit,both,camera,UNSAT,529,0,529,0,0,0,0,529,0,529,529,258,84,187,523.325,493.069,258,84,187,523.325,493.069
r8_m007_same,3,8,same,query,fixed_hit,both,perturbation,SAT,120,0,120,0,0,0,0,120,0,120,120,61,8,51,453.22,456.865,61,8,51,453.22,456.865
r8_m007_same,3,8,same,query,fixed_hit,both,perturbation,UNSAT,1032,0,1032,0,0,0,0,1032,0,1032,1032,379,304,349,783.308,714.722,379,304,349,783.308,714.722
r8_m007_split,3,8,split,feasibility,search,decomposition,camera,SAT,3241,0,3241,0,313,313,0,3190,51,3554,3668,1588,124,1529,18597.79,18629.373,1758,21,1462,21035.6636667,21154.6596667
r8_m007_split,3,8,split,feasibility,search,decomposition,perturbation,SAT,14,0,14,0,1,1,0,14,0,15,15,7,2,5,55.735,55.704,6,0,8,57.0026666667,58.174
r8_m007_split,3,8,split,feasibility,search,decomposition,perturbation,UNSAT,34,0,34,0,0,0,0,34,0,34,34,14,10,10,42.644,42.365,18,2,14,43.913,43.7303333333
r8_m007_split,3,8,split,feasibility,search,fixed_hit,camera,SAT,3241,248,2993,0,313,0,248,2993,0,3554,3241,1662,138,1441,18597.79,18082.883,1750,17,1474,21035.6636667,20344.2723333
r8_m007_split,3,8,split,feasibility,search,fixed_hit,perturbation,SAT,14,1,13,0,1,0,1,13,0,15,14,9,0,5,55.735,54.893,6,0,8,57.0026666667,56.7066666667
r8_m007_split,3,8,split,feasibility,search,fixed_hit,perturbation,UNSAT,34,0,34,0,0,0,0,34,0,34,34,10,11,13,42.644,44.707,16,1,17,43.913,54.4233333333
r8_m007_split,3,8,split,feasibility,search,both,camera,SAT,3241,248,2993,0,313,0,248,2993,0,3554,3241,1647,137,1457,18597.79,18087.369,1662,20,1559,21035.6636667,20220.0133333
r8_m007_split,3,8,split,feasibility,search,both,perturbation,SAT,14,1,13,0,1,0,1,13,0,15,14,5,1,8,55.735,55.846,9,0,5,57.0026666667,56.1186666667
r8_m007_split,3,8,split,feasibility,search,both,perturbation,UNSAT,34,0,34,0,0,0,0,34,0,34,34,12,13,9,42.644,42.602,14,1,19,43.913,42.8456666667
r8_m007_split,3,8,split,feasibility,fixed_hit,both,camera,SAT,3241,0,3241,0,0,0,0,3241,0,3241,3241,1561,139,1541,18082.883,18087.369,1733,28,1480,20344.2723333,20220.0133333
r8_m007_split,3,8,split,feasibility,fixed_hit,both,perturbation,SAT,14,0,14,0,0,0,0,14,0,14,14,5,1,8,54.893,55.846,9,0,5,56.7066666667,56.1186666667
r8_m007_split,3,8,split,feasibility,fixed_hit,both,perturbation,UNSAT,34,0,34,0,0,0,0,34,0,34,34,14,9,11,44.707,42.602,17,2,15,54.4233333333,42.8456666667
r8_m007_split,3,8,split,projection,search,decomposition,camera,SAT,3241,0,3241,0,529,529,0,3190,51,4603,4797,1607,78,1556,30207.748,29973.039,1772,15,1454,34710.538,34150.5463333
r8_m007_split,3,8,split,projection,search,decomposition,perturbation,SAT,14,0,14,0,1,1,0,14,0,19,19,4,1,9,93.351,93.996,7,0,7,97.7043333333,97.4446666667
r8_m007_split,3,8,split,projection,search,decomposition,perturbation,UNSAT,34,0,34,0,0,0,0,34,0,0,0,13,10,11,42.394,42.335,18,3,13,44.0856666667,42.9693333333
r8_m007_split,3,8,split,projection,search,fixed_hit,camera,SAT,3241,248,2993,0,529,0,98,3142,1,4603,4352,1520,64,1657,30207.748,29792.743,1616,15,1610,34710.538,33692.2463333
r8_m007_split,3,8,split,projection,search,fixed_hit,perturbation,SAT,14,1,13,0,1,0,0,14,0,19,19,5,0,9,93.351,93.793,4,0,10,97.7043333333,103.650333333
r8_m007_split,3,8,split,projection,search,fixed_hit,perturbation,UNSAT,34,0,34,0,0,0,0,34,0,0,0,11,11,12,42.394,43.116,18,2,14,44.0856666667,59.9166666667
r8_m007_split,3,8,split,projection,search,both,camera,SAT,3241,248,2993,0,529,0,98,3142,1,4603,4352,1463,88,1690,30207.748,30059.717,1494,9,1738,34710.538,33656.9216667
r8_m007_split,3,8,split,projection,search,both,perturbation,SAT,14,1,13,0,1,0,0,14,0,19,19,2,0,12,93.351,95.514,8,0,6,97.7043333333,95.137
r8_m007_split,3,8,split,projection,search,both,perturbation,UNSAT,34,0,34,0,0,0,0,34,0,0,0,17,5,12,42.394,42.446,18,0,16,44.0856666667,42.7466666667
r8_m007_split,3,8,split,projection,fixed_hit,both,camera,SAT,3241,0,3241,0,0,0,0,3241,0,4352,4352,1623,77,1541,29792.743,30059.717,1712,19,1510,33692.2463333,33656.9216667
r8_m007_split,3,8,split,projection,fixed_hit,both,perturbation,SAT,14,0,14,0,0,0,0,14,0,19,19,7,0,7,93.793,95.514,12,0,2,103.650333333,95.137
r8_m007_split,3,8,split,projection,fixed_hit,both,perturbation,UNSAT,34,0,34,0,0,0,0,34,0,0,0,15,7,12,43.116,42.446,18,3,13,59.9166666667,42.7466666667
r8_m007_split,3,8,split,query,search,decomposition,camera,SAT,301,0,301,0,32,32,0,293,8,333,349,153,7,141,1805.32,1605.224,153,7,141,1805.32,1605.224
r8_m007_split,3,8,split,query,search,decomposition,camera,UNSAT,563,0,563,0,0,0,0,563,0,563,563,254,84,225,527.377,686.183,254,84,225,527.377,686.183
r8_m007_split,3,8,split,query,search,decomposition,perturbation,SAT,117,0,117,0,6,6,0,117,0,123,123,52,5,60,453.918,494.326,52,5,60,453.918,494.326
r8_m007_split,3,8,split,query,search,decomposition,perturbation,UNSAT,1035,0,1035,0,0,0,0,1035,0,1035,1035,396,272,367,793.038,710.452,396,272,367,793.038,710.452
r8_m007_split,3,8,split,query,search,fixed_hit,camera,SAT,301,24,277,0,32,0,24,277,0,333,301,141,4,156,1805.32,1664.745,141,4,156,1805.32,1664.745
r8_m007_split,3,8,split,query,search,fixed_hit,camera,UNSAT,563,0,563,0,0,0,0,563,0,563,563,249,66,248,527.377,571.06,249,66,248,527.377,571.06
r8_m007_split,3,8,split,query,search,fixed_hit,perturbation,SAT,117,6,111,0,6,0,6,111,0,123,117,51,4,62,453.918,460.587,51,4,62,453.918,460.587
r8_m007_split,3,8,split,query,search,fixed_hit,perturbation,UNSAT,1035,0,1035,0,0,0,0,1035,0,1035,1035,436,265,334,793.038,729.054,436,265,334,793.038,729.054
r8_m007_split,3,8,split,query,search,both,camera,SAT,301,24,277,0,32,0,24,277,0,333,301,153,10,138,1805.32,1630.59,153,10,138,1805.32,1630.59
r8_m007_split,3,8,split,query,search,both,camera,UNSAT,563,0,563,0,0,0,0,563,0,563,563,233,83,247,527.377,547.129,233,83,247,527.377,547.129
r8_m007_split,3,8,split,query,search,both,perturbation,SAT,117,6,111,0,6,0,6,111,0,123,117,61,2,54,453.918,462.805,61,2,54,453.918,462.805
r8_m007_split,3,8,split,query,search,both,perturbation,UNSAT,1035,0,1035,0,0,0,0,1035,0,1035,1035,404,260,371,793.038,767.338,404,260,371,793.038,767.338
r8_m007_split,3,8,split,query,fixed_hit,both,camera,SAT,301,0,301,0,0,0,0,301,0,301,301,172,4,125,1664.745,1630.59,172,4,125,1664.745,1630.59
r8_m007_split,3,8,split,query,fixed_hit,both,camera,UNSAT,563,0,563,0,0,0,0,563,0,563,563,262,72,229,571.06,547.129,262,72,229,571.06,547.129
r8_m007_split,3,8,split,query,fixed_hit,both,perturbation,SAT,117,0,117,0,0,0,0,117,0,117,117,71,2,44,460.587,462.805,71,2,44,460.587,462.805
r8_m007_split,3,8,split,query,fixed_hit,both,perturbation,UNSAT,1035,0,1035,0,0,0,0,1035,0,1035,1035,381,269,385,729.054,767.338,381,269,385,729.054,767.338
r8_m224_split,3,8,split,feasibility,search,decomposition,camera,SAT,3428,0,3428,0,287,287,0,3379,49,3715,3825,1652,249,1527,18905.532,18866.581,1820,38,1570,23343.0586667,21059.747
r8_m224_split,3,8,split,feasibility,search,decomposition,perturbation,SAT,15,0,15,0,6,6,0,13,2,21,25,7,2,6,64.447,63.719,10,0,5,71.6323333333,65.0093333333
r8_m224_split,3,8,split,feasibility,search,decomposition,perturbation,UNSAT,33,0,33,0,0,0,0,33,0,33,33,8,11,14,40.17,40.361,18,3,12,41.9456666667,41.033
r8_m224_split,3,8,split,feasibility,search,fixed_hit,camera,SAT,3428,224,3204,0,287,0,224,3204,0,3715,3428,1690,275,1463,18905.532,18419.76,1835,43,1550,23343.0586667,20267.152
r8_m224_split,3,8,split,feasibility,search,fixed_hit,perturbation,SAT,15,4,11,0,6,0,4,11,0,21,15,9,0,6,64.447,57.308,10,1,4,71.6323333333,68.7886666667
r8_m224_split,3,8,split,feasibility,search,fixed_hit,perturbation,UNSAT,33,0,33,0,0,0,0,33,0,33,33,8,10,15,40.17,40.205,12,2,19,41.9456666667,41.1276666667
r8_m224_split,3,8,split,feasibility,search,both,camera,SAT,3428,224,3204,0,287,0,224,3204,0,3715,3428,1687,239,1502,18905.532,18484.755,1726,36,1666,23343.0586667,20469.377
r8_m224_split,3,8,split,feasibility,search,both,perturbation,SAT,15,4,11,0,6,0,4,11,0,21,15,7,0,8,64.447,57.25,9,1,5,71.6323333333,58.7033333333
r8_m224_split,3,8,split,feasibility,search,both,perturbation,UNSAT,33,0,33,0,0,0,0,33,0,33,33,12,10,11,40.17,40.112,10,4,19,41.9456666667,45.2723333333
r8_m224_split,3,8,split,feasibility,fixed_hit,both,camera,SAT,3428,0,3428,0,0,0,0,3428,0,3428,3428,1605,286,1537,18419.76,18484.755,1824,37,1567,20267.152,20469.377
r8_m224_split,3,8,split,feasibility,fixed_hit,both,perturbation,SAT,15,0,15,0,0,0,0,15,0,15,15,7,1,7,57.308,57.25,8,0,7,68.7886666667,58.7033333333
r8_m224_split,3,8,split,feasibility,fixed_hit,both,perturbation,UNSAT,33,0,33,0,0,0,0,33,0,33,33,15,10,8,40.205,40.112,20,2,11,41.1276666667,45.2723333333
r8_m224_split,3,8,split,projection,search,decomposition,camera,SAT,3428,0,3428,0,494,494,0,3379,49,4670,4858,1672,187,1569,30114.123,29972.664,1874,28,1526,32269.1663333,31797.3806667
r8_m224_split,3,8,split,projection,search,decomposition,perturbation,SAT,15,0,15,0,13,13,0,13,2,38,44,9,0,6,117.639,116.407,11,0,4,123.925,117.209333333
r8_m224_split,3,8,split,projection,search,decomposition,perturbation,UNSAT,33,0,33,0,0,0,0,33,0,0,0,10,13,10,40.42,40.417,16,4,13,40.9946666667,41.2043333333
r8_m224_split,3,8,split,projection,search,fixed_hit,camera,SAT,3428,224,3204,0,494,0,93,3335,0,4670,4430,1608,159,1661,30114.123,29902.988,1699,19,1710,32269.1663333,31569.5166667
r8_m224_split,3,8,split,projection,search,fixed_hit,perturbation,SAT,15,4,11,0,13,0,3,12,0,38,31,9,0,6,117.639,113.49,10,0,5,123.925,124.631333333
r8_m224_split,3,8,split,projection,search,fixed_hit,perturbation,UNSAT,33,0,33,0,0,0,0,33,0,0,0,11,12,10,40.42,40.393,13,0,20,40.9946666667,40.8553333333
r8_m224_split,3,8,split,projection,search,both,camera,SAT,3428,224,3204,0,494,0,93,3335,0,4670,4430,1610,171,1647,30114.123,29968.971,1595,16,1817,32269.1663333,32664.117
r8_m224_split,3,8,split,projection,search,both,perturbation,SAT,15,4,11,0,13,0,3,12,0,38,31,12,0,3,117.639,113.302,9,0,6,123.925,114.6
r8_m224_split,3,8,split,projection,search,both,perturbation,UNSAT,33,0,33,0,0,0,0,33,0,0,0,13,7,13,40.42,40.391,16,1,16,40.9946666667,40.819
r8_m224_split,3,8,split,projection,fixed_hit,both,camera,SAT,3428,0,3428,0,0,0,0,3428,0,4430,4430,1665,168,1595,29902.988,29968.971,1859,22,1547,31569.5166667,32664.117
r8_m224_split,3,8,split,projection,fixed_hit,both,perturbation,SAT,15,0,15,0,0,0,0,15,0,31,31,8,0,7,113.49,113.302,8,0,7,124.631333333,114.6
r8_m224_split,3,8,split,projection,fixed_hit,both,perturbation,UNSAT,33,0,33,0,0,0,0,33,0,0,0,11,11,11,40.393,40.391,18,2,13,40.8553333333,40.819
r8_m224_split,3,8,split,query,search,decomposition,camera,SAT,313,0,313,0,22,22,0,309,4,335,343,161,8,144,1625.483,1679.651,161,8,144,1625.483,1679.651
r8_m224_split,3,8,split,query,search,decomposition,camera,UNSAT,599,0,599,0,0,0,0,599,0,599,599,272,83,244,606.935,608.316,272,83,244,606.935,608.316
r8_m224_split,3,8,split,query,search,decomposition,perturbation,SAT,137,0,137,0,48,48,0,128,9,185,203,81,4,52,537.628,529.991,81,4,52,537.628,529.991
r8_m224_split,3,8,split,query,search,decomposition,perturbation,UNSAT,1015,0,1015,0,0,0,0,1015,0,1015,1015,399,295,321,683.752,680.804,399,295,321,683.752,680.804
r8_m224_split,3,8,split,query,search,fixed_hit,camera,SAT,313,18,295,0,22,0,18,295,0,335,313,176,5,132,1625.483,1713.31,176,5,132,1625.483,1713.31
r8_m224_split,3,8,split,query,search,fixed_hit,camera,UNSAT,599,0,599,0,0,0,0,599,0,599,599,277,82,240,606.935,608.039,277,82,240,606.935,608.039
r8_m224_split,3,8,split,query,search,fixed_hit,perturbation,SAT,137,39,98,0,48,0,39,98,0,185,137,92,6,39,537.628,482.082,92,6,39,537.628,482.082
r8_m224_split,3,8,split,query,search,fixed_hit,perturbation,UNSAT,1015,0,1015,0,0,0,0,1015,0,1015,1015,371,287,357,683.752,722.203,371,287,357,683.752,722.203
r8_m224_split,3,8,split,query,search,both,camera,SAT,313,18,295,0,22,0,18,295,0,335,313,160,2,151,1625.483,1609.611,160,2,151,1625.483,1609.611
r8_m224_split,3,8,split,query,search,both,camera,UNSAT,599,0,599,0,0,0,0,599,0,599,599,273,84,242,606.935,557.985,273,84,242,606.935,557.985
r8_m224_split,3,8,split,query,search,both,perturbation,SAT,137,39,98,0,48,0,39,98,0,185,137,83,6,48,537.628,483.572,83,6,48,537.628,483.572
r8_m224_split,3,8,split,query,search,both,perturbation,UNSAT,1015,0,1015,0,0,0,0,1015,0,1015,1015,367,270,378,683.752,690.637,367,270,378,683.752,690.637
r8_m224_split,3,8,split,query,fixed_hit,both,camera,SAT,313,0,313,0,0,0,0,313,0,313,313,166,5,142,1713.31,1609.611,166,5,142,1713.31,1609.611
r8_m224_split,3,8,split,query,fixed_hit,both,camera,UNSAT,599,0,599,0,0,0,0,599,0,599,599,255,92,252,608.039,557.985,255,92,252,608.039,557.985
r8_m224_split,3,8,split,query,fixed_hit,both,perturbation,SAT,137,0,137,0,0,0,0,137,0,137,137,68,7,62,482.082,483.572,68,7,62,482.082,483.572
r8_m224_split,3,8,split,query,fixed_hit,both,perturbation,UNSAT,1015,0,1015,0,0,0,0,1015,0,1015,1015,396,277,342,722.203,690.637,396,277,342,722.203,690.637
r8_m224_same,3,8,same,feasibility,search,decomposition,camera,SAT,3090,0,3090,0,346,346,0,3037,53,3436,3554,1483,191,1416,17853.202,17876.86,1623,28,1439,20133.726,19297.2236667
r8_m224_same,3,8,same,feasibility,search,decomposition,perturbation,SAT,15,0,15,0,6,6,0,13,2,21,25,10,1,4,67.391,65.15,9,0,6,68.92,66.034
r8_m224_same,3,8,same,feasibility,search,decomposition,perturbation,UNSAT,33,0,33,0,0,0,0,33,0,33,33,9,11,13,39.874,40.023,15,1,17,40.5806666667,40.9153333333
r8_m224_same,3,8,same,feasibility,search,fixed_hit,camera,SAT,3090,269,2821,0,346,10,269,2821,0,3436,3100,1556,220,1314,17853.202,17347.305,1610,31,1449,20133.726,19128.3856667
r8_m224_same,3,8,same,feasibility,search,fixed_hit,perturbation,SAT,15,4,11,0,6,0,4,11,0,21,15,10,0,5,67.391,58.178,9,0,6,68.92,77.4693333333
r8_m224_same,3,8,same,feasibility,search,fixed_hit,perturbation,UNSAT,33,0,33,0,0,0,0,33,0,33,33,14,6,13,39.874,42.359,10,1,22,40.5806666667,52.4216666667
r8_m224_same,3,8,same,feasibility,search,both,camera,SAT,3090,269,2821,0,346,10,269,2821,0,3436,3100,1583,185,1322,17853.202,17320.279,1568,31,1491,20133.726,18707.418
r8_m224_same,3,8,same,feasibility,search,both,perturbation,SAT,15,4,11,0,6,0,4,11,0,21,15,11,0,4,67.391,58.28,8,0,7,68.92,60.429
r8_m224_same,3,8,same,feasibility,search,both,perturbation,UNSAT,33,0,33,0,0,0,0,33,0,33,33,10,9,14,39.874,40.016,13,3,17,40.5806666667,41.4063333333
r8_m224_same,3,8,same,feasibility,fixed_hit,both,camera,SAT,3090,0,3090,0,10,10,0,3090,0,3100,3100,1488,213,1389,17347.305,17320.279,1685,35,1370,19128.3856667,18707.418
r8_m224_same,3,8,same,feasibility,fixed_hit,both,perturbation,SAT,15,0,15,0,0,0,0,15,0,15,15,8,0,7,58.178,58.28,9,0,6,77.4693333333,60.429
r8_m224_same,3,8,same,feasibility,fixed_hit,both,perturbation,UNSAT,33,0,33,0,0,0,0,33,0,33,33,13,8,12,42.359,40.016,18,2,13,52.4216666667,41.4063333333
r8_m224_same,3,8,same,projection,search,decomposition,camera,SAT,3090,0,3090,0,572,572,0,3037,53,4554,4754,1534,129,1427,28837.948,28603.118,1694,9,1387,32045.171,31878.1826667
r8_m224_same,3,8,same,projection,search,decomposition,perturbation,SAT,15,0,15,0,13,13,0,13,2,40,46,8,2,5,125.56,123.257,8,0,7,143.978,151.206
r8_m224_same,3,8,same,projection,search,decomposition,perturbation,UNSAT,33,0,33,0,0,0,0,33,0,0,0,6,11,16,39.732,39.909,12,2,19,40.131,40.2653333333
r8_m224_same,3,8,same,projection,search,fixed_hit,camera,SAT,3090,269,2821,0,572,12,102,2988,0,4554,4296,1436,120,1534,28837.948,28614.77,1530,21,1539,32045.171,31142.804
r8_m224_same,3,8,same,projection,search,fixed_hit,perturbation,SAT,15,4,11,0,13,0,3,12,0,40,33,8,0,7,125.56,120.152,7,0,8,143.978,126.595
r8_m224_same,3,8,same,projection,search,fixed_hit,perturbation,UNSAT,33,0,33,0,0,0,0,33,0,0,0,8,5,20,39.732,40.043,16,0,17,40.131,40.6523333333
r8_m224_same,3,8,same,projection,search,both,camera,SAT,3090,269,2821,0,572,12,102,2988,0,4554,4296,1418,115,1557,28837.948,28507.772,1428,22,1640,32045.171,31415.465
r8_m224_same,3,8,same,projection,search,both,perturbation,SAT,15,4,11,0,13,0,3,12,0,40,33,8,0,7,125.56,119.522,7,0,8,143.978,126.238
r8_m224_same,3,8,same,projection,search,both,perturbation,UNSAT,33,0,33,0,0,0,0,33,0,0,0,9,8,16,39.732,39.937,16,0,17,40.131,40.553
r8_m224_same,3,8,same,projection,fixed_hit,both,camera,SAT,3090,0,3090,0,12,12,0,3090,0,4296,4296,1492,148,1450,28614.77,28507.772,1700,12,1378,31142.804,31415.465
r8_m224_same,3,8,same,projection,fixed_hit,both,perturbation,SAT,15,0,15,0,0,0,0,15,0,33,33,11,0,4,120.152,119.522,8,0,7,126.595,126.238
r8_m224_same,3,8,same,projection,fixed_hit,both,perturbation,UNSAT,33,0,33,0,0,0,0,33,0,0,0,17,9,7,40.043,39.937,19,2,12,40.6523333333,40.553
r8_m224_same,3,8,same,query,search,decomposition,camera,SAT,288,0,288,0,16,16,0,284,4,304,312,150,7,131,1560.439,1848.468,150,7,131,1560.439,1848.468
r8_m224_same,3,8,same,query,search,decomposition,camera,UNSAT,552,0,552,0,0,0,0,552,0,552,552,234,66,252,620.066,528.352,234,66,252,620.066,528.352
r8_m224_same,3,8,same,query,search,decomposition,perturbation,SAT,139,0,139,0,48,48,0,130,9,187,205,93,1,45,573.207,549.921,93,1,45,573.207,549.921
r8_m224_same,3,8,same,query,search,decomposition,perturbation,UNSAT,1013,0,1013,0,0,0,0,1013,0,1013,1013,354,266,393,722.472,709.378,354,266,393,722.472,709.378
r8_m224_same,3,8,same,query,search,fixed_hit,camera,SAT,288,12,276,0,16,0,12,276,0,304,288,151,9,128,1560.439,1524.853,151,9,128,1560.439,1524.853
r8_m224_same,3,8,same,query,search,fixed_hit,camera,UNSAT,552,0,552,0,0,0,0,552,0,552,552,257,74,221,620.066,517.329,257,74,221,620.066,517.329
r8_m224_same,3,8,same,query,search,fixed_hit,perturbation,SAT,139,39,100,0,48,0,39,100,0,187,139,89,5,45,573.207,534.397,89,5,45,573.207,534.397
r8_m224_same,3,8,same,query,search,fixed_hit,perturbation,UNSAT,1013,0,1013,0,0,0,0,1013,0,1013,1013,338,267,408,722.472,682.655,338,267,408,722.472,682.655
r8_m224_same,3,8,same,query,search,both,camera,SAT,288,12,276,0,16,0,12,276,0,304,288,150,4,134,1560.439,1645.988,150,4,134,1560.439,1645.988
r8_m224_same,3,8,same,query,search,both,camera,UNSAT,552,0,552,0,0,0,0,552,0,552,552,239,71,242,620.066,523.834,239,71,242,620.066,523.834
r8_m224_same,3,8,same,query,search,both,perturbation,SAT,139,39,100,0,48,0,39,100,0,187,139,86,3,50,573.207,716.067,86,3,50,573.207,716.067
r8_m224_same,3,8,same,query,search,both,perturbation,UNSAT,1013,0,1013,0,0,0,0,1013,0,1013,1013,338,268,407,722.472,682.838,338,268,407,722.472,682.838
r8_m224_same,3,8,same,query,fixed_hit,both,camera,SAT,288,0,288,0,0,0,0,288,0,288,288,145,5,138,1524.853,1645.988,145,5,138,1524.853,1645.988
r8_m224_same,3,8,same,query,fixed_hit,both,camera,UNSAT,552,0,552,0,0,0,0,552,0,552,552,224,86,242,517.329,523.834,224,86,242,517.329,523.834
r8_m224_same,3,8,same,query,fixed_hit,both,perturbation,SAT,139,0,139,0,0,0,0,139,0,139,139,72,8,59,534.397,716.067,72,8,59,534.397,716.067
r8_m224_same,3,8,same,query,fixed_hit,both,perturbation,UNSAT,1013,0,1013,0,0,0,0,1013,0,1013,1013,417,257,339,682.655,682.838,417,257,339,682.655,682.838
r8_m025_same,3,8,same,feasibility,search,decomposition,camera,SAT,2667,0,2667,0,348,348,0,2614,53,3015,3143,1350,143,1174,16748.464,16697.691,1447,22,1198,18482.5153333,18003.495
r8_m025_same,3,8,same,feasibility,search,decomposition,perturbation,SAT,15,0,15,0,7,7,0,13,2,22,27,10,2,3,73.091,70.937,10,0,5,152.908,71.8746666667
r8_m025_same,3,8,same,feasibility,search,decomposition,perturbation,UNSAT,33,0,33,0,0,0,0,33,0,33,33,11,14,8,38.396,38.313,18,1,14,39.784,38.995
r8_m025_same,3,8,same,feasibility,search,fixed_hit,camera,SAT,2667,189,2478,0,348,99,189,2478,0,3015,2766,1372,149,1146,16748.464,16244.481,1440,24,1203,18482.5153333,17910.5526667
r8_m025_same,3,8,same,feasibility,search,fixed_hit,perturbation,SAT,15,4,11,0,7,0,4,11,0,22,15,8,1,6,73.091,62.356,13,0,2,152.908,68.4043333333
r8_m025_same,3,8,same,feasibility,search,fixed_hit,perturbation,UNSAT,33,0,33,0,0,0,0,33,0,33,33,16,10,7,38.396,38.229,15,1,17,39.784,39.6246666667
r8_m025_same,3,8,same,feasibility,search,both,camera,SAT,2667,189,2478,0,348,99,172,2478,17,3015,2807,1317,140,1210,16748.464,16248.667,1325,20,1322,18482.5153333,17459.1886667
r8_m025_same,3,8,same,feasibility,search,both,perturbation,SAT,15,4,11,0,7,0,4,11,0,22,15,11,0,4,73.091,62.135,9,0,6,152.908,64.4903333333
r8_m025_same,3,8,same,feasibility,search,both,perturbation,UNSAT,33,0,33,0,0,0,0,33,0,33,33,11,11,11,38.396,40.269,14,1,18,39.784,65.0466666667
r8_m025_same,3,8,same,feasibility,fixed_hit,both,camera,SAT,2667,0,2667,0,99,99,0,2650,17,2766,2807,1255,152,1260,16244.481,16248.667,1437,24,1206,17910.5526667,17459.1886667
r8_m025_same,3,8,same,feasibility,fixed_hit,both,perturbation,SAT,15,0,15,0,0,0,0,15,0,15,15,7,2,6,62.356,62.135,7,0,8,68.4043333333,64.4903333333
r8_m025_same,3,8,same,feasibility,fixed_hit,both,perturbation,UNSAT,33,0,33,0,0,0,0,33,0,33,33,10,8,15,38.229,40.269,19,1,13,39.6246666667,65.0466666667
r8_m025_same,3,8,same,projection,search,decomposition,camera,SAT,2667,0,2667,0,695,695,0,2614,53,4501,4785,1311,88,1268,28177.722,27992.015,1434,11,1222,30493.5396667,31367.244
r8_m025_same,3,8,same,projection,search,decomposition,perturbation,SAT,15,0,15,0,19,19,0,13,2,50,63,10,0,5,155.285,149.243,11,0,4,164.792,151.448333333
r8_m025_same,3,8,same,projection,search,decomposition,perturbation,UNSAT,33,0,33,0,0,0,0,33,0,0,0,12,7,14,38.538,38.499,17,5,11,50.436,38.7256666667
r8_m025_same,3,8,same,projection,search,fixed_hit,camera,SAT,2667,195,2472,0,695,230,86,2571,10,4501,4270,1267,86,1314,28177.722,27889.071,1331,11,1325,30493.5396667,30388.6843333
r8_m025_same,3,8,same,projection,search,fixed_hit,perturbation,SAT,15,4,11,0,19,0,4,11,0,50,36,11,0,4,155.285,140.093,10,0,5,164.792,236.546
r8_m025_same,3,8,same,projection,search,fixed_hit,perturbation,UNSAT,33,0,33,0,0,0,0,33,0,0,0,16,8,9,38.538,38.348,14,1,18,50.436,39.632
r8_m025_same,3,8,same,projection,search,both,camera,SAT,2667,195,2472,0,695,230,85,2564,18,4501,4377,1253,90,1324,28177.722,27940.1,1223,14,1430,30493.5396667,29632.6903333
r8_m025_same,3,8,same,projection,search,both,perturbation,SAT,15,4,11,0,19,0,4,11,0,50,36,12,0,3,155.285,138.411,9,0,6,164.792,152.351
r8_m025_same,3,8,same,projection,search,both,perturbation,UNSAT,33,0,33,0,0,0,0,33,0,0,0,13,8,12,38.538,39.078,14,3,16,50.436,39.793
r8_m025_same,3,8,same,projection,fixed_hit,both,camera,SAT,2667,0,2667,0,230,230,0,2650,17,4270,4377,1309,89,1269,27889.071,27940.1,1402,17,1248,30388.6843333,29632.6903333
r8_m025_same,3,8,same,projection,fixed_hit,both,perturbation,SAT,15,0,15,0,0,0,0,15,0,36,36,11,0,4,140.093,138.411,8,0,7,236.546,152.351
r8_m025_same,3,8,same,projection,fixed_hit,both,perturbation,UNSAT,33,0,33,0,0,0,0,33,0,0,0,10,11,12,38.348,39.078,18,5,10,39.632,39.793
r8_m025_same,3,8,same,query,search,decomposition,camera,SAT,256,0,256,0,36,36,0,248,8,292,308,133,5,118,1507.257,1530.203,133,5,118,1507.257,1530.203
r8_m025_same,3,8,same,query,search,decomposition,camera,UNSAT,464,0,464,0,0,0,0,464,0,464,464,206,58,200,514.668,524.53,206,58,200,514.668,524.53
r8_m025_same,3,8,same,query,search,decomposition,perturbation,SAT,144,0,144,0,63,63,0,125,19,207,247,83,4,57,684.048,637.318,83,4,57,684.048,637.318
r8_m025_same,3,8,same,query,search,decomposition,perturbation,UNSAT,1008,0,1008,0,0,0,0,1008,0,1008,1008,382,243,383,705.028,769.023,382,243,383,705.028,769.023
r8_m025_same,3,8,same,query,search,fixed_hit,camera,SAT,256,22,234,0,36,6,22,234,0,292,262,129,2,125,1507.257,1439.086,129,2,125,1507.257,1439.086
r8_m025_same,3,8,same,query,search,fixed_hit,camera,UNSAT,464,0,464,0,0,0,0,464,0,464,464,190,70,204,514.668,516.887,190,70,204,514.668,516.887
r8_m025_same,3,8,same,query,search,fixed_hit,perturbation,SAT,144,42,102,0,63,0,42,102,0,207,144,99,1,44,684.048,555.238,99,1,44,684.048,555.238
r8_m025_same,3,8,same,query,search,fixed_hit,perturbation,UNSAT,1008,0,1008,0,0,0,0,1008,0,1008,1008,352,266,390,705.028,707.609,352,266,390,705.028,707.609
r8_m025_same,3,8,same,query,search,both,camera,SAT,256,22,234,0,36,6,22,234,0,292,262,138,6,112,1507.257,1441.399,138,6,112,1507.257,1441.399
r8_m025_same,3,8,same,query,search,both,camera,UNSAT,464,0,464,0,0,0,0,464,0,464,464,194,76,194,514.668,524.88,194,76,194,514.668,524.88
r8_m025_same,3,8,same,query,search,both,perturbation,SAT,144,42,102,0,63,0,42,102,0,207,144,84,1,59,684.048,578.895,84,1,59,684.048,578.895
r8_m025_same,3,8,same,query,search,both,perturbation,UNSAT,1008,0,1008,0,0,0,0,1008,0,1008,1008,361,266,381,705.028,814.39,361,266,381,705.028,814.39
r8_m025_same,3,8,same,query,fixed_hit,both,camera,SAT,256,0,256,0,6,6,0,256,0,262,262,152,8,96,1439.086,1441.399,152,8,96,1439.086,1441.399
r8_m025_same,3,8,same,query,fixed_hit,both,camera,UNSAT,464,0,464,0,0,0,0,464,0,464,464,226,64,174,516.887,524.88,226,64,174,516.887,524.88
r8_m025_same,3,8,same,query,fixed_hit,both,perturbation,SAT,144,0,144,0,0,0,0,144,0,144,144,76,2,66,555.238,578.895,76,2,66,555.238,578.895
r8_m025_same,3,8,same,query,fixed_hit,both,perturbation,UNSAT,1008,0,1008,0,0,0,0,1008,0,1008,1008,411,266,331,707.609,814.39,411,266,331,707.609,814.39
r8_m025_split,3,8,split,feasibility,search,decomposition,camera,SAT,3136,0,3136,0,300,300,0,3087,49,3436,3556,1516,218,1402,18388.446,18256.865,1703,30,1403,20108.0343333,21255.9573333
r8_m025_split,3,8,split,feasibility,search,decomposition,perturbation,SAT,14,0,14,0,7,7,0,12,2,21,26,9,0,5,62.254,60.771,8,0,6,64.6016666667,62.9046666667
r8_m025_split,3,8,split,feasibility,search,decomposition,perturbation,UNSAT,34,0,34,0,0,0,0,34,0,34,34,11,11,12,37.297,40.151,16,3,15,38.2236666667,70.0986666667
r8_m025_split,3,8,split,feasibility,search,fixed_hit,camera,SAT,3136,202,2934,0,300,38,202,2934,0,3436,3174,1570,224,1342,18388.446,17811.58,1648,31,1457,20108.0343333,20295.2133333
r8_m025_split,3,8,split,feasibility,search,fixed_hit,perturbation,SAT,14,4,10,0,7,0,4,10,0,21,14,7,0,7,62.254,53.13,10,0,4,64.6016666667,70.4363333333
r8_m025_split,3,8,split,feasibility,search,fixed_hit,perturbation,UNSAT,34,0,34,0,0,0,0,34,0,34,34,11,8,15,37.297,37.317,13,0,21,38.2236666667,37.757
r8_m025_split,3,8,split,feasibility,search,both,camera,SAT,3136,202,2934,0,300,38,189,2934,13,3436,3207,1590,210,1336,18388.446,17802.739,1592,30,1514,20108.0343333,19257.0343333
r8_m025_split,3,8,split,feasibility,search,both,perturbation,SAT,14,4,10,0,7,0,4,10,0,21,14,9,1,4,62.254,55.432,10,0,4,64.6016666667,55.8596666667
r8_m025_split,3,8,split,feasibility,search,both,perturbation,UNSAT,34,0,34,0,0,0,0,34,0,34,34,12,8,14,37.297,37.313,12,0,22,38.2236666667,38.0733333333
r8_m025_split,3,8,split,feasibility,fixed_hit,both,camera,SAT,3136,0,3136,0,38,38,0,3123,13,3174,3207,1510,265,1361,17811.58,17802.739,1699,43,1394,20295.2133333,19257.0343333
r8_m025_split,3,8,split,feasibility,fixed_hit,both,perturbation,SAT,14,0,14,0,0,0,0,14,0,14,14,8,1,5,53.13,55.432,9,0,5,70.4363333333,55.8596666667
r8_m025_split,3,8,split,feasibility,fixed_hit,both,perturbation,UNSAT,34,0,34,0,0,0,0,34,0,34,34,8,17,9,37.317,37.313,20,1,13,37.757,38.0733333333
r8_m025_split,3,8,split,projection,search,decomposition,camera,SAT,3136,0,3136,0,573,573,0,3087,49,4625,4887,1557,151,1428,29367.951,29344.287,1700,11,1425,32386.209,33511.054
r8_m025_split,3,8,split,projection,search,decomposition,perturbation,SAT,14,0,14,0,19,19,0,12,2,45,58,5,0,9,125.969,123.354,8,0,6,134.936,124.841666667
r8_m025_split,3,8,split,projection,search,decomposition,perturbation,UNSAT,34,0,34,0,0,0,0,34,0,0,0,10,9,15,37.347,38.146,14,2,18,38.0416666667,39.4443333333
r8_m025_split,3,8,split,projection,search,fixed_hit,camera,SAT,3136,195,2941,0,573,118,79,3050,7,4625,4402,1488,134,1514,29367.951,29231.883,1600,22,1514,32386.209,32129.465
r8_m025_split,3,8,split,projection,search,fixed_hit,perturbation,SAT,14,4,10,0,19,0,4,10,0,45,31,9,0,5,125.969,111.959,9,0,5,134.936,117.201666667
r8_m025_split,3,8,split,projection,search,fixed_hit,perturbation,UNSAT,34,0,34,0,0,0,0,34,0,0,0,10,12,12,37.347,37.336,14,2,18,38.0416666667,37.487
r8_m025_split,3,8,split,projection,search,both,camera,SAT,3136,195,2941,0,573,118,78,3045,13,4625,4493,1494,129,1513,29367.951,29230.899,1455,13,1668,32386.209,32078.213
r8_m025_split,3,8,split,projection,search,both,perturbation,SAT,14,4,10,0,19,0,4,10,0,45,31,8,0,6,125.969,111.291,9,0,5,134.936,124.885333333
r8_m025_split,3,8,split,projection,search,both,perturbation,UNSAT,34,0,34,0,0,0,0,34,0,0,0,11,11,12,37.347,37.387,12,3,19,38.0416666667,37.834
r8_m025_split,3,8,split,projection,fixed_hit,both,camera,SAT,3136,0,3136,0,118,118,0,3123,13,4402,4493,1533,138,1465,29231.883,29230.899,1716,15,1405,32129.465,32078.213
r8_m025_split,3,8,split,projection,fixed_hit,both,perturbation,SAT,14,0,14,0,0,0,0,14,0,31,31,8,2,4,111.959,111.291,7,0,7,117.201666667,124.885333333
r8_m025_split,3,8,split,projection,fixed_hit,both,perturbation,UNSAT,34,0,34,0,0,0,0,34,0,0,0,13,13,8,37.336,37.387,17,2,15,37.487,37.834
r8_m025_split,3,8,split,query,search,decomposition,camera,SAT,279,0,279,0,8,8,0,279,0,287,287,179,4,96,1790.924,1729.91,179,4,96,1790.924,1729.91
r8_m025_split,3,8,split,query,search,decomposition,camera,UNSAT,537,0,537,0,0,0,0,537,0,537,537,283,71,183,569.799,571.642,283,71,183,569.799,571.642
r8_m025_split,3,8,split,query,search,decomposition,perturbation,SAT,132,0,132,0,63,63,0,113,19,195,235,74,3,55,551.523,532.109,74,3,55,551.523,532.109
r8_m025_split,3,8,split,query,search,decomposition,perturbation,UNSAT,1020,0,1020,0,0,0,0,1020,0,1020,1020,354,292,374,683.631,726.107,354,292,374,683.631,726.107
r8_m025_split,3,8,split,query,search,fixed_hit,camera,SAT,279,8,271,0,8,0,8,271,0,287,279,160,7,112,1790.924,1554.932,160,7,112,1790.924,1554.932
r8_m025_split,3,8,split,query,search,fixed_hit,camera,UNSAT,537,0,537,0,0,0,0,537,0,537,537,265,69,203,569.799,604.433,265,69,203,569.799,604.433
r8_m025_split,3,8,split,query,search,fixed_hit,perturbation,SAT,132,42,90,0,63,0,42,90,0,195,132,87,2,43,551.523,459.988,87,2,43,551.523,459.988
r8_m025_split,3,8,split,query,search,fixed_hit,perturbation,UNSAT,1020,0,1020,0,0,0,0,1020,0,1020,1020,380,299,341,683.631,664.155,380,299,341,683.631,664.155
r8_m025_split,3,8,split,query,search,both,camera,SAT,279,8,271,0,8,0,8,271,0,287,279,144,5,130,1790.924,1743.66,144,5,130,1790.924,1743.66
r8_m025_split,3,8,split,query,search,both,camera,UNSAT,537,0,537,0,0,0,0,537,0,537,537,224,69,244,569.799,602.154,224,69,244,569.799,602.154
r8_m025_split,3,8,split,query,search,both,perturbation,SAT,132,42,90,0,63,0,42,90,0,195,132,77,3,52,551.523,495.39,77,3,52,551.523,495.39
r8_m025_split,3,8,split,query,search,both,perturbation,UNSAT,1020,0,1020,0,0,0,0,1020,0,1020,1020,342,286,392,683.631,658.299,342,286,392,683.631,658.299
r8_m025_split,3,8,split,query,fixed_hit,both,camera,SAT,279,0,279,0,0,0,0,279,0,279,279,144,5,130,1554.932,1743.66,144,5,130,1554.932,1743.66
r8_m025_split,3,8,split,query,fixed_hit,both,camera,UNSAT,537,0,537,0,0,0,0,537,0,537,537,214,78,245,604.433,602.154,214,78,245,604.433,602.154
r8_m025_split,3,8,split,query,fixed_hit,both,perturbation,SAT,132,0,132,0,0,0,0,132,0,132,132,64,5,63,459.988,495.39,64,5,63,459.988,495.39
r8_m025_split,3,8,split,query,fixed_hit,both,perturbation,UNSAT,1020,0,1020,0,0,0,0,1020,0,1020,1020,322,311,387,664.155,658.299,322,311,387,664.155,658.299
r8_m044_split,3,8,split,feasibility,search,decomposition,camera,SAT,3277,0,3277,0,285,285,0,3228,49,3562,3672,1565,216,1496,18570.446,18551.258,1724,31,1522,20118.973,21005.6873333
r8_m044_split,3,8,split,feasibility,search,decomposition,perturbation,SAT,14,0,14,0,4,4,0,13,1,18,20,7,1,6,58.658,58.318,6,0,8,60.7606666667,65.01
r8_m044_split,3,8,split,feasibility,search,decomposition,perturbation,UNSAT,34,0,34,0,0,0,0,34,0,34,34,10,14,10,43.814,43.744,16,4,14,44.5556666667,44.733
r8_m044_split,3,8,split,feasibility,search,fixed_hit,camera,SAT,3277,222,3055,0,285,0,222,3055,0,3562,3277,1670,246,1361,18570.446,18082.121,1752,28,1497,20118.973,20140.4603333
r8_m044_split,3,8,split,feasibility,search,fixed_hit,perturbation,SAT,14,3,11,0,4,0,3,11,0,18,14,7,1,6,58.658,54.782,7,0,7,60.7606666667,60.3546666667
r8_m044_split,3,8,split,feasibility,search,fixed_hit,perturbation,UNSAT,34,0,34,0,0,0,0,34,0,34,34,16,7,11,43.814,43.909,20,0,14,44.5556666667,45.6716666667
r8_m044_split,3,8,split,feasibility,search,both,camera,SAT,3277,222,3055,0,285,0,222,3055,0,3562,3277,1623,243,1411,18570.446,18055.439,1596,36,1645,20118.973,20756.9926667
r8_m044_split,3,8,split,feasibility,search,both,perturbation,SAT,14,3,11,0,4,0,3,11,0,18,14,8,1,5,58.658,54.09,6,0,8,60.7606666667,58.835
r8_m044_split,3,8,split,feasibility,search,both,perturbation,UNSAT,34,0,34,0,0,0,0,34,0,34,34,12,14,8,43.814,43.695,17,2,15,44.5556666667,44.4273333333
r8_m044_split,3,8,split,feasibility,fixed_hit,both,camera,SAT,3277,0,3277,0,0,0,0,3277,0,3277,3277,1536,231,1510,18082.121,18055.439,1728,36,1513,20140.4603333,20756.9926667
r8_m044_split,3,8,split,feasibility,fixed_hit,both,perturbation,SAT,14,0,14,0,0,0,0,14,0,14,14,10,0,4,54.782,54.09,9,0,5,60.3546666667,58.835
r8_m044_split,3,8,split,feasibility,fixed_hit,both,perturbation,UNSAT,34,0,34,0,0,0,0,34,0,34,34,11,11,12,43.909,43.695,18,2,14,45.6716666667,44.4273333333
r8_m044_split,3,8,split,projection,search,decomposition,camera,SAT,3277,0,3277,0,495,495,0,3228,49,4617,4805,1596,164,1517,29749.049,30016.092,1800,9,1468,34585.82,33703.6326667
r8_m044_split,3,8,split,projection,search,decomposition,perturbation,SAT,14,0,14,0,11,11,0,13,1,38,44,10,0,4,121.612,119.771,7,0,7,137.275666667,133.535
r8_m044_split,3,8,split,projection,search,decomposition,perturbation,UNSAT,34,0,34,0,0,0,0,34,0,0,0,12,14,8,43.686,43.704,19,3,12,44.0626666667,44.8643333333
r8_m044_split,3,8,split,projection,search,fixed_hit,camera,SAT,3277,222,3055,0,495,0,96,3181,0,4617,4369,1553,160,1564,29749.049,29622.825,1623,13,1641,34585.82,33638.0223333
r8_m044_split,3,8,split,projection,search,fixed_hit,perturbation,SAT,14,3,11,0,11,0,2,12,0,38,30,7,0,7,121.612,114.365,5,0,9,137.275666667,115.767
r8_m044_split,3,8,split,projection,search,fixed_hit,perturbation,UNSAT,34,0,34,0,0,0,0,34,0,0,0,10,9,15,43.686,43.9,15,1,18,44.0626666667,44.84
r8_m044_split,3,8,split,projection,search,both,camera,SAT,3277,222,3055,0,495,0,96,3181,0,4617,4369,1513,142,1622,29749.049,29518.451,1498,24,1755,34585.82,33527.795
r8_m044_split,3,8,split,projection,search,both,perturbation,SAT,14,3,11,0,11,0,2,12,0,38,30,7,0,7,121.612,114.122,5,0,9,137.275666667,127.169333333
r8_m044_split,3,8,split,projection,search,both,perturbation,UNSAT,34,0,34,0,0,0,0,34,0,0,0,7,10,17,43.686,43.781,9,2,23,44.0626666667,49.9986666667
r8_m044_split,3,8,split,projection,fixed_hit,both,camera,SAT,3277,0,3277,0,0,0,0,3277,0,4369,4369,1555,163,1559,29622.825,29518.451,1740,24,1513,33638.0223333,33527.795
r8_m044_split,3,8,split,projection,fixed_hit,both,perturbation,SAT,14,0,14,0,0,0,0,14,0,30,30,9,0,5,114.365,114.122,10,0,4,115.767,127.169333333
r8_m044_split,3,8,split,projection,fixed_hit,both,perturbation,UNSAT,34,0,34,0,0,0,0,34,0,0,0,9,14,11,43.9,43.781,15,1,18,44.84,49.9986666667
r8_m044_split,3,8,split,query,search,decomposition,camera,SAT,296,0,296,0,16,16,0,292,4,312,320,168,7,121,1554.232,1981.916,168,7,121,1554.232,1981.916
r8_m044_split,3,8,split,query,search,decomposition,camera,UNSAT,568,0,568,0,0,0,0,568,0,568,568,255,68,245,562.736,660.799,255,68,245,562.736,660.799
r8_m044_split,3,8,split,query,search,decomposition,perturbation,SAT,129,0,129,0,33,33,0,123,6,162,174,54,9,66,495.979,588.993,54,9,66,495.979,588.993
r8_m044_split,3,8,split,query,search,decomposition,perturbation,UNSAT,1023,0,1023,0,0,0,0,1023,0,1023,1023,348,256,419,748.577,745.244,348,256,419,748.577,745.244
r8_m044_split,3,8,split,query,search,fixed_hit,camera,SAT,296,12,284,0,16,0,12,284,0,312,296,166,4,126,1554.232,1592.611,166,4,126,1554.232,1592.611
r8_m044_split,3,8,split,query,search,fixed_hit,camera,UNSAT,568,0,568,0,0,0,0,568,0,568,568,267,69,232,562.736,553.494,267,69,232,562.736,553.494
r8_m044_split,3,8,split,query,search,fixed_hit,perturbation,SAT,129,27,102,0,33,0,27,102,0,162,129,67,1,61,495.979,477.192,67,1,61,495.979,477.192
r8_m044_split,3,8,split,query,search,fixed_hit,perturbation,UNSAT,1023,0,1023,0,0,0,0,1023,0,1023,1023,387,242,394,748.577,789.931,387,242,394,748.577,789.931
r8_m044_split,3,8,split,query,search,both,camera,SAT,296,12,284,0,16,0,12,284,0,312,296,146,4,146,1554.232,1588.686,146,4,146,1554.232,1588.686
r8_m044_split,3,8,split,query,search,both,camera,UNSAT,568,0,568,0,0,0,0,568,0,568,568,245,74,249,562.736,811.127,245,74,249,562.736,811.127
r8_m044_split,3,8,split,query,search,both,perturbation,SAT,129,27,102,0,33,0,27,102,0,162,129,67,4,58,495.979,463.07,67,4,58,495.979,463.07
r8_m044_split,3,8,split,query,search,both,perturbation,UNSAT,1023,0,1023,0,0,0,0,1023,0,1023,1023,345,248,430,748.577,747.122,345,248,430,748.577,747.122
r8_m044_split,3,8,split,query,fixed_hit,both,camera,SAT,296,0,296,0,0,0,0,296,0,296,296,147,13,136,1592.611,1588.686,147,13,136,1592.611,1588.686
r8_m044_split,3,8,split,query,fixed_hit,both,camera,UNSAT,568,0,568,0,0,0,0,568,0,568,568,249,69,250,553.494,811.127,249,69,250,553.494,811.127
r8_m044_split,3,8,split,query,fixed_hit,both,perturbation,SAT,129,0,129,0,0,0,0,129,0,129,129,82,6,41,477.192,463.07,82,6,41,477.192,463.07
r8_m044_split,3,8,split,query,fixed_hit,both,perturbation,UNSAT,1023,0,1023,0,0,0,0,1023,0,1023,1023,374,245,404,789.931,747.122,374,245,404,789.931,747.122
r8_m044_same,3,8,same,feasibility,search,decomposition,camera,SAT,2846,0,2846,0,347,347,0,2793,53,3193,3311,1394,211,1241,16927.186,16885.632,1558,21,1267,18763.5263333,18740.459
r8_m044_same,3,8,same,feasibility,search,decomposition,perturbation,SAT,16,0,16,0,6,6,0,15,1,22,24,7,0,9,74.337,73.731,10,0,6,83.8523333333,75.4006666667
r8_m044_same,3,8,same,feasibility,search,decomposition,perturbation,UNSAT,32,0,32,0,0,0,0,32,0,32,32,10,9,13,43.153,43.266,16,1,15,43.5553333333,44.6106666667
r8_m044_same,3,8,same,feasibility,search,fixed_hit,camera,SAT,2846,262,2584,0,347,18,262,2584,0,3193,2864,1474,214,1158,16927.186,16449.86,1553,32,1261,18763.5263333,17985.3243333
r8_m044_same,3,8,same,feasibility,search,fixed_hit,perturbation,SAT,16,5,11,0,6,0,5,11,0,22,16,7,2,7,74.337,65.517,9,0,7,83.8523333333,66.5683333333
r8_m044_same,3,8,same,feasibility,search,fixed_hit,perturbation,UNSAT,32,0,32,0,0,0,0,32,0,32,32,14,7,11,43.153,42.97,13,1,18,43.5553333333,44.8556666667
r8_m044_same,3,8,same,feasibility,search,both,camera,SAT,2846,262,2584,0,347,18,262,2584,0,3193,2864,1430,209,1207,16927.186,16365.584,1427,26,1393,18763.5263333,18234.855
r8_m044_same,3,8,same,feasibility,search,both,perturbation,SAT,16,5,11,0,6,0,5,11,0,22,16,11,0,5,74.337,65.101,9,0,7,83.8523333333,67.4186666667
r8_m044_same,3,8,same,feasibility,search,both,perturbation,UNSAT,32,0,32,0,0,0,0,32,0,32,32,11,8,13,43.153,43.147,10,2,20,43.5553333333,44.6126666667
r8_m044_same,3,8,same,feasibility,fixed_hit,both,camera,SAT,2846,0,2846,0,18,18,0,2846,0,2864,2864,1333,239,1274,16449.86,16365.584,1492,33,1321,17985.3243333,18234.855
r8_m044_same,3,8,same,feasibility,fixed_hit,both,perturbation,SAT,16,0,16,0,0,0,0,16,0,16,16,12,0,4,65.517,65.101,10,0,6,66.5683333333,67.4186666667
r8_m044_same,3,8,same,feasibility,fixed_hit,both,perturbation,UNSAT,32,0,32,0,0,0,0,32,0,32,32,9,8,15,42.97,43.147,16,2,14,44.8556666667,44.6126666667
r8_m044_same,3,8,same,projection,search,decomposition,camera,SAT,2846,0,2846,0,579,579,0,2793,53,4433,4633,1369,135,1342,27671.656,27695.174,1588,11,1247,29290.9473333,29473.5386667
r8_m044_same,3,8,same,projection,search,decomposition,perturbation,SAT,16,0,16,0,14,14,0,15,1,51,57,9,1,6,166.171,164.137,11,0,5,185.816,170.724666667
r8_m044_same,3,8,same,projection,search,decomposition,perturbation,UNSAT,32,0,32,0,0,0,0,32,0,0,0,14,10,8,43.067,43.236,19,1,12,43.3653333333,43.663
r8_m044_same,3,8,same,projection,search,fixed_hit,camera,SAT,2846,263,2583,0,579,22,109,2731,6,4433,4170,1318,122,1406,27671.656,27542.355,1354,14,1478,29290.9473333,30447.0006667
r8_m044_same,3,8,same,projection,search,fixed_hit,perturbation,SAT,16,5,11,0,14,0,4,12,0,51,40,10,0,6,166.171,151.568,10,0,6,185.816,152.307
r8_m044_same,3,8,same,projection,search,fixed_hit,perturbation,UNSAT,32,0,32,0,0,0,0,32,0,0,0,11,7,14,43.067,43.113,13,0,19,43.3653333333,44.49
r8_m044_same,3,8,same,projection,search,both,camera,SAT,2846,263,2583,0,579,22,109,2731,6,4433,4170,1310,139,1397,27671.656,27522.823,1276,21,1549,29290.9473333,29497.106
r8_m044_same,3,8,same,projection,search,both,perturbation,SAT,16,5,11,0,14,0,4,12,0,51,40,10,1,5,166.171,150.926,9,0,7,185.816,152.794333333
r8_m044_same,3,8,same,projection,search,both,perturbation,UNSAT,32,0,32,0,0,0,0,32,0,0,0,11,9,12,43.067,43.082,16,2,14,43.3653333333,43.761
r8_m044_same,3,8,same,projection,fixed_hit,both,camera,SAT,2846,0,2846,0,22,22,0,2846,0,4170,4170,1357,151,1338,27542.355,27522.823,1580,9,1257,30447.0006667,29497.106
r8_m044_same,3,8,same,projection,fixed_hit,both,perturbation,SAT,16,0,16,0,0,0,0,16,0,40,40,10,0,6,151.568,150.926,12,0,4,152.307,152.794333333
r8_m044_same,3,8,same,projection,fixed_hit,both,perturbation,UNSAT,32,0,32,0,0,0,0,32,0,0,0,12,7,13,43.113,43.082,17,0,15,44.49,43.761
r8_m044_same,3,8,same,query,search,decomposition,camera,SAT,266,0,266,0,16,16,0,262,4,282,290,129,8,129,1422.724,1531.935,129,8,129,1422.724,1531.935
r8_m044_same,3,8,same,query,search,decomposition,camera,UNSAT,502,0,502,0,0,0,0,502,0,502,502,208,72,222,523.038,504.72,208,72,222,523.038,504.72
r8_m044_same,3,8,same,query,search,decomposition,perturbation,SAT,156,0,156,0,47,47,0,150,6,203,215,103,6,47,730.718,650.502,103,6,47,730.718,650.502
r8_m044_same,3,8,same,query,search,decomposition,perturbation,UNSAT,996,0,996,0,0,0,0,996,0,996,996,381,258,357,723.697,730.968,381,258,357,723.697,730.968
r8_m044_same,3,8,same,query,search,fixed_hit,camera,SAT,266,12,254,0,16,0,12,254,0,282,266,134,5,127,1422.724,1390.105,134,5,127,1422.724,1390.105
r8_m044_same,3,8,same,query,search,fixed_hit,camera,UNSAT,502,0,502,0,0,0,0,502,0,502,502,216,61,225,523.038,508.704,216,61,225,523.038,508.704
r8_m044_same,3,8,same,query,search,fixed_hit,perturbation,SAT,156,41,115,0,47,0,41,115,0,203,156,104,3,49,730.718,590.173,104,3,49,730.718,590.173
r8_m044_same,3,8,same,query,search,fixed_hit,perturbation,UNSAT,996,0,996,0,0,0,0,996,0,996,996,356,256,384,723.697,854.346,356,256,384,723.697,854.346
r8_m044_same,3,8,same,query,search,both,camera,SAT,266,12,254,0,16,0,12,254,0,282,266,118,9,139,1422.724,1383.637,118,9,139,1422.724,1383.637
r8_m044_same,3,8,same,query,search,both,camera,UNSAT,502,0,502,0,0,0,0,502,0,502,502,190,77,235,523.038,500.037,190,77,235,523.038,500.037
r8_m044_same,3,8,same,query,search,both,perturbation,SAT,156,41,115,0,47,0,41,115,0,203,156,96,3,57,730.718,588.546,96,3,57,730.718,588.546
r8_m044_same,3,8,same,query,search,both,perturbation,UNSAT,996,0,996,0,0,0,0,996,0,996,996,290,252,454,723.697,822.625,290,252,454,723.697,822.625
r8_m044_same,3,8,same,query,fixed_hit,both,camera,SAT,266,0,266,0,0,0,0,266,0,266,266,132,13,121,1390.105,1383.637,132,13,121,1390.105,1383.637
r8_m044_same,3,8,same,query,fixed_hit,both,camera,UNSAT,502,0,502,0,0,0,0,502,0,502,502,228,72,202,508.704,500.037,228,72,202,508.704,500.037
r8_m044_same,3,8,same,query,fixed_hit,both,perturbation,SAT,156,0,156,0,0,0,0,156,0,156,156,82,10,64,590.173,588.546,82,10,64,590.173,588.546
r8_m044_same,3,8,same,query,fixed_hit,both,perturbation,UNSAT,996,0,996,0,0,0,0,996,0,996,996,351,259,386,854.346,822.625,351,259,386,854.346,822.625
r8_m015_same,4,8,same,feasibility,search,decomposition,camera,SAT,4400,0,4400,0,541,541,0,4324,76,4941,5107,2063,310,2027,26214.826,26109.745,2348,45,2007,28344.947,28103.159
r8_m015_same,4,8,same,feasibility,search,decomposition,perturbation,SAT,15,0,15,0,5,5,0,14,1,20,22,8,0,7,67.937,67.633,9,0,6,70.9793333333,69.2383333333
r8_m015_same,4,8,same,feasibility,search,decomposition,perturbation,UNSAT,33,0,33,0,0,0,0,33,0,33,33,11,11,11,46.682,46.808,14,2,17,48.0903333333,49.085
r8_m015_same,4,8,same,feasibility,search,fixed_hit,camera,SAT,4400,429,3971,0,541,20,429,3971,0,4941,4420,2243,279,1878,26214.826,25278.357,2378,38,1984,28344.947,27791.689
r8_m015_same,4,8,same,feasibility,search,fixed_hit,perturbation,SAT,15,4,11,0,5,0,4,11,0,20,15,10,1,4,67.937,61.386,10,0,5,70.9793333333,61.924
r8_m015_same,4,8,same,feasibility,search,fixed_hit,perturbation,UNSAT,33,0,33,0,0,0,0,33,0,33,33,12,6,15,46.682,46.902,16,0,17,48.0903333333,47.1613333333
r8_m015_same,4,8,same,feasibility,search,both,camera,SAT,4400,429,3971,0,541,20,429,3971,0,4941,4420,2227,307,1866,26214.826,25295.953,2242,45,2113,28344.947,27963.2773333
r8_m015_same,4,8,same,feasibility,search,both,perturbation,SAT,15,4,11,0,5,0,4,11,0,20,15,10,2,3,67.937,61.223,10,0,5,70.9793333333,61.7676666667
r8_m015_same,4,8,same,feasibility,search,both,perturbation,UNSAT,33,0,33,0,0,0,0,33,0,33,33,11,11,11,46.682,46.703,7,5,21,48.0903333333,47.547
r8_m015_same,4,8,same,feasibility,fixed_hit,both,camera,SAT,4400,0,4400,0,20,20,0,4400,0,4420,4420,2101,359,1940,25278.357,25295.953,2377,58,1965,27791.689,27963.2773333
r8_m015_same,4,8,same,feasibility,fixed_hit,both,perturbation,SAT,15,0,15,0,0,0,0,15,0,15,15,10,1,4,61.386,61.223,9,0,6,61.924,61.7676666667
r8_m015_same,4,8,same,feasibility,fixed_hit,both,perturbation,UNSAT,33,0,33,0,0,0,0,33,0,33,33,15,10,8,46.902,46.703,20,2,11,47.1613333333,47.547
r8_m015_same,4,8,same,projection,search,decomposition,camera,SAT,4400,0,4400,0,845,845,0,4324,76,6838,7100,2155,229,2016,42775.469,42633.901,2461,37,1902,46817.083,46047.6766667
r8_m015_same,4,8,same,projection,search,decomposition,perturbation,SAT,15,0,15,0,8,8,0,14,1,38,40,7,1,7,134.944,134.203,9,0,6,148.645333333,139.835
r8_m015_same,4,8,same,projection,search,decomposition,perturbation,UNSAT,33,0,33,0,0,0,0,33,0,0,0,6,19,8,46.673,46.674,14,1,18,47.8716666667,48.3153333333
r8_m015_same,4,8,same,projection,search,fixed_hit,camera,SAT,4400,429,3971,0,845,20,158,4238,4,6838,6468,2060,195,2145,42775.469,42279.885,2182,13,2205,46817.083,45422.5146667
r8_m015_same,4,8,same,projection,search,fixed_hit,perturbation,SAT,15,4,11,0,8,0,2,13,0,38,34,9,0,6,134.944,130.529,10,0,5,148.645333333,133.232666667
r8_m015_same,4,8,same,projection,search,fixed_hit,perturbation,UNSAT,33,0,33,0,0,0,0,33,0,0,0,9,12,12,46.673,46.681,12,3,18,47.8716666667,46.8786666667
r8_m015_same,4,8,same,projection,search,both,camera,SAT,4400,429,3971,0,845,20,158,4238,4,6838,6468,2069,205,2126,42775.469,42277.372,1964,21,2415,46817.083,46904.0273333
r8_m015_same,4,8,same,projection,search,both,perturbation,SAT,15,4,11,0,8,0,2,13,0,38,34,6,1,8,134.944,129.955,8,1,6,148.645333333,135.161333333
r8_m015_same,4,8,same,projection,search,both,perturbation,UNSAT,33,0,33,0,0,0,0,33,0,0,0,11,15,7,46.673,46.608,13,3,17,47.8716666667,46.9623333333
r8_m015_same,4,8,same,projection,fixed_hit,both,camera,SAT,4400,0,4400,0,20,20,0,4400,0,6468,6468,2155,236,2009,42279.885,42277.372,2522,31,1847,45422.5146667,46904.0273333
r8_m015_same,4,8,same,projection,fixed_hit,both,perturbation,SAT,15,0,15,0,0,0,0,15,0,34,34,9,0,6,130.529,129.955,9,0,6,133.232666667,135.161333333
r8_m015_same,4,8,same,projection,fixed_hit,both,perturbation,UNSAT,33,0,33,0,0,0,0,33,0,0,0,14,9,10,46.681,46.608,21,1,11,46.8786666667,46.9623333333
r8_m015_same,4,8,same,query,search,decomposition,camera,SAT,427,0,427,0,68,68,0,423,4,495,503,214,12,201,2780.931,2560.373,214,12,201,2780.931,2560.373
r8_m015_same,4,8,same,query,search,decomposition,camera,UNSAT,749,0,749,0,0,0,0,749,0,749,749,330,93,326,906.611,794.644,330,93,326,906.611,794.644
r8_m015_same,4,8,same,query,search,decomposition,perturbation,SAT,141,0,141,0,36,36,0,137,4,177,185,82,3,56,592.153,586.725,82,3,56,592.153,586.725
r8_m015_same,4,8,same,query,search,decomposition,perturbation,UNSAT,1011,0,1011,0,0,0,0,1011,0,1011,1011,398,259,354,863.283,804.372,398,259,354,863.283,804.372
r8_m015_same,4,8,same,query,search,fixed_hit,camera,SAT,427,52,375,0,68,12,52,375,0,495,439,221,10,196,2780.931,2482.552,221,10,196,2780.931,2482.552
r8_m015_same,4,8,same,query,search,fixed_hit,camera,UNSAT,749,0,749,0,0,0,0,749,0,749,749,323,81,345,906.611,879.695,323,81,345,906.611,879.695
r8_m015_same,4,8,same,query,search,fixed_hit,perturbation,SAT,141,32,109,0,36,0,32,109,0,177,141,97,2,42,592.153,841.838,97,2,42,592.153,841.838
r8_m015_same,4,8,same,query,search,fixed_hit,perturbation,UNSAT,1011,0,1011,0,0,0,0,1011,0,1011,1011,428,249,334,863.283,804.951,428,249,334,863.283,804.951
r8_m015_same,4,8,same,query,search,both,camera,SAT,427,52,375,0,68,12,52,375,0,495,439,219,13,195,2780.931,2527.987,219,13,195,2780.931,2527.987
r8_m015_same,4,8,same,query,search,both,camera,UNSAT,749,0,749,0,0,0,0,749,0,749,749,300,86,363,906.611,899.82,300,86,363,906.611,899.82
r8_m015_same,4,8,same,query,search,both,perturbation,SAT,141,32,109,0,36,0,32,109,0,177,141,94,4,43,592.153,533.987,94,4,43,592.153,533.987
r8_m015_same,4,8,same,query,search,both,perturbation,UNSAT,1011,0,1011,0,0,0,0,1011,0,1011,1011,367,276,368,863.283,768.586,367,276,368,863.283,768.586
r8_m015_same,4,8,same,query,fixed_hit,both,camera,SAT,427,0,427,0,12,12,0,427,0,439,439,254,9,164,2482.552,2527.987,254,9,164,2482.552,2527.987
r8_m015_same,4,8,same,query,fixed_hit,both,camera,UNSAT,749,0,749,0,0,0,0,749,0,749,749,364,88,297,879.695,899.82,364,88,297,879.695,899.82
r8_m015_same,4,8,same,query,fixed_hit,both,perturbation,SAT,141,0,141,0,0,0,0,141,0,141,141,78,4,59,841.838,533.987,78,4,59,841.838,533.987
r8_m015_same,4,8,same,query,fixed_hit,both,perturbation,UNSAT,1011,0,1011,0,0,0,0,1011,0,1011,1011,360,263,388,804.951,768.586,360,263,388,804.951,768.586
r8_m015_split,4,8,split,feasibility,search,decomposition,camera,SAT,5043,0,5043,0,443,443,0,4972,71,5486,5642,2457,318,2268,28783.267,28799.635,2791,51,2201,33536.9246667,32652.8843333
r8_m015_split,4,8,split,feasibility,search,decomposition,perturbation,SAT,14,0,14,0,4,4,0,13,1,18,20,7,3,4,59.091,58.878,10,0,4,61.8983333333,60.0703333333
r8_m015_split,4,8,split,feasibility,search,decomposition,perturbation,UNSAT,34,0,34,0,0,0,0,34,0,34,34,16,5,13,46.552,46.345,18,1,15,109.162666667,47.5043333333
r8_m015_split,4,8,split,feasibility,search,fixed_hit,camera,SAT,5043,356,4687,0,443,0,356,4687,0,5486,5043,2538,281,2224,28783.267,28173.623,2687,27,2329,33536.9246667,32264.4306667
r8_m015_split,4,8,split,feasibility,search,fixed_hit,perturbation,SAT,14,3,11,0,4,0,3,11,0,18,14,10,0,4,59.091,54.205,12,0,2,61.8983333333,55.4093333333
r8_m015_split,4,8,split,feasibility,search,fixed_hit,perturbation,UNSAT,34,0,34,0,0,0,0,34,0,34,34,10,9,15,46.552,46.945,19,0,15,109.162666667,57.5973333333
r8_m015_split,4,8,split,feasibility,search,both,camera,SAT,5043,356,4687,0,443,0,356,4687,0,5486,5043,2487,296,2260,28783.267,28091.788,2499,49,2495,33536.9246667,33162.7686667
r8_m015_split,4,8,split,feasibility,search,both,perturbation,SAT,14,3,11,0,4,0,3,11,0,18,14,9,2,3,59.091,54.201,8,0,6,61.8983333333,55.8143333333
r8_m015_split,4,8,split,feasibility,search,both,perturbation,UNSAT,34,0,34,0,0,0,0,34,0,34,34,13,9,12,46.552,46.643,16,0,18,109.162666667,49.4596666667
r8_m015_split,4,8,split,feasibility,fixed_hit,both,camera,SAT,5043,0,5043,0,0,0,0,5043,0,5043,5043,2426,319,2298,28173.623,28091.788,2742,52,2249,32264.4306667,33162.7686667
r8_m015_split,4,8,split,feasibility,fixed_hit,both,perturbation,SAT,14,0,14,0,0,0,0,14,0,14,14,7,0,7,54.205,54.201,8,0,6,55.4093333333,55.8143333333
r8_m015_split,4,8,split,feasibility,fixed_hit,both,perturbation,UNSAT,34,0,34,0,0,0,0,34,0,34,34,12,12,10,46.945,46.643,16,1,17,57.5973333333,49.4596666667
r8_m015_split,4,8,split,projection,search,decomposition,camera,SAT,5043,0,5043,0,720,720,0,4972,71,7051,7299,2490,168,2385,46679.04,45931.387,2763,24,2256,54883.8076667,50915.4703333
r8_m015_split,4,8,split,projection,search,decomposition,perturbation,SAT,14,0,14,0,6,6,0,13,1,29,31,7,0,7,104.92,104.198,12,0,2,115.150333333,104.468333333
r8_m015_split,4,8,split,projection,search,decomposition,perturbation,UNSAT,34,0,34,0,0,0,0,34,0,0,0,10,13,11,46.419,46.55,16,2,16,62.8846666667,47.0373333333
r8_m015_split,4,8,split,projection,search,fixed_hit,camera,SAT,5043,356,4687,0,720,0,130,4912,1,7051,6726,2384,165,2494,46679.04,45440.416,2502,18,2523,54883.8076667,53272.912
r8_m015_split,4,8,split,projection,search,fixed_hit,perturbation,SAT,14,3,11,0,6,0,1,13,0,29,27,5,0,9,104.92,104.228,9,0,5,115.150333333,105.431333333
r8_m015_split,4,8,split,projection,search,fixed_hit,perturbation,UNSAT,34,0,34,0,0,0,0,34,0,0,0,12,8,14,46.419,46.502,17,0,17,62.8846666667,47.607
r8_m015_split,4,8,split,projection,search,both,camera,SAT,5043,356,4687,0,720,0,130,4912,1,7051,6726,2337,166,2540,46679.04,45601.371,2289,30,2724,54883.8076667,53224.2746667
r8_m015_split,4,8,split,projection,search,both,perturbation,SAT,14,3,11,0,6,0,1,13,0,29,27,6,0,8,104.92,104.389,5,0,9,115.150333333,107.966333333
r8_m015_split,4,8,split,projection,search,both,perturbation,UNSAT,34,0,34,0,0,0,0,34,0,0,0,15,7,12,46.419,46.422,19,1,14,62.8846666667,48.359
r8_m015_split,4,8,split,projection,fixed_hit,both,camera,SAT,5043,0,5043,0,0,0,0,5043,0,6726,6726,2426,177,2440,45440.416,45601.371,2688,14,2341,53272.912,53224.2746667
r8_m015_split,4,8,split,projection,fixed_hit,both,perturbation,SAT,14,0,14,0,0,0,0,14,0,27,27,5,1,8,104.228,104.389,7,0,7,105.431333333,107.966333333
r8_m015_split,4,8,split,projection,fixed_hit,both,perturbation,UNSAT,34,0,34,0,0,0,0,34,0,0,0,13,11,10,46.502,46.422,19,1,14,47.607,48.359
r8_m015_split,4,8,split,query,search,decomposition,camera,SAT,458,0,458,0,38,38,0,454,4,496,504,257,9,192,2621.364,2742.432,257,9,192,2621.364,2742.432
r8_m015_split,4,8,split,query,search,decomposition,camera,UNSAT,862,0,862,0,0,0,0,862,0,862,862,388,103,371,1034.979,1130.663,388,103,371,1034.979,1130.663
r8_m015_split,4,8,split,query,search,decomposition,perturbation,SAT,125,0,125,0,28,28,0,121,4,153,161,72,3,50,503.045,501.927,72,3,50,503.045,501.927
r8_m015_split,4,8,split,query,search,decomposition,perturbation,UNSAT,1027,0,1027,0,0,0,0,1027,0,1027,1027,371,257,399,940.035,808.507,371,257,399,940.035,808.507
r8_m015_split,4,8,split,query,search,fixed_hit,camera,SAT,458,34,424,0,38,0,34,424,0,496,458,223,7,228,2621.364,2754.442,223,7,228,2621.364,2754.442
r8_m015_split,4,8,split,query,search,fixed_hit,camera,UNSAT,862,0,862,0,0,0,0,862,0,862,862,357,96,409,1034.979,966.669,357,96,409,1034.979,966.669
r8_m015_split,4,8,split,query,search,fixed_hit,perturbation,SAT,125,24,101,0,28,0,24,101,0,153,125,76,1,48,503.045,498.236,76,1,48,503.045,498.236
r8_m015_split,4,8,split,query,search,fixed_hit,perturbation,UNSAT,1027,0,1027,0,0,0,0,1027,0,1027,1027,355,248,424,940.035,846.607,355,248,424,940.035,846.607
r8_m015_split,4,8,split,query,search,both,camera,SAT,458,34,424,0,38,0,34,424,0,496,458,225,10,223,2621.364,3022.992,225,10,223,2621.364,3022.992
r8_m015_split,4,8,split,query,search,both,camera,UNSAT,862,0,862,0,0,0,0,862,0,862,862,327,90,445,1034.979,903.2,327,90,445,1034.979,903.2
r8_m015_split,4,8,split,query,search,both,perturbation,SAT,125,24,101,0,28,0,24,101,0,153,125,65,2,58,503.045,512.001,65,2,58,503.045,512.001
r8_m015_split,4,8,split,query,search,both,perturbation,UNSAT,1027,0,1027,0,0,0,0,1027,0,1027,1027,349,265,413,940.035,800.592,349,265,413,940.035,800.592
r8_m015_split,4,8,split,query,fixed_hit,both,camera,SAT,458,0,458,0,0,0,0,458,0,458,458,272,10,176,2754.442,3022.992,272,10,176,2754.442,3022.992
r8_m015_split,4,8,split,query,fixed_hit,both,camera,UNSAT,862,0,862,0,0,0,0,862,0,862,862,423,109,330,966.669,903.2,423,109,330,966.669,903.2
r8_m015_split,4,8,split,query,fixed_hit,both,perturbation,SAT,125,0,125,0,0,0,0,125,0,125,125,64,4,57,498.236,512.001,64,4,57,498.236,512.001
r8_m015_split,4,8,split,query,fixed_hit,both,perturbation,UNSAT,1027,0,1027,0,0,0,0,1027,0,1027,1027,443,251,333,846.607,800.592,443,251,333,846.607,800.592
r16_m015_same,4,16,same,feasibility,search,decomposition,camera,SAT,6389,0,6389,0,39,39,0,6389,0,6428,6428,3066,387,2936,56046.182,55568.165,3403,61,2925,63964.041,65471.867
r16_m015_same,4,16,same,feasibility,search,decomposition,perturbation,SAT,12,0,12,0,0,0,0,12,0,12,12,6,0,6,85.797,86.5,5,0,7,94.9193333333,89.258
r16_m015_same,4,16,same,feasibility,search,decomposition,perturbation,UNSAT,36,0,36,0,0,0,0,36,0,36,36,12,13,11,72.969,73.049,15,2,19,75.587,74.4606666667
r16_m015_same,4,16,same,feasibility,search,fixed_hit,camera,SAT,6389,34,6355,0,39,5,34,6355,0,6428,6394,3065,390,2934,56046.182,55649.383,3148,61,3180,63964.041,62710.5513333
r16_m015_same,4,16,same,feasibility,search,fixed_hit,perturbation,SAT,12,0,12,0,0,0,0,12,0,12,12,5,0,7,85.797,86.1,7,0,5,94.9193333333,87.9243333333
r16_m015_same,4,16,same,feasibility,search,fixed_hit,perturbation,UNSAT,36,0,36,0,0,0,0,36,0,36,36,16,4,16,72.969,73.081,20,0,16,75.587,75.2446666667
r16_m015_same,4,16,same,feasibility,search,both,camera,SAT,6389,34,6355,0,39,5,34,6355,0,6428,6394,3004,374,3011,56046.182,55778.958,2987,50,3352,63964.041,64495.5993333
r16_m015_same,4,16,same,feasibility,search,both,perturbation,SAT,12,0,12,0,0,0,0,12,0,12,12,4,1,7,85.797,86.047,7,0,5,94.9193333333,87.5343333333
r16_m015_same,4,16,same,feasibility,search,both,perturbation,UNSAT,36,0,36,0,0,0,0,36,0,36,36,14,7,15,72.969,72.9,16,1,19,75.587,73.7866666667
r16_m015_same,4,16,same,feasibility,fixed_hit,both,camera,SAT,6389,0,6389,0,5,5,0,6389,0,6394,6394,3095,373,2921,55649.383,55778.958,3407,66,2916,62710.5513333,64495.5993333
r16_m015_same,4,16,same,feasibility,fixed_hit,both,perturbation,SAT,12,0,12,0,0,0,0,12,0,12,12,8,0,4,86.1,86.047,6,0,6,87.9243333333,87.5343333333
r16_m015_same,4,16,same,feasibility,fixed_hit,both,perturbation,UNSAT,36,0,36,0,0,0,0,36,0,36,36,19,2,15,73.081,72.9,19,0,17,75.2446666667,73.7866666667
r16_m015_same,4,16,same,projection,search,decomposition,camera,SAT,6389,0,6389,0,39,39,0,6389,0,7581,7581,3127,279,2983,89838.601,90292.84,3426,32,2931,99581.5516667,98299.089
r16_m015_same,4,16,same,projection,search,decomposition,perturbation,SAT,12,0,12,0,0,0,0,12,0,14,14,5,1,6,146.621,147.525,6,0,6,170.162333333,172.275
r16_m015_same,4,16,same,projection,search,decomposition,perturbation,UNSAT,36,0,36,0,0,0,0,36,0,0,0,12,13,11,72.452,72.37,16,3,17,78.6176666667,72.731
r16_m015_same,4,16,same,projection,search,fixed_hit,camera,SAT,6389,34,6355,0,39,5,15,6374,0,7581,7566,3028,265,3096,89838.601,90348.701,3153,39,3197,99581.5516667,103338.503333
r16_m015_same,4,16,same,projection,search,fixed_hit,perturbation,SAT,12,0,12,0,0,0,0,12,0,14,14,6,0,6,146.621,146.432,7,0,5,170.162333333,147.07
r16_m015_same,4,16,same,projection,search,fixed_hit,perturbation,UNSAT,36,0,36,0,0,0,0,36,0,0,0,17,9,10,72.452,72.266,16,2,18,78.6176666667,73.82
r16_m015_same,4,16,same,projection,search,both,camera,SAT,6389,34,6355,0,39,5,15,6374,0,7581,7566,2998,239,3152,89838.601,90509.002,3000,31,3358,99581.5516667,100733.934667
r16_m015_same,4,16,same,projection,search,both,perturbation,SAT,12,0,12,0,0,0,0,12,0,14,14,5,1,6,146.621,148.437,5,0,7,170.162333333,157.469333333
r16_m015_same,4,16,same,projection,search,both,perturbation,UNSAT,36,0,36,0,0,0,0,36,0,0,0,11,12,13,72.452,72.409,15,3,18,78.6176666667,72.8756666667
r16_m015_same,4,16,same,projection,fixed_hit,both,camera,SAT,6389,0,6389,0,5,5,0,6389,0,7566,7566,3109,281,2999,90348.701,90509.002,3385,42,2962,103338.503333,100733.934667
r16_m015_same,4,16,same,projection,fixed_hit,both,perturbation,SAT,12,0,12,0,0,0,0,12,0,14,14,6,0,6,146.432,148.437,7,0,5,147.07,157.469333333
r16_m015_same,4,16,same,projection,fixed_hit,both,perturbation,UNSAT,36,0,36,0,0,0,0,36,0,0,0,8,15,13,72.266,72.409,19,1,16,73.82,72.8756666667
r16_m015_same,4,16,same,query,search,decomposition,camera,SAT,563,0,563,0,0,0,0,563,0,563,563,285,9,269,5032.028,5670.993,285,9,269,5032.028,5670.993
r16_m015_same,4,16,same,query,search,decomposition,camera,UNSAT,1093,0,1093,0,0,0,0,1093,0,1093,1093,516,116,461,1331.543,1407.169,516,116,461,1331.543,1407.169
r16_m015_same,4,16,same,query,search,decomposition,perturbation,SAT,98,0,98,0,0,0,0,98,0,98,98,47,2,49,696.735,783.09,47,2,49,696.735,783.09
r16_m015_same,4,16,same,query,search,decomposition,perturbation,UNSAT,1054,0,1054,0,0,0,0,1054,0,1054,1054,427,251,376,1110.945,1176.263,427,251,376,1110.945,1176.263
r16_m015_same,4,16,same,query,search,fixed_hit,camera,SAT,563,0,563,0,0,0,0,563,0,563,563,280,17,266,5032.028,4860.419,280,17,266,5032.028,4860.419
r16_m015_same,4,16,same,query,search,fixed_hit,camera,UNSAT,1093,0,1093,0,0,0,0,1093,0,1093,1093,488,130,475,1331.543,1312.566,488,130,475,1331.543,1312.566
r16_m015_same,4,16,same,query,search,fixed_hit,perturbation,SAT,98,0,98,0,0,0,0,98,0,98,98,52,1,45,696.735,694.879,52,1,45,696.735,694.879
r16_m015_same,4,16,same,query,search,fixed_hit,perturbation,UNSAT,1054,0,1054,0,0,0,0,1054,0,1054,1054,402,255,397,1110.945,1299.425,402,255,397,1110.945,1299.425
r16_m015_same,4,16,same,query,search,both,camera,SAT,563,0,563,0,0,0,0,563,0,563,563,259,13,291,5032.028,7522.696,259,13,291,5032.028,7522.696
r16_m015_same,4,16,same,query,search,both,camera,UNSAT,1093,0,1093,0,0,0,0,1093,0,1093,1093,448,111,534,1331.543,1403.354,448,111,534,1331.543,1403.354
r16_m015_same,4,16,same,query,search,both,perturbation,SAT,98,0,98,0,0,0,0,98,0,98,98,48,2,48,696.735,708.393,48,2,48,696.735,708.393
r16_m015_same,4,16,same,query,search,both,perturbation,UNSAT,1054,0,1054,0,0,0,0,1054,0,1054,1054,381,254,419,1110.945,1068.126,381,254,419,1110.945,1068.126
r16_m015_same,4,16,same,query,fixed_hit,both,camera,SAT,563,0,563,0,0,0,0,563,0,563,563,299,11,253,4860.419,7522.696,299,11,253,4860.419,7522.696
r16_m015_same,4,16,same,query,fixed_hit,both,camera,UNSAT,1093,0,1093,0,0,0,0,1093,0,1093,1093,520,124,449,1312.566,1403.354,520,124,449,1312.566,1403.354
r16_m015_same,4,16,same,query,fixed_hit,both,perturbation,SAT,98,0,98,0,0,0,0,98,0,98,98,42,1,55,694.879,708.393,42,1,55,694.879,708.393
r16_m015_same,4,16,same,query,fixed_hit,both,perturbation,UNSAT,1054,0,1054,0,0,0,0,1054,0,1054,1054,401,250,403,1299.425,1068.126,401,250,403,1299.425,1068.126
r16_m015_split,4,16,split,feasibility,search,decomposition,camera,SAT,6532,0,6532,0,5,5,0,6532,0,6537,6537,3141,257,3134,54691.221,54497.685,3527,39,2966,62459.4896667,61256.655
r16_m015_split,4,16,split,feasibility,search,decomposition,perturbation,SAT,12,0,12,0,0,0,0,12,0,12,12,2,0,10,85.781,86.751,4,0,8,88.5843333333,117.162666667
r16_m015_split,4,16,split,feasibility,search,decomposition,perturbation,UNSAT,36,0,36,0,0,0,0,36,0,36,36,15,6,15,67.912,68.265,16,4,16,68.95,74.7776666667
r16_m015_split,4,16,split,feasibility,search,fixed_hit,camera,SAT,6532,5,6527,0,5,0,5,6527,0,6537,6532,3088,246,3198,54691.221,54474.011,3287,36,3209,62459.4896667,61483.6446667
r16_m015_split,4,16,split,feasibility,search,fixed_hit,perturbation,SAT,12,0,12,0,0,0,0,12,0,12,12,4,0,8,85.781,86.622,3,0,9,88.5843333333,94.938
r16_m015_split,4,16,split,feasibility,search,fixed_hit,perturbation,UNSAT,36,0,36,0,0,0,0,36,0,36,36,14,6,16,67.912,68.039,18,2,16,68.95,73.2343333333
r16_m015_split,4,16,split,feasibility,search,both,camera,SAT,6532,5,6527,0,5,0,5,6527,0,6537,6532,3056,235,3241,54691.221,54572.179,3119,34,3379,62459.4896667,62619.3763333
r16_m015_split,4,16,split,feasibility,search,both,perturbation,SAT,12,0,12,0,0,0,0,12,0,12,12,3,1,8,85.781,88.036,5,0,7,88.5843333333,89.887
r16_m015_split,4,16,split,feasibility,search,both,perturbation,UNSAT,36,0,36,0,0,0,0,36,0,36,36,12,11,13,67.912,67.953,17,0,19,68.95,69.35
r16_m015_split,4,16,split,feasibility,fixed_hit,both,camera,SAT,6532,0,6532,0,0,0,0,6532,0,6532,6532,3175,235,3122,54474.011,54572.179,3524,34,2974,61483.6446667,62619.3763333
r16_m015_split,4,16,split,feasibility,fixed_hit,both,perturbation,SAT,12,0,12,0,0,0,0,12,0,12,12,7,0,5,86.622,88.036,7,0,5,94.938,89.887
r16_m015_split,4,16,split,feasibility,fixed_hit,both,perturbation,UNSAT,36,0,36,0,0,0,0,36,0,36,36,16,9,11,68.039,67.953,23,0,13,73.2343333333,69.35
r16_m015_split,4,16,split,projection,search,decomposition,camera,SAT,6532,0,6532,0,5,5,0,6532,0,7596,7596,3254,128,3150,89128.667,89193.385,3464,26,3042,99849.66,100352.789333
r16_m015_split,4,16,split,projection,search,decomposition,perturbation,SAT,12,0,12,0,0,0,0,12,0,14,14,5,0,7,148.774,149.066,3,0,9,155.290333333,157.554333333
r16_m015_split,4,16,split,projection,search,decomposition,perturbation,UNSAT,36,0,36,0,0,0,0,36,0,0,0,14,13,9,67.737,67.785,20,1,15,68.8753333333,68.6906666667
r16_m015_split,4,16,split,projection,search,fixed_hit,camera,SAT,6532,5,6527,0,5,0,0,6532,0,7596,7596,3231,139,3162,89128.667,89154.168,3352,26,3154,99849.66,100601.368667
r16_m015_split,4,16,split,projection,search,fixed_hit,perturbation,SAT,12,0,12,0,0,0,0,12,0,14,14,6,1,5,148.774,148.936,7,0,5,155.290333333,155.348333333
r16_m015_split,4,16,split,projection,search,fixed_hit,perturbation,UNSAT,36,0,36,0,0,0,0,36,0,0,0,11,10,15,67.737,67.859,17,1,18,68.8753333333,68.583
r16_m015_split,4,16,split,projection,search,both,camera,SAT,6532,5,6527,0,5,0,0,6532,0,7596,7596,3006,149,3377,89128.667,89321.333,3014,21,3497,99849.66,101022.307
r16_m015_split,4,16,split,projection,search,both,perturbation,SAT,12,0,12,0,0,0,0,12,0,14,14,4,1,7,148.774,150.147,5,0,7,155.290333333,268.650333333
r16_m015_split,4,16,split,projection,search,both,perturbation,UNSAT,36,0,36,0,0,0,0,36,0,0,0,13,12,11,67.737,67.644,17,3,16,68.8753333333,69.93
r16_m015_split,4,16,split,projection,fixed_hit,both,camera,SAT,6532,0,6532,0,0,0,0,6532,0,7596,7596,3130,106,3296,89154.168,89321.333,3353,25,3154,100601.368667,101022.307
r16_m015_split,4,16,split,projection,fixed_hit,both,perturbation,SAT,12,0,12,0,0,0,0,12,0,14,14,5,1,6,148.936,150.147,5,1,6,155.348333333,268.650333333
r16_m015_split,4,16,split,projection,fixed_hit,both,perturbation,UNSAT,36,0,36,0,0,0,0,36,0,0,0,16,10,10,67.859,67.644,19,3,14,68.583,69.93
r16_m015_split,4,16,split,query,search,decomposition,camera,SAT,578,0,578,0,0,0,0,578,0,578,578,293,4,281,5382.261,5511.773,293,4,281,5382.261,5511.773
r16_m015_split,4,16,split,query,search,decomposition,camera,UNSAT,1126,0,1126,0,0,0,0,1126,0,1126,1126,484,123,519,1328.879,1337.66,484,123,519,1328.879,1337.66
r16_m015_split,4,16,split,query,search,decomposition,perturbation,SAT,98,0,98,0,0,0,0,98,0,98,98,49,3,46,757.166,736.615,49,3,46,757.166,736.615
r16_m015_split,4,16,split,query,search,decomposition,perturbation,UNSAT,1054,0,1054,0,0,0,0,1054,0,1054,1054,372,277,405,1078.515,1214.393,372,277,405,1078.515,1214.393
r16_m015_split,4,16,split,query,search,fixed_hit,camera,SAT,578,0,578,0,0,0,0,578,0,578,578,277,9,292,5382.261,5118.765,277,9,292,5382.261,5118.765
r16_m015_split,4,16,split,query,search,fixed_hit,camera,UNSAT,1126,0,1126,0,0,0,0,1126,0,1126,1126,472,121,533,1328.879,1455.638,472,121,533,1328.879,1455.638
r16_m015_split,4,16,split,query,search,fixed_hit,perturbation,SAT,98,0,98,0,0,0,0,98,0,98,98,54,2,42,757.166,701,54,2,42,757.166,701
r16_m015_split,4,16,split,query,search,fixed_hit,perturbation,UNSAT,1054,0,1054,0,0,0,0,1054,0,1054,1054,390,238,426,1078.515,1030.252,390,238,426,1078.515,1030.252
r16_m015_split,4,16,split,query,search,both,camera,SAT,578,0,578,0,0,0,0,578,0,578,578,236,11,331,5382.261,5063.677,236,11,331,5382.261,5063.677
r16_m015_split,4,16,split,query,search,both,camera,UNSAT,1126,0,1126,0,0,0,0,1126,0,1126,1126,472,115,539,1328.879,1486.419,472,115,539,1328.879,1486.419
r16_m015_split,4,16,split,query,search,both,perturbation,SAT,98,0,98,0,0,0,0,98,0,98,98,50,4,44,757.166,699.661,50,4,44,757.166,699.661
r16_m015_split,4,16,split,query,search,both,perturbation,UNSAT,1054,0,1054,0,0,0,0,1054,0,1054,1054,339,277,438,1078.515,1170.702,339,277,438,1078.515,1170.702
r16_m015_split,4,16,split,query,fixed_hit,both,camera,SAT,578,0,578,0,0,0,0,578,0,578,578,298,5,275,5118.765,5063.677,298,5,275,5118.765,5063.677
r16_m015_split,4,16,split,query,fixed_hit,both,camera,UNSAT,1126,0,1126,0,0,0,0,1126,0,1126,1126,525,117,484,1455.638,1486.419,525,117,484,1455.638,1486.419
r16_m015_split,4,16,split,query,fixed_hit,both,perturbation,SAT,98,0,98,0,0,0,0,98,0,98,98,40,1,57,701,699.661,40,1,57,701,699.661
r16_m015_split,4,16,split,query,fixed_hit,both,perturbation,UNSAT,1054,0,1054,0,0,0,0,1054,0,1054,1054,415,252,387,1030.252,1170.702,415,252,387,1030.252,1170.702
r8_m240_split,4,8,split,feasibility,search,decomposition,camera,SAT,5206,0,5206,0,443,443,0,5135,71,5649,5805,2610,284,2312,29351.127,29272.832,2921,49,2236,30891.6786667,31334.332
r8_m240_split,4,8,split,feasibility,search,decomposition,perturbation,SAT,16,0,16,0,4,4,0,15,1,20,22,9,1,6,66.358,65.779,9,0,7,67.4683333333,68.0896666667
r8_m240_split,4,8,split,feasibility,search,decomposition,perturbation,UNSAT,32,0,32,0,0,0,0,32,0,32,32,7,7,18,43.984,44.231,14,0,18,44.4586666667,52.157
r8_m240_split,4,8,split,feasibility,search,fixed_hit,camera,SAT,5206,347,4859,0,443,9,347,4859,0,5649,5215,2706,235,2265,29351.127,28655.592,2790,44,2372,30891.6786667,30387.8966667
r8_m240_split,4,8,split,feasibility,search,fixed_hit,perturbation,SAT,16,3,13,0,4,0,3,13,0,20,16,9,1,6,66.358,60.623,9,0,7,67.4683333333,62.4716666667
r8_m240_split,4,8,split,feasibility,search,fixed_hit,perturbation,UNSAT,32,0,32,0,0,0,0,32,0,32,32,12,8,12,43.984,43.989,16,0,16,44.4586666667,45.809
r8_m240_split,4,8,split,feasibility,search,both,camera,SAT,5206,347,4859,0,443,9,347,4859,0,5649,5215,2585,255,2366,29351.127,28650.08,2541,51,2614,30891.6786667,30268.3023333
r8_m240_split,4,8,split,feasibility,search,both,perturbation,SAT,16,3,13,0,4,0,3,13,0,20,16,7,2,7,66.358,60.709,10,0,6,67.4683333333,79.2943333333
r8_m240_split,4,8,split,feasibility,search,both,perturbation,UNSAT,32,0,32,0,0,0,0,32,0,32,32,6,8,18,43.984,44.138,9,2,21,44.4586666667,46.0613333333
r8_m240_split,4,8,split,feasibility,fixed_hit,both,camera,SAT,5206,0,5206,0,9,9,0,5206,0,5215,5215,2461,254,2491,28655.592,28650.08,2813,46,2347,30387.8966667,30268.3023333
r8_m240_split,4,8,split,feasibility,fixed_hit,both,perturbation,SAT,16,0,16,0,0,0,0,16,0,16,16,10,0,6,60.623,60.709,9,0,7,62.4716666667,79.2943333333
r8_m240_split,4,8,split,feasibility,fixed_hit,both,perturbation,UNSAT,32,0,32,0,0,0,0,32,0,32,32,11,4,17,43.989,44.138,17,0,15,45.809,46.0613333333
r8_m240_split,4,8,split,projection,search,decomposition,camera,SAT,5206,0,5206,0,718,718,0,5135,71,7130,7378,2541,146,2519,46541.099,46483.481,2796,34,2376,50182.1623333,48479.7833333
r8_m240_split,4,8,split,projection,search,decomposition,perturbation,SAT,16,0,16,0,6,6,0,15,1,30,32,9,0,7,114.055,113.764,10,0,6,114.677666667,114.914333333
r8_m240_split,4,8,split,projection,search,decomposition,perturbation,UNSAT,32,0,32,0,0,0,0,32,0,0,0,7,10,15,44.054,44.236,14,1,17,90.1753333333,86.8856666667
r8_m240_split,4,8,split,projection,search,fixed_hit,camera,SAT,5206,347,4859,0,718,9,128,5078,0,7130,6811,2438,129,2639,46541.099,46301.341,2565,27,2614,50182.1623333,49281.9473333
r8_m240_split,4,8,split,projection,search,fixed_hit,perturbation,SAT,16,3,13,0,6,0,1,15,0,30,28,8,0,8,114.055,113.709,11,0,5,114.677666667,116.311666667
r8_m240_split,4,8,split,projection,search,fixed_hit,perturbation,UNSAT,32,0,32,0,0,0,0,32,0,0,0,9,6,17,44.054,44.128,14,0,18,90.1753333333,44.7816666667
r8_m240_split,4,8,split,projection,search,both,camera,SAT,5206,347,4859,0,718,9,128,5078,0,7130,6811,2342,141,2723,46541.099,46445.059,2312,26,2868,50182.1623333,49952.5243333
r8_m240_split,4,8,split,projection,search,both,perturbation,SAT,16,3,13,0,6,0,1,15,0,30,28,8,0,8,114.055,113.271,6,0,10,114.677666667,115.171333333
r8_m240_split,4,8,split,projection,search,both,perturbation,UNSAT,32,0,32,0,0,0,0,32,0,0,0,11,11,10,44.054,44.043,14,2,16,90.1753333333,45.0856666667
r8_m240_split,4,8,split,projection,fixed_hit,both,camera,SAT,5206,0,5206,0,9,9,0,5206,0,6811,6811,2531,138,2537,46301.341,46445.059,2703,34,2469,49281.9473333,49952.5243333
r8_m240_split,4,8,split,projection,fixed_hit,both,perturbation,SAT,16,0,16,0,0,0,0,16,0,28,28,6,0,10,113.709,113.271,9,0,7,116.311666667,115.171333333
r8_m240_split,4,8,split,projection,fixed_hit,both,perturbation,UNSAT,32,0,32,0,0,0,0,32,0,0,0,13,13,6,44.128,44.043,20,1,11,44.7816666667,45.0856666667
r8_m240_split,4,8,split,query,search,decomposition,camera,SAT,465,0,465,0,38,38,0,461,4,503,511,251,10,204,2625.596,2595.266,251,10,204,2625.596,2595.266
r8_m240_split,4,8,split,query,search,decomposition,camera,UNSAT,879,0,879,0,0,0,0,879,0,879,879,442,111,326,918.138,911.229,442,111,326,918.138,911.229
r8_m240_split,4,8,split,query,search,decomposition,perturbation,SAT,140,0,140,0,28,28,0,136,4,168,176,67,2,71,559.328,549.536,67,2,71,559.328,549.536
r8_m240_split,4,8,split,query,search,decomposition,perturbation,UNSAT,1012,0,1012,0,0,0,0,1012,0,1012,1012,337,269,406,856.063,777.681,337,269,406,856.063,777.681
r8_m240_split,4,8,split,query,search,fixed_hit,camera,SAT,465,34,431,0,38,0,34,431,0,503,465,255,6,204,2625.596,2761.426,255,6,204,2625.596,2761.426
r8_m240_split,4,8,split,query,search,fixed_hit,camera,UNSAT,879,0,879,0,0,0,0,879,0,879,879,414,102,363,918.138,928.427,414,102,363,918.138,928.427
r8_m240_split,4,8,split,query,search,fixed_hit,perturbation,SAT,140,24,116,0,28,0,24,116,0,168,140,88,3,49,559.328,528.807,88,3,49,559.328,528.807
r8_m240_split,4,8,split,query,search,fixed_hit,perturbation,UNSAT,1012,0,1012,0,0,0,0,1012,0,1012,1012,364,268,380,856.063,761.004,364,268,380,856.063,761.004
r8_m240_split,4,8,split,query,search,both,camera,SAT,465,34,431,0,38,0,34,431,0,503,465,241,7,217,2625.596,2565.583,241,7,217,2625.596,2565.583
r8_m240_split,4,8,split,query,search,both,camera,UNSAT,879,0,879,0,0,0,0,879,0,879,879,386,108,385,918.138,927.476,386,108,385,918.138,927.476
r8_m240_split,4,8,split,query,search,both,perturbation,SAT,140,24,116,0,28,0,24,116,0,168,140,75,2,63,559.328,750.452,75,2,63,559.328,750.452
r8_m240_split,4,8,split,query,search,both,perturbation,UNSAT,1012,0,1012,0,0,0,0,1012,0,1012,1012,343,275,394,856.063,757.808,343,275,394,856.063,757.808
r8_m240_split,4,8,split,query,fixed_hit,both,camera,SAT,465,0,465,0,0,0,0,465,0,465,465,262,3,200,2761.426,2565.583,262,3,200,2761.426,2565.583
r8_m240_split,4,8,split,query,fixed_hit,both,camera,UNSAT,879,0,879,0,0,0,0,879,0,879,879,401,128,350,928.427,927.476,401,128,350,928.427,927.476
r8_m240_split,4,8,split,query,fixed_hit,both,perturbation,SAT,140,0,140,0,0,0,0,140,0,140,140,74,7,59,528.807,750.452,74,7,59,528.807,750.452
r8_m240_split,4,8,split,query,fixed_hit,both,perturbation,UNSAT,1012,0,1012,0,0,0,0,1012,0,1012,1012,364,304,344,761.004,757.808,364,304,344,761.004,757.808
r8_m240_same,4,8,same,feasibility,search,decomposition,camera,SAT,4635,0,4635,0,531,531,0,4559,76,5166,5332,2302,237,2096,27166.623,27078.063,2469,32,2134,30489.8066667,30608.8483333
r8_m240_same,4,8,same,feasibility,search,decomposition,perturbation,SAT,15,0,15,0,4,4,0,14,1,19,21,5,1,9,61.605,62.693,9,0,6,64.4366666667,63.0136666667
r8_m240_same,4,8,same,feasibility,search,decomposition,perturbation,UNSAT,33,0,33,0,0,0,0,33,0,33,33,12,10,11,44.453,45.238,15,2,16,45.5666666667,46.5416666667
r8_m240_same,4,8,same,feasibility,search,fixed_hit,camera,SAT,4635,406,4229,0,531,33,406,4229,0,5166,4668,2457,206,1972,27166.623,26374.946,2505,35,2095,30489.8066667,29347.9276667
r8_m240_same,4,8,same,feasibility,search,fixed_hit,perturbation,SAT,15,3,12,0,4,0,3,12,0,19,15,8,1,6,61.605,56.492,11,0,4,64.4366666667,56.9216666667
r8_m240_same,4,8,same,feasibility,search,fixed_hit,perturbation,UNSAT,33,0,33,0,0,0,0,33,0,33,33,11,12,10,44.453,44.599,12,1,20,45.5666666667,52.0636666667
r8_m240_same,4,8,same,feasibility,search,both,camera,SAT,4635,406,4229,0,531,33,406,4229,0,5166,4668,2354,252,2029,27166.623,26338.604,2357,30,2248,30489.8066667,29414.9133333
r8_m240_same,4,8,same,feasibility,search,both,perturbation,SAT,15,3,12,0,4,0,3,12,0,19,15,6,2,7,61.605,56.754,10,0,5,64.4366666667,58.1093333333
r8_m240_same,4,8,same,feasibility,search,both,perturbation,UNSAT,33,0,33,0,0,0,0,33,0,33,33,9,11,13,44.453,44.488,9,2,22,45.5666666667,45.4653333333
r8_m240_same,4,8,same,feasibility,fixed_hit,both,camera,SAT,4635,0,4635,0,33,33,0,4635,0,4668,4668,2229,274,2132,26374.946,26338.604,2567,27,2041,29347.9276667,29414.9133333
r8_m240_same,4,8,same,feasibility,fixed_hit,both,perturbation,SAT,15,0,15,0,0,0,0,15,0,15,15,8,0,7,56.492,56.754,8,0,7,56.9216666667,58.1093333333
r8_m240_same,4,8,same,feasibility,fixed_hit,both,perturbation,UNSAT,33,0,33,0,0,0,0,33,0,33,33,10,9,14,44.599,44.488,18,1,14,52.0636666667,45.4653333333
r8_m240_same,4,8,same,projection,search,decomposition,camera,SAT,4635,0,4635,0,842,842,0,4559,76,6953,7215,2347,157,2131,44018.198,44013.72,2495,37,2103,46892.9513333,47841.1286667
r8_m240_same,4,8,same,projection,search,decomposition,perturbation,SAT,15,0,15,0,6,6,0,14,1,32,34,7,1,7,116.387,116.76,10,0,5,142.323333333,117.595666667
r8_m240_same,4,8,same,projection,search,decomposition,perturbation,UNSAT,33,0,33,0,0,0,0,33,0,0,0,14,5,14,44.64,44.977,16,1,16,45.4033333333,54.308
r8_m240_same,4,8,same,projection,search,fixed_hit,camera,SAT,4635,406,4229,0,842,46,142,4493,0,6953,6603,2167,133,2335,44018.198,43778.795,2255,18,2362,46892.9513333,48620.969
r8_m240_same,4,8,same,projection,search,fixed_hit,perturbation,SAT,15,3,12,0,6,0,1,14,0,32,30,6,0,9,116.387,117.178,12,0,3,142.323333333,117.498
r8_m240_same,4,8,same,projection,search,fixed_hit,perturbation,UNSAT,33,0,33,0,0,0,0,33,0,0,0,12,9,12,44.64,44.711,14,2,17,45.4033333333,45.955
r8_m240_same,4,8,same,projection,search,both,camera,SAT,4635,406,4229,0,842,46,142,4493,0,6953,6603,2114,137,2384,44018.198,43989.141,2089,21,2525,46892.9513333,49104.725
r8_m240_same,4,8,same,projection,search,both,perturbation,SAT,15,3,12,0,6,0,1,14,0,32,30,7,0,8,116.387,116.819,10,0,5,142.323333333,118.037666667
r8_m240_same,4,8,same,projection,search,both,perturbation,UNSAT,33,0,33,0,0,0,0,33,0,0,0,12,11,10,44.64,44.621,15,1,17,45.4033333333,45.0913333333
r8_m240_same,4,8,same,projection,fixed_hit,both,camera,SAT,4635,0,4635,0,46,46,0,4635,0,6603,6603,2271,144,2220,43778.795,43989.141,2403,23,2209,48620.969,49104.725
r8_m240_same,4,8,same,projection,fixed_hit,both,perturbation,SAT,15,0,15,0,0,0,0,15,0,30,30,10,1,4,117.178,116.819,10,0,5,117.498,118.037666667
r8_m240_same,4,8,same,projection,fixed_hit,both,perturbation,UNSAT,33,0,33,0,0,0,0,33,0,0,0,13,8,12,44.711,44.621,16,4,13,45.955,45.0913333333
r8_m240_same,4,8,same,query,search,decomposition,camera,SAT,434,0,434,0,62,62,0,430,4,496,504,223,10,201,2543.974,2642.79,223,10,201,2543.974,2642.79
r8_m240_same,4,8,same,query,search,decomposition,camera,UNSAT,790,0,790,0,0,0,0,790,0,790,790,363,91,336,846.861,816.056,363,91,336,846.861,816.056
r8_m240_same,4,8,same,query,search,decomposition,perturbation,SAT,135,0,135,0,28,28,0,131,4,163,171,72,1,62,522.624,547.744,72,1,62,522.624,547.744
r8_m240_same,4,8,same,query,search,decomposition,perturbation,UNSAT,1017,0,1017,0,0,0,0,1017,0,1017,1017,404,259,354,780.061,852.154,404,259,354,780.061,852.154
r8_m240_same,4,8,same,query,search,fixed_hit,camera,SAT,434,58,376,0,62,0,58,376,0,496,434,230,4,200,2543.974,2701.554,230,4,200,2543.974,2701.554
r8_m240_same,4,8,same,query,search,fixed_hit,camera,UNSAT,790,0,790,0,0,0,0,790,0,790,790,336,94,360,846.861,835.775,336,94,360,846.861,835.775
r8_m240_same,4,8,same,query,search,fixed_hit,perturbation,SAT,135,24,111,0,28,0,24,111,0,163,135,94,7,34,522.624,494.824,94,7,34,522.624,494.824
r8_m240_same,4,8,same,query,search,fixed_hit,perturbation,UNSAT,1017,0,1017,0,0,0,0,1017,0,1017,1017,365,268,384,780.061,765.816,365,268,384,780.061,765.816
r8_m240_same,4,8,same,query,search,both,camera,SAT,434,58,376,0,62,0,58,376,0,496,434,222,7,205,2543.974,2683.479,222,7,205,2543.974,2683.479
r8_m240_same,4,8,same,query,search,both,camera,UNSAT,790,0,790,0,0,0,0,790,0,790,790,318,97,375,846.861,831.39,318,97,375,846.861,831.39
r8_m240_same,4,8,same,query,search,both,perturbation,SAT,135,24,111,0,28,0,24,111,0,163,135,88,4,43,522.624,478.798,88,4,43,522.624,478.798
r8_m240_same,4,8,same,query,search,both,perturbation,UNSAT,1017,0,1017,0,0,0,0,1017,0,1017,1017,371,273,373,780.061,795.887,371,273,373,780.061,795.887
r8_m240_same,4,8,same,query,fixed_hit,both,camera,SAT,434,0,434,0,0,0,0,434,0,434,434,261,6,167,2701.554,2683.479,261,6,167,2701.554,2683.479
r8_m240_same,4,8,same,query,fixed_hit,both,camera,UNSAT,790,0,790,0,0,0,0,790,0,790,790,350,99,341,835.775,831.39,350,99,341,835.775,831.39
r8_m240_same,4,8,same,query,fixed_hit,both,perturbation,SAT,135,0,135,0,0,0,0,135,0,135,135,68,8,59,494.824,478.798,68,8,59,494.824,478.798
r8_m240_same,4,8,same,query,fixed_hit,both,perturbation,UNSAT,1017,0,1017,0,0,0,0,1017,0,1017,1017,374,293,350,765.816,795.887,374,293,350,765.816,795.887
r16_m240_split,4,16,split,feasibility,search,decomposition,camera,SAT,6601,0,6601,0,4,4,0,6601,0,6605,6605,3207,368,3026,53772.802,53986.717,3629,36,2936,58348.8006667,58658.859
r16_m240_split,4,16,split,feasibility,search,decomposition,perturbation,SAT,13,0,13,0,0,0,0,13,0,13,13,7,0,6,79.702,79.859,5,0,8,80.4183333333,82.3696666667
r16_m240_split,4,16,split,feasibility,search,decomposition,perturbation,UNSAT,35,0,35,0,0,0,0,35,0,35,35,17,11,7,63.508,63.144,21,2,12,65.3586666667,64.6456666667
r16_m240_split,4,16,split,feasibility,search,fixed_hit,camera,SAT,6601,4,6597,0,4,0,4,6597,0,6605,6601,3143,367,3091,53772.802,53809.143,3264,38,3299,58348.8006667,59577.0496667
r16_m240_split,4,16,split,feasibility,search,fixed_hit,perturbation,SAT,13,0,13,0,0,0,0,13,0,13,13,3,1,9,79.702,79.94,4,0,9,80.4183333333,86.857
r16_m240_split,4,16,split,feasibility,search,fixed_hit,perturbation,UNSAT,35,0,35,0,0,0,0,35,0,35,35,17,7,11,63.508,63.411,21,0,14,65.3586666667,65.843
r16_m240_split,4,16,split,feasibility,search,both,camera,SAT,6601,4,6597,0,4,0,4,6597,0,6605,6601,3121,358,3122,53772.802,53842.522,2946,56,3599,58348.8006667,58234.001
r16_m240_split,4,16,split,feasibility,search,both,perturbation,SAT,13,0,13,0,0,0,0,13,0,13,13,7,0,6,79.702,79.619,6,0,7,80.4183333333,86.0423333333
r16_m240_split,4,16,split,feasibility,search,both,perturbation,UNSAT,35,0,35,0,0,0,0,35,0,35,35,17,11,7,63.508,63.243,19,1,15,65.3586666667,63.9333333333
r16_m240_split,4,16,split,feasibility,fixed_hit,both,camera,SAT,6601,0,6601,0,0,0,0,6601,0,6601,6601,3186,348,3067,53809.143,53842.522,3648,52,2901,59577.0496667,58234.001
r16_m240_split,4,16,split,feasibility,fixed_hit,both,perturbation,SAT,13,0,13,0,0,0,0,13,0,13,13,9,1,3,79.94,79.619,9,0,4,86.857,86.0423333333
r16_m240_split,4,16,split,feasibility,fixed_hit,both,perturbation,UNSAT,35,0,35,0,0,0,0,35,0,35,35,20,5,10,63.411,63.243,20,1,14,65.843,63.9333333333
r16_m240_split,4,16,split,projection,search,decomposition,camera,SAT,6601,0,6601,0,4,4,0,6601,0,7589,7589,3272,255,3074,87585.355,87716.04,3553,30,3018,95238.0886667,95522.9193333
r16_m240_split,4,16,split,projection,search,decomposition,perturbation,SAT,13,0,13,0,0,0,0,13,0,16,16,5,0,8,137.14,138.77,4,0,9,145.123666667,156.046333333
r16_m240_split,4,16,split,projection,search,decomposition,perturbation,UNSAT,35,0,35,0,0,0,0,35,0,0,0,15,7,13,63.449,63.587,19,2,14,64.294,68.9806666667
r16_m240_split,4,16,split,projection,search,fixed_hit,camera,SAT,6601,4,6597,0,4,0,0,6601,0,7589,7589,3157,245,3199,87585.355,87920.354,3231,23,3347,95238.0886667,96800.1733333
r16_m240_split,4,16,split,projection,search,fixed_hit,perturbation,SAT,13,0,13,0,0,0,0,13,0,16,16,6,0,7,137.14,137.269,5,0,8,145.123666667,139.691333333
r16_m240_split,4,16,split,projection,search,fixed_hit,perturbation,UNSAT,35,0,35,0,0,0,0,35,0,0,0,11,8,16,63.449,63.649,17,2,16,64.294,64.9616666667
r16_m240_split,4,16,split,projection,search,both,camera,SAT,6601,4,6597,0,4,0,0,6601,0,7589,7589,3089,233,3279,87585.355,87988.952,2899,26,3676,95238.0886667,96178.5796667
r16_m240_split,4,16,split,projection,search,both,perturbation,SAT,13,0,13,0,0,0,0,13,0,16,16,7,0,6,137.14,136.948,5,0,8,145.123666667,156.549666667
r16_m240_split,4,16,split,projection,search,both,perturbation,UNSAT,35,0,35,0,0,0,0,35,0,0,0,14,11,10,63.449,63.534,14,3,18,64.294,63.915
r16_m240_split,4,16,split,projection,fixed_hit,both,camera,SAT,6601,0,6601,0,0,0,0,6601,0,7589,7589,3202,200,3199,87920.354,87988.952,3531,31,3039,96800.1733333,96178.5796667
r16_m240_split,4,16,split,projection,fixed_hit,both,perturbation,SAT,13,0,13,0,0,0,0,13,0,16,16,8,0,5,137.269,136.948,11,0,2,139.691333333,156.549666667
r16_m240_split,4,16,split,projection,fixed_hit,both,perturbation,UNSAT,35,0,35,0,0,0,0,35,0,0,0,17,6,12,63.649,63.534,23,2,10,64.9616666667,63.915
r16_m240_split,4,16,split,query,search,decomposition,camera,SAT,579,0,579,0,0,0,0,579,0,579,579,291,11,277,4671.163,4703.535,291,11,277,4671.163,4703.535
r16_m240_split,4,16,split,query,search,decomposition,camera,UNSAT,1125,0,1125,0,0,0,0,1125,0,1125,1125,485,111,529,1313.35,1342.48,485,111,529,1313.35,1342.48
r16_m240_split,4,16,split,query,search,decomposition,perturbation,SAT,107,0,107,0,0,0,0,107,0,107,107,44,1,62,668.035,642.859,44,1,62,668.035,642.859
r16_m240_split,4,16,split,query,search,decomposition,perturbation,UNSAT,1045,0,1045,0,0,0,0,1045,0,1045,1045,369,261,415,934.976,1071.982,369,261,415,934.976,1071.982
r16_m240_split,4,16,split,query,search,fixed_hit,camera,SAT,579,0,579,0,0,0,0,579,0,579,579,268,12,299,4671.163,5338.506,268,12,299,4671.163,5338.506
r16_m240_split,4,16,split,query,search,fixed_hit,camera,UNSAT,1125,0,1125,0,0,0,0,1125,0,1125,1125,474,122,529,1313.35,1374.197,474,122,529,1313.35,1374.197
r16_m240_split,4,16,split,query,search,fixed_hit,perturbation,SAT,107,0,107,0,0,0,0,107,0,107,107,46,3,58,668.035,636.72,46,3,58,668.035,636.72
r16_m240_split,4,16,split,query,search,fixed_hit,perturbation,UNSAT,1045,0,1045,0,0,0,0,1045,0,1045,1045,408,258,379,934.976,954.572,408,258,379,934.976,954.572
r16_m240_split,4,16,split,query,search,both,camera,SAT,579,0,579,0,0,0,0,579,0,579,579,261,11,307,4671.163,4984.137,261,11,307,4671.163,4984.137
r16_m240_split,4,16,split,query,search,both,camera,UNSAT,1125,0,1125,0,0,0,0,1125,0,1125,1125,481,118,526,1313.35,1423.735,481,118,526,1313.35,1423.735
r16_m240_split,4,16,split,query,search,both,perturbation,SAT,107,0,107,0,0,0,0,107,0,107,107,47,4,56,668.035,700.168,47,4,56,668.035,700.168
r16_m240_split,4,16,split,query,search,both,perturbation,UNSAT,1045,0,1045,0,0,0,0,1045,0,1045,1045,420,268,357,934.976,961.387,420,268,357,934.976,961.387
r16_m240_split,4,16,split,query,fixed_hit,both,camera,SAT,579,0,579,0,0,0,0,579,0,579,579,302,10,267,5338.506,4984.137,302,10,267,5338.506,4984.137
r16_m240_split,4,16,split,query,fixed_hit,both,camera,UNSAT,1125,0,1125,0,0,0,0,1125,0,1125,1125,530,132,463,1374.197,1423.735,530,132,463,1374.197,1423.735
r16_m240_split,4,16,split,query,fixed_hit,both,perturbation,SAT,107,0,107,0,0,0,0,107,0,107,107,58,6,43,636.72,700.168,58,6,43,636.72,700.168
r16_m240_split,4,16,split,query,fixed_hit,both,perturbation,UNSAT,1045,0,1045,0,0,0,0,1045,0,1045,1045,419,292,334,954.572,961.387,419,292,334,954.572,961.387
r16_m240_same,4,16,same,feasibility,search,decomposition,camera,SAT,6397,0,6397,0,17,17,0,6397,0,6414,6414,3193,281,2923,52366.36,52346.788,3452,56,2889,55669.3613333,55277.733
r16_m240_same,4,16,same,feasibility,search,decomposition,perturbation,SAT,13,0,13,0,0,0,0,13,0,13,13,6,1,6,80.933,80.862,4,0,9,88.4436666667,85.1056666667
r16_m240_same,4,16,same,feasibility,search,decomposition,perturbation,UNSAT,35,0,35,0,0,0,0,35,0,35,35,10,10,15,65.38,65.557,19,2,14,66.418,66.342
r16_m240_same,4,16,same,feasibility,search,fixed_hit,camera,SAT,6397,14,6383,0,17,3,14,6383,0,6414,6400,3053,254,3090,52366.36,52211.13,3204,36,3157,55669.3613333,55313.6346667
r16_m240_same,4,16,same,feasibility,search,fixed_hit,perturbation,SAT,13,0,13,0,0,0,0,13,0,13,13,2,0,11,80.933,81.074,5,0,8,88.4436666667,83.8666666667
r16_m240_same,4,16,same,feasibility,search,fixed_hit,perturbation,UNSAT,35,0,35,0,0,0,0,35,0,35,35,11,6,18,65.38,65.453,18,0,17,66.418,68.514
r16_m240_same,4,16,same,feasibility,search,both,camera,SAT,6397,14,6383,0,17,3,14,6383,0,6414,6400,3129,267,3001,52366.36,52228.27,3015,40,3342,55669.3613333,55389.2336667
r16_m240_same,4,16,same,feasibility,search,both,perturbation,SAT,13,0,13,0,0,0,0,13,0,13,13,4,1,8,80.933,81.033,4,0,9,88.4436666667,87.3656666667
r16_m240_same,4,16,same,feasibility,search,both,perturbation,UNSAT,35,0,35,0,0,0,0,35,0,35,35,12,13,10,65.38,65.406,15,2,18,66.418,66.5303333333
r16_m240_same,4,16,same,feasibility,fixed_hit,both,camera,SAT,6397,0,6397,0,3,3,0,6397,0,6400,6400,3159,279,2959,52211.13,52228.27,3448,36,2913,55313.6346667,55389.2336667
r16_m240_same,4,16,same,feasibility,fixed_hit,both,perturbation,SAT,13,0,13,0,0,0,0,13,0,13,13,7,1,5,81.074,81.033,7,0,6,83.8666666667,87.3656666667
r16_m240_same,4,16,same,feasibility,fixed_hit,both,perturbation,UNSAT,35,0,35,0,0,0,0,35,0,35,35,15,8,12,65.453,65.406,17,2,16,68.514,66.5303333333
r16_m240_same,4,16,same,projection,search,decomposition,camera,SAT,6397,0,6397,0,20,20,0,6397,0,7558,7558,3205,164,3028,86268.622,86459.577,3405,26,2966,91566.4063333,94283.0996667
r16_m240_same,4,16,same,projection,search,decomposition,perturbation,SAT,13,0,13,0,0,0,0,13,0,16,16,6,0,7,138.348,138.962,7,0,6,140.195333333,140.563333333
r16_m240_same,4,16,same,projection,search,decomposition,perturbation,UNSAT,35,0,35,0,0,0,0,35,0,0,0,8,10,17,64.775,65.018,15,1,19,65.12,65.4263333333
r16_m240_same,4,16,same,projection,search,fixed_hit,camera,SAT,6397,17,6380,0,20,3,0,6397,0,7558,7558,3040,196,3161,86268.622,86673.679,3124,34,3239,91566.4063333,91174.9846667
r16_m240_same,4,16,same,projection,search,fixed_hit,perturbation,SAT,13,0,13,0,0,0,0,13,0,16,16,5,1,7,138.348,139.25,6,0,7,140.195333333,146.147666667
r16_m240_same,4,16,same,projection,search,fixed_hit,perturbation,UNSAT,35,0,35,0,0,0,0,35,0,0,0,11,9,15,64.775,64.798,12,4,19,65.12,66.8936666667
r16_m240_same,4,16,same,projection,search,both,camera,SAT,6397,17,6380,0,20,3,0,6397,0,7558,7558,3105,187,3105,86268.622,86403.054,3045,27,3325,91566.4063333,90943.995
r16_m240_same,4,16,same,projection,search,both,perturbation,SAT,13,0,13,0,0,0,0,13,0,16,16,3,0,10,138.348,139.371,7,0,6,140.195333333,146.801333333
r16_m240_same,4,16,same,projection,search,both,perturbation,UNSAT,35,0,35,0,0,0,0,35,0,0,0,8,6,21,64.775,64.969,14,0,21,65.12,65.5856666667
r16_m240_same,4,16,same,projection,fixed_hit,both,camera,SAT,6397,0,6397,0,3,3,0,6397,0,7558,7558,3195,182,3020,86673.679,86403.054,3423,21,2953,91174.9846667,90943.995
r16_m240_same,4,16,same,projection,fixed_hit,both,perturbation,SAT,13,0,13,0,0,0,0,13,0,16,16,6,0,7,139.25,139.371,8,0,5,146.147666667,146.801333333
r16_m240_same,4,16,same,projection,fixed_hit,both,perturbation,UNSAT,35,0,35,0,0,0,0,35,0,0,0,11,6,18,64.798,64.969,21,1,13,66.8936666667,65.5856666667
r16_m240_same,4,16,same,query,search,decomposition,camera,SAT,567,0,567,0,6,6,0,567,0,573,573,255,15,297,4530.097,4588.617,255,15,297,4530.097,4588.617
r16_m240_same,4,16,same,query,search,decomposition,camera,UNSAT,1089,0,1089,0,0,0,0,1089,0,1089,1089,427,135,527,1250.446,1283.66,427,135,527,1250.446,1283.66
r16_m240_same,4,16,same,query,search,decomposition,perturbation,SAT,107,0,107,0,0,0,0,107,0,107,107,50,4,53,653.797,656.114,50,4,53,653.797,656.114
r16_m240_same,4,16,same,query,search,decomposition,perturbation,UNSAT,1045,0,1045,0,0,0,0,1045,0,1045,1045,403,242,400,969.006,1021.246,403,242,400,969.006,1021.246
r16_m240_same,4,16,same,query,search,fixed_hit,camera,SAT,567,6,561,0,6,0,6,561,0,573,567,258,9,300,4530.097,4688.47,258,9,300,4530.097,4688.47
r16_m240_same,4,16,same,query,search,fixed_hit,camera,UNSAT,1089,0,1089,0,0,0,0,1089,0,1089,1089,440,106,543,1250.446,1267.529,440,106,543,1250.446,1267.529
r16_m240_same,4,16,same,query,search,fixed_hit,perturbation,SAT,107,0,107,0,0,0,0,107,0,107,107,39,0,68,653.797,752.772,39,0,68,653.797,752.772
r16_m240_same,4,16,same,query,search,fixed_hit,perturbation,UNSAT,1045,0,1045,0,0,0,0,1045,0,1045,1045,417,233,395,969.006,1019.26,417,233,395,969.006,1019.26
r16_m240_same,4,16,same,query,search,both,camera,SAT,567,6,561,0,6,0,6,561,0,573,567,256,14,297,4530.097,4759.082,256,14,297,4530.097,4759.082
r16_m240_same,4,16,same,query,search,both,camera,UNSAT,1089,0,1089,0,0,0,0,1089,0,1089,1089,425,134,530,1250.446,1282.516,425,134,530,1250.446,1282.516
r16_m240_same,4,16,same,query,search,both,perturbation,SAT,107,0,107,0,0,0,0,107,0,107,107,55,2,50,653.797,1434.593,55,2,50,653.797,1434.593
r16_m240_same,4,16,same,query,search,both,perturbation,UNSAT,1045,0,1045,0,0,0,0,1045,0,1045,1045,415,253,377,969.006,1017.584,415,253,377,969.006,1017.584
r16_m240_same,4,16,same,query,fixed_hit,both,camera,SAT,567,0,567,0,0,0,0,567,0,567,567,311,7,249,4688.47,4759.082,311,7,249,4688.47,4759.082
r16_m240_same,4,16,same,query,fixed_hit,both,camera,UNSAT,1089,0,1089,0,0,0,0,1089,0,1089,1089,520,140,429,1267.529,1282.516,520,140,429,1267.529,1282.516
r16_m240_same,4,16,same,query,fixed_hit,both,perturbation,SAT,107,0,107,0,0,0,0,107,0,107,107,64,3,40,752.772,1434.593,64,3,40,752.772,1434.593
r16_m240_same,4,16,same,query,fixed_hit,both,perturbation,UNSAT,1045,0,1045,0,0,0,0,1045,0,1045,1045,420,249,376,1019.26,1017.584,420,249,376,1019.26,1017.584
r8_m060_same,4,8,same,feasibility,search,decomposition,camera,SAT,4243,0,4243,0,530,530,0,4167,76,4773,4939,2089,177,1977,25769.068,25755.967,2308,30,1905,27718.116,28597.3036667
r8_m060_same,4,8,same,feasibility,search,decomposition,perturbation,SAT,13,0,13,0,0,0,0,13,0,13,13,5,0,8,54.593,55.094,6,0,7,56.4456666667,60.088
r8_m060_same,4,8,same,feasibility,search,decomposition,perturbation,UNSAT,35,0,35,0,0,0,0,35,0,35,35,15,9,11,44.508,44.554,22,2,11,45.5146666667,44.8596666667
r8_m060_same,4,8,same,feasibility,search,fixed_hit,camera,SAT,4243,403,3837,3,530,38,403,3837,3,4773,4281,2265,162,1816,25769.068,25003.221,2299,28,1916,27718.116,27605.775
r8_m060_same,4,8,same,feasibility,search,fixed_hit,perturbation,SAT,13,0,13,0,0,0,0,13,0,13,13,5,0,8,54.593,54.564,7,0,6,56.4456666667,55.048
r8_m060_same,4,8,same,feasibility,search,fixed_hit,perturbation,UNSAT,35,0,35,0,0,0,0,35,0,35,35,14,8,13,44.508,44.577,16,1,18,45.5146666667,46.8733333333
r8_m060_same,4,8,same,feasibility,search,both,camera,SAT,4243,403,3837,3,530,38,403,3837,3,4773,4281,2174,190,1879,25769.068,25000.63,2129,27,2087,27718.116,26765.761
r8_m060_same,4,8,same,feasibility,search,both,perturbation,SAT,13,0,13,0,0,0,0,13,0,13,13,7,0,6,54.593,55.765,7,0,6,56.4456666667,62.0746666667
r8_m060_same,4,8,same,feasibility,search,both,perturbation,UNSAT,35,0,35,0,0,0,0,35,0,35,35,11,11,13,44.508,44.501,18,3,14,45.5146666667,45.3333333333
r8_m060_same,4,8,same,feasibility,fixed_hit,both,camera,SAT,4243,0,4243,0,38,38,0,4243,0,4281,4281,2055,201,1987,25003.221,25000.63,2268,45,1930,27605.775,26765.761
r8_m060_same,4,8,same,feasibility,fixed_hit,both,perturbation,SAT,13,0,13,0,0,0,0,13,0,13,13,5,1,7,54.564,55.765,6,1,6,55.048,62.0746666667
r8_m060_same,4,8,same,feasibility,fixed_hit,both,perturbation,UNSAT,35,0,35,0,0,0,0,35,0,35,35,11,10,14,44.577,44.501,21,2,12,46.8733333333,45.3333333333
r8_m060_same,4,8,same,projection,search,decomposition,camera,SAT,4243,0,4243,0,840,840,0,4167,76,6709,6971,2176,104,1963,42445.772,42403.162,2284,22,1937,46149.4483333,45917.3913333
r8_m060_same,4,8,same,projection,search,decomposition,perturbation,SAT,13,0,13,0,0,0,0,13,0,25,25,8,0,5,120.795,120.822,9,0,4,126.759,121.239
r8_m060_same,4,8,same,projection,search,decomposition,perturbation,UNSAT,35,0,35,0,0,0,0,35,0,0,0,13,11,11,44.629,44.817,18,4,13,45.284,44.9756666667
r8_m060_same,4,8,same,projection,search,fixed_hit,camera,SAT,4243,402,3837,4,840,56,139,4096,8,6709,6381,1986,85,2172,42445.772,42305.893,2089,14,2140,46149.4483333,46114.0203333
r8_m060_same,4,8,same,projection,search,fixed_hit,perturbation,SAT,13,0,13,0,0,0,0,13,0,25,25,8,0,5,120.795,120.011,8,0,5,126.759,131.248666667
r8_m060_same,4,8,same,projection,search,fixed_hit,perturbation,UNSAT,35,0,35,0,0,0,0,35,0,0,0,13,12,10,44.629,44.708,15,3,17,45.284,45.8913333333
r8_m060_same,4,8,same,projection,search,both,camera,SAT,4243,402,3837,4,840,56,139,4096,8,6709,6381,1935,92,2216,42445.772,42288.844,1961,20,2262,46149.4483333,45788.0386667
r8_m060_same,4,8,same,projection,search,both,perturbation,SAT,13,0,13,0,0,0,0,13,0,25,25,5,0,8,120.795,121.333,5,0,8,126.759,123.563
r8_m060_same,4,8,same,projection,search,both,perturbation,UNSAT,35,0,35,0,0,0,0,35,0,0,0,11,10,14,44.629,44.665,19,0,16,45.284,44.9503333333
r8_m060_same,4,8,same,projection,fixed_hit,both,camera,SAT,4243,0,4243,0,56,56,0,4243,0,6381,6381,2071,99,2073,42305.893,42288.844,2272,21,1950,46114.0203333,45788.0386667
r8_m060_same,4,8,same,projection,fixed_hit,both,perturbation,SAT,13,0,13,0,0,0,0,13,0,25,25,3,1,9,120.011,121.333,3,0,10,131.248666667,123.563
r8_m060_same,4,8,same,projection,fixed_hit,both,perturbation,UNSAT,35,0,35,0,0,0,0,35,0,0,0,9,13,13,44.708,44.665,16,4,15,45.8913333333,44.9503333333
r8_m060_same,4,8,same,query,search,decomposition,camera,SAT,380,0,380,0,34,34,0,376,4,414,422,199,6,175,2226.019,2270.223,199,6,175,2226.019,2270.223
r8_m060_same,4,8,same,query,search,decomposition,camera,UNSAT,700,0,700,0,0,0,0,700,0,700,700,345,82,273,956.677,866.272,345,82,273,956.677,866.272
r8_m060_same,4,8,same,query,search,decomposition,perturbation,SAT,116,0,116,0,0,0,0,116,0,116,116,53,3,60,477.396,479.887,53,3,60,477.396,479.887
r8_m060_same,4,8,same,query,search,decomposition,perturbation,UNSAT,1036,0,1036,0,0,0,0,1036,0,1036,1036,402,265,369,803.984,821.697,402,265,369,803.984,821.697
r8_m060_same,4,8,same,query,search,fixed_hit,camera,SAT,380,24,356,0,34,6,24,356,0,414,386,218,3,159,2226.019,2135.339,218,3,159,2226.019,2135.339
r8_m060_same,4,8,same,query,search,fixed_hit,camera,UNSAT,700,0,700,0,0,0,0,700,0,700,700,320,87,293,956.677,782.214,320,87,293,956.677,782.214
r8_m060_same,4,8,same,query,search,fixed_hit,perturbation,SAT,116,0,116,0,0,0,0,116,0,116,116,67,3,46,477.396,479.768,67,3,46,477.396,479.768
r8_m060_same,4,8,same,query,search,fixed_hit,perturbation,UNSAT,1036,0,1036,0,0,0,0,1036,0,1036,1036,434,266,336,803.984,833.034,434,266,336,803.984,833.034
r8_m060_same,4,8,same,query,search,both,camera,SAT,380,24,356,0,34,6,24,356,0,414,386,190,8,182,2226.019,2132.619,190,8,182,2226.019,2132.619
r8_m060_same,4,8,same,query,search,both,camera,UNSAT,700,0,700,0,0,0,0,700,0,700,700,294,87,319,956.677,791.144,294,87,319,956.677,791.144
r8_m060_same,4,8,same,query,search,both,perturbation,SAT,116,0,116,0,0,0,0,116,0,116,116,51,2,63,477.396,481.098,51,2,63,477.396,481.098
r8_m060_same,4,8,same,query,search,both,perturbation,UNSAT,1036,0,1036,0,0,0,0,1036,0,1036,1036,354,265,417,803.984,894.628,354,265,417,803.984,894.628
r8_m060_same,4,8,same,query,fixed_hit,both,camera,SAT,380,0,380,0,6,6,0,380,0,386,386,212,4,164,2135.339,2132.619,212,4,164,2135.339,2132.619
r8_m060_same,4,8,same,query,fixed_hit,both,camera,UNSAT,700,0,700,0,0,0,0,700,0,700,700,316,85,299,782.214,791.144,316,85,299,782.214,791.144
r8_m060_same,4,8,same,query,fixed_hit,both,perturbation,SAT,116,0,116,0,0,0,0,116,0,116,116,53,4,59,479.768,481.098,53,4,59,479.768,481.098
r8_m060_same,4,8,same,query,fixed_hit,both,perturbation,UNSAT,1036,0,1036,0,0,0,0,1036,0,1036,1036,357,256,423,833.034,894.628,357,256,423,833.034,894.628
r8_m060_split,4,8,split,feasibility,search,decomposition,camera,SAT,4948,0,4948,0,439,439,0,4877,71,5387,5543,2382,314,2252,28705.317,28688.539,2588,60,2300,30945.1056667,30262.6756667
r8_m060_split,4,8,split,feasibility,search,decomposition,perturbation,SAT,13,0,13,0,3,3,0,12,1,16,19,5,1,7,55.232,54.914,5,1,7,61.92,56.169
r8_m060_split,4,8,split,feasibility,search,decomposition,perturbation,UNSAT,35,0,35,0,0,0,0,35,0,35,35,9,17,9,41.232,41.144,15,2,18,41.732,41.8586666667
r8_m060_split,4,8,split,feasibility,search,fixed_hit,camera,SAT,4948,343,4605,0,439,9,343,4605,0,5387,4957,2465,302,2181,28705.317,28067.014,2581,43,2324,30945.1056667,30629.6163333
r8_m060_split,4,8,split,feasibility,search,fixed_hit,perturbation,SAT,13,1,12,0,3,0,1,12,0,16,13,6,0,7,55.232,51.528,7,0,6,61.92,57.3636666667
r8_m060_split,4,8,split,feasibility,search,fixed_hit,perturbation,UNSAT,35,0,35,0,0,0,0,35,0,35,35,10,10,15,41.232,41.324,15,2,18,41.732,41.8103333333
r8_m060_split,4,8,split,feasibility,search,both,camera,SAT,4948,343,4605,0,439,9,343,4605,0,5387,4957,2412,319,2217,28705.317,28122.333,2468,33,2447,30945.1056667,30180.0543333
r8_m060_split,4,8,split,feasibility,search,both,perturbation,SAT,13,1,12,0,3,0,1,12,0,16,13,6,0,7,55.232,51.476,7,0,6,61.92,53.495
r8_m060_split,4,8,split,feasibility,search,both,perturbation,UNSAT,35,0,35,0,0,0,0,35,0,35,35,13,13,9,41.232,41.221,17,3,15,41.732,42.2853333333
r8_m060_split,4,8,split,feasibility,fixed_hit,both,camera,SAT,4948,0,4948,0,9,9,0,4948,0,4957,4957,2333,303,2312,28067.014,28122.333,2650,52,2246,30629.6163333,30180.0543333
r8_m060_split,4,8,split,feasibility,fixed_hit,both,perturbation,SAT,13,0,13,0,0,0,0,13,0,13,13,6,1,6,51.528,51.476,8,1,4,57.3636666667,53.495
r8_m060_split,4,8,split,feasibility,fixed_hit,both,perturbation,UNSAT,35,0,35,0,0,0,0,35,0,35,35,20,8,7,41.324,41.221,21,3,11,41.8103333333,42.2853333333
r8_m060_split,4,8,split,projection,search,decomposition,camera,SAT,4948,0,4948,0,717,717,0,4877,71,7017,7265,2522,212,2214,45227.158,45150.637,2758,26,2164,49606.4896667,48810.2293333
r8_m060_split,4,8,split,projection,search,decomposition,perturbation,SAT,13,0,13,0,9,9,0,12,1,31,40,8,1,4,109.768,107.301,11,0,2,111.480333333,108.25
r8_m060_split,4,8,split,projection,search,decomposition,perturbation,UNSAT,35,0,35,0,0,0,0,35,0,0,0,12,9,14,40.974,40.992,17,2,16,41.2873333333,41.54
r8_m060_split,4,8,split,projection,search,fixed_hit,camera,SAT,4948,343,4605,0,717,12,128,4820,0,7017,6695,2388,164,2396,45227.158,45010.439,2430,25,2493,49606.4896667,48843.2723333
r8_m060_split,4,8,split,projection,search,fixed_hit,perturbation,SAT,13,1,12,0,9,0,1,12,0,31,25,6,0,7,109.768,103.946,10,0,3,111.480333333,104.533
r8_m060_split,4,8,split,projection,search,fixed_hit,perturbation,UNSAT,35,0,35,0,0,0,0,35,0,0,0,12,9,14,40.974,40.986,13,0,22,41.2873333333,47.3986666667
r8_m060_split,4,8,split,projection,search,both,camera,SAT,4948,343,4605,0,717,12,128,4820,0,7017,6695,2350,206,2392,45227.158,44944.237,2295,28,2625,49606.4896667,48329.958
r8_m060_split,4,8,split,projection,search,both,perturbation,SAT,13,1,12,0,9,0,1,12,0,31,25,6,0,7,109.768,104.408,6,0,7,111.480333333,140.672
r8_m060_split,4,8,split,projection,search,both,perturbation,UNSAT,35,0,35,0,0,0,0,35,0,0,0,12,9,14,40.974,41.082,12,3,20,41.2873333333,47.4396666667
r8_m060_split,4,8,split,projection,fixed_hit,both,camera,SAT,4948,0,4948,0,12,12,0,4948,0,6695,6695,2458,210,2280,45010.439,44944.237,2674,34,2240,48843.2723333,48329.958
r8_m060_split,4,8,split,projection,fixed_hit,both,perturbation,SAT,13,0,13,0,0,0,0,13,0,25,25,7,0,6,103.946,104.408,5,0,8,104.533,140.672
r8_m060_split,4,8,split,projection,fixed_hit,both,perturbation,UNSAT,35,0,35,0,0,0,0,35,0,0,0,13,11,11,40.986,41.082,18,2,15,47.3986666667,47.4396666667
r8_m060_split,4,8,split,query,search,decomposition,camera,SAT,451,0,451,0,22,22,0,447,4,473,481,236,4,211,2480.465,2483.468,236,4,211,2480.465,2483.468
r8_m060_split,4,8,split,query,search,decomposition,camera,UNSAT,845,0,845,0,0,0,0,845,0,845,845,367,107,371,963.971,1076.525,367,107,371,963.971,1076.525
r8_m060_split,4,8,split,query,search,decomposition,perturbation,SAT,116,0,116,0,30,30,0,102,14,146,176,70,3,43,488.55,494.197,70,3,43,488.55,494.197
r8_m060_split,4,8,split,query,search,decomposition,perturbation,UNSAT,1036,0,1036,0,0,0,0,1036,0,1036,1036,395,268,373,739.115,818.993,395,268,373,739.115,818.993
r8_m060_split,4,8,split,query,search,fixed_hit,camera,SAT,451,18,433,0,22,0,18,433,0,473,451,230,6,215,2480.465,2428.476,230,6,215,2480.465,2428.476
r8_m060_split,4,8,split,query,search,fixed_hit,camera,UNSAT,845,0,845,0,0,0,0,845,0,845,845,365,94,386,963.971,915.534,365,94,386,963.971,915.534
r8_m060_split,4,8,split,query,search,fixed_hit,perturbation,SAT,116,14,102,0,30,0,14,102,0,146,116,70,2,44,488.55,451.221,70,2,44,488.55,451.221
r8_m060_split,4,8,split,query,search,fixed_hit,perturbation,UNSAT,1036,0,1036,0,0,0,0,1036,0,1036,1036,380,276,380,739.115,769.912,380,276,380,739.115,769.912
r8_m060_split,4,8,split,query,search,both,camera,SAT,451,18,433,0,22,0,18,433,0,473,451,217,13,221,2480.465,2508.332,217,13,221,2480.465,2508.332
r8_m060_split,4,8,split,query,search,both,camera,UNSAT,845,0,845,0,0,0,0,845,0,845,845,344,125,376,963.971,916.448,344,125,376,963.971,916.448
r8_m060_split,4,8,split,query,search,both,perturbation,SAT,116,14,102,0,30,0,14,102,0,146,116,49,3,64,488.55,502.42,49,3,64,488.55,502.42
r8_m060_split,4,8,split,query,search,both,perturbation,UNSAT,1036,0,1036,0,0,0,0,1036,0,1036,1036,359,284,393,739.115,771.911,359,284,393,739.115,771.911
r8_m060_split,4,8,split,query,fixed_hit,both,camera,SAT,451,0,451,0,0,0,0,451,0,451,451,252,14,185,2428.476,2508.332,252,14,185,2428.476,2508.332
r8_m060_split,4,8,split,query,fixed_hit,both,camera,UNSAT,845,0,845,0,0,0,0,845,0,845,845,406,96,343,915.534,916.448,406,96,343,915.534,916.448
r8_m060_split,4,8,split,query,fixed_hit,both,perturbation,SAT,116,0,116,0,0,0,0,116,0,116,116,48,2,66,451.221,502.42,48,2,66,451.221,502.42
r8_m060_split,4,8,split,query,fixed_hit,both,perturbation,UNSAT,1036,0,1036,0,0,0,0,1036,0,1036,1036,369,276,391,769.912,771.911,369,276,391,769.912,771.911
r16_m060_same,4,16,same,feasibility,search,decomposition,camera,SAT,6193,0,6193,0,23,23,0,6193,0,6216,6216,2969,383,2841,53081.394,52982.913,3309,49,2835,58394.475,58230.51
r16_m060_same,4,16,same,feasibility,search,decomposition,perturbation,SAT,12,0,12,0,0,0,0,12,0,12,12,4,3,5,83.845,88.562,4,0,8,89.3906666667,104.217
r16_m060_same,4,16,same,feasibility,search,decomposition,perturbation,UNSAT,36,0,36,0,0,0,0,36,0,36,36,9,11,16,71.491,73.313,16,2,18,72.9543333333,85.9983333333
r16_m060_same,4,16,same,feasibility,search,fixed_hit,camera,SAT,6193,17,6175,1,23,7,17,6175,1,6216,6200,2973,351,2869,53081.394,52835.991,3054,45,3094,58394.475,57738.7286667
r16_m060_same,4,16,same,feasibility,search,fixed_hit,perturbation,SAT,12,0,12,0,0,0,0,12,0,12,12,2,1,9,83.845,84.088,4,0,8,89.3906666667,87.168
r16_m060_same,4,16,same,feasibility,search,fixed_hit,perturbation,UNSAT,36,0,36,0,0,0,0,36,0,36,36,11,7,18,71.491,72.3,16,1,19,72.9543333333,94.746
r16_m060_same,4,16,same,feasibility,search,both,camera,SAT,6193,17,6175,1,23,7,17,6175,1,6216,6200,2884,364,2945,53081.394,52816.25,2787,44,3362,58394.475,58348.1303333
r16_m060_same,4,16,same,feasibility,search,both,perturbation,SAT,12,0,12,0,0,0,0,12,0,12,12,5,0,7,83.845,83.937,4,0,8,89.3906666667,85.263
r16_m060_same,4,16,same,feasibility,search,both,perturbation,UNSAT,36,0,36,0,0,0,0,36,0,36,36,13,5,18,71.491,71.693,14,1,21,72.9543333333,84.184
r16_m060_same,4,16,same,feasibility,fixed_hit,both,camera,SAT,6193,0,6193,0,7,7,0,6193,0,6200,6200,2866,355,2972,52835.991,52816.25,3330,52,2811,57738.7286667,58348.1303333
r16_m060_same,4,16,same,feasibility,fixed_hit,both,perturbation,SAT,12,0,12,0,0,0,0,12,0,12,12,7,0,5,84.088,83.937,8,0,4,87.168,85.263
r16_m060_same,4,16,same,feasibility,fixed_hit,both,perturbation,UNSAT,36,0,36,0,0,0,0,36,0,36,36,17,7,12,72.3,71.693,19,2,15,94.746,84.184
r16_m060_same,4,16,same,projection,search,decomposition,camera,SAT,6193,0,6193,0,29,29,0,6193,0,7524,7524,2975,244,2974,86791.253,86793.41,3277,32,2884,95338.1876667,94698.2563333
r16_m060_same,4,16,same,projection,search,decomposition,perturbation,SAT,12,0,12,0,0,0,0,12,0,13,13,7,0,5,142.358,146.726,6,0,6,414.084666667,153.774
r16_m060_same,4,16,same,projection,search,decomposition,perturbation,UNSAT,36,0,36,0,0,0,0,36,0,0,0,16,7,13,71.598,72.219,20,2,14,79.2703333333,120.230666667
r16_m060_same,4,16,same,projection,search,fixed_hit,camera,SAT,6193,20,6172,1,29,8,4,6188,1,7524,7519,2969,250,2974,86791.253,86884.139,3057,26,3110,95338.1876667,96034.101
r16_m060_same,4,16,same,projection,search,fixed_hit,perturbation,SAT,12,0,12,0,0,0,0,12,0,13,13,4,0,8,142.358,142.765,4,0,8,414.084666667,149.125666667
r16_m060_same,4,16,same,projection,search,fixed_hit,perturbation,UNSAT,36,0,36,0,0,0,0,36,0,0,0,16,6,14,71.598,71.663,17,3,16,79.2703333333,74.1876666667
r16_m060_same,4,16,same,projection,search,both,camera,SAT,6193,20,6172,1,29,8,4,6188,1,7524,7519,2816,244,3133,86791.253,86944.846,2826,26,3341,95338.1876667,93673.1413333
r16_m060_same,4,16,same,projection,search,both,perturbation,SAT,12,0,12,0,0,0,0,12,0,13,13,5,0,7,142.358,143.208,6,0,6,414.084666667,145.864
r16_m060_same,4,16,same,projection,search,both,perturbation,UNSAT,36,0,36,0,0,0,0,36,0,0,0,16,7,13,71.598,71.403,18,4,14,79.2703333333,72.3596666667
r16_m060_same,4,16,same,projection,fixed_hit,both,camera,SAT,6193,0,6193,0,8,8,0,6193,0,7519,7519,2911,269,3013,86884.139,86944.846,3324,37,2832,96034.101,93673.1413333
r16_m060_same,4,16,same,projection,fixed_hit,both,perturbation,SAT,12,0,12,0,0,0,0,12,0,13,13,6,0,6,142.765,143.208,8,0,4,149.125666667,145.864
r16_m060_same,4,16,same,projection,fixed_hit,both,perturbation,UNSAT,36,0,36,0,0,0,0,36,0,0,0,16,10,10,71.663,71.403,19,1,16,74.1876666667,72.3596666667
r16_m060_same,4,16,same,query,search,decomposition,camera,SAT,551,0,551,0,0,0,0,551,0,551,551,281,12,258,4743.268,4677.304,281,12,258,4743.268,4677.304
r16_m060_same,4,16,same,query,search,decomposition,camera,UNSAT,1057,0,1057,0,0,0,0,1057,0,1057,1057,481,120,456,1366.357,1469.312,481,120,456,1366.357,1469.312
r16_m060_same,4,16,same,query,search,decomposition,perturbation,SAT,97,0,97,0,0,0,0,97,0,97,97,37,3,57,712.592,682.585,37,3,57,712.592,682.585
r16_m060_same,4,16,same,query,search,decomposition,perturbation,UNSAT,1055,0,1055,0,0,0,0,1055,0,1055,1055,396,225,434,1217.817,1093.397,396,225,434,1217.817,1093.397
r16_m060_same,4,16,same,query,search,fixed_hit,camera,SAT,551,0,551,0,0,0,0,551,0,551,551,273,14,264,4743.268,4642.198,273,14,264,4743.268,4642.198
r16_m060_same,4,16,same,query,search,fixed_hit,camera,UNSAT,1057,0,1057,0,0,0,0,1057,0,1057,1057,456,121,480,1366.357,2064.159,456,121,480,1366.357,2064.159
r16_m060_same,4,16,same,query,search,fixed_hit,perturbation,SAT,97,0,97,0,0,0,0,97,0,97,97,22,4,71,712.592,938.929,22,4,71,712.592,938.929
r16_m060_same,4,16,same,query,search,fixed_hit,perturbation,UNSAT,1055,0,1055,0,0,0,0,1055,0,1055,1055,399,209,447,1217.817,1092.212,399,209,447,1217.817,1092.212
r16_m060_same,4,16,same,query,search,both,camera,SAT,551,0,551,0,0,0,0,551,0,551,551,269,15,267,4743.268,4748.99,269,15,267,4743.268,4748.99
r16_m060_same,4,16,same,query,search,both,camera,UNSAT,1057,0,1057,0,0,0,0,1057,0,1057,1057,445,131,481,1366.357,1396.463,445,131,481,1366.357,1396.463
r16_m060_same,4,16,same,query,search,both,perturbation,SAT,97,0,97,0,0,0,0,97,0,97,97,38,4,55,712.592,666.534,38,4,55,712.592,666.534
r16_m060_same,4,16,same,query,search,both,perturbation,UNSAT,1055,0,1055,0,0,0,0,1055,0,1055,1055,403,209,443,1217.817,1204.317,403,209,443,1217.817,1204.317
r16_m060_same,4,16,same,query,fixed_hit,both,camera,SAT,551,0,551,0,0,0,0,551,0,551,551,296,17,238,4642.198,4748.99,296,17,238,4642.198,4748.99
r16_m060_same,4,16,same,query,fixed_hit,both,camera,UNSAT,1057,0,1057,0,0,0,0,1057,0,1057,1057,492,105,460,2064.159,1396.463,492,105,460,2064.159,1396.463
r16_m060_same,4,16,same,query,fixed_hit,both,perturbation,SAT,97,0,97,0,0,0,0,97,0,97,97,68,2,27,938.929,666.534,68,2,27,938.929,666.534
r16_m060_same,4,16,same,query,fixed_hit,both,perturbation,UNSAT,1055,0,1055,0,0,0,0,1055,0,1055,1055,471,208,376,1092.212,1204.317,471,208,376,1092.212,1204.317
r16_m060_split,4,16,split,feasibility,search,decomposition,camera,SAT,6421,0,6421,0,5,5,0,6421,0,6426,6426,3184,229,3008,54735.569,54814.611,3460,26,2935,61988.096,62795.3056667
r16_m060_split,4,16,split,feasibility,search,decomposition,perturbation,SAT,12,0,12,0,0,0,0,12,0,12,12,4,0,8,84.719,84.567,5,0,7,91.7563333333,90.4733333333
r16_m060_split,4,16,split,feasibility,search,decomposition,perturbation,UNSAT,36,0,36,0,0,0,0,36,0,36,36,18,1,17,66.715,66.448,23,1,12,78.888,144.273
r16_m060_split,4,16,split,feasibility,search,fixed_hit,camera,SAT,6421,5,6416,0,5,0,5,6416,0,6426,6421,3079,245,3097,54735.569,54841.279,3143,37,3241,61988.096,61933.802
r16_m060_split,4,16,split,feasibility,search,fixed_hit,perturbation,SAT,12,0,12,0,0,0,0,12,0,12,12,5,0,7,84.719,87.781,3,0,9,91.7563333333,104.196666667
r16_m060_split,4,16,split,feasibility,search,fixed_hit,perturbation,UNSAT,36,0,36,0,0,0,0,36,0,36,36,17,6,13,66.715,66.506,17,2,17,78.888,69.1063333333
r16_m060_split,4,16,split,feasibility,search,both,camera,SAT,6421,5,6416,0,5,0,5,6416,0,6426,6421,3012,236,3173,54735.569,54746.027,2863,40,3518,61988.096,62532.5703333
r16_m060_split,4,16,split,feasibility,search,both,perturbation,SAT,12,0,12,0,0,0,0,12,0,12,12,4,1,7,84.719,84.851,5,0,7,91.7563333333,86.7043333333
r16_m060_split,4,16,split,feasibility,search,both,perturbation,UNSAT,36,0,36,0,0,0,0,36,0,36,36,18,6,12,66.715,66.308,17,2,17,78.888,72.88
r16_m060_split,4,16,split,feasibility,fixed_hit,both,camera,SAT,6421,0,6421,0,0,0,0,6421,0,6421,6421,3138,244,3039,54841.279,54746.027,3527,35,2859,61933.802,62532.5703333
r16_m060_split,4,16,split,feasibility,fixed_hit,both,perturbation,SAT,12,0,12,0,0,0,0,12,0,12,12,6,0,6,87.781,84.851,8,0,4,104.196666667,86.7043333333
r16_m060_split,4,16,split,feasibility,fixed_hit,both,perturbation,UNSAT,36,0,36,0,0,0,0,36,0,36,36,18,7,11,66.506,66.308,20,1,15,69.1063333333,72.88
r16_m060_split,4,16,split,projection,search,decomposition,camera,SAT,6421,0,6421,0,5,5,0,6421,0,7589,7589,3200,146,3075,90245.596,89621.255,3436,18,2967,102715.017333,100885.080333
r16_m060_split,4,16,split,projection,search,decomposition,perturbation,SAT,12,0,12,0,0,0,0,12,0,13,13,7,1,4,145.289,144.196,5,0,7,152.811333333,231.402666667
r16_m060_split,4,16,split,projection,search,decomposition,perturbation,UNSAT,36,0,36,0,0,0,0,36,0,0,0,12,12,12,66.486,66.63,11,2,23,67.0913333333,68.0186666667
r16_m060_split,4,16,split,projection,search,fixed_hit,camera,SAT,6421,5,6416,0,5,0,0,6421,0,7589,7589,3152,138,3131,90245.596,89851.207,3201,21,3199,102715.017333,100892.037333
r16_m060_split,4,16,split,projection,search,fixed_hit,perturbation,SAT,12,0,12,0,0,0,0,12,0,13,13,3,1,8,145.289,146.292,3,0,9,152.811333333,154.747333333
r16_m060_split,4,16,split,projection,search,fixed_hit,perturbation,UNSAT,36,0,36,0,0,0,0,36,0,0,0,12,14,10,66.486,66.542,12,3,21,67.0913333333,68.3103333333
r16_m060_split,4,16,split,projection,search,both,camera,SAT,6421,5,6416,0,5,0,0,6421,0,7589,7589,3032,110,3279,90245.596,90154.991,2893,16,3512,102715.017333,101264.604667
r16_m060_split,4,16,split,projection,search,both,perturbation,SAT,12,0,12,0,0,0,0,12,0,13,13,5,0,7,145.289,145.74,5,0,7,152.811333333,146.058
r16_m060_split,4,16,split,projection,search,both,perturbation,UNSAT,36,0,36,0,0,0,0,36,0,0,0,16,11,9,66.486,66.484,16,2,18,67.0913333333,66.9416666667
r16_m060_split,4,16,split,projection,fixed_hit,both,camera,SAT,6421,0,6421,0,0,0,0,6421,0,7589,7589,3180,123,3118,89851.207,90154.991,3364,17,3040,100892.037333,101264.604667
r16_m060_split,4,16,split,projection,fixed_hit,both,perturbation,SAT,12,0,12,0,0,0,0,12,0,13,13,4,1,7,146.292,145.74,9,0,3,154.747333333,146.058
r16_m060_split,4,16,split,projection,fixed_hit,both,perturbation,UNSAT,36,0,36,0,0,0,0,36,0,0,0,14,13,9,66.542,66.484,19,3,14,68.3103333333,66.9416666667
r16_m060_split,4,16,split,query,search,decomposition,camera,SAT,569,0,569,0,0,0,0,569,0,569,569,294,8,267,5007.275,5009.779,294,8,267,5007.275,5009.779
r16_m060_split,4,16,split,query,search,decomposition,camera,UNSAT,1087,0,1087,0,0,0,0,1087,0,1087,1087,517,94,476,1483.757,1481.34,517,94,476,1483.757,1481.34
r16_m060_split,4,16,split,query,search,decomposition,perturbation,SAT,97,0,97,0,0,0,0,97,0,97,97,49,2,46,722.652,716.398,49,2,46,722.652,716.398
r16_m060_split,4,16,split,query,search,decomposition,perturbation,UNSAT,1055,0,1055,0,0,0,0,1055,0,1055,1055,413,222,420,1120.108,1717.161,413,222,420,1120.108,1717.161
r16_m060_split,4,16,split,query,search,fixed_hit,camera,SAT,569,0,569,0,0,0,0,569,0,569,569,259,4,306,5007.275,5203.262,259,4,306,5007.275,5203.262
r16_m060_split,4,16,split,query,search,fixed_hit,camera,UNSAT,1087,0,1087,0,0,0,0,1087,0,1087,1087,484,107,496,1483.757,1670.25,484,107,496,1483.757,1670.25
r16_m060_split,4,16,split,query,search,fixed_hit,perturbation,SAT,97,0,97,0,0,0,0,97,0,97,97,36,3,58,722.652,754.968,36,3,58,722.652,754.968
r16_m060_split,4,16,split,query,search,fixed_hit,perturbation,UNSAT,1055,0,1055,0,0,0,0,1055,0,1055,1055,414,220,421,1120.108,1086.419,414,220,421,1120.108,1086.419
r16_m060_split,4,16,split,query,search,both,camera,SAT,569,0,569,0,0,0,0,569,0,569,569,269,8,292,5007.275,6705.232,269,8,292,5007.275,6705.232
r16_m060_split,4,16,split,query,search,both,camera,UNSAT,1087,0,1087,0,0,0,0,1087,0,1087,1087,511,88,488,1483.757,1535.497,511,88,488,1483.757,1535.497
r16_m060_split,4,16,split,query,search,both,perturbation,SAT,97,0,97,0,0,0,0,97,0,97,97,43,0,54,722.652,793.165,43,0,54,722.652,793.165
r16_m060_split,4,16,split,query,search,both,perturbation,UNSAT,1055,0,1055,0,0,0,0,1055,0,1055,1055,435,236,384,1120.108,1039.144,435,236,384,1120.108,1039.144
r16_m060_split,4,16,split,query,fixed_hit,both,camera,SAT,569,0,569,0,0,0,0,569,0,569,569,323,6,240,5203.262,6705.232,323,6,240,5203.262,6705.232
r16_m060_split,4,16,split,query,fixed_hit,both,camera,UNSAT,1087,0,1087,0,0,0,0,1087,0,1087,1087,540,97,450,1670.25,1535.497,540,97,450,1670.25,1535.497
r16_m060_split,4,16,split,query,fixed_hit,both,perturbation,SAT,97,0,97,0,0,0,0,97,0,97,97,63,2,32,754.968,793.165,63,2,32,754.968,793.165
r16_m060_split,4,16,split,query,fixed_hit,both,perturbation,UNSAT,1055,0,1055,0,0,0,0,1055,0,1055,1055,473,232,350,1086.419,1039.144,473,232,350,1086.419,1039.144
r8_m090_split,4,8,split,feasibility,search,decomposition,camera,SAT,5126,0,5126,0,439,439,0,5055,71,5565,5721,2512,295,2319,29187.363,29166.887,2744,54,2328,32058.653,31748.4413333
r8_m090_split,4,8,split,feasibility,search,decomposition,perturbation,SAT,14,0,14,0,4,4,0,13,1,18,20,6,2,6,61.051,60.453,7,0,7,65.8426666667,60.9726666667
r8_m090_split,4,8,split,feasibility,search,decomposition,perturbation,UNSAT,34,0,34,0,0,0,0,34,0,34,34,12,10,12,49.873,49.835,11,4,19,50.0343333333,50.7166666667
r8_m090_split,4,8,split,feasibility,search,fixed_hit,camera,SAT,5126,343,4783,0,439,9,343,4783,0,5565,5135,2622,244,2260,29187.363,28527.389,2682,42,2402,32058.653,30875.1863333
r8_m090_split,4,8,split,feasibility,search,fixed_hit,perturbation,SAT,14,3,11,0,4,0,3,11,0,18,14,6,2,6,61.051,56.915,9,0,5,65.8426666667,58.307
r8_m090_split,4,8,split,feasibility,search,fixed_hit,perturbation,UNSAT,34,0,34,0,0,0,0,34,0,34,34,5,9,20,49.873,50.038,12,0,22,50.0343333333,87.8033333333
r8_m090_split,4,8,split,feasibility,search,both,camera,SAT,5126,343,4783,0,439,9,343,4783,0,5565,5135,2564,274,2288,29187.363,29751.545,2580,49,2497,32058.653,31186.5243333
r8_m090_split,4,8,split,feasibility,search,both,perturbation,SAT,14,3,11,0,4,0,3,11,0,18,14,8,0,6,61.051,56.295,8,0,6,65.8426666667,58.01
r8_m090_split,4,8,split,feasibility,search,both,perturbation,UNSAT,34,0,34,0,0,0,0,34,0,34,34,9,13,12,49.873,49.882,13,3,18,50.0343333333,55.6523333333
r8_m090_split,4,8,split,feasibility,fixed_hit,both,camera,SAT,5126,0,5126,0,9,9,0,5126,0,5135,5135,2442,286,2398,28527.389,29751.545,2832,37,2257,30875.1863333,31186.5243333
r8_m090_split,4,8,split,feasibility,fixed_hit,both,perturbation,SAT,14,0,14,0,0,0,0,14,0,14,14,8,1,5,56.915,56.295,8,0,6,58.307,58.01
r8_m090_split,4,8,split,feasibility,fixed_hit,both,perturbation,UNSAT,34,0,34,0,0,0,0,34,0,34,34,18,6,10,50.038,49.882,22,0,12,87.8033333333,55.6523333333
r8_m090_split,4,8,split,projection,search,decomposition,camera,SAT,5126,0,5126,0,713,713,0,5055,71,7128,7376,2495,175,2456,46407.477,46519.954,2715,27,2384,52511.271,50799.8653333
r8_m090_split,4,8,split,projection,search,decomposition,perturbation,SAT,14,0,14,0,7,7,0,13,1,27,29,5,1,8,102.246,102.686,8,1,5,103.418333333,108.029666667
r8_m090_split,4,8,split,projection,search,decomposition,perturbation,UNSAT,34,0,34,0,0,0,0,34,0,0,0,7,17,10,49.915,50.016,18,3,13,54.6323333333,50.2623333333
r8_m090_split,4,8,split,projection,search,fixed_hit,camera,SAT,5126,343,4783,0,713,9,127,4998,1,7128,6810,2413,163,2550,46407.477,46102.841,2520,13,2593,52511.271,49410.6826667
r8_m090_split,4,8,split,projection,search,fixed_hit,perturbation,SAT,14,3,11,0,7,0,2,12,0,27,23,5,0,9,102.246,100.952,6,0,8,103.418333333,103.082333333
r8_m090_split,4,8,split,projection,search,fixed_hit,perturbation,UNSAT,34,0,34,0,0,0,0,34,0,0,0,11,9,14,49.915,50.027,15,1,18,54.6323333333,50.6916666667
r8_m090_split,4,8,split,projection,search,both,camera,SAT,5126,343,4783,0,713,9,127,4998,1,7128,6810,2332,157,2637,46407.477,46162.781,2272,24,2830,52511.271,49650.3126667
r8_m090_split,4,8,split,projection,search,both,perturbation,SAT,14,3,11,0,7,0,2,12,0,27,23,8,0,6,102.246,100.335,6,0,8,103.418333333,101.272
r8_m090_split,4,8,split,projection,search,both,perturbation,UNSAT,34,0,34,0,0,0,0,34,0,0,0,13,10,11,49.915,50.037,12,1,21,54.6323333333,55.4293333333
r8_m090_split,4,8,split,projection,fixed_hit,both,camera,SAT,5126,0,5126,0,9,9,0,5126,0,6810,6810,2414,159,2553,46102.841,46162.781,2737,34,2355,49410.6826667,49650.3126667
r8_m090_split,4,8,split,projection,fixed_hit,both,perturbation,SAT,14,0,14,0,0,0,0,14,0,23,23,10,1,3,100.952,100.335,10,0,4,103.082333333,101.272
r8_m090_split,4,8,split,projection,fixed_hit,both,perturbation,UNSAT,34,0,34,0,0,0,0,34,0,0,0,13,10,11,50.027,50.037,16,3,15,50.6916666667,55.4293333333
r8_m090_split,4,8,split,query,search,decomposition,camera,SAT,460,0,460,0,22,22,0,456,4,482,490,224,6,230,2827.525,3425.974,224,6,230,2827.525,3425.974
r8_m090_split,4,8,split,query,search,decomposition,camera,UNSAT,884,0,884,0,0,0,0,884,0,884,884,390,103,391,931.249,953.956,390,103,391,931.249,953.956
r8_m090_split,4,8,split,query,search,decomposition,perturbation,SAT,123,0,123,0,30,30,0,119,4,153,161,92,1,30,527.153,489.987,92,1,30,527.153,489.987
r8_m090_split,4,8,split,query,search,decomposition,perturbation,UNSAT,1029,0,1029,0,0,0,0,1029,0,1029,1029,384,258,387,843.957,906.398,384,258,387,843.957,906.398
r8_m090_split,4,8,split,query,search,fixed_hit,camera,SAT,460,18,442,0,22,0,18,442,0,482,460,230,5,225,2827.525,2417.476,230,5,225,2827.525,2417.476
r8_m090_split,4,8,split,query,search,fixed_hit,camera,UNSAT,884,0,884,0,0,0,0,884,0,884,884,393,95,396,931.249,986.015,393,95,396,931.249,986.015
r8_m090_split,4,8,split,query,search,fixed_hit,perturbation,SAT,123,26,97,0,30,0,26,97,0,153,123,82,0,41,527.153,514.866,82,0,41,527.153,514.866
r8_m090_split,4,8,split,query,search,fixed_hit,perturbation,UNSAT,1029,0,1029,0,0,0,0,1029,0,1029,1029,383,245,401,843.957,861.396,383,245,401,843.957,861.396
r8_m090_split,4,8,split,query,search,both,camera,SAT,460,18,442,0,22,0,18,442,0,482,460,225,13,222,2827.525,2455.112,225,13,222,2827.525,2455.112
r8_m090_split,4,8,split,query,search,both,camera,UNSAT,884,0,884,0,0,0,0,884,0,884,884,407,103,374,931.249,1101.892,407,103,374,931.249,1101.892
r8_m090_split,4,8,split,query,search,both,perturbation,SAT,123,26,97,0,30,0,26,97,0,153,123,81,3,39,527.153,493.83,81,3,39,527.153,493.83
r8_m090_split,4,8,split,query,search,both,perturbation,UNSAT,1029,0,1029,0,0,0,0,1029,0,1029,1029,359,250,420,843.957,853.429,359,250,420,843.957,853.429
r8_m090_split,4,8,split,query,fixed_hit,both,camera,SAT,460,0,460,0,0,0,0,460,0,460,460,276,12,172,2417.476,2455.112,276,12,172,2417.476,2455.112
r8_m090_split,4,8,split,query,fixed_hit,both,camera,UNSAT,884,0,884,0,0,0,0,884,0,884,884,434,130,320,986.015,1101.892,434,130,320,986.015,1101.892
r8_m090_split,4,8,split,query,fixed_hit,both,perturbation,SAT,123,0,123,0,0,0,0,123,0,123,123,67,6,50,514.866,493.83,67,6,50,514.866,493.83
r8_m090_split,4,8,split,query,fixed_hit,both,perturbation,UNSAT,1029,0,1029,0,0,0,0,1029,0,1029,1029,380,280,369,861.396,853.429,380,280,369,861.396,853.429
r8_m090_same,4,8,same,feasibility,search,decomposition,camera,SAT,4441,0,4441,0,525,525,0,4365,76,4966,5132,2227,210,2004,26549.456,26493.769,2451,41,1949,28028.4596667,28974.6263333
r8_m090_same,4,8,same,feasibility,search,decomposition,perturbation,SAT,14,0,14,0,5,5,0,13,1,19,21,7,0,7,63.567,64.387,8,0,6,64.9643333333,65.2576666667
r8_m090_same,4,8,same,feasibility,search,decomposition,perturbation,UNSAT,34,0,34,0,0,0,0,34,0,34,34,9,14,11,51.508,51.418,17,1,16,52.6433333333,52.903
r8_m090_same,4,8,same,feasibility,search,fixed_hit,camera,SAT,4441,395,4046,0,525,38,395,4046,0,4966,4479,2371,172,1898,26549.456,25766.274,2396,26,2019,28028.4596667,28405.2216667
r8_m090_same,4,8,same,feasibility,search,fixed_hit,perturbation,SAT,14,4,10,0,5,0,4,10,0,19,14,8,2,4,63.567,57.548,8,1,5,64.9643333333,59.066
r8_m090_same,4,8,same,feasibility,search,fixed_hit,perturbation,UNSAT,34,0,34,0,0,0,0,34,0,34,34,16,7,11,51.508,51.344,22,0,12,52.6433333333,52.792
r8_m090_same,4,8,same,feasibility,search,both,camera,SAT,4441,395,4046,0,525,38,395,4046,0,4966,4479,2296,186,1959,26549.456,25829.002,2225,33,2183,28028.4596667,28503.582
r8_m090_same,4,8,same,feasibility,search,both,perturbation,SAT,14,4,10,0,5,0,4,10,0,19,14,11,0,3,63.567,57.377,10,0,4,64.9643333333,58.0703333333
r8_m090_same,4,8,same,feasibility,search,both,perturbation,UNSAT,34,0,34,0,0,0,0,34,0,34,34,15,6,13,51.508,52.775,17,1,16,52.6433333333,62.774
r8_m090_same,4,8,same,feasibility,fixed_hit,both,camera,SAT,4441,0,4441,0,38,38,0,4441,0,4479,4479,2119,210,2112,25766.274,25829.002,2411,37,1993,28405.2216667,28503.582
r8_m090_same,4,8,same,feasibility,fixed_hit,both,perturbation,SAT,14,0,14,0,0,0,0,14,0,14,14,9,0,5,57.548,57.377,9,0,5,59.066,58.0703333333
r8_m090_same,4,8,same,feasibility,fixed_hit,both,perturbation,UNSAT,34,0,34,0,0,0,0,34,0,34,34,13,9,12,51.344,52.775,17,3,14,52.792,62.774
r8_m090_same,4,8,same,projection,search,decomposition,camera,SAT,4441,0,4441,0,815,815,0,4365,76,6935,7197,2180,106,2155,43847.171,43843.528,2376,16,2049,46401.0206667,46503.0733333
r8_m090_same,4,8,same,projection,search,decomposition,perturbation,SAT,14,0,14,0,8,8,0,13,1,28,30,7,0,7,107.81,107.011,9,1,4,115.536333333,127.322666667
r8_m090_same,4,8,same,projection,search,decomposition,perturbation,UNSAT,34,0,34,0,0,0,0,34,0,0,0,10,15,9,51.787,52.351,14,5,15,56.9953333333,57.63
r8_m090_same,4,8,same,projection,search,fixed_hit,camera,SAT,4441,395,4046,0,815,38,134,4303,4,6935,6604,2099,86,2256,43847.171,43651.352,2149,18,2274,46401.0206667,46287.634
r8_m090_same,4,8,same,projection,search,fixed_hit,perturbation,SAT,14,4,10,0,8,0,2,12,0,28,24,5,0,9,107.81,104.276,5,0,9,115.536333333,109.473666667
r8_m090_same,4,8,same,projection,search,fixed_hit,perturbation,UNSAT,34,0,34,0,0,0,0,34,0,0,0,8,14,12,51.787,53.191,11,2,21,56.9953333333,54.124
r8_m090_same,4,8,same,projection,search,both,camera,SAT,4441,395,4046,0,815,38,134,4303,4,6935,6604,2000,103,2338,43847.171,43703.522,2001,18,2422,46401.0206667,46977.6976667
r8_m090_same,4,8,same,projection,search,both,perturbation,SAT,14,4,10,0,8,0,2,12,0,28,24,6,0,8,107.81,104.136,6,0,8,115.536333333,104.850333333
r8_m090_same,4,8,same,projection,search,both,perturbation,UNSAT,34,0,34,0,0,0,0,34,0,0,0,6,12,16,51.787,53.213,11,0,23,56.9953333333,53.7933333333
r8_m090_same,4,8,same,projection,fixed_hit,both,camera,SAT,4441,0,4441,0,38,38,0,4441,0,6604,6604,2189,110,2142,43651.352,43703.522,2336,22,2083,46287.634,46977.6976667
r8_m090_same,4,8,same,projection,fixed_hit,both,perturbation,SAT,14,0,14,0,0,0,0,14,0,24,24,3,1,10,104.276,104.136,8,0,6,109.473666667,104.850333333
r8_m090_same,4,8,same,projection,fixed_hit,both,perturbation,UNSAT,34,0,34,0,0,0,0,34,0,0,0,12,6,16,53.191,53.213,16,1,17,54.124,53.7933333333
r8_m090_same,4,8,same,query,search,decomposition,camera,SAT,411,0,411,0,48,48,0,407,4,459,467,195,7,209,2610.535,2371.785,195,7,209,2610.535,2371.785
r8_m090_same,4,8,same,query,search,decomposition,camera,UNSAT,741,0,741,0,0,0,0,741,0,741,741,308,102,331,827.947,780.461,308,102,331,827.947,780.461
r8_m090_same,4,8,same,query,search,decomposition,perturbation,SAT,124,0,124,0,36,36,0,120,4,160,168,61,1,62,529.022,592.606,61,1,62,529.022,592.606
r8_m090_same,4,8,same,query,search,decomposition,perturbation,UNSAT,1028,0,1028,0,0,0,0,1028,0,1028,1028,374,274,380,868.764,907.648,374,274,380,868.764,907.648
r8_m090_same,4,8,same,query,search,fixed_hit,camera,SAT,411,38,373,0,48,6,38,373,0,459,417,209,13,189,2610.535,2342.755,209,13,189,2610.535,2342.755
r8_m090_same,4,8,same,query,search,fixed_hit,camera,UNSAT,741,0,741,0,0,0,0,741,0,741,741,300,101,340,827.947,791.545,300,101,340,827.947,791.545
r8_m090_same,4,8,same,query,search,fixed_hit,perturbation,SAT,124,32,92,0,36,0,32,92,0,160,124,77,0,47,529.022,477.835,77,0,47,529.022,477.835
r8_m090_same,4,8,same,query,search,fixed_hit,perturbation,UNSAT,1028,0,1028,0,0,0,0,1028,0,1028,1028,363,277,388,868.764,884.954,363,277,388,868.764,884.954
r8_m090_same,4,8,same,query,search,both,camera,SAT,411,38,373,0,48,6,38,373,0,459,417,189,9,213,2610.535,2341.156,189,9,213,2610.535,2341.156
r8_m090_same,4,8,same,query,search,both,camera,UNSAT,741,0,741,0,0,0,0,741,0,741,741,296,102,343,827.947,776.738,296,102,343,827.947,776.738
r8_m090_same,4,8,same,query,search,both,perturbation,SAT,124,32,92,0,36,0,32,92,0,160,124,76,2,46,529.022,471.598,76,2,46,529.022,471.598
r8_m090_same,4,8,same,query,search,both,perturbation,UNSAT,1028,0,1028,0,0,0,0,1028,0,1028,1028,328,267,433,868.764,889.755,328,267,433,868.764,889.755
r8_m090_same,4,8,same,query,fixed_hit,both,camera,SAT,411,0,411,0,6,6,0,411,0,417,417,231,12,168,2342.755,2341.156,231,12,168,2342.755,2341.156
r8_m090_same,4,8,same,query,fixed_hit,both,camera,UNSAT,741,0,741,0,0,0,0,741,0,741,741,356,101,284,791.545,776.738,356,101,284,791.545,776.738
r8_m090_same,4,8,same,query,fixed_hit,both,perturbation,SAT,124,0,124,0,0,0,0,124,0,124,124,77,5,42,477.835,471.598,77,5,42,477.835,471.598
r8_m090_same,4,8,same,query,fixed_hit,both,perturbation,UNSAT,1028,0,1028,0,0,0,0,1028,0,1028,1028,381,260,387,884.954,889.755,381,260,387,884.954,889.755
r16_m090_split,4,16,split,feasibility,search,decomposition,camera,SAT,6513,0,6513,0,4,4,0,6513,0,6517,6517,3216,268,3029,53567.285,53468.959,3516,41,2956,59916.3736667,58667.1883333
r16_m090_split,4,16,split,feasibility,search,decomposition,perturbation,SAT,14,0,14,0,0,0,0,14,0,14,14,5,0,9,86.213,88.585,5,0,9,89.6903333333,92.027
r16_m090_split,4,16,split,feasibility,search,decomposition,perturbation,UNSAT,34,0,34,0,0,0,0,34,0,34,34,18,7,9,64.141,64.211,22,2,10,67.3976666667,87.2996666667
r16_m090_split,4,16,split,feasibility,search,fixed_hit,camera,SAT,6513,4,6509,0,4,0,4,6509,0,6517,6513,3179,263,3071,53567.285,53426.46,3268,48,3197,59916.3736667,61199.0093333
r16_m090_split,4,16,split,feasibility,search,fixed_hit,perturbation,SAT,14,0,14,0,0,0,0,14,0,14,14,5,0,9,86.213,87.882,6,0,8,89.6903333333,99.7223333333
r16_m090_split,4,16,split,feasibility,search,fixed_hit,perturbation,UNSAT,34,0,34,0,0,0,0,34,0,34,34,13,8,13,64.141,64.368,18,2,14,67.3976666667,86.1493333333
r16_m090_split,4,16,split,feasibility,search,both,camera,SAT,6513,4,6509,0,4,0,4,6509,0,6517,6513,3119,234,3160,53567.285,53550.077,2942,32,3539,59916.3736667,58315.863
r16_m090_split,4,16,split,feasibility,search,both,perturbation,SAT,14,0,14,0,0,0,0,14,0,14,14,4,0,10,86.213,86.961,6,0,8,89.6903333333,90.587
r16_m090_split,4,16,split,feasibility,search,both,perturbation,UNSAT,34,0,34,0,0,0,0,34,0,34,34,15,5,14,64.141,64.157,16,0,18,67.3976666667,73.1283333333
r16_m090_split,4,16,split,feasibility,fixed_hit,both,camera,SAT,6513,0,6513,0,0,0,0,6513,0,6513,6513,3167,256,3090,53426.46,53550.077,3438,48,3027,61199.0093333,58315.863
r16_m090_split,4,16,split,feasibility,fixed_hit,both,perturbation,SAT,14,0,14,0,0,0,0,14,0,14,14,7,1,6,87.882,86.961,8,0,6,99.7223333333,90.587
r16_m090_split,4,16,split,feasibility,fixed_hit,both,perturbation,UNSAT,34,0,34,0,0,0,0,34,0,34,34,10,10,14,64.368,64.157,15,2,17,86.1493333333,73.1283333333
r16_m090_split,4,16,split,projection,search,decomposition,camera,SAT,6513,0,6513,0,4,4,0,6513,0,7593,7593,3233,169,3111,87810.202,88028.683,3423,23,3067,97380.379,98273.917
r16_m090_split,4,16,split,projection,search,decomposition,perturbation,SAT,14,0,14,0,0,0,0,14,0,19,19,5,1,8,150.199,151.119,5,0,9,156.033666667,172.202
r16_m090_split,4,16,split,projection,search,decomposition,perturbation,UNSAT,34,0,34,0,0,0,0,34,0,0,0,11,9,14,64.21,64.309,19,1,14,65.7996666667,67.206
r16_m090_split,4,16,split,projection,search,fixed_hit,camera,SAT,6513,4,6509,0,4,0,0,6513,0,7593,7593,3232,146,3135,87810.202,87950.442,3304,22,3187,97380.379,100305.486
r16_m090_split,4,16,split,projection,search,fixed_hit,perturbation,SAT,14,0,14,0,0,0,0,14,0,19,19,7,0,7,150.199,150.558,7,0,7,156.033666667,167.569666667
r16_m090_split,4,16,split,projection,search,fixed_hit,perturbation,UNSAT,34,0,34,0,0,0,0,34,0,0,0,17,5,12,64.21,64.058,20,2,12,65.7996666667,71.0663333333
r16_m090_split,4,16,split,projection,search,both,camera,SAT,6513,4,6509,0,4,0,0,6513,0,7593,7593,3051,145,3317,87810.202,88181.757,2993,26,3494,97380.379,98285.633
r16_m090_split,4,16,split,projection,search,both,perturbation,SAT,14,0,14,0,0,0,0,14,0,19,19,5,1,8,150.199,150.842,3,0,11,156.033666667,171.277
r16_m090_split,4,16,split,projection,search,both,perturbation,UNSAT,34,0,34,0,0,0,0,34,0,0,0,13,9,12,64.21,64.176,13,2,19,65.7996666667,67.268
r16_m090_split,4,16,split,projection,fixed_hit,both,camera,SAT,6513,0,6513,0,0,0,0,6513,0,7593,7593,3169,135,3209,87950.442,88181.757,3354,33,3126,100305.486,98285.633
r16_m090_split,4,16,split,projection,fixed_hit,both,perturbation,SAT,14,0,14,0,0,0,0,14,0,19,19,5,0,9,150.558,150.842,7,0,7,167.569666667,171.277
r16_m090_split,4,16,split,projection,fixed_hit,both,perturbation,UNSAT,34,0,34,0,0,0,0,34,0,0,0,11,8,15,64.058,64.176,18,2,14,71.0663333333,67.268
r16_m090_split,4,16,split,query,search,decomposition,camera,SAT,569,0,569,0,0,0,0,569,0,569,569,297,11,261,9190.634,4572.985,297,11,261,9190.634,4572.985
r16_m090_split,4,16,split,query,search,decomposition,camera,UNSAT,1111,0,1111,0,0,0,0,1111,0,1111,1111,530,110,471,1454.704,1351.568,530,110,471,1454.704,1351.568
r16_m090_split,4,16,split,query,search,decomposition,perturbation,SAT,117,0,117,0,0,0,0,117,0,117,117,36,2,79,746.457,878.237,36,2,79,746.457,878.237
r16_m090_split,4,16,split,query,search,decomposition,perturbation,UNSAT,1035,0,1035,0,0,0,0,1035,0,1035,1035,477,214,344,997.75,1050.731,477,214,344,997.75,1050.731
r16_m090_split,4,16,split,query,search,fixed_hit,camera,SAT,569,0,569,0,0,0,0,569,0,569,569,296,3,270,9190.634,6297.956,296,3,270,9190.634,6297.956
r16_m090_split,4,16,split,query,search,fixed_hit,camera,UNSAT,1111,0,1111,0,0,0,0,1111,0,1111,1111,515,117,479,1454.704,1424.519,515,117,479,1454.704,1424.519
r16_m090_split,4,16,split,query,search,fixed_hit,perturbation,SAT,117,0,117,0,0,0,0,117,0,117,117,40,7,70,746.457,735.314,40,7,70,746.457,735.314
r16_m090_split,4,16,split,query,search,fixed_hit,perturbation,UNSAT,1035,0,1035,0,0,0,0,1035,0,1035,1035,427,217,391,997.75,1363.296,427,217,391,997.75,1363.296
r16_m090_split,4,16,split,query,search,both,camera,SAT,569,0,569,0,0,0,0,569,0,569,569,256,11,302,9190.634,5117.649,256,11,302,9190.634,5117.649
r16_m090_split,4,16,split,query,search,both,camera,UNSAT,1111,0,1111,0,0,0,0,1111,0,1111,1111,456,127,528,1454.704,1327.656,456,127,528,1454.704,1327.656
r16_m090_split,4,16,split,query,search,both,perturbation,SAT,117,0,117,0,0,0,0,117,0,117,117,44,3,70,746.457,756.366,44,3,70,746.457,756.366
r16_m090_split,4,16,split,query,search,both,perturbation,UNSAT,1035,0,1035,0,0,0,0,1035,0,1035,1035,386,214,435,997.75,1439.007,386,214,435,997.75,1439.007
r16_m090_split,4,16,split,query,fixed_hit,both,camera,SAT,569,0,569,0,0,0,0,569,0,569,569,279,9,281,6297.956,5117.649,279,9,281,6297.956,5117.649
r16_m090_split,4,16,split,query,fixed_hit,both,camera,UNSAT,1111,0,1111,0,0,0,0,1111,0,1111,1111,488,119,504,1424.519,1327.656,488,119,504,1424.519,1327.656
r16_m090_split,4,16,split,query,fixed_hit,both,perturbation,SAT,117,0,117,0,0,0,0,117,0,117,117,69,3,45,735.314,756.366,69,3,45,735.314,756.366
r16_m090_split,4,16,split,query,fixed_hit,both,perturbation,UNSAT,1035,0,1035,0,0,0,0,1035,0,1035,1035,400,218,417,1363.296,1439.007,400,218,417,1363.296,1439.007
r16_m090_same,4,16,same,feasibility,search,decomposition,camera,SAT,6307,0,6307,0,30,30,0,6307,0,6337,6337,3152,237,2918,54170.205,54161.46,3434,43,2830,62380.9366667,59452.9373333
r16_m090_same,4,16,same,feasibility,search,decomposition,perturbation,SAT,13,0,13,0,0,0,0,13,0,13,13,4,1,8,86.642,86.73,4,0,9,88.1513333333,88.9136666667
r16_m090_same,4,16,same,feasibility,search,decomposition,perturbation,UNSAT,35,0,35,0,0,0,0,35,0,35,35,11,9,15,72.088,72.139,19,1,15,75.9603333333,79.092
r16_m090_same,4,16,same,feasibility,search,fixed_hit,camera,SAT,6307,28,6279,0,30,2,28,6279,0,6337,6309,3081,235,2991,54170.205,53848.807,3125,36,3146,62380.9366667,60867.9996667
r16_m090_same,4,16,same,feasibility,search,fixed_hit,perturbation,SAT,13,0,13,0,0,0,0,13,0,13,13,6,2,5,86.642,86.64,4,0,9,88.1513333333,114.158333333
r16_m090_same,4,16,same,feasibility,search,fixed_hit,perturbation,UNSAT,35,0,35,0,0,0,0,35,0,35,35,15,8,12,72.088,72.248,21,0,14,75.9603333333,74.1383333333
r16_m090_same,4,16,same,feasibility,search,both,camera,SAT,6307,28,6279,0,30,2,28,6279,0,6337,6309,3007,247,3053,54170.205,53771.114,2872,40,3395,62380.9366667,60958.115
r16_m090_same,4,16,same,feasibility,search,both,perturbation,SAT,13,0,13,0,0,0,0,13,0,13,13,7,3,3,86.642,86.473,8,1,4,88.1513333333,94.8086666667
r16_m090_same,4,16,same,feasibility,search,both,perturbation,UNSAT,35,0,35,0,0,0,0,35,0,35,35,8,11,16,72.088,72.319,14,1,20,75.9603333333,72.934
r16_m090_same,4,16,same,feasibility,fixed_hit,both,camera,SAT,6307,0,6307,0,2,2,0,6307,0,6309,6309,3015,229,3063,53848.807,53771.114,3415,39,2853,60867.9996667,60958.115
r16_m090_same,4,16,same,feasibility,fixed_hit,both,perturbation,SAT,13,0,13,0,0,0,0,13,0,13,13,9,1,3,86.64,86.473,8,0,5,114.158333333,94.8086666667
r16_m090_same,4,16,same,feasibility,fixed_hit,both,perturbation,UNSAT,35,0,35,0,0,0,0,35,0,35,35,13,9,13,72.248,72.319,19,1,15,74.1383333333,72.934
r16_m090_same,4,16,same,projection,search,decomposition,camera,SAT,6307,0,6307,0,30,30,0,6307,0,7557,7557,3098,128,3081,87950.493,87954.977,3423,26,2858,101926.869667,94099.2973333
r16_m090_same,4,16,same,projection,search,decomposition,perturbation,SAT,13,0,13,0,0,0,0,13,0,20,20,4,3,6,175.056,176.427,3,0,10,177.214333333,192.831
r16_m090_same,4,16,same,projection,search,decomposition,perturbation,UNSAT,35,0,35,0,0,0,0,35,0,0,0,16,11,8,71.293,71.098,20,1,14,73.0146666667,85.811
r16_m090_same,4,16,same,projection,search,fixed_hit,camera,SAT,6307,28,6279,0,30,2,12,6295,0,7557,7545,3068,131,3108,87950.493,87925.95,3178,19,3110,101926.869667,96778.158
r16_m090_same,4,16,same,projection,search,fixed_hit,perturbation,SAT,13,0,13,0,0,0,0,13,0,20,20,7,0,6,175.056,174.693,5,0,8,177.214333333,180.008
r16_m090_same,4,16,same,projection,search,fixed_hit,perturbation,UNSAT,35,0,35,0,0,0,0,35,0,0,0,18,6,11,71.293,71.148,21,1,13,73.0146666667,72.3313333333
r16_m090_same,4,16,same,projection,search,both,camera,SAT,6307,28,6279,0,30,2,12,6295,0,7557,7545,2945,148,3214,87950.493,88052.416,2816,20,3471,101926.869667,98765.2553333
r16_m090_same,4,16,same,projection,search,both,perturbation,SAT,13,0,13,0,0,0,0,13,0,20,20,4,0,9,175.056,176.287,6,0,7,177.214333333,181.134666667
r16_m090_same,4,16,same,projection,search,both,perturbation,UNSAT,35,0,35,0,0,0,0,35,0,0,0,19,6,10,71.293,71.028,21,2,12,73.0146666667,71.341
r16_m090_same,4,16,same,projection,fixed_hit,both,camera,SAT,6307,0,6307,0,2,2,0,6307,0,7545,7545,3010,133,3164,87925.95,88052.416,3295,28,2984,96778.158,98765.2553333
r16_m090_same,4,16,same,projection,fixed_hit,both,perturbation,SAT,13,0,13,0,0,0,0,13,0,20,20,4,1,8,174.693,176.287,9,0,4,180.008,181.134666667
r16_m090_same,4,16,same,projection,fixed_hit,both,perturbation,UNSAT,35,0,35,0,0,0,0,35,0,0,0,12,10,13,71.148,71.028,19,2,14,72.3313333333,71.341
r16_m090_same,4,16,same,query,search,decomposition,camera,SAT,547,0,547,0,0,0,0,547,0,547,547,256,16,275,4640.209,4493.709,256,16,275,4640.209,4493.709
r16_m090_same,4,16,same,query,search,decomposition,camera,UNSAT,1061,0,1061,0,0,0,0,1061,0,1061,1061,437,135,489,1217.103,1358.127,437,135,489,1217.103,1358.127
r16_m090_same,4,16,same,query,search,decomposition,perturbation,SAT,111,0,111,0,0,0,0,111,0,111,111,45,5,61,776.008,719.614,45,5,61,776.008,719.614
r16_m090_same,4,16,same,query,search,decomposition,perturbation,UNSAT,1041,0,1041,0,0,0,0,1041,0,1041,1041,419,204,418,1081.193,1239.884,419,204,418,1081.193,1239.884
r16_m090_same,4,16,same,query,search,fixed_hit,camera,SAT,547,0,547,0,0,0,0,547,0,547,547,237,9,301,4640.209,4600.433,237,9,301,4640.209,4600.433
r16_m090_same,4,16,same,query,search,fixed_hit,camera,UNSAT,1061,0,1061,0,0,0,0,1061,0,1061,1061,427,128,506,1217.103,1477.033,427,128,506,1217.103,1477.033
r16_m090_same,4,16,same,query,search,fixed_hit,perturbation,SAT,111,0,111,0,0,0,0,111,0,111,111,46,6,59,776.008,747.685,46,6,59,776.008,747.685
r16_m090_same,4,16,same,query,search,fixed_hit,perturbation,UNSAT,1041,0,1041,0,0,0,0,1041,0,1041,1041,416,202,423,1081.193,1069.753,416,202,423,1081.193,1069.753
r16_m090_same,4,16,same,query,search,both,camera,SAT,547,0,547,0,0,0,0,547,0,547,547,241,10,296,4640.209,8198.612,241,10,296,4640.209,8198.612
r16_m090_same,4,16,same,query,search,both,camera,UNSAT,1061,0,1061,0,0,0,0,1061,0,1061,1061,429,137,495,1217.103,1225.088,429,137,495,1217.103,1225.088
r16_m090_same,4,16,same,query,search,both,perturbation,SAT,111,0,111,0,0,0,0,111,0,111,111,49,4,58,776.008,760.657,49,4,58,776.008,760.657
r16_m090_same,4,16,same,query,search,both,perturbation,UNSAT,1041,0,1041,0,0,0,0,1041,0,1041,1041,419,255,367,1081.193,1217.312,419,255,367,1081.193,1217.312
r16_m090_same,4,16,same,query,fixed_hit,both,camera,SAT,547,0,547,0,0,0,0,547,0,547,547,293,7,247,4600.433,8198.612,293,7,247,4600.433,8198.612
r16_m090_same,4,16,same,query,fixed_hit,both,camera,UNSAT,1061,0,1061,0,0,0,0,1061,0,1061,1061,507,133,421,1477.033,1225.088,507,133,421,1477.033,1225.088
r16_m090_same,4,16,same,query,fixed_hit,both,perturbation,SAT,111,0,111,0,0,0,0,111,0,111,111,63,2,46,747.685,760.657,63,2,46,747.685,760.657
r16_m090_same,4,16,same,query,fixed_hit,both,perturbation,UNSAT,1041,0,1041,0,0,0,0,1041,0,1041,1041,433,239,369,1069.753,1217.312,433,239,369,1069.753,1217.312
r8_m031_same,5,8,same,feasibility,search,decomposition,camera,SAT,5969,0,5969,0,963,963,0,5824,145,6932,7256,2990,335,2644,38646.282,38671.293,3432,43,2494,42877.7236667,43087.629
r8_m031_same,5,8,same,feasibility,search,decomposition,perturbation,SAT,15,0,15,0,4,4,0,15,0,19,19,9,0,6,73.77,73.242,9,0,6,79.0916666667,76.7166666667
r8_m031_same,5,8,same,feasibility,search,decomposition,perturbation,UNSAT,33,0,33,0,0,0,0,33,0,33,33,14,8,11,44.436,44.436,18,2,13,44.9576666667,45.1666666667
r8_m031_same,5,8,same,feasibility,search,fixed_hit,camera,SAT,5969,502,5467,0,963,329,502,5467,0,6932,6298,3119,271,2579,38646.282,37567.666,3237,29,2703,42877.7236667,41343.6166667
r8_m031_same,5,8,same,feasibility,search,fixed_hit,perturbation,SAT,15,4,11,0,4,0,4,11,0,19,15,7,1,7,73.77,68.384,10,0,5,79.0916666667,71.1266666667
r8_m031_same,5,8,same,feasibility,search,fixed_hit,perturbation,UNSAT,33,0,33,0,0,0,0,33,0,33,33,12,13,8,44.436,44.403,21,0,12,44.9576666667,45.712
r8_m031_same,5,8,same,feasibility,search,both,camera,SAT,5969,502,5467,0,963,329,453,5467,49,6932,6407,3084,255,2630,38646.282,37673.76,2933,36,3000,42877.7236667,41504.0373333
r8_m031_same,5,8,same,feasibility,search,both,perturbation,SAT,15,4,11,0,4,0,4,11,0,19,15,8,0,7,73.77,67.632,11,0,4,79.0916666667,69.562
r8_m031_same,5,8,same,feasibility,search,both,perturbation,UNSAT,33,0,33,0,0,0,0,33,0,33,33,12,9,12,44.436,44.456,12,2,19,44.9576666667,45.737
r8_m031_same,5,8,same,feasibility,fixed_hit,both,camera,SAT,5969,0,5969,0,329,329,0,5920,49,6298,6407,2894,288,2787,37567.666,37673.76,3370,46,2553,41343.6166667,41504.0373333
r8_m031_same,5,8,same,feasibility,fixed_hit,both,perturbation,SAT,15,0,15,0,0,0,0,15,0,15,15,10,1,4,68.384,67.632,8,0,7,71.1266666667,69.562
r8_m031_same,5,8,same,feasibility,fixed_hit,both,perturbation,UNSAT,33,0,33,0,0,0,0,33,0,33,33,9,12,12,44.403,44.456,16,2,15,45.712,45.737
r8_m031_same,5,8,same,projection,search,decomposition,camera,SAT,5969,0,5969,0,1678,1678,0,5824,145,10556,11124,2933,181,2855,64489.799,64577.671,3270,20,2679,70470.305,70840.0243333
r8_m031_same,5,8,same,projection,search,decomposition,perturbation,SAT,15,0,15,0,4,4,0,15,0,30,30,8,0,7,141.252,141.062,8,0,7,154.58,145.202666667
r8_m031_same,5,8,same,projection,search,decomposition,perturbation,UNSAT,33,0,33,0,0,0,0,33,0,0,0,7,12,14,44.92,45.019,19,1,13,45.2206666667,52.9726666667
r8_m031_same,5,8,same,projection,search,fixed_hit,camera,SAT,5969,494,5475,0,1678,631,190,5745,34,10556,10105,2776,184,3009,64489.799,64323.971,2902,23,3044,70470.305,69502.518
r8_m031_same,5,8,same,projection,search,fixed_hit,perturbation,SAT,15,4,11,0,4,0,0,15,0,30,30,4,0,11,141.252,142.767,5,0,10,154.58,150.71
r8_m031_same,5,8,same,projection,search,fixed_hit,perturbation,UNSAT,33,0,33,0,0,0,0,33,0,0,0,8,12,13,44.92,44.987,16,1,16,45.2206666667,45.8736666667
r8_m031_same,5,8,same,projection,search,both,camera,SAT,5969,494,5475,0,1678,631,189,5730,50,10556,10316,2701,157,3111,64489.799,64257.319,2613,30,3326,70470.305,69731.9623333
r8_m031_same,5,8,same,projection,search,both,perturbation,SAT,15,4,11,0,4,0,0,15,0,30,30,4,1,10,141.252,142.736,8,0,7,154.58,144.239333333
r8_m031_same,5,8,same,projection,search,both,perturbation,UNSAT,33,0,33,0,0,0,0,33,0,0,0,7,8,18,44.92,45.262,12,4,17,45.2206666667,45.8056666667
r8_m031_same,5,8,same,projection,fixed_hit,both,camera,SAT,5969,0,5969,0,631,631,0,5920,49,10105,10316,2915,178,2876,64323.971,64257.319,3269,28,2672,69502.518,69731.9623333
r8_m031_same,5,8,same,projection,fixed_hit,both,perturbation,SAT,15,0,15,0,0,0,0,15,0,30,30,9,0,6,142.767,142.736,11,0,4,150.71,144.239333333
r8_m031_same,5,8,same,projection,fixed_hit,both,perturbation,UNSAT,33,0,33,0,0,0,0,33,0,0,0,13,6,14,44.987,45.262,18,0,15,45.8736666667,45.8056666667
r8_m031_same,5,8,same,query,search,decomposition,camera,SAT,567,0,567,0,72,72,0,557,10,639,659,286,11,270,3642.157,3659.909,286,11,270,3642.157,3659.909
r8_m031_same,5,8,same,query,search,decomposition,camera,UNSAT,993,0,993,0,0,0,0,993,0,993,993,448,110,435,1240.196,1347.384,448,110,435,1240.196,1347.384
r8_m031_same,5,8,same,query,search,decomposition,perturbation,SAT,137,0,137,0,25,25,0,137,0,162,162,63,3,71,648.856,686.863,63,3,71,648.856,686.863
r8_m031_same,5,8,same,query,search,decomposition,perturbation,UNSAT,1015,0,1015,0,0,0,0,1015,0,1015,1015,374,230,411,812.603,837.492,374,230,411,812.603,837.492
r8_m031_same,5,8,same,query,search,fixed_hit,camera,SAT,567,50,517,0,72,12,50,517,0,639,579,310,6,251,3642.157,3496.264,310,6,251,3642.157,3496.264
r8_m031_same,5,8,same,query,search,fixed_hit,camera,UNSAT,993,0,993,0,0,0,0,993,0,993,993,434,111,448,1240.196,1264.505,434,111,448,1240.196,1264.505
r8_m031_same,5,8,same,query,search,fixed_hit,perturbation,SAT,137,25,112,0,25,0,25,112,0,162,137,74,0,63,648.856,609.796,74,0,63,648.856,609.796
r8_m031_same,5,8,same,query,search,fixed_hit,perturbation,UNSAT,1015,0,1015,0,0,0,0,1015,0,1015,1015,359,227,429,812.603,894.436,359,227,429,812.603,894.436
r8_m031_same,5,8,same,query,search,both,camera,SAT,567,50,517,0,72,12,50,517,0,639,579,299,17,251,3642.157,3360.165,299,17,251,3642.157,3360.165
r8_m031_same,5,8,same,query,search,both,camera,UNSAT,993,0,993,0,0,0,0,993,0,993,993,421,81,491,1240.196,1202.653,421,81,491,1240.196,1202.653
r8_m031_same,5,8,same,query,search,both,perturbation,SAT,137,25,112,0,25,0,25,112,0,162,137,70,4,63,648.856,606.235,70,4,63,648.856,606.235
r8_m031_same,5,8,same,query,search,both,perturbation,UNSAT,1015,0,1015,0,0,0,0,1015,0,1015,1015,354,252,409,812.603,867.72,354,252,409,812.603,867.72
r8_m031_same,5,8,same,query,fixed_hit,both,camera,SAT,567,0,567,0,12,12,0,567,0,579,579,322,13,232,3496.264,3360.165,322,13,232,3496.264,3360.165
r8_m031_same,5,8,same,query,fixed_hit,both,camera,UNSAT,993,0,993,0,0,0,0,993,0,993,993,493,96,404,1264.505,1202.653,493,96,404,1264.505,1202.653
r8_m031_same,5,8,same,query,fixed_hit,both,perturbation,SAT,137,0,137,0,0,0,0,137,0,137,137,94,1,42,609.796,606.235,94,1,42,609.796,606.235
r8_m031_same,5,8,same,query,fixed_hit,both,perturbation,UNSAT,1015,0,1015,0,0,0,0,1015,0,1015,1015,461,243,311,894.436,867.72,461,243,311,894.436,867.72
r8_m031_split,5,8,split,feasibility,search,decomposition,camera,SAT,7261,0,7261,0,728,728,0,7132,129,7989,8281,3628,415,3218,43497.366,43473.878,3937,62,3262,47324.2756667,47684.9653333
r8_m031_split,5,8,split,feasibility,search,decomposition,perturbation,SAT,16,0,16,0,4,4,0,16,0,20,20,6,1,9,73.892,73.674,10,0,6,90.2666666667,75.8386666667
r8_m031_split,5,8,split,feasibility,search,decomposition,perturbation,UNSAT,32,0,32,0,0,0,0,32,0,32,32,11,10,11,40.251,40.213,17,0,15,40.8503333333,41.4836666667
r8_m031_split,5,8,split,feasibility,search,fixed_hit,camera,SAT,7261,463,6798,0,728,137,463,6798,0,7989,7398,3716,376,3169,43497.366,42666.347,3812,36,3413,47324.2756667,48174.15
r8_m031_split,5,8,split,feasibility,search,fixed_hit,perturbation,SAT,16,4,12,0,4,0,4,12,0,20,16,9,0,7,73.892,68.316,8,0,8,90.2666666667,110.838666667
r8_m031_split,5,8,split,feasibility,search,fixed_hit,perturbation,UNSAT,32,0,32,0,0,0,0,32,0,32,32,13,7,12,40.251,40.181,13,1,18,40.8503333333,41.2563333333
r8_m031_split,5,8,split,feasibility,search,both,camera,SAT,7261,463,6798,0,728,137,426,6798,37,7989,7483,3657,393,3211,43497.366,42809.976,3586,58,3617,47324.2756667,47751.786
r8_m031_split,5,8,split,feasibility,search,both,perturbation,SAT,16,4,12,0,4,0,4,12,0,20,16,11,0,5,73.892,68.379,11,0,5,90.2666666667,77.5126666667
r8_m031_split,5,8,split,feasibility,search,both,perturbation,UNSAT,32,0,32,0,0,0,0,32,0,32,32,11,9,12,40.251,40.22,12,1,19,40.8503333333,40.9813333333
r8_m031_split,5,8,split,feasibility,fixed_hit,both,camera,SAT,7261,0,7261,0,137,137,0,7224,37,7398,7483,3469,451,3341,42666.347,42809.976,3892,74,3295,48174.15,47751.786
r8_m031_split,5,8,split,feasibility,fixed_hit,both,perturbation,SAT,16,0,16,0,0,0,0,16,0,16,16,9,0,7,68.316,68.379,7,0,9,110.838666667,77.5126666667
r8_m031_split,5,8,split,feasibility,fixed_hit,both,perturbation,UNSAT,32,0,32,0,0,0,0,32,0,32,32,12,12,8,40.181,40.22,21,0,11,41.2563333333,40.9813333333
r8_m031_split,5,8,split,projection,search,decomposition,camera,SAT,7261,0,7261,0,1280,1280,0,7132,129,10774,11282,3618,192,3451,69532.211,69471.717,3865,36,3360,76787.0236667,76842.935
r8_m031_split,5,8,split,projection,search,decomposition,perturbation,SAT,16,0,16,0,4,4,0,16,0,28,28,8,0,8,124.548,124.437,12,0,4,203.210333333,126.144333333
r8_m031_split,5,8,split,projection,search,decomposition,perturbation,UNSAT,32,0,32,0,0,0,0,32,0,0,0,16,6,10,40.585,40.583,16,1,15,41.6093333333,41.227
r8_m031_split,5,8,split,projection,search,fixed_hit,camera,SAT,7261,436,6825,0,1280,332,169,7064,28,10774,10356,3430,191,3640,69532.211,69418.239,3532,32,3697,76787.0236667,76557.325
r8_m031_split,5,8,split,projection,search,fixed_hit,perturbation,SAT,16,4,12,0,4,0,0,16,0,28,28,4,0,12,124.548,126.202,9,0,7,203.210333333,131.202333333
r8_m031_split,5,8,split,projection,search,fixed_hit,perturbation,UNSAT,32,0,32,0,0,0,0,32,0,0,0,12,6,14,40.585,40.644,13,1,18,41.6093333333,41.47
r8_m031_split,5,8,split,projection,search,both,camera,SAT,7261,436,6825,0,1280,332,168,7055,38,10774,10531,3332,202,3727,69532.211,69428.284,3250,36,3975,76787.0236667,75392.277
r8_m031_split,5,8,split,projection,search,both,perturbation,SAT,16,4,12,0,4,0,0,16,0,28,28,4,1,11,124.548,126.212,8,0,8,203.210333333,148.676666667
r8_m031_split,5,8,split,projection,search,both,perturbation,UNSAT,32,0,32,0,0,0,0,32,0,0,0,12,12,8,40.585,40.525,17,3,12,41.6093333333,46.043
r8_m031_split,5,8,split,projection,fixed_hit,both,camera,SAT,7261,0,7261,0,332,332,0,7224,37,10356,10531,3524,179,3558,69418.239,69428.284,3771,30,3460,76557.325,75392.277
r8_m031_split,5,8,split,projection,fixed_hit,both,perturbation,SAT,16,0,16,0,0,0,0,16,0,28,28,8,0,8,126.202,126.212,9,0,7,131.202333333,148.676666667
r8_m031_split,5,8,split,projection,fixed_hit,both,perturbation,UNSAT,32,0,32,0,0,0,0,32,0,0,0,16,6,10,40.644,40.525,20,2,10,41.47,46.043
r8_m031_split,5,8,split,query,search,decomposition,camera,SAT,643,0,643,0,42,42,0,633,10,685,705,338,15,290,3693.661,3857.697,338,15,290,3693.661,3857.697
r8_m031_split,5,8,split,query,search,decomposition,camera,UNSAT,1205,0,1205,0,0,0,0,1205,0,1205,1205,560,117,528,1534.335,1571.569,560,117,528,1534.335,1571.569
r8_m031_split,5,8,split,query,search,decomposition,perturbation,SAT,142,0,142,0,25,25,0,142,0,167,167,96,3,43,629.139,635.533,96,3,43,629.139,635.533
r8_m031_split,5,8,split,query,search,decomposition,perturbation,UNSAT,1010,0,1010,0,0,0,0,1010,0,1010,1010,446,204,360,803.935,790.414,446,204,360,803.935,790.414
r8_m031_split,5,8,split,query,search,fixed_hit,camera,SAT,643,32,611,0,42,0,32,611,0,685,643,337,9,297,3693.661,3664.12,337,9,297,3693.661,3664.12
r8_m031_split,5,8,split,query,search,fixed_hit,camera,UNSAT,1205,0,1205,0,0,0,0,1205,0,1205,1205,544,113,548,1534.335,1557.557,544,113,548,1534.335,1557.557
r8_m031_split,5,8,split,query,search,fixed_hit,perturbation,SAT,142,25,117,0,25,0,25,117,0,167,142,93,3,46,629.139,597.445,93,3,46,629.139,597.445
r8_m031_split,5,8,split,query,search,fixed_hit,perturbation,UNSAT,1010,0,1010,0,0,0,0,1010,0,1010,1010,417,235,358,803.935,875.448,417,235,358,803.935,875.448
r8_m031_split,5,8,split,query,search,both,camera,SAT,643,32,611,0,42,0,32,611,0,685,643,317,17,309,3693.661,4093.644,317,17,309,3693.661,4093.644
r8_m031_split,5,8,split,query,search,both,camera,UNSAT,1205,0,1205,0,0,0,0,1205,0,1205,1205,493,120,592,1534.335,1445.745,493,120,592,1534.335,1445.745
r8_m031_split,5,8,split,query,search,both,perturbation,SAT,142,25,117,0,25,0,25,117,0,167,142,90,2,50,629.139,587.328,90,2,50,629.139,587.328
r8_m031_split,5,8,split,query,search,both,perturbation,UNSAT,1010,0,1010,0,0,0,0,1010,0,1010,1010,385,227,398,803.935,777.712,385,227,398,803.935,777.712
r8_m031_split,5,8,split,query,fixed_hit,both,camera,SAT,643,0,643,0,0,0,0,643,0,643,643,347,15,281,3664.12,4093.644,347,15,281,3664.12,4093.644
r8_m031_split,5,8,split,query,fixed_hit,both,camera,UNSAT,1205,0,1205,0,0,0,0,1205,0,1205,1205,557,120,528,1557.557,1445.745,557,120,528,1557.557,1445.745
r8_m031_split,5,8,split,query,fixed_hit,both,perturbation,SAT,142,0,142,0,0,0,0,142,0,142,142,68,6,68,597.445,587.328,68,6,68,597.445,587.328
r8_m031_split,5,8,split,query,fixed_hit,both,perturbation,UNSAT,1010,0,1010,0,0,0,0,1010,0,1010,1010,384,230,396,875.448,777.712,384,230,396,875.448,777.712
r8_m248_split,5,8,split,feasibility,search,decomposition,camera,SAT,7507,0,7507,0,791,791,0,7374,133,8298,8598,3722,437,3348,44897.555,44782.791,4009,73,3425,48090.0043333,47919.7023333
r8_m248_split,5,8,split,feasibility,search,decomposition,perturbation,SAT,16,0,16,0,12,12,0,14,2,28,34,10,1,5,85.452,83.207,9,0,7,88.0013333333,88.2076666667
r8_m248_split,5,8,split,feasibility,search,decomposition,perturbation,UNSAT,32,0,32,0,0,0,0,32,0,32,32,14,12,6,42.235,42.17,22,1,9,62.5736666667,42.989
r8_m248_split,5,8,split,feasibility,search,fixed_hit,camera,SAT,7507,446,7037,24,791,241,446,7037,24,8298,7748,3739,405,3363,44897.555,43997.534,3916,68,3523,48090.0043333,48594.3996667
r8_m248_split,5,8,split,feasibility,search,fixed_hit,perturbation,SAT,16,7,9,0,12,2,7,9,0,28,18,11,0,5,85.452,69.415,13,0,3,88.0013333333,71.0663333333
r8_m248_split,5,8,split,feasibility,search,fixed_hit,perturbation,UNSAT,32,0,32,0,0,0,0,32,0,32,32,15,8,9,42.235,42.105,14,2,16,62.5736666667,42.9653333333
r8_m248_split,5,8,split,feasibility,search,both,camera,SAT,7507,446,7037,24,791,241,407,7035,65,8298,7841,3675,432,3400,44897.555,44014.145,3608,60,3839,48090.0043333,46987.2476667
r8_m248_split,5,8,split,feasibility,search,both,perturbation,SAT,16,7,9,0,12,2,6,9,1,28,21,11,0,5,85.452,69.897,12,0,4,88.0013333333,72.1956666667
r8_m248_split,5,8,split,feasibility,search,both,perturbation,UNSAT,32,0,32,0,0,0,0,32,0,32,32,15,8,9,42.235,42.114,16,4,12,62.5736666667,42.786
r8_m248_split,5,8,split,feasibility,fixed_hit,both,camera,SAT,7507,0,7507,0,241,241,0,7466,41,7748,7841,3576,455,3476,43997.534,44014.145,3887,78,3542,48594.3996667,46987.2476667
r8_m248_split,5,8,split,feasibility,fixed_hit,both,perturbation,SAT,16,0,16,0,2,2,0,15,1,18,21,8,2,6,69.415,69.897,9,1,6,71.0663333333,72.1956666667
r8_m248_split,5,8,split,feasibility,fixed_hit,both,perturbation,UNSAT,32,0,32,0,0,0,0,32,0,32,32,12,8,12,42.105,42.114,18,1,13,42.9653333333,42.786
r8_m248_split,5,8,split,projection,search,decomposition,camera,SAT,7507,0,7507,0,1377,1377,0,7374,133,11116,11640,3648,255,3604,71481.918,71242.274,3947,41,3519,77037.6146667,76601.7633333
r8_m248_split,5,8,split,projection,search,decomposition,perturbation,SAT,16,0,16,0,27,27,0,14,2,59,77,8,1,7,172.74,164.68,10,0,6,182.064666667,173.532333333
r8_m248_split,5,8,split,projection,search,decomposition,perturbation,UNSAT,32,0,32,0,0,0,0,32,0,0,0,12,11,9,42.345,42.278,16,2,14,42.585,42.7853333333
r8_m248_split,5,8,split,projection,search,fixed_hit,camera,SAT,7507,419,7063,25,1377,505,161,7293,53,11116,10768,3485,250,3772,71481.918,71213.705,3626,29,3852,77037.6146667,75850.0236667
r8_m248_split,5,8,split,projection,search,fixed_hit,perturbation,SAT,16,7,9,0,27,10,2,14,0,59,51,7,1,8,172.74,167.183,10,0,6,182.064666667,191.608666667
r8_m248_split,5,8,split,projection,search,fixed_hit,perturbation,UNSAT,32,0,32,0,0,0,0,32,0,0,0,14,10,8,42.345,42.226,18,1,13,42.585,42.4763333333
r8_m248_split,5,8,split,projection,search,both,camera,SAT,7507,418,7063,26,1377,509,160,7283,64,11116,10956,3354,248,3905,71481.918,71256.382,3275,49,4183,77037.6146667,76358.5626667
r8_m248_split,5,8,split,projection,search,both,perturbation,SAT,16,7,9,0,27,10,2,13,1,59,62,7,0,9,172.74,167.996,9,0,7,182.064666667,170.853333333
r8_m248_split,5,8,split,projection,search,both,perturbation,UNSAT,32,0,32,0,0,0,0,32,0,0,0,18,4,10,42.345,42.163,18,2,12,42.585,42.513
r8_m248_split,5,8,split,projection,fixed_hit,both,camera,SAT,7507,0,7505,2,505,509,0,7466,41,10768,10956,3528,281,3698,71213.705,71256.382,3877,43,3587,75850.0236667,76358.5626667
r8_m248_split,5,8,split,projection,fixed_hit,both,perturbation,SAT,16,0,16,0,10,10,0,15,1,51,62,9,2,5,167.183,167.996,10,0,6,191.608666667,170.853333333
r8_m248_split,5,8,split,projection,fixed_hit,both,perturbation,UNSAT,32,0,32,0,0,0,0,32,0,0,0,18,4,10,42.226,42.163,18,0,14,42.4763333333,42.513
r8_m248_split,5,8,split,query,search,decomposition,camera,SAT,668,0,668,0,50,50,0,654,14,718,748,317,20,331,3766.286,3873.371,317,20,331,3766.286,3873.371
r8_m248_split,5,8,split,query,search,decomposition,camera,UNSAT,1252,0,1252,0,0,0,0,1252,0,1252,1252,584,136,532,1545.292,1511.256,584,136,532,1545.292,1511.256
r8_m248_split,5,8,split,query,search,decomposition,perturbation,SAT,154,0,154,0,102,102,0,126,28,256,316,89,3,62,779.782,781.182,89,3,62,779.782,781.182
r8_m248_split,5,8,split,query,search,decomposition,perturbation,UNSAT,998,0,998,0,0,0,0,998,0,998,998,377,242,379,808.394,765.615,377,242,379,808.394,765.615
r8_m248_split,5,8,split,query,search,fixed_hit,camera,SAT,668,34,634,0,50,0,34,634,0,718,668,333,15,320,3766.286,4020.731,333,15,320,3766.286,4020.731
r8_m248_split,5,8,split,query,search,fixed_hit,camera,UNSAT,1252,0,1252,0,0,0,0,1252,0,1252,1252,552,134,566,1545.292,1505.409,552,134,566,1545.292,1505.409
r8_m248_split,5,8,split,query,search,fixed_hit,perturbation,SAT,154,60,94,0,102,20,60,94,0,256,174,110,4,40,779.782,621.26,110,4,40,779.782,621.26
r8_m248_split,5,8,split,query,search,fixed_hit,perturbation,UNSAT,998,0,998,0,0,0,0,998,0,998,998,367,290,341,808.394,802.398,367,290,341,808.394,802.398
r8_m248_split,5,8,split,query,search,both,camera,SAT,668,34,634,0,50,0,34,634,0,718,668,318,21,329,3766.286,3791.124,318,21,329,3766.286,3791.124
r8_m248_split,5,8,split,query,search,both,camera,UNSAT,1252,0,1252,0,0,0,0,1252,0,1252,1252,522,157,573,1545.292,1477.36,522,157,573,1545.292,1477.36
r8_m248_split,5,8,split,query,search,both,perturbation,SAT,154,60,94,0,102,20,50,94,10,256,196,102,2,50,779.782,628.279,102,2,50,779.782,628.279
r8_m248_split,5,8,split,query,search,both,perturbation,UNSAT,998,0,998,0,0,0,0,998,0,998,998,373,245,380,808.394,886.274,373,245,380,808.394,886.274
r8_m248_split,5,8,split,query,fixed_hit,both,camera,SAT,668,0,668,0,0,0,0,668,0,668,668,355,10,303,4020.731,3791.124,355,10,303,4020.731,3791.124
r8_m248_split,5,8,split,query,fixed_hit,both,camera,UNSAT,1252,0,1252,0,0,0,0,1252,0,1252,1252,579,138,535,1505.409,1477.36,579,138,535,1505.409,1477.36
r8_m248_split,5,8,split,query,fixed_hit,both,perturbation,SAT,154,0,154,0,20,20,0,144,10,174,196,71,5,78,621.26,628.279,71,5,78,621.26,628.279
r8_m248_split,5,8,split,query,fixed_hit,both,perturbation,UNSAT,998,0,998,0,0,0,0,998,0,998,998,374,285,339,802.398,886.274,374,285,339,802.398,886.274
r8_m248_same,5,8,same,feasibility,search,decomposition,camera,SAT,6312,0,6312,0,971,971,0,6167,145,7283,7607,3133,319,2860,40424.998,40292.37,3545,40,2727,44610.3623333,44266.215
r8_m248_same,5,8,same,feasibility,search,decomposition,perturbation,SAT,15,0,15,0,12,12,0,13,2,27,33,7,1,7,86.791,82.754,9,0,6,157.899666667,102.678
r8_m248_same,5,8,same,feasibility,search,decomposition,perturbation,UNSAT,33,0,33,0,0,0,0,33,0,33,33,10,10,13,44.888,44.241,15,1,17,51.7003333333,75.832
r8_m248_same,5,8,same,feasibility,search,fixed_hit,camera,SAT,6312,497,5812,3,971,345,497,5812,3,7283,6657,3297,249,2766,40424.998,39289.748,3388,26,2898,44610.3623333,42993.1676667
r8_m248_same,5,8,same,feasibility,search,fixed_hit,perturbation,SAT,15,7,8,0,12,2,7,8,0,27,17,13,0,2,86.791,68.143,11,0,4,157.899666667,83.42
r8_m248_same,5,8,same,feasibility,search,fixed_hit,perturbation,UNSAT,33,0,33,0,0,0,0,33,0,33,33,12,4,17,44.888,45.573,16,0,17,51.7003333333,46.5916666667
r8_m248_same,5,8,same,feasibility,search,both,camera,SAT,6312,497,5812,3,971,345,448,5812,52,7283,6766,3229,265,2818,40424.998,39473.843,3008,33,3271,44610.3623333,43354.747
r8_m248_same,5,8,same,feasibility,search,both,perturbation,SAT,15,7,8,0,12,2,6,8,1,27,20,13,0,2,86.791,68.652,12,0,3,157.899666667,75.4346666667
r8_m248_same,5,8,same,feasibility,search,both,perturbation,UNSAT,33,0,33,0,0,0,0,33,0,33,33,10,12,11,44.888,44.327,15,0,18,51.7003333333,45.95
r8_m248_same,5,8,same,feasibility,fixed_hit,both,camera,SAT,6312,0,6312,0,345,345,0,6263,49,6657,6766,2991,318,3003,39289.748,39473.843,3474,29,2809,42993.1676667,43354.747
r8_m248_same,5,8,same,feasibility,fixed_hit,both,perturbation,SAT,15,0,15,0,2,2,0,14,1,17,20,6,1,8,68.143,68.652,6,0,9,83.42,75.4346666667
r8_m248_same,5,8,same,feasibility,fixed_hit,both,perturbation,UNSAT,33,0,33,0,0,0,0,33,0,33,33,14,9,10,45.573,44.327,19,1,13,46.5916666667,45.95
r8_m248_same,5,8,same,projection,search,decomposition,camera,SAT,6312,0,6312,0,1685,1685,0,6167,145,10677,11239,3163,189,2960,66302.246,66085.218,3469,28,2815,73878.7233333,73340.3376667
r8_m248_same,5,8,same,projection,search,decomposition,perturbation,SAT,15,0,15,0,27,27,0,13,2,60,78,8,0,7,177.49,172.231,9,0,6,266.807,174.493
r8_m248_same,5,8,same,projection,search,decomposition,perturbation,UNSAT,33,0,33,0,0,0,0,33,0,0,0,8,14,11,44.416,44.35,13,3,17,45.7146666667,45.7793333333
r8_m248_same,5,8,same,projection,search,fixed_hit,camera,SAT,6312,469,5839,4,1685,660,204,6049,59,10677,10248,2981,186,3145,66302.246,65888.707,3049,18,3245,73878.7233333,72917.6786667
r8_m248_same,5,8,same,projection,search,fixed_hit,perturbation,SAT,15,7,8,0,27,10,2,13,0,60,52,4,0,11,177.49,173.15,6,0,9,266.807,234.398333333
r8_m248_same,5,8,same,projection,search,fixed_hit,perturbation,UNSAT,33,0,33,0,0,0,0,33,0,0,0,8,10,15,44.416,45.65,17,1,15,45.7146666667,47.556
r8_m248_same,5,8,same,projection,search,both,camera,SAT,6312,469,5839,4,1685,660,203,6036,73,10677,10459,2887,174,3251,66302.246,66022.251,2776,30,3506,73878.7233333,72728.942
r8_m248_same,5,8,same,projection,search,both,perturbation,SAT,15,7,8,0,27,10,2,12,1,60,63,7,0,8,177.49,172.12,8,0,7,266.807,176.1
r8_m248_same,5,8,same,projection,search,both,perturbation,UNSAT,33,0,33,0,0,0,0,33,0,0,0,8,13,12,44.416,44.51,13,1,19,45.7146666667,85.9536666667
r8_m248_same,5,8,same,projection,fixed_hit,both,camera,SAT,6312,0,6312,0,660,660,0,6263,49,10248,10459,3015,180,3117,65888.707,66022.251,3358,28,2926,72917.6786667,72728.942
r8_m248_same,5,8,same,projection,fixed_hit,both,perturbation,SAT,15,0,15,0,10,10,0,14,1,52,63,11,1,3,173.15,172.12,9,0,6,234.398333333,176.1
r8_m248_same,5,8,same,projection,fixed_hit,both,perturbation,UNSAT,33,0,33,0,0,0,0,33,0,0,0,13,8,12,45.65,44.51,15,1,17,47.556,85.9536666667
r8_m248_same,5,8,same,query,search,decomposition,camera,SAT,577,0,577,0,57,57,0,563,14,634,664,306,11,260,3557.59,3546.464,306,11,260,3557.59,3546.464
r8_m248_same,5,8,same,query,search,decomposition,camera,UNSAT,1079,0,1079,0,0,0,0,1079,0,1079,1079,491,126,462,1357.344,1484.45,491,126,462,1357.344,1484.45
r8_m248_same,5,8,same,query,search,decomposition,perturbation,SAT,148,0,148,0,102,102,0,120,28,250,310,87,4,57,894.846,746.473,87,4,57,894.846,746.473
r8_m248_same,5,8,same,query,search,decomposition,perturbation,UNSAT,1004,0,1004,0,0,0,0,1004,0,1004,1004,389,241,374,798.647,788.118,389,241,374,798.647,788.118
r8_m248_same,5,8,same,query,search,fixed_hit,camera,SAT,577,35,542,0,57,6,35,542,0,634,583,303,9,265,3557.59,3620.751,303,9,265,3557.59,3620.751
r8_m248_same,5,8,same,query,search,fixed_hit,camera,UNSAT,1079,0,1079,0,0,0,0,1079,0,1079,1079,495,118,466,1357.344,1605.12,495,118,466,1357.344,1605.12
r8_m248_same,5,8,same,query,search,fixed_hit,perturbation,SAT,148,60,88,0,102,20,60,88,0,250,168,115,2,31,894.846,625.648,115,2,31,894.846,625.648
r8_m248_same,5,8,same,query,search,fixed_hit,perturbation,UNSAT,1004,0,1004,0,0,0,0,1004,0,1004,1004,333,243,428,798.647,802.436,333,243,428,798.647,802.436
r8_m248_same,5,8,same,query,search,both,camera,SAT,577,35,542,0,57,6,35,542,0,634,583,287,8,282,3557.59,3424.106,287,8,282,3557.59,3424.106
r8_m248_same,5,8,same,query,search,both,camera,UNSAT,1079,0,1079,0,0,0,0,1079,0,1079,1079,435,115,529,1357.344,1410.726,435,115,529,1357.344,1410.726
r8_m248_same,5,8,same,query,search,both,perturbation,SAT,148,60,88,0,102,20,50,88,10,250,190,102,3,43,894.846,807.689,102,3,43,894.846,807.689
r8_m248_same,5,8,same,query,search,both,perturbation,UNSAT,1004,0,1004,0,0,0,0,1004,0,1004,1004,329,271,404,798.647,787.396,329,271,404,798.647,787.396
r8_m248_same,5,8,same,query,fixed_hit,both,camera,SAT,577,0,577,0,6,6,0,577,0,583,583,316,8,253,3620.751,3424.106,316,8,253,3620.751,3424.106
r8_m248_same,5,8,same,query,fixed_hit,both,camera,UNSAT,1079,0,1079,0,0,0,0,1079,0,1079,1079,506,124,449,1605.12,1410.726,506,124,449,1605.12,1410.726
r8_m248_same,5,8,same,query,fixed_hit,both,perturbation,SAT,148,0,148,0,20,20,0,138,10,168,190,69,4,75,625.648,807.689,69,4,75,625.648,807.689
r8_m248_same,5,8,same,query,fixed_hit,both,perturbation,UNSAT,1004,0,1004,0,0,0,0,1004,0,1004,1004,428,224,352,802.436,787.396,428,224,352,802.436,787.396
r8_m103_same,5,8,same,feasibility,search,decomposition,camera,SAT,6041,0,6041,0,852,852,0,5906,135,6893,7223,2934,380,2727,39763.694,39816.057,3454,49,2538,42883.12,43102.541
r8_m103_same,5,8,same,feasibility,search,decomposition,perturbation,SAT,15,0,15,0,12,12,0,11,4,27,36,7,0,8,79.47,77.117,8,0,7,82.2003333333,79.794
r8_m103_same,5,8,same,feasibility,search,decomposition,perturbation,UNSAT,33,0,33,0,0,0,0,33,0,33,33,18,6,9,52.208,51.469,21,0,12,53.193,52.7323333333
r8_m103_same,5,8,same,feasibility,search,fixed_hit,camera,SAT,6041,393,5648,0,852,341,393,5648,0,6893,6382,3076,333,2632,39763.694,38708.782,3239,36,2766,42883.12,42668.3316667
r8_m103_same,5,8,same,feasibility,search,fixed_hit,perturbation,SAT,15,6,9,0,12,2,6,9,0,27,17,11,2,2,79.47,63.946,11,0,4,82.2003333333,67.323
r8_m103_same,5,8,same,feasibility,search,fixed_hit,perturbation,UNSAT,33,0,33,0,0,0,0,33,0,33,33,15,7,11,52.208,51.619,15,0,18,53.193,53.5946666667
r8_m103_same,5,8,same,feasibility,search,both,camera,SAT,6041,393,5648,0,852,341,330,5637,74,6893,6562,3054,350,2637,39763.694,38806.783,2833,38,3170,42883.12,41989.051
r8_m103_same,5,8,same,feasibility,search,both,perturbation,SAT,15,6,9,0,12,2,5,9,1,27,19,11,0,4,79.47,73.101,10,0,5,82.2003333333,76.0423333333
r8_m103_same,5,8,same,feasibility,search,both,perturbation,UNSAT,33,0,33,0,0,0,0,33,0,33,33,12,11,10,52.208,51.904,10,2,21,53.193,62.6633333333
r8_m103_same,5,8,same,feasibility,fixed_hit,both,camera,SAT,6041,0,6041,0,341,341,0,5967,74,6382,6562,2871,373,2797,38708.782,38806.783,3434,43,2564,42668.3316667,41989.051
r8_m103_same,5,8,same,feasibility,fixed_hit,both,perturbation,SAT,15,0,15,0,2,2,0,14,1,17,19,7,1,7,63.946,73.101,10,0,5,67.323,76.0423333333
r8_m103_same,5,8,same,feasibility,fixed_hit,both,perturbation,UNSAT,33,0,33,0,0,0,0,33,0,33,33,14,9,10,51.619,51.904,18,0,15,53.5946666667,62.6633333333
r8_m103_same,5,8,same,projection,search,decomposition,camera,SAT,6041,0,6041,0,1806,1806,0,5906,135,10307,11085,2964,246,2831,65411.381,65186.365,3485,23,2533,71687.8476667,70905.8146667
r8_m103_same,5,8,same,projection,search,decomposition,perturbation,SAT,15,0,15,0,31,31,0,11,4,67,86,9,0,6,180.463,174.006,10,0,5,183.481,185.808333333
r8_m103_same,5,8,same,projection,search,decomposition,perturbation,UNSAT,33,0,33,0,0,0,0,33,0,0,0,12,9,12,51.756,51.459,16,2,15,52.5043333333,52.2926666667
r8_m103_same,5,8,same,projection,search,fixed_hit,camera,SAT,6041,386,5646,9,1806,907,176,5815,50,10307,9912,2871,195,2975,65411.381,65281.406,2999,21,3021,71687.8476667,71096.5463333
r8_m103_same,5,8,same,projection,search,fixed_hit,perturbation,SAT,15,5,10,0,31,8,4,10,1,67,54,10,0,5,180.463,168.645,9,0,6,183.481,192.504666667
r8_m103_same,5,8,same,projection,search,fixed_hit,perturbation,UNSAT,33,0,33,0,0,0,0,33,0,0,0,13,6,14,51.756,51.52,14,2,17,52.5043333333,52.1
r8_m103_same,5,8,same,projection,search,both,camera,SAT,6041,386,5646,9,1806,907,172,5787,82,10307,10418,2836,215,2990,65411.381,65069.986,2637,41,3363,71687.8476667,70892.091
r8_m103_same,5,8,same,projection,search,both,perturbation,SAT,15,5,10,0,31,8,4,10,1,67,60,10,0,5,180.463,176.928,8,0,7,183.481,185.373666667
r8_m103_same,5,8,same,projection,search,both,perturbation,UNSAT,33,0,33,0,0,0,0,33,0,0,0,10,10,13,51.756,51.708,11,5,17,52.5043333333,52.352
r8_m103_same,5,8,same,projection,fixed_hit,both,camera,SAT,6041,0,6041,0,907,907,0,5967,74,9912,10418,2929,227,2885,65281.406,65069.986,3401,27,2613,71096.5463333,70892.091
r8_m103_same,5,8,same,projection,fixed_hit,both,perturbation,SAT,15,0,15,0,8,8,0,14,1,54,60,11,0,4,168.645,176.928,10,0,5,192.504666667,185.373666667
r8_m103_same,5,8,same,projection,fixed_hit,both,perturbation,UNSAT,33,0,33,0,0,0,0,33,0,0,0,13,8,12,51.52,51.708,13,4,16,52.1,52.352
r8_m103_same,5,8,same,query,search,decomposition,camera,SAT,559,0,559,0,107,107,0,535,24,666,716,315,12,232,3626.016,3494.336,315,12,232,3626.016,3494.336
r8_m103_same,5,8,same,query,search,decomposition,camera,UNSAT,1001,0,1001,0,0,0,0,1001,0,1001,1001,484,108,409,1272.624,1231.489,484,108,409,1272.624,1231.489
r8_m103_same,5,8,same,query,search,decomposition,perturbation,SAT,153,0,153,0,111,111,0,120,33,264,332,98,2,53,726.468,852.268,98,2,53,726.468,852.268
r8_m103_same,5,8,same,query,search,decomposition,perturbation,UNSAT,999,0,999,0,0,0,0,999,0,999,999,356,209,434,858.557,924.926,356,209,434,858.557,924.926
r8_m103_same,5,8,same,query,search,fixed_hit,camera,SAT,559,29,530,0,107,62,29,530,0,666,621,304,7,248,3626.016,3947.688,304,7,248,3626.016,3947.688
r8_m103_same,5,8,same,query,search,fixed_hit,camera,UNSAT,1001,0,1001,0,0,0,0,1001,0,1001,1001,485,80,436,1272.624,1292.964,485,80,436,1272.624,1292.964
r8_m103_same,5,8,same,query,search,fixed_hit,perturbation,SAT,153,64,89,0,111,18,64,89,0,264,171,110,3,40,726.468,716.787,110,3,40,726.468,716.787
r8_m103_same,5,8,same,query,search,fixed_hit,perturbation,UNSAT,999,0,999,0,0,0,0,999,0,999,999,373,199,427,858.557,999.108,373,199,427,858.557,999.108
r8_m103_same,5,8,same,query,search,both,camera,SAT,559,29,530,0,107,62,25,524,10,666,641,257,7,295,3626.016,3514.509,257,7,295,3626.016,3514.509
r8_m103_same,5,8,same,query,search,both,camera,UNSAT,1001,0,1001,0,0,0,0,1001,0,1001,1001,410,98,493,1272.624,1500.71,410,98,493,1272.624,1500.71
r8_m103_same,5,8,same,query,search,both,perturbation,SAT,153,64,89,0,111,18,58,89,6,264,183,111,2,40,726.468,618.71,111,2,40,726.468,618.71
r8_m103_same,5,8,same,query,search,both,perturbation,UNSAT,999,0,999,0,0,0,0,999,0,999,999,363,233,403,858.557,894.654,363,233,403,858.557,894.654
r8_m103_same,5,8,same,query,fixed_hit,both,camera,SAT,559,0,559,0,62,62,0,549,10,621,641,284,13,262,3947.688,3514.509,284,13,262,3947.688,3514.509
r8_m103_same,5,8,same,query,fixed_hit,both,camera,UNSAT,1001,0,1001,0,0,0,0,1001,0,1001,1001,432,108,461,1292.964,1500.71,432,108,461,1292.964,1500.71
r8_m103_same,5,8,same,query,fixed_hit,both,perturbation,SAT,153,0,153,0,18,18,0,147,6,171,183,71,3,79,716.787,618.71,71,3,79,716.787,618.71
r8_m103_same,5,8,same,query,fixed_hit,both,perturbation,UNSAT,999,0,999,0,0,0,0,999,0,999,999,441,207,351,999.108,894.654,441,207,351,999.108,894.654
r8_m103_split,5,8,split,feasibility,search,decomposition,camera,SAT,7305,0,7305,0,748,748,0,7178,127,8053,8367,3499,514,3292,44434.589,44272.943,4075,57,3173,47858.6043333,46992.5506667
r8_m103_split,5,8,split,feasibility,search,decomposition,perturbation,SAT,14,0,14,0,9,9,0,11,3,23,30,5,1,8,68.354,67.831,9,0,5,105.006,75.0996666667
r8_m103_split,5,8,split,feasibility,search,decomposition,perturbation,UNSAT,34,0,34,0,0,0,0,34,0,34,34,14,9,11,50.353,50.158,20,0,14,51.684,50.874
r8_m103_split,5,8,split,feasibility,search,fixed_hit,camera,SAT,7305,424,6863,18,748,216,424,6863,18,8053,7521,3597,470,3238,44434.589,43472.402,3861,57,3387,47858.6043333,46851.5233333
r8_m103_split,5,8,split,feasibility,search,fixed_hit,perturbation,SAT,14,5,9,0,9,0,5,9,0,23,14,10,0,4,68.354,56.194,10,0,4,105.006,57.5126666667
r8_m103_split,5,8,split,feasibility,search,fixed_hit,perturbation,UNSAT,34,0,34,0,0,0,0,34,0,34,34,10,10,14,50.353,50.267,15,0,19,51.684,52.047
r8_m103_split,5,8,split,feasibility,search,both,camera,SAT,7305,424,6863,18,748,216,373,6856,76,8053,7669,3506,467,3332,44434.589,43507.987,3446,72,3787,47858.6043333,47681.0066667
r8_m103_split,5,8,split,feasibility,search,both,perturbation,SAT,14,5,9,0,9,0,5,9,0,23,14,9,2,3,68.354,55.812,10,0,4,105.006,89.6013333333
r8_m103_split,5,8,split,feasibility,search,both,perturbation,UNSAT,34,0,34,0,0,0,0,34,0,34,34,12,11,11,50.353,50.337,16,0,18,51.684,51.2996666667
r8_m103_split,5,8,split,feasibility,fixed_hit,both,camera,SAT,7305,0,7305,0,216,216,0,7247,58,7521,7669,3454,536,3315,43472.402,43507.987,4067,54,3184,46851.5233333,47681.0066667
r8_m103_split,5,8,split,feasibility,fixed_hit,both,perturbation,SAT,14,0,14,0,0,0,0,14,0,14,14,10,0,4,56.194,55.812,8,0,6,57.5126666667,89.6013333333
r8_m103_split,5,8,split,feasibility,fixed_hit,both,perturbation,UNSAT,34,0,34,0,0,0,0,34,0,34,34,18,7,9,50.267,50.337,22,0,12,52.047,51.2996666667
r8_m103_split,5,8,split,projection,search,decomposition,camera,SAT,7305,0,7305,0,1496,1496,0,7178,127,10775,11477,3534,302,3469,69692.815,69325.435,3840,32,3433,74412.9073333,74799.9093333
r8_m103_split,5,8,split,projection,search,decomposition,perturbation,SAT,14,0,14,0,23,23,0,11,3,52,67,8,0,6,145.532,137.748,10,0,4,169.73,140.538666667
r8_m103_split,5,8,split,projection,search,decomposition,perturbation,UNSAT,34,0,34,0,0,0,0,34,0,0,0,14,9,11,49.844,49.814,23,0,11,50.5726666667,54.9446666667
r8_m103_split,5,8,split,projection,search,fixed_hit,camera,SAT,7305,397,6883,25,1496,644,149,7105,51,10775,10430,3430,323,3552,69692.815,69337.64,3612,52,3641,74412.9073333,74249.5173333
r8_m103_split,5,8,split,projection,search,fixed_hit,perturbation,SAT,14,5,9,0,23,0,4,10,0,52,36,10,0,4,145.532,125.731,7,0,7,169.73,150.220666667
r8_m103_split,5,8,split,projection,search,fixed_hit,perturbation,UNSAT,34,0,34,0,0,0,0,34,0,0,0,13,12,9,49.844,49.774,15,0,19,50.5726666667,51.6166666667
r8_m103_split,5,8,split,projection,search,both,camera,SAT,7305,396,6883,26,1496,652,145,7084,76,10775,10852,3407,279,3619,69692.815,69481.063,3398,41,3866,74412.9073333,75474.208
r8_m103_split,5,8,split,projection,search,both,perturbation,SAT,14,5,9,0,23,0,4,10,0,52,36,8,0,6,145.532,124.41,7,0,7,169.73,125.507
r8_m103_split,5,8,split,projection,search,both,perturbation,UNSAT,34,0,34,0,0,0,0,34,0,0,0,8,16,10,49.844,49.886,14,5,15,50.5726666667,50.4943333333
r8_m103_split,5,8,split,projection,fixed_hit,both,camera,SAT,7305,0,7301,4,644,652,0,7247,58,10430,10852,3434,308,3563,69337.64,69481.063,3773,48,3484,74249.5173333,75474.208
r8_m103_split,5,8,split,projection,fixed_hit,both,perturbation,SAT,14,0,14,0,0,0,0,14,0,36,36,9,2,3,125.731,124.41,9,1,4,150.220666667,125.507
r8_m103_split,5,8,split,projection,fixed_hit,both,perturbation,UNSAT,34,0,34,0,0,0,0,34,0,0,0,9,10,15,49.774,49.886,17,2,15,51.6166666667,50.4943333333
r8_m103_split,5,8,split,query,search,decomposition,camera,SAT,641,0,641,0,38,38,0,627,14,679,709,351,16,274,3653.127,3735.002,351,16,274,3653.127,3735.002
r8_m103_split,5,8,split,query,search,decomposition,camera,UNSAT,1231,0,1231,0,0,0,0,1231,0,1231,1231,587,118,526,1509.257,1453.986,587,118,526,1509.257,1453.986
r8_m103_split,5,8,split,query,search,decomposition,perturbation,SAT,137,0,137,0,79,79,0,114,23,216,264,84,3,50,600.904,598.442,84,3,50,600.904,598.442
r8_m103_split,5,8,split,query,search,decomposition,perturbation,UNSAT,1015,0,1015,0,0,0,0,1015,0,1015,1015,392,241,382,824.221,885.608,392,241,382,824.221,885.608
r8_m103_split,5,8,split,query,search,fixed_hit,camera,SAT,641,22,619,0,38,0,22,619,0,679,641,340,10,291,3653.127,3530.187,340,10,291,3653.127,3530.187
r8_m103_split,5,8,split,query,search,fixed_hit,camera,UNSAT,1231,0,1231,0,0,0,0,1231,0,1231,1231,567,110,554,1509.257,1431.871,567,110,554,1509.257,1431.871
r8_m103_split,5,8,split,query,search,fixed_hit,perturbation,SAT,137,54,83,0,79,0,54,83,0,216,137,84,3,50,600.904,517.412,84,3,50,600.904,517.412
r8_m103_split,5,8,split,query,search,fixed_hit,perturbation,UNSAT,1015,0,1015,0,0,0,0,1015,0,1015,1015,411,240,364,824.221,908.988,411,240,364,824.221,908.988
r8_m103_split,5,8,split,query,search,both,camera,SAT,641,22,619,0,38,0,22,619,0,679,641,309,22,310,3653.127,3591.419,309,22,310,3653.127,3591.419
r8_m103_split,5,8,split,query,search,both,camera,UNSAT,1231,0,1231,0,0,0,0,1231,0,1231,1231,512,149,570,1509.257,1804.504,512,149,570,1509.257,1804.504
r8_m103_split,5,8,split,query,search,both,perturbation,SAT,137,54,83,0,79,0,54,83,0,216,137,99,5,33,600.904,498.169,99,5,33,600.904,498.169
r8_m103_split,5,8,split,query,search,both,perturbation,UNSAT,1015,0,1015,0,0,0,0,1015,0,1015,1015,371,259,385,824.221,873.857,371,259,385,824.221,873.857
r8_m103_split,5,8,split,query,fixed_hit,both,camera,SAT,641,0,641,0,0,0,0,641,0,641,641,346,24,271,3530.187,3591.419,346,24,271,3530.187,3591.419
r8_m103_split,5,8,split,query,fixed_hit,both,camera,UNSAT,1231,0,1231,0,0,0,0,1231,0,1231,1231,585,148,498,1431.871,1804.504,585,148,498,1431.871,1804.504
r8_m103_split,5,8,split,query,fixed_hit,both,perturbation,SAT,137,0,137,0,0,0,0,137,0,137,137,87,6,44,517.412,498.169,87,6,44,517.412,498.169
r8_m103_split,5,8,split,query,fixed_hit,both,perturbation,UNSAT,1015,0,1015,0,0,0,0,1015,0,1015,1015,412,255,348,908.988,873.857,412,255,348,908.988,873.857
r8_m173_split,5,8,split,feasibility,search,decomposition,camera,SAT,7455,0,7455,0,789,789,0,7322,133,8244,8544,3738,326,3391,45496.757,45227.188,4094,50,3311,48688.7166667,49133.979
r8_m173_split,5,8,split,feasibility,search,decomposition,perturbation,SAT,14,0,14,0,4,4,0,12,2,18,22,9,0,5,60.574,59.991,9,0,5,69.0516666667,62.8923333333
r8_m173_split,5,8,split,feasibility,search,decomposition,perturbation,UNSAT,34,0,34,0,0,0,0,34,0,34,34,11,8,15,41.971,42.111,19,2,13,43.1426666667,42.6766666667
r8_m173_split,5,8,split,feasibility,search,fixed_hit,camera,SAT,7455,453,6978,24,789,232,453,6978,24,8244,7687,3799,287,3369,45496.757,44473.977,3962,43,3450,48688.7166667,48493.1613333
r8_m173_split,5,8,split,feasibility,search,fixed_hit,perturbation,SAT,14,2,12,0,4,0,2,12,0,18,14,13,0,1,60.574,54.873,11,0,3,69.0516666667,56.4903333333
r8_m173_split,5,8,split,feasibility,search,fixed_hit,perturbation,UNSAT,34,0,34,0,0,0,0,34,0,34,34,11,8,15,41.971,42.07,14,1,19,43.1426666667,43.4246666667
r8_m173_split,5,8,split,feasibility,search,both,camera,SAT,7455,453,6978,24,789,232,414,6976,65,8244,7780,3693,331,3431,45496.757,44519.994,3650,46,3759,48688.7166667,49103.3713333
r8_m173_split,5,8,split,feasibility,search,both,perturbation,SAT,14,2,12,0,4,0,2,12,0,18,14,9,0,5,60.574,56.035,6,0,8,69.0516666667,57.227
r8_m173_split,5,8,split,feasibility,search,both,perturbation,UNSAT,34,0,34,0,0,0,0,34,0,34,34,12,8,14,41.971,42.005,14,1,19,43.1426666667,42.6263333333
r8_m173_split,5,8,split,feasibility,fixed_hit,both,camera,SAT,7455,0,7455,0,232,232,0,7414,41,7687,7780,3587,320,3548,44473.977,44519.994,3990,60,3405,48493.1613333,49103.3713333
r8_m173_split,5,8,split,feasibility,fixed_hit,both,perturbation,SAT,14,0,14,0,0,0,0,14,0,14,14,7,2,5,54.873,56.035,7,0,7,56.4903333333,57.227
r8_m173_split,5,8,split,feasibility,fixed_hit,both,perturbation,UNSAT,34,0,34,0,0,0,0,34,0,34,34,15,8,11,42.07,42.005,19,3,12,43.4246666667,42.6263333333
r8_m173_split,5,8,split,projection,search,decomposition,camera,SAT,7455,0,7455,0,1378,1378,0,7322,133,11004,11528,3745,174,3536,72341.763,72479.911,4095,28,3332,78178.1766667,78948.0126667
r8_m173_split,5,8,split,projection,search,decomposition,perturbation,SAT,14,0,14,0,8,8,0,12,2,28,32,8,0,6,103.559,102.397,8,0,6,105.423333333,110.547333333
r8_m173_split,5,8,split,projection,search,decomposition,perturbation,UNSAT,34,0,34,0,0,0,0,34,0,0,0,9,11,14,42.718,42.429,19,1,14,50.1756666667,42.6836666667
r8_m173_split,5,8,split,projection,search,fixed_hit,camera,SAT,7455,426,7004,25,1378,496,164,7238,53,11004,10649,3544,152,3759,72341.763,72193.213,3671,29,3755,78178.1766667,77432.9513333
r8_m173_split,5,8,split,projection,search,fixed_hit,perturbation,SAT,14,2,12,0,8,0,2,12,0,28,24,9,0,5,103.559,101.724,9,0,5,105.423333333,103.441333333
r8_m173_split,5,8,split,projection,search,fixed_hit,perturbation,UNSAT,34,0,34,0,0,0,0,34,0,0,0,14,4,16,42.718,42.576,18,2,14,50.1756666667,43.0993333333
r8_m173_split,5,8,split,projection,search,both,camera,SAT,7455,425,7004,26,1378,500,163,7228,64,11004,10837,3394,184,3877,72341.763,72334.169,3293,40,4122,78178.1766667,78702.073
r8_m173_split,5,8,split,projection,search,both,perturbation,SAT,14,2,12,0,8,0,2,12,0,28,24,7,1,6,103.559,102.675,5,0,9,105.423333333,164.191
r8_m173_split,5,8,split,projection,search,both,perturbation,UNSAT,34,0,34,0,0,0,0,34,0,0,0,13,7,14,42.718,42.456,18,0,16,50.1756666667,43.5933333333
r8_m173_split,5,8,split,projection,fixed_hit,both,camera,SAT,7455,0,7453,2,496,500,0,7414,41,10649,10837,3629,185,3641,72193.213,72334.169,3890,30,3535,77432.9513333,78702.073
r8_m173_split,5,8,split,projection,fixed_hit,both,perturbation,SAT,14,0,14,0,0,0,0,14,0,24,24,6,0,8,101.724,102.675,5,0,9,103.441333333,164.191
r8_m173_split,5,8,split,projection,fixed_hit,both,perturbation,UNSAT,34,0,34,0,0,0,0,34,0,0,0,15,7,12,42.576,42.456,16,0,18,43.0993333333,43.5933333333
r8_m173_split,5,8,split,query,search,decomposition,camera,SAT,676,0,676,0,57,57,0,662,14,733,763,358,17,301,4015.26,4202.095,358,17,301,4015.26,4202.095
r8_m173_split,5,8,split,query,search,decomposition,camera,UNSAT,1268,0,1268,0,0,0,0,1268,0,1268,1268,608,135,525,1685.239,1468.211,608,135,525,1685.239,1468.211
r8_m173_split,5,8,split,query,search,decomposition,perturbation,SAT,122,0,122,0,32,32,0,114,8,154,170,71,0,51,508.779,488.865,71,0,51,508.779,488.865
r8_m173_split,5,8,split,query,search,decomposition,perturbation,UNSAT,1030,0,1030,0,0,0,0,1030,0,1030,1030,454,208,368,794.568,805.072,454,208,368,794.568,805.072
r8_m173_split,5,8,split,query,search,fixed_hit,camera,SAT,676,41,635,0,57,0,41,635,0,733,676,373,8,295,4015.26,4247.929,373,8,295,4015.26,4247.929
r8_m173_split,5,8,split,query,search,fixed_hit,camera,UNSAT,1268,0,1268,0,0,0,0,1268,0,1268,1268,601,111,556,1685.239,1757.079,601,111,556,1685.239,1757.079
r8_m173_split,5,8,split,query,search,fixed_hit,perturbation,SAT,122,24,98,0,32,0,24,98,0,154,122,78,1,43,508.779,549.882,78,1,43,508.779,549.882
r8_m173_split,5,8,split,query,search,fixed_hit,perturbation,UNSAT,1030,0,1030,0,0,0,0,1030,0,1030,1030,446,194,390,794.568,775.385,446,194,390,794.568,775.385
r8_m173_split,5,8,split,query,search,both,camera,SAT,676,41,635,0,57,0,41,635,0,733,676,348,10,318,4015.26,4167.825,348,10,318,4015.26,4167.825
r8_m173_split,5,8,split,query,search,both,camera,UNSAT,1268,0,1268,0,0,0,0,1268,0,1268,1268,586,123,559,1685.239,1505.435,586,123,559,1685.239,1505.435
r8_m173_split,5,8,split,query,search,both,perturbation,SAT,122,24,98,0,32,0,24,98,0,154,122,70,2,50,508.779,473.988,70,2,50,508.779,473.988
r8_m173_split,5,8,split,query,search,both,perturbation,UNSAT,1030,0,1030,0,0,0,0,1030,0,1030,1030,416,188,426,794.568,761.668,416,188,426,794.568,761.668
r8_m173_split,5,8,split,query,fixed_hit,both,camera,SAT,676,0,676,0,0,0,0,676,0,676,676,351,13,312,4247.929,4167.825,351,13,312,4247.929,4167.825
r8_m173_split,5,8,split,query,fixed_hit,both,camera,UNSAT,1268,0,1268,0,0,0,0,1268,0,1268,1268,599,117,552,1757.079,1505.435,599,117,552,1757.079,1505.435
r8_m173_split,5,8,split,query,fixed_hit,both,perturbation,SAT,122,0,122,0,0,0,0,122,0,122,122,50,8,64,549.882,473.988,50,8,64,549.882,473.988
r8_m173_split,5,8,split,query,fixed_hit,both,perturbation,UNSAT,1030,0,1030,0,0,0,0,1030,0,1030,1030,423,216,391,775.385,761.668,423,216,391,775.385,761.668
r8_m173_same,5,8,same,feasibility,search,decomposition,camera,SAT,6218,0,6218,0,968,968,0,6073,145,7186,7510,3120,256,2842,39751.032,39760.992,3478,34,2706,45868.0573333,46319.1566667
r8_m173_same,5,8,same,feasibility,search,decomposition,perturbation,SAT,16,0,16,0,7,7,0,13,3,23,29,7,1,8,79.821,78.91,7,0,9,83.3116666667,84.1776666667
r8_m173_same,5,8,same,feasibility,search,decomposition,perturbation,UNSAT,32,0,32,0,0,0,0,32,0,32,32,8,10,14,38.373,38.438,13,0,19,38.976,39.1183333333
r8_m173_same,5,8,same,feasibility,search,fixed_hit,camera,SAT,6218,507,5709,2,968,331,507,5709,2,7186,6549,3203,221,2794,39751.032,38704.481,3309,29,2880,45868.0573333,44738.1266667
r8_m173_same,5,8,same,feasibility,search,fixed_hit,perturbation,SAT,16,4,12,0,7,1,4,12,0,23,17,8,2,6,79.821,72.15,12,0,4,83.3116666667,73.21
r8_m173_same,5,8,same,feasibility,search,fixed_hit,perturbation,UNSAT,32,0,32,0,0,0,0,32,0,32,32,14,8,10,38.373,38.305,15,2,15,38.976,44.0413333333
r8_m173_same,5,8,same,feasibility,search,both,camera,SAT,6218,507,5709,2,968,331,458,5709,51,7186,6658,3167,237,2814,39751.032,38758.269,2968,32,3218,45868.0573333,46054.5673333
r8_m173_same,5,8,same,feasibility,search,both,perturbation,SAT,16,4,12,0,7,1,3,12,1,23,19,8,0,8,79.821,73.189,9,0,7,83.3116666667,77.1903333333
r8_m173_same,5,8,same,feasibility,search,both,perturbation,UNSAT,32,0,32,0,0,0,0,32,0,32,32,12,13,7,38.373,38.301,15,1,16,38.976,39.785
r8_m173_same,5,8,same,feasibility,fixed_hit,both,camera,SAT,6218,0,6218,0,331,331,0,6169,49,6549,6658,3057,252,2909,38704.481,38758.269,3420,38,2760,44738.1266667,46054.5673333
r8_m173_same,5,8,same,feasibility,fixed_hit,both,perturbation,SAT,16,0,16,0,1,1,0,15,1,17,19,7,0,9,72.15,73.189,4,0,12,73.21,77.1903333333
r8_m173_same,5,8,same,feasibility,fixed_hit,both,perturbation,UNSAT,32,0,32,0,0,0,0,32,0,32,32,10,8,14,38.305,38.301,14,3,15,44.0413333333,39.785
r8_m173_same,5,8,same,projection,search,decomposition,camera,SAT,6218,0,6218,0,1690,1690,0,6073,145,10521,11083,3127,124,2967,66336.276,66299.028,3396,20,2802,75164.7446667,75174.476
r8_m173_same,5,8,same,projection,search,decomposition,perturbation,SAT,16,0,16,0,15,15,0,13,3,42,50,10,0,6,150.599,151.369,9,0,7,163.238333333,207.672
r8_m173_same,5,8,same,projection,search,decomposition,perturbation,UNSAT,32,0,32,0,0,0,0,32,0,0,0,15,7,10,38.65,38.508,19,2,11,45.0103333333,39.0026666667
r8_m173_same,5,8,same,projection,search,fixed_hit,camera,SAT,6218,477,5738,3,1690,646,209,5947,62,10521,10082,2982,125,3111,66336.276,65864.153,3050,22,3146,75164.7446667,77149.2143333
r8_m173_same,5,8,same,projection,search,fixed_hit,perturbation,SAT,16,4,12,0,15,3,3,13,0,42,35,10,0,6,150.599,141.694,8,0,8,163.238333333,178.062333333
r8_m173_same,5,8,same,projection,search,fixed_hit,perturbation,UNSAT,32,0,32,0,0,0,0,32,0,0,0,15,7,10,38.65,38.518,16,3,13,45.0103333333,38.863
r8_m173_same,5,8,same,projection,search,both,camera,SAT,6218,477,5738,3,1690,646,208,5934,76,10521,10293,2873,120,3225,66336.276,66042.753,2756,19,3443,75164.7446667,74397.479
r8_m173_same,5,8,same,projection,search,both,perturbation,SAT,16,4,12,0,15,3,3,13,0,42,37,7,0,9,150.599,143.586,9,0,7,163.238333333,169.740333333
r8_m173_same,5,8,same,projection,search,both,perturbation,UNSAT,32,0,32,0,0,0,0,32,0,0,0,13,8,11,38.65,38.624,17,0,15,45.0103333333,39.7196666667
r8_m173_same,5,8,same,projection,fixed_hit,both,camera,SAT,6218,0,6218,0,646,646,0,6169,49,10082,10293,3050,125,3043,65864.153,66042.753,3306,18,2894,77149.2143333,74397.479
r8_m173_same,5,8,same,projection,fixed_hit,both,perturbation,SAT,16,0,16,0,3,3,0,15,1,35,37,3,1,12,141.694,143.586,10,0,6,178.062333333,169.740333333
r8_m173_same,5,8,same,projection,fixed_hit,both,perturbation,UNSAT,32,0,32,0,0,0,0,32,0,0,0,13,7,12,38.518,38.624,17,0,15,38.863,39.7196666667
r8_m173_same,5,8,same,query,search,decomposition,camera,SAT,575,0,575,0,51,51,0,561,14,626,656,320,6,249,3887.374,3588.749,320,6,249,3887.374,3588.749
r8_m173_same,5,8,same,query,search,decomposition,camera,UNSAT,1057,0,1057,0,0,0,0,1057,0,1057,1057,488,99,470,1571.164,1363.396,488,99,470,1571.164,1363.396
r8_m173_same,5,8,same,query,search,decomposition,perturbation,SAT,146,0,146,0,58,58,0,132,14,204,232,64,3,79,755.089,880.074,64,3,79,755.089,880.074
r8_m173_same,5,8,same,query,search,decomposition,perturbation,UNSAT,1006,0,1006,0,0,0,0,1006,0,1006,1006,394,236,376,875.326,823.071,394,236,376,875.326,823.071
r8_m173_same,5,8,same,query,search,fixed_hit,camera,SAT,575,35,540,0,51,0,35,540,0,626,575,312,7,256,3887.374,4659.4,312,7,256,3887.374,4659.4
r8_m173_same,5,8,same,query,search,fixed_hit,camera,UNSAT,1057,0,1057,0,0,0,0,1057,0,1057,1057,471,105,481,1571.164,1478.129,471,105,481,1571.164,1478.129
r8_m173_same,5,8,same,query,search,fixed_hit,perturbation,SAT,146,40,106,0,58,10,40,106,0,204,156,88,4,54,755.089,631.078,88,4,54,755.089,631.078
r8_m173_same,5,8,same,query,search,fixed_hit,perturbation,UNSAT,1006,0,1006,0,0,0,0,1006,0,1006,1006,388,225,393,875.326,833.975,388,225,393,875.326,833.975
r8_m173_same,5,8,same,query,search,both,camera,SAT,575,35,540,0,51,0,35,540,0,626,575,303,5,267,3887.374,3615.345,303,5,267,3887.374,3615.345
r8_m173_same,5,8,same,query,search,both,camera,UNSAT,1057,0,1057,0,0,0,0,1057,0,1057,1057,457,135,465,1571.164,1284.43,457,135,465,1571.164,1284.43
r8_m173_same,5,8,same,query,search,both,perturbation,SAT,146,40,106,0,58,10,34,106,6,204,168,89,2,55,755.089,613.577,89,2,55,755.089,613.577
r8_m173_same,5,8,same,query,search,both,perturbation,UNSAT,1006,0,1006,0,0,0,0,1006,0,1006,1006,372,217,417,875.326,803.927,372,217,417,875.326,803.927
r8_m173_same,5,8,same,query,fixed_hit,both,camera,SAT,575,0,575,0,0,0,0,575,0,575,575,348,8,219,4659.4,3615.345,348,8,219,4659.4,3615.345
r8_m173_same,5,8,same,query,fixed_hit,both,camera,UNSAT,1057,0,1057,0,0,0,0,1057,0,1057,1057,539,115,403,1478.129,1284.43,539,115,403,1478.129,1284.43
r8_m173_same,5,8,same,query,fixed_hit,both,perturbation,SAT,146,0,146,0,10,10,0,140,6,156,168,86,5,55,631.078,613.577,86,5,55,631.078,613.577
r8_m173_same,5,8,same,query,fixed_hit,both,perturbation,UNSAT,1006,0,1006,0,0,0,0,1006,0,1006,1006,443,203,360,833.975,803.927,443,203,360,833.975,803.927
r8_m063_same,6,8,same,feasibility,search,decomposition,camera,SAT,8002,0,8002,0,1576,1576,0,7751,251,9578,10158,4094,274,3634,56281.036,56067.756,4613,35,3354,62323.712,63541.2803333
r8_m063_same,6,8,same,feasibility,search,decomposition,perturbation,SAT,15,0,15,0,13,13,0,12,3,28,35,7,1,7,85.81,85.299,10,0,5,88.701,88.9813333333
r8_m063_same,6,8,same,feasibility,search,decomposition,perturbation,UNSAT,33,0,33,0,0,0,0,33,0,33,33,12,6,15,47.953,47.992,17,1,15,48.7113333333,73.9316666667
r8_m063_same,6,8,same,feasibility,search,fixed_hit,camera,SAT,8002,639,7360,3,1576,756,639,7360,3,9578,8758,4248,267,3487,56281.036,54471.209,4301,25,3676,62323.712,62345.5773333
r8_m063_same,6,8,same,feasibility,search,fixed_hit,perturbation,SAT,15,5,10,0,13,5,5,10,0,28,20,8,0,7,85.81,75.425,7,0,8,88.701,93.8986666667
r8_m063_same,6,8,same,feasibility,search,fixed_hit,perturbation,UNSAT,33,0,33,0,0,0,0,33,0,33,33,13,9,11,47.953,48.074,15,3,15,48.7113333333,49.5513333333
r8_m063_same,6,8,same,feasibility,search,both,camera,SAT,8002,639,7360,3,1576,756,522,7335,145,9578,9084,4176,257,3569,56281.036,54588.827,3804,32,4166,62323.712,61173.1893333
r8_m063_same,6,8,same,feasibility,search,both,perturbation,SAT,15,5,10,0,13,5,4,10,1,28,23,10,0,5,85.81,76.486,12,0,3,88.701,78.745
r8_m063_same,6,8,same,feasibility,search,both,perturbation,UNSAT,33,0,33,0,0,0,0,33,0,33,33,15,6,12,47.953,48.268,13,0,20,48.7113333333,60.5683333333
r8_m063_same,6,8,same,feasibility,fixed_hit,both,camera,SAT,8002,0,8002,0,756,756,0,7860,142,8758,9084,3832,317,3853,54471.209,54588.827,4514,43,3445,62345.5773333,61173.1893333
r8_m063_same,6,8,same,feasibility,fixed_hit,both,perturbation,SAT,15,0,15,0,5,5,0,14,1,20,23,8,1,6,75.425,76.486,11,0,4,93.8986666667,78.745
r8_m063_same,6,8,same,feasibility,fixed_hit,both,perturbation,UNSAT,33,0,33,0,0,0,0,33,0,33,33,13,10,10,48.074,48.268,17,0,16,49.5513333333,60.5683333333
r8_m063_same,6,8,same,projection,search,decomposition,camera,SAT,8002,0,8002,0,3086,3086,0,7751,251,15753,16929,3995,169,3838,96031.674,95117.085,4454,31,3517,107280.364333,107436.566333
r8_m063_same,6,8,same,projection,search,decomposition,perturbation,SAT,15,0,15,0,30,30,0,12,3,63,78,11,0,4,176.366,174.626,10,0,5,179.908666667,178.953666667
r8_m063_same,6,8,same,projection,search,decomposition,perturbation,UNSAT,33,0,33,0,0,0,0,33,0,0,0,11,13,9,48.132,48.123,12,2,19,53.557,65.3806666667
r8_m063_same,6,8,same,projection,search,fixed_hit,camera,SAT,8002,617,7368,17,3086,1720,249,7663,90,15753,15196,3787,133,4082,96031.674,94784.651,3919,10,4073,107280.364333,105676.822
r8_m063_same,6,8,same,projection,search,fixed_hit,perturbation,SAT,15,5,10,0,30,14,3,12,0,63,53,9,0,6,176.366,167.122,7,0,8,179.908666667,170.435333333
r8_m063_same,6,8,same,projection,search,fixed_hit,perturbation,UNSAT,33,0,33,0,0,0,0,33,0,0,0,15,6,12,48.132,48.102,13,1,19,53.557,49.1903333333
r8_m063_same,6,8,same,projection,search,both,camera,SAT,8002,617,7368,17,3086,1720,245,7607,150,15753,15948,3664,145,4193,96031.674,95299.929,3498,21,4483,107280.364333,106896.687333
r8_m063_same,6,8,same,projection,search,both,perturbation,SAT,15,5,10,0,30,14,3,11,1,63,64,6,1,8,176.366,170.448,6,0,9,179.908666667,183.405
r8_m063_same,6,8,same,projection,search,both,perturbation,UNSAT,33,0,33,0,0,0,0,33,0,0,0,8,9,16,48.132,50.756,11,0,22,53.557,51.3043333333
r8_m063_same,6,8,same,projection,fixed_hit,both,camera,SAT,8002,0,8002,0,1720,1720,0,7860,142,15196,15948,3894,145,3963,94784.651,95299.929,4259,19,3724,105676.822,106896.687333
r8_m063_same,6,8,same,projection,fixed_hit,both,perturbation,SAT,15,0,15,0,14,14,0,14,1,53,64,8,0,7,167.122,170.448,7,0,8,170.435333333,183.405
r8_m063_same,6,8,same,projection,fixed_hit,both,perturbation,UNSAT,33,0,33,0,0,0,0,33,0,0,0,7,9,17,48.102,50.756,13,1,19,49.1903333333,51.3043333333
r8_m063_same,6,8,same,query,search,decomposition,camera,SAT,737,0,737,0,116,116,0,719,18,853,889,416,12,309,4871.485,4946.911,416,12,309,4871.485,4946.911
r8_m063_same,6,8,same,query,search,decomposition,camera,UNSAT,1327,0,1327,0,0,0,0,1327,0,1327,1327,654,124,549,1959.901,1885.732,654,124,549,1959.901,1885.732
r8_m063_same,6,8,same,query,search,decomposition,perturbation,SAT,150,0,150,0,109,109,0,127,23,259,307,83,3,64,755.19,771.566,83,3,64,755.19,771.566
r8_m063_same,6,8,same,query,search,decomposition,perturbation,UNSAT,1002,0,1002,0,0,0,0,1002,0,1002,1002,418,171,413,903.914,890.259,418,171,413,903.914,890.259
r8_m063_same,6,8,same,query,search,fixed_hit,camera,SAT,737,47,690,0,116,61,47,690,0,853,798,409,14,314,4871.485,4991.642,409,14,314,4871.485,4991.642
r8_m063_same,6,8,same,query,search,fixed_hit,camera,UNSAT,1327,0,1327,0,0,0,0,1327,0,1327,1327,657,111,559,1959.901,1913.822,657,111,559,1959.901,1913.822
r8_m063_same,6,8,same,query,search,fixed_hit,perturbation,SAT,150,55,95,0,109,39,55,95,0,259,189,93,2,55,755.19,782.876,93,2,55,755.19,782.876
r8_m063_same,6,8,same,query,search,fixed_hit,perturbation,UNSAT,1002,0,1002,0,0,0,0,1002,0,1002,1002,402,172,428,903.914,890.809,402,172,428,903.914,890.809
r8_m063_same,6,8,same,query,search,both,camera,SAT,737,47,690,0,116,61,43,684,10,853,818,379,8,350,4871.485,5871.256,379,8,350,4871.485,5871.256
r8_m063_same,6,8,same,query,search,both,camera,UNSAT,1327,0,1327,0,0,0,0,1327,0,1327,1327,607,95,625,1959.901,2289.539,607,95,625,1959.901,2289.539
r8_m063_same,6,8,same,query,search,both,perturbation,SAT,150,55,95,0,109,39,45,95,10,259,211,98,1,51,755.19,765.664,98,1,51,755.19,765.664
r8_m063_same,6,8,same,query,search,both,perturbation,UNSAT,1002,0,1002,0,0,0,0,1002,0,1002,1002,371,187,444,903.914,1120.059,371,187,444,903.914,1120.059
r8_m063_same,6,8,same,query,fixed_hit,both,camera,SAT,737,0,737,0,61,61,0,727,10,798,818,401,9,327,4991.642,5871.256,401,9,327,4991.642,5871.256
r8_m063_same,6,8,same,query,fixed_hit,both,camera,UNSAT,1327,0,1327,0,0,0,0,1327,0,1327,1327,642,108,577,1913.822,2289.539,642,108,577,1913.822,2289.539
r8_m063_same,6,8,same,query,fixed_hit,both,perturbation,SAT,150,0,150,0,39,39,0,140,10,189,211,80,3,67,782.876,765.664,80,3,67,782.876,765.664
r8_m063_same,6,8,same,query,fixed_hit,both,perturbation,UNSAT,1002,0,1002,0,0,0,0,1002,0,1002,1002,415,186,401,890.809,1120.059,415,186,401,890.809,1120.059
r8_m063_split,6,8,split,feasibility,search,decomposition,camera,SAT,10725,0,10725,0,1075,1075,0,10522,203,11800,12284,5287,602,4836,67011.47,66975.284,5830,81,4814,76426.3706667,76816.7593333
r8_m063_split,6,8,split,feasibility,search,decomposition,perturbation,SAT,14,0,14,0,9,9,0,11,3,23,30,10,0,4,69.076,66.86,9,0,5,115.133666667,81.1426666667
r8_m063_split,6,8,split,feasibility,search,decomposition,perturbation,UNSAT,34,0,34,0,0,0,0,34,0,34,34,10,12,12,47.28,47.442,22,0,12,47.9643333333,48.5186666667
r8_m063_split,6,8,split,feasibility,search,fixed_hit,camera,SAT,10725,628,10097,0,1075,265,628,10097,0,11800,10990,5448,537,4740,67011.47,65840.234,5638,63,5024,76426.3706667,75603.7153333
r8_m063_split,6,8,split,feasibility,search,fixed_hit,perturbation,SAT,14,4,10,0,9,2,4,10,0,23,16,11,0,3,69.076,58.942,11,1,2,115.133666667,60.0546666667
r8_m063_split,6,8,split,feasibility,search,fixed_hit,perturbation,UNSAT,34,0,34,0,0,0,0,34,0,34,34,8,6,20,47.28,48.076,13,1,20,47.9643333333,54.0053333333
r8_m063_split,6,8,split,feasibility,search,both,camera,SAT,10725,628,10097,0,1075,265,543,10088,94,11800,11220,5274,515,4936,67011.47,65958.325,5159,84,5482,76426.3706667,77914.8433333
r8_m063_split,6,8,split,feasibility,search,both,perturbation,SAT,14,4,10,0,9,2,3,10,1,23,19,10,0,4,69.076,60.75,11,0,3,115.133666667,81.8866666667
r8_m063_split,6,8,split,feasibility,search,both,perturbation,UNSAT,34,0,34,0,0,0,0,34,0,34,34,11,10,13,47.28,47.319,16,0,18,47.9643333333,47.656
r8_m063_split,6,8,split,feasibility,fixed_hit,both,camera,SAT,10725,0,10725,0,265,265,0,10631,94,10990,11220,5138,548,5039,65840.234,65958.325,5779,76,4870,75603.7153333,77914.8433333
r8_m063_split,6,8,split,feasibility,fixed_hit,both,perturbation,SAT,14,0,14,0,2,2,0,13,1,16,19,7,0,7,58.942,60.75,8,0,6,60.0546666667,81.8866666667
r8_m063_split,6,8,split,feasibility,fixed_hit,both,perturbation,UNSAT,34,0,34,0,0,0,0,34,0,34,34,18,7,9,48.076,47.319,19,2,13,54.0053333333,47.656
r8_m063_split,6,8,split,projection,search,decomposition,camera,SAT,10725,0,10725,0,2118,2118,0,10522,203,16267,17235,5373,272,5080,106776.89,106653.69,5814,38,4873,121495.127333,121884.380333
r8_m063_split,6,8,split,projection,search,decomposition,perturbation,SAT,14,0,14,0,23,23,0,11,3,51,66,9,0,5,139.922,136.938,8,0,6,175.155333333,167.21
r8_m063_split,6,8,split,projection,search,decomposition,perturbation,UNSAT,34,0,34,0,0,0,0,34,0,0,0,9,10,15,47.334,47.455,14,3,17,47.5666666667,48.3063333333
r8_m063_split,6,8,split,projection,search,fixed_hit,camera,SAT,10725,573,10146,6,2118,844,225,10444,56,16267,15718,5090,263,5372,106776.89,106840.516,5226,40,5459,121495.127333,122243.214667
r8_m063_split,6,8,split,projection,search,fixed_hit,perturbation,SAT,14,4,10,0,23,10,2,12,0,51,45,6,0,8,139.922,137.588,8,0,6,175.155333333,140.552666667
r8_m063_split,6,8,split,projection,search,fixed_hit,perturbation,UNSAT,34,0,34,0,0,0,0,34,0,0,0,12,9,13,47.334,47.483,15,4,15,47.5666666667,48.2746666667
r8_m063_split,6,8,split,projection,search,both,camera,SAT,10725,573,10146,6,2118,844,221,10409,95,16267,16294,4860,276,5589,106776.89,107176.589,4802,41,5882,121495.127333,121042.311667
r8_m063_split,6,8,split,projection,search,both,perturbation,SAT,14,4,10,0,23,10,2,11,1,51,56,6,0,8,139.922,140.723,7,0,7,175.155333333,142.095666667
r8_m063_split,6,8,split,projection,search,both,perturbation,UNSAT,34,0,34,0,0,0,0,34,0,0,0,10,10,14,47.334,47.442,12,0,22,47.5666666667,47.5526666667
r8_m063_split,6,8,split,projection,fixed_hit,both,camera,SAT,10725,0,10725,0,844,844,0,10631,94,15718,16294,5214,250,5261,106840.516,107176.589,5576,34,5115,122243.214667,121042.311667
r8_m063_split,6,8,split,projection,fixed_hit,both,perturbation,SAT,14,0,14,0,10,10,0,13,1,45,56,8,0,6,137.588,140.723,10,0,4,140.552666667,142.095666667
r8_m063_split,6,8,split,projection,fixed_hit,both,perturbation,UNSAT,34,0,34,0,0,0,0,34,0,0,0,8,15,11,47.483,47.442,17,0,17,48.2746666667,47.5526666667
r8_m063_split,6,8,split,query,search,decomposition,camera,SAT,959,0,959,0,67,67,0,951,8,1026,1042,514,23,422,6017.771,5987.93,514,23,422,6017.771,5987.93
r8_m063_split,6,8,split,query,search,decomposition,camera,UNSAT,1777,0,1777,0,0,0,0,1777,0,1777,1777,869,150,758,3550.618,2772.593,869,150,758,3550.618,2772.593
r8_m063_split,6,8,split,query,search,decomposition,perturbation,SAT,132,0,132,0,80,80,0,109,23,212,260,79,2,51,865.127,744.901,79,2,51,865.127,744.901
r8_m063_split,6,8,split,query,search,decomposition,perturbation,UNSAT,1020,0,1020,0,0,0,0,1020,0,1020,1020,413,235,372,847.654,875.962,413,235,372,847.654,875.962
r8_m063_split,6,8,split,query,search,fixed_hit,camera,SAT,959,59,900,0,67,0,59,900,0,1026,959,498,16,445,6017.771,5791.099,498,16,445,6017.771,5791.099
r8_m063_split,6,8,split,query,search,fixed_hit,camera,UNSAT,1777,0,1777,0,0,0,0,1777,0,1777,1777,827,143,807,3550.618,2606.971,827,143,807,3550.618,2606.971
r8_m063_split,6,8,split,query,search,fixed_hit,perturbation,SAT,132,45,87,0,80,20,45,87,0,212,152,77,3,52,865.127,736.21,77,3,52,865.127,736.21
r8_m063_split,6,8,split,query,search,fixed_hit,perturbation,UNSAT,1020,0,1020,0,0,0,0,1020,0,1020,1020,413,247,360,847.654,961.636,413,247,360,847.654,961.636
r8_m063_split,6,8,split,query,search,both,camera,SAT,959,59,900,0,67,0,59,900,0,1026,959,470,14,475,6017.771,5760.172,470,14,475,6017.771,5760.172
r8_m063_split,6,8,split,query,search,both,camera,UNSAT,1777,0,1777,0,0,0,0,1777,0,1777,1777,775,155,847,3550.618,2573.444,775,155,847,3550.618,2573.444
r8_m063_split,6,8,split,query,search,both,perturbation,SAT,132,45,87,0,80,20,35,87,10,212,174,96,0,36,865.127,578.035,96,0,36,865.127,578.035
r8_m063_split,6,8,split,query,search,both,perturbation,UNSAT,1020,0,1020,0,0,0,0,1020,0,1020,1020,424,226,370,847.654,911.945,424,226,370,847.654,911.945
r8_m063_split,6,8,split,query,fixed_hit,both,camera,SAT,959,0,959,0,0,0,0,959,0,959,959,509,26,424,5791.099,5760.172,509,26,424,5791.099,5760.172
r8_m063_split,6,8,split,query,fixed_hit,both,camera,UNSAT,1777,0,1777,0,0,0,0,1777,0,1777,1777,844,169,764,2606.971,2573.444,844,169,764,2606.971,2573.444
r8_m063_split,6,8,split,query,fixed_hit,both,perturbation,SAT,132,0,132,0,20,20,0,122,10,152,174,83,1,48,736.21,578.035,83,1,48,736.21,578.035
r8_m063_split,6,8,split,query,fixed_hit,both,perturbation,UNSAT,1020,0,1020,0,0,0,0,1020,0,1020,1020,424,233,363,961.636,911.945,424,233,363,961.636,911.945
r8_m252_split,6,8,split,feasibility,search,decomposition,camera,SAT,10655,0,10655,0,1261,1261,0,10432,223,11916,12440,5329,459,4867,68814.143,68834.314,6009,68,4578,79268.8836667,80625.1226667
r8_m252_split,6,8,split,feasibility,search,decomposition,perturbation,SAT,13,0,13,0,3,3,0,12,1,16,18,6,1,6,58.841,58.958,7,1,5,62.0016666667,59.368
r8_m252_split,6,8,split,feasibility,search,decomposition,perturbation,UNSAT,35,0,35,0,0,0,0,35,0,35,35,17,8,10,51.316,49.553,21,1,13,74.87,51.073
r8_m252_split,6,8,split,feasibility,search,fixed_hit,camera,SAT,10655,591,10002,62,1261,551,591,10002,62,11916,11206,5369,414,4872,68814.143,67668.194,5530,33,5092,79268.8836667,77654.529
r8_m252_split,6,8,split,feasibility,search,fixed_hit,perturbation,SAT,13,2,11,0,3,0,2,11,0,16,13,8,0,5,58.841,55.924,9,0,4,62.0016666667,71.468
r8_m252_split,6,8,split,feasibility,search,fixed_hit,perturbation,UNSAT,35,0,35,0,0,0,0,35,0,35,35,11,10,14,51.316,53.051,16,1,18,74.87,57.9643333333
r8_m252_split,6,8,split,feasibility,search,both,camera,SAT,10655,591,10002,62,1261,551,498,9984,173,11916,11476,5182,437,5036,68814.143,67708.535,4905,67,5683,79268.8836667,77126.3173333
r8_m252_split,6,8,split,feasibility,search,both,perturbation,SAT,13,2,11,0,3,0,2,11,0,16,13,9,1,3,58.841,54.521,8,0,5,62.0016666667,56.952
r8_m252_split,6,8,split,feasibility,search,both,perturbation,UNSAT,35,0,35,0,0,0,0,35,0,35,35,18,10,7,51.316,49.749,17,2,16,74.87,52.352
r8_m252_split,6,8,split,feasibility,fixed_hit,both,camera,SAT,10655,0,10655,0,551,551,0,10541,114,11206,11476,5070,493,5092,67668.194,67708.535,5988,65,4602,77654.529,77126.3173333
r8_m252_split,6,8,split,feasibility,fixed_hit,both,perturbation,SAT,13,0,13,0,0,0,0,13,0,13,13,7,2,4,55.924,54.521,7,0,6,71.468,56.952
r8_m252_split,6,8,split,feasibility,fixed_hit,both,perturbation,UNSAT,35,0,35,0,0,0,0,35,0,35,35,18,8,9,53.051,49.749,20,2,13,57.9643333333,52.352
r8_m252_split,6,8,split,projection,search,decomposition,camera,SAT,10655,0,10655,0,2438,2438,0,10432,223,16789,17829,5253,280,5122,109417.58,109106.61,5720,45,4890,126208.701,124984.762667
r8_m252_split,6,8,split,projection,search,decomposition,perturbation,SAT,13,0,13,0,5,5,0,12,1,26,28,6,0,7,104.437,104.63,6,0,7,107.474,112.024333333
r8_m252_split,6,8,split,projection,search,decomposition,perturbation,UNSAT,35,0,35,0,0,0,0,35,0,0,0,18,6,11,49.656,49.236,17,2,16,69.0956666667,51.2393333333
r8_m252_split,6,8,split,projection,search,fixed_hit,camera,SAT,10655,532,10049,74,2438,1368,204,10321,130,16789,16434,5037,236,5382,109417.58,109013.622,5214,36,5405,126208.701,123174.256667
r8_m252_split,6,8,split,projection,search,fixed_hit,perturbation,SAT,13,2,11,0,5,0,1,12,0,26,24,4,1,8,104.437,103.248,4,0,9,107.474,123.515
r8_m252_split,6,8,split,projection,search,fixed_hit,perturbation,UNSAT,35,0,35,0,0,0,0,35,0,0,0,15,8,12,49.656,50.466,18,1,16,69.0956666667,118.627333333
r8_m252_split,6,8,split,projection,search,both,camera,SAT,10655,530,10049,76,2438,1384,200,10284,171,16789,17075,4833,276,5546,109417.58,109535.283,4734,40,5881,126208.701,126294.250667
r8_m252_split,6,8,split,projection,search,both,perturbation,SAT,13,2,11,0,5,0,1,12,0,26,24,5,0,8,104.437,103.91,5,0,8,107.474,105.333333333
r8_m252_split,6,8,split,projection,search,both,perturbation,UNSAT,35,0,35,0,0,0,0,35,0,0,0,17,7,11,49.656,49.516,19,2,14,69.0956666667,51.1653333333
r8_m252_split,6,8,split,projection,fixed_hit,both,camera,SAT,10655,0,10647,8,1368,1384,0,10541,114,16434,17075,5172,280,5203,109013.622,109535.283,5697,48,4910,123174.256667,126294.250667
r8_m252_split,6,8,split,projection,fixed_hit,both,perturbation,SAT,13,0,13,0,0,0,0,13,0,24,24,8,0,5,103.248,103.91,10,0,3,123.515,105.333333333
r8_m252_split,6,8,split,projection,fixed_hit,both,perturbation,UNSAT,35,0,35,0,0,0,0,35,0,0,0,15,7,13,50.466,49.516,20,2,13,118.627333333,51.1653333333
r8_m252_split,6,8,split,query,search,decomposition,camera,SAT,930,0,930,0,58,58,0,912,18,988,1026,463,25,442,6201.324,6168.215,463,25,442,6201.324,6168.215
r8_m252_split,6,8,split,query,search,decomposition,camera,UNSAT,1758,0,1758,0,0,0,0,1758,0,1758,1758,800,178,780,2788.768,2885.454,800,178,780,2788.768,2885.454
r8_m252_split,6,8,split,query,search,decomposition,perturbation,SAT,115,0,115,0,22,22,0,111,4,137,145,70,3,42,2857.067,506.421,70,3,42,2857.067,506.421
r8_m252_split,6,8,split,query,search,decomposition,perturbation,UNSAT,1037,0,1037,0,0,0,0,1037,0,1037,1037,406,249,382,884.437,887.587,406,249,382,884.437,887.587
r8_m252_split,6,8,split,query,search,fixed_hit,camera,SAT,930,38,892,0,58,0,38,892,0,988,930,446,15,469,6201.324,6165.685,446,15,469,6201.324,6165.685
r8_m252_split,6,8,split,query,search,fixed_hit,camera,UNSAT,1758,0,1758,0,0,0,0,1758,0,1758,1758,731,140,887,2788.768,2866.476,731,140,887,2788.768,2866.476
r8_m252_split,6,8,split,query,search,fixed_hit,perturbation,SAT,115,18,97,0,22,0,18,97,0,137,115,75,3,37,2857.067,691.405,75,3,37,2857.067,691.405
r8_m252_split,6,8,split,query,search,fixed_hit,perturbation,UNSAT,1037,0,1037,0,0,0,0,1037,0,1037,1037,389,236,412,884.437,917.184,389,236,412,884.437,917.184
r8_m252_split,6,8,split,query,search,both,camera,SAT,930,38,892,0,58,0,38,892,0,988,930,420,12,498,6201.324,6305.98,420,12,498,6201.324,6305.98
r8_m252_split,6,8,split,query,search,both,camera,UNSAT,1758,0,1758,0,0,0,0,1758,0,1758,1758,710,162,886,2788.768,2536.156,710,162,886,2788.768,2536.156
r8_m252_split,6,8,split,query,search,both,perturbation,SAT,115,18,97,0,22,0,18,97,0,137,115,68,1,46,2857.067,507.696,68,1,46,2857.067,507.696
r8_m252_split,6,8,split,query,search,both,perturbation,UNSAT,1037,0,1037,0,0,0,0,1037,0,1037,1037,374,256,407,884.437,1038.231,374,256,407,884.437,1038.231
r8_m252_split,6,8,split,query,fixed_hit,both,camera,SAT,930,0,930,0,0,0,0,930,0,930,930,507,14,409,6165.685,6305.98,507,14,409,6165.685,6305.98
r8_m252_split,6,8,split,query,fixed_hit,both,camera,UNSAT,1758,0,1758,0,0,0,0,1758,0,1758,1758,871,157,730,2866.476,2536.156,871,157,730,2866.476,2536.156
r8_m252_split,6,8,split,query,fixed_hit,both,perturbation,SAT,115,0,115,0,0,0,0,115,0,115,115,63,3,49,691.405,507.696,63,3,49,691.405,507.696
r8_m252_split,6,8,split,query,fixed_hit,both,perturbation,UNSAT,1037,0,1037,0,0,0,0,1037,0,1037,1037,420,252,365,917.184,1038.231,420,252,365,917.184,1038.231
r8_m252_same,6,8,same,feasibility,search,decomposition,camera,SAT,8685,0,8685,0,1589,1589,0,8434,251,10274,10854,4310,513,3862,63024.23,62717.383,4897,59,3729,70304.5136667,69863.187
r8_m252_same,6,8,same,feasibility,search,decomposition,perturbation,SAT,14,0,14,0,5,5,0,12,2,19,23,7,1,6,67.355,65.901,7,0,7,69.524,70.7943333333
r8_m252_same,6,8,same,feasibility,search,decomposition,perturbation,UNSAT,34,0,34,0,0,0,0,34,0,34,34,10,10,14,54.263,54.233,17,1,16,63.843,55.6536666667
r8_m252_same,6,8,same,feasibility,search,fixed_hit,camera,SAT,8685,651,8029,5,1589,759,651,8029,5,10274,9444,4443,477,3765,63024.23,61447.989,4616,38,4031,70304.5136667,68771.5833333
r8_m252_same,6,8,same,feasibility,search,fixed_hit,perturbation,SAT,14,3,11,0,5,0,3,11,0,19,14,7,2,5,67.355,61.234,7,0,7,69.524,69.344
r8_m252_same,6,8,same,feasibility,search,fixed_hit,perturbation,UNSAT,34,0,34,0,0,0,0,34,0,34,34,14,9,11,54.263,54.26,20,0,14,63.843,55.3423333333
r8_m252_same,6,8,same,feasibility,search,both,camera,SAT,8685,651,8029,5,1589,759,534,8004,147,10274,9770,4451,502,3732,63024.23,61318.654,4250,55,4380,70304.5136667,67882.5756667
r8_m252_same,6,8,same,feasibility,search,both,perturbation,SAT,14,3,11,0,5,0,3,11,0,19,14,10,0,4,67.355,60.791,8,0,6,69.524,76.1876666667
r8_m252_same,6,8,same,feasibility,search,both,perturbation,UNSAT,34,0,34,0,0,0,0,34,0,34,34,14,7,13,54.263,54.474,12,1,21,63.843,55.5026666667
r8_m252_same,6,8,same,feasibility,fixed_hit,both,camera,SAT,8685,0,8685,0,759,759,0,8543,142,9444,9770,4256,541,3888,61447.989,61318.654,4907,51,3727,68771.5833333,67882.5756667
r8_m252_same,6,8,same,feasibility,fixed_hit,both,perturbation,SAT,14,0,14,0,0,0,0,14,0,14,14,9,0,5,61.234,60.791,8,0,6,69.344,76.1876666667
r8_m252_same,6,8,same,feasibility,fixed_hit,both,perturbation,UNSAT,34,0,34,0,0,0,0,34,0,34,34,13,10,11,54.26,54.474,20,0,14,55.3423333333,55.5026666667
r8_m252_same,6,8,same,projection,search,decomposition,camera,SAT,8685,0,8685,0,3039,3039,0,8434,251,16047,17191,4345,265,4075,116937.43,116278.063,4807,34,3844,128286.64,129745.491333
r8_m252_same,6,8,same,projection,search,decomposition,perturbation,SAT,14,0,14,0,9,9,0,12,2,35,39,8,0,6,139.421,138.259,7,0,7,141.594333333,161.573666667
r8_m252_same,6,8,same,projection,search,decomposition,perturbation,UNSAT,34,0,34,0,0,0,0,34,0,0,0,12,10,12,66.844,67.001,14,4,16,72.063,67.8813333333
r8_m252_same,6,8,same,projection,search,fixed_hit,camera,SAT,8685,592,8070,23,3039,1707,271,8291,123,16047,15556,4148,225,4312,116937.43,116535.306,4218,22,4445,128286.64,128757.815333
r8_m252_same,6,8,same,projection,search,fixed_hit,perturbation,SAT,14,3,11,0,9,0,2,12,0,35,31,7,0,7,139.421,138.232,5,0,9,141.594333333,151.490666667
r8_m252_same,6,8,same,projection,search,fixed_hit,perturbation,UNSAT,34,0,34,0,0,0,0,34,0,0,0,15,5,14,66.844,66.79,19,0,15,72.063,67.0446666667
r8_m252_same,6,8,same,projection,search,both,camera,SAT,8685,592,8070,23,3039,1707,267,8239,179,16047,16308,4141,236,4308,116937.43,116395.313,3941,31,4713,128286.64,129352.257667
r8_m252_same,6,8,same,projection,search,both,perturbation,SAT,14,3,11,0,9,0,2,12,0,35,31,5,1,8,139.421,138.321,7,0,7,141.594333333,144.486
r8_m252_same,6,8,same,projection,search,both,perturbation,UNSAT,34,0,34,0,0,0,0,34,0,0,0,14,8,12,66.844,66.84,16,1,17,72.063,67.1013333333
r8_m252_same,6,8,same,projection,fixed_hit,both,camera,SAT,8685,0,8685,0,1707,1707,0,8543,142,15556,16308,4294,251,4140,116535.306,116395.313,4744,33,3908,128757.815333,129352.257667
r8_m252_same,6,8,same,projection,fixed_hit,both,perturbation,SAT,14,0,14,0,0,0,0,14,0,31,31,7,0,7,138.232,138.321,9,0,5,151.490666667,144.486
r8_m252_same,6,8,same,projection,fixed_hit,both,perturbation,UNSAT,34,0,34,0,0,0,0,34,0,0,0,15,5,14,66.79,66.84,18,2,14,67.0446666667,67.1013333333
r8_m252_same,6,8,same,query,search,decomposition,camera,SAT,805,0,805,0,141,141,0,787,18,946,984,427,12,366,5468.175,5753.389,427,12,366,5468.175,5753.389
r8_m252_same,6,8,same,query,search,decomposition,camera,UNSAT,1427,0,1427,0,0,0,0,1427,0,1427,1427,653,125,649,2243.611,2058.81,653,125,649,2243.611,2058.81
r8_m252_same,6,8,same,query,search,decomposition,perturbation,SAT,129,0,129,0,38,38,0,121,8,167,183,51,4,74,549.587,555.461,51,4,74,549.587,555.461
r8_m252_same,6,8,same,query,search,decomposition,perturbation,UNSAT,1023,0,1023,0,0,0,0,1023,0,1023,1023,389,250,384,919.59,970.521,389,250,384,919.59,970.521
r8_m252_same,6,8,same,query,search,fixed_hit,camera,SAT,805,72,733,0,141,49,72,733,0,946,854,431,9,365,5468.175,5657.151,431,9,365,5468.175,5657.151
r8_m252_same,6,8,same,query,search,fixed_hit,camera,UNSAT,1427,0,1427,0,0,0,0,1427,0,1427,1427,627,128,672,2243.611,2281.046,627,128,672,2243.611,2281.046
r8_m252_same,6,8,same,query,search,fixed_hit,perturbation,SAT,129,30,99,0,38,0,30,99,0,167,129,81,5,43,549.587,537.437,81,5,43,549.587,537.437
r8_m252_same,6,8,same,query,search,fixed_hit,perturbation,UNSAT,1023,0,1023,0,0,0,0,1023,0,1023,1023,382,265,376,919.59,907.209,382,265,376,919.59,907.209
r8_m252_same,6,8,same,query,search,both,camera,SAT,805,72,733,0,141,49,72,733,0,946,854,417,22,366,5468.175,5350.249,417,22,366,5468.175,5350.249
r8_m252_same,6,8,same,query,search,both,camera,UNSAT,1427,0,1427,0,0,0,0,1427,0,1427,1427,586,125,716,2243.611,2239.768,586,125,716,2243.611,2239.768
r8_m252_same,6,8,same,query,search,both,perturbation,SAT,129,30,99,0,38,0,30,99,0,167,129,77,1,51,549.587,502.437,77,1,51,549.587,502.437
r8_m252_same,6,8,same,query,search,both,perturbation,UNSAT,1023,0,1023,0,0,0,0,1023,0,1023,1023,399,272,352,919.59,930.321,399,272,352,919.59,930.321
r8_m252_same,6,8,same,query,fixed_hit,both,camera,SAT,805,0,805,0,49,49,0,805,0,854,854,451,14,340,5657.151,5350.249,451,14,340,5657.151,5350.249
r8_m252_same,6,8,same,query,fixed_hit,both,camera,UNSAT,1427,0,1427,0,0,0,0,1427,0,1427,1427,698,131,598,2281.046,2239.768,698,131,598,2281.046,2239.768
r8_m252_same,6,8,same,query,fixed_hit,both,perturbation,SAT,129,0,129,0,0,0,0,129,0,129,129,66,4,59,537.437,502.437,66,4,59,537.437,502.437
r8_m252_same,6,8,same,query,fixed_hit,both,perturbation,UNSAT,1023,0,1023,0,0,0,0,1023,0,1023,1023,410,283,330,907.209,930.321,410,283,330,907.209,930.321
r8_m219_same,6,8,same,feasibility,search,decomposition,camera,SAT,9034,0,9034,0,1456,1456,0,8783,251,10490,11070,4353,595,4086,60276.847,60230.434,5068,79,3887,66921.972,67085.1216667
r8_m219_same,6,8,same,feasibility,search,decomposition,perturbation,SAT,13,0,13,0,6,6,0,11,2,19,24,5,0,8,63.727,62.574,5,0,8,66.0193333333,75.5753333333
r8_m219_same,6,8,same,feasibility,search,decomposition,perturbation,UNSAT,35,0,35,0,0,0,0,35,0,35,35,18,8,9,56.484,56.484,19,0,16,57.1676666667,58.0863333333
r8_m219_same,6,8,same,feasibility,search,fixed_hit,camera,SAT,9034,587,8447,0,1456,687,587,8447,0,10490,9721,4592,587,3855,60276.847,58843.034,4814,58,4162,66921.972,64423.771
r8_m219_same,6,8,same,feasibility,search,fixed_hit,perturbation,SAT,13,3,10,0,6,0,3,10,0,19,13,8,3,2,63.727,55.344,9,0,4,66.0193333333,58.6023333333
r8_m219_same,6,8,same,feasibility,search,fixed_hit,perturbation,UNSAT,35,0,35,0,0,0,0,35,0,35,35,13,11,11,56.484,56.453,17,1,17,57.1676666667,57.1993333333
r8_m219_same,6,8,same,feasibility,search,both,camera,SAT,9034,587,8447,0,1456,687,470,8422,142,10490,10047,4574,525,3935,60276.847,58858.548,4374,73,4587,66921.972,64737.237
r8_m219_same,6,8,same,feasibility,search,both,perturbation,SAT,13,3,10,0,6,0,3,10,0,19,13,9,1,3,63.727,55.497,9,0,4,66.0193333333,56.6606666667
r8_m219_same,6,8,same,feasibility,search,both,perturbation,UNSAT,35,0,35,0,0,0,0,35,0,35,35,12,11,12,56.484,56.488,15,1,19,57.1676666667,58.444
r8_m219_same,6,8,same,feasibility,fixed_hit,both,camera,SAT,9034,0,9034,0,687,687,0,8892,142,9721,10047,4182,614,4238,58843.034,58858.548,4934,66,4034,64423.771,64737.237
r8_m219_same,6,8,same,feasibility,fixed_hit,both,perturbation,SAT,13,0,13,0,0,0,0,13,0,13,13,6,2,5,55.344,55.497,9,0,4,58.6023333333,56.6606666667
r8_m219_same,6,8,same,feasibility,fixed_hit,both,perturbation,UNSAT,35,0,35,0,0,0,0,35,0,35,35,8,15,12,56.453,56.488,17,3,15,57.1993333333,58.444
r8_m219_same,6,8,same,projection,search,decomposition,camera,SAT,9034,0,9034,0,2858,2858,0,8783,251,16206,17366,4443,378,4213,99069.031,98950.697,5084,45,3905,108266.202333,109637.365
r8_m219_same,6,8,same,projection,search,decomposition,perturbation,SAT,13,0,13,0,16,16,0,11,2,43,54,5,0,8,133.794,131.138,5,0,8,136.100333333,141.137
r8_m219_same,6,8,same,projection,search,decomposition,perturbation,UNSAT,35,0,35,0,0,0,0,35,0,0,0,19,6,10,56.516,56.295,17,4,14,56.73,58.8383333333
r8_m219_same,6,8,same,projection,search,fixed_hit,camera,SAT,9034,546,8475,13,2858,1581,241,8699,94,16206,15686,4318,368,4348,99069.031,98744.884,4497,41,4496,108266.202333,109988.5
r8_m219_same,6,8,same,projection,search,fixed_hit,perturbation,SAT,13,3,10,0,16,0,3,10,0,43,31,6,1,6,133.794,120.604,6,0,7,136.100333333,122.973333333
r8_m219_same,6,8,same,projection,search,fixed_hit,perturbation,UNSAT,35,0,35,0,0,0,0,35,0,0,0,18,13,4,56.516,56.256,17,2,16,56.73,60.232
r8_m219_same,6,8,same,projection,search,both,camera,SAT,9034,546,8475,13,2858,1581,237,8645,152,16206,16438,4407,383,4244,99069.031,99208.029,4189,39,4806,108266.202333,107870.887667
r8_m219_same,6,8,same,projection,search,both,perturbation,SAT,13,3,10,0,16,0,3,10,0,43,31,8,0,5,133.794,119.47,9,0,4,136.100333333,121.539333333
r8_m219_same,6,8,same,projection,search,both,perturbation,UNSAT,35,0,35,0,0,0,0,35,0,0,0,14,9,12,56.516,56.322,17,0,18,56.73,57.1216666667
r8_m219_same,6,8,same,projection,fixed_hit,both,camera,SAT,9034,0,9034,0,1581,1581,0,8892,142,15686,16438,4315,364,4355,98744.884,99208.029,4933,44,4057,109988.5,107870.887667
r8_m219_same,6,8,same,projection,fixed_hit,both,perturbation,SAT,13,0,13,0,0,0,0,13,0,31,31,9,0,4,120.604,119.47,10,0,3,122.973333333,121.539333333
r8_m219_same,6,8,same,projection,fixed_hit,both,perturbation,UNSAT,35,0,35,0,0,0,0,35,0,0,0,8,10,17,56.256,56.322,20,0,15,60.232,57.1216666667
r8_m219_same,6,8,same,query,search,decomposition,camera,SAT,822,0,822,0,108,108,0,798,24,930,980,430,23,369,8726.15,7256.297,430,23,369,8726.15,7256.297
r8_m219_same,6,8,same,query,search,decomposition,camera,UNSAT,1482,0,1482,0,0,0,0,1482,0,1482,1482,676,138,668,1965.1,3014.673,676,138,668,1965.1,3014.673
r8_m219_same,6,8,same,query,search,decomposition,perturbation,SAT,125,0,125,0,55,55,0,107,18,180,218,73,0,52,591.291,561.205,73,0,52,591.291,561.205
r8_m219_same,6,8,same,query,search,decomposition,perturbation,UNSAT,1027,0,1027,0,0,0,0,1027,0,1027,1027,416,232,379,956.888,1160.501,416,232,379,956.888,1160.501
r8_m219_same,6,8,same,query,search,fixed_hit,camera,SAT,822,42,780,0,108,44,42,780,0,930,866,425,8,389,8726.15,5439.135,425,8,389,8726.15,5439.135
r8_m219_same,6,8,same,query,search,fixed_hit,camera,UNSAT,1482,0,1482,0,0,0,0,1482,0,1482,1482,657,118,707,1965.1,2046.484,657,118,707,1965.1,2046.484
r8_m219_same,6,8,same,query,search,fixed_hit,perturbation,SAT,125,35,90,0,55,0,35,90,0,180,125,82,4,39,591.291,503.286,82,4,39,591.291,503.286
r8_m219_same,6,8,same,query,search,fixed_hit,perturbation,UNSAT,1027,0,1027,0,0,0,0,1027,0,1027,1027,408,200,419,956.888,1009.084,408,200,419,956.888,1009.084
r8_m219_same,6,8,same,query,search,both,camera,SAT,822,42,780,0,108,44,38,780,4,930,874,404,15,403,8726.15,5356.69,404,15,403,8726.15,5356.69
r8_m219_same,6,8,same,query,search,both,camera,UNSAT,1482,0,1482,0,0,0,0,1482,0,1482,1482,609,149,724,1965.1,1962.552,609,149,724,1965.1,1962.552
r8_m219_same,6,8,same,query,search,both,perturbation,SAT,125,35,90,0,55,0,35,90,0,180,125,83,3,39,591.291,488.926,83,3,39,591.291,488.926
r8_m219_same,6,8,same,query,search,both,perturbation,UNSAT,1027,0,1027,0,0,0,0,1027,0,1027,1027,409,217,401,956.888,1023.495,409,217,401,956.888,1023.495
r8_m219_same,6,8,same,query,fixed_hit,both,camera,SAT,822,0,822,0,44,44,0,818,4,866,874,453,17,352,5439.135,5356.69,453,17,352,5439.135,5356.69
r8_m219_same,6,8,same,query,fixed_hit,both,camera,UNSAT,1482,0,1482,0,0,0,0,1482,0,1482,1482,751,145,586,2046.484,1962.552,751,145,586,2046.484,1962.552
r8_m219_same,6,8,same,query,fixed_hit,both,perturbation,SAT,125,0,125,0,0,0,0,125,0,125,125,65,8,52,503.286,488.926,65,8,52,503.286,488.926
r8_m219_same,6,8,same,query,fixed_hit,both,perturbation,UNSAT,1027,0,1027,0,0,0,0,1027,0,1027,1027,446,248,333,1009.084,1023.495,446,248,333,1009.084,1023.495
r8_m219_split,6,8,split,feasibility,search,decomposition,camera,SAT,11254,0,11254,0,1147,1147,0,11043,211,12401,12901,5559,495,5200,69215.841,69105.441,6240,76,4938,75004.8963333,75033.3376667
r8_m219_split,6,8,split,feasibility,search,decomposition,perturbation,SAT,14,0,14,0,9,9,0,11,3,23,31,9,0,5,73.012,70.239,8,0,6,73.8293333333,72.614
r8_m219_split,6,8,split,feasibility,search,decomposition,perturbation,UNSAT,34,0,34,0,0,0,0,34,0,34,34,14,9,11,47.163,47.144,20,4,10,48.3776666667,49.032
r8_m219_split,6,8,split,feasibility,search,fixed_hit,camera,SAT,11254,585,10636,33,1147,413,585,10636,33,12401,11667,5654,484,5116,69215.841,68100.799,5872,68,5314,75004.8963333,74377.742
r8_m219_split,6,8,split,feasibility,search,fixed_hit,perturbation,SAT,14,4,10,0,9,0,4,10,0,23,14,11,0,3,73.012,59.041,11,0,3,73.8293333333,61.0356666667
r8_m219_split,6,8,split,feasibility,search,fixed_hit,perturbation,UNSAT,34,0,34,0,0,0,0,34,0,34,34,12,11,11,47.163,47.24,16,2,16,48.3776666667,48.4583333333
r8_m219_split,6,8,split,feasibility,search,both,camera,SAT,11254,585,10636,33,1147,413,496,10623,135,12401,11913,5553,432,5269,69215.841,68106.365,5236,54,5964,75004.8963333,73900.7506667
r8_m219_split,6,8,split,feasibility,search,both,perturbation,SAT,14,4,10,0,9,0,4,10,0,23,14,11,0,3,73.012,57.936,9,0,5,73.8293333333,61.6923333333
r8_m219_split,6,8,split,feasibility,search,both,perturbation,UNSAT,34,0,34,0,0,0,0,34,0,34,34,13,9,12,47.163,47.26,16,1,17,48.3776666667,48.9773333333
r8_m219_split,6,8,split,feasibility,fixed_hit,both,camera,SAT,11254,0,11254,0,413,413,0,11152,102,11667,11913,5439,504,5311,68100.799,68106.365,6097,76,5081,74377.742,73900.7506667
r8_m219_split,6,8,split,feasibility,fixed_hit,both,perturbation,SAT,14,0,14,0,0,0,0,14,0,14,14,9,0,5,59.041,57.936,7,0,7,61.0356666667,61.6923333333
r8_m219_split,6,8,split,feasibility,fixed_hit,both,perturbation,UNSAT,34,0,34,0,0,0,0,34,0,34,34,16,8,10,47.24,47.26,19,0,15,48.4583333333,48.9773333333
r8_m219_split,6,8,split,projection,search,decomposition,camera,SAT,11254,0,11254,0,2247,2247,0,11043,211,16779,17775,5418,277,5559,109765.858,109325.61,5958,40,5256,119449.565333,118001.951667
r8_m219_split,6,8,split,projection,search,decomposition,perturbation,SAT,14,0,14,0,25,25,0,11,3,55,75,8,0,6,155.855,148.202,11,0,3,168.514333333,167.572333333
r8_m219_split,6,8,split,projection,search,decomposition,perturbation,UNSAT,34,0,34,0,0,0,0,34,0,0,0,11,9,14,47.563,47.53,17,1,16,48.175,48.3583333333
r8_m219_split,6,8,split,projection,search,fixed_hit,camera,SAT,11254,528,10684,42,2247,1107,210,10949,95,16779,16336,5234,269,5751,109765.858,109321.305,5567,40,5647,119449.565333,117792.283
r8_m219_split,6,8,split,projection,search,fixed_hit,perturbation,SAT,14,4,10,0,25,0,4,10,0,55,37,10,0,4,155.855,134.385,9,0,5,168.514333333,139.457
r8_m219_split,6,8,split,projection,search,fixed_hit,perturbation,UNSAT,34,0,34,0,0,0,0,34,0,0,0,16,3,15,47.563,47.434,17,2,15,48.175,48.126
r8_m219_split,6,8,split,projection,search,both,camera,SAT,11254,527,10684,43,2247,1115,206,10913,135,16779,16937,5055,284,5915,109765.858,109248.778,5036,49,6169,119449.565333,118250.739
r8_m219_split,6,8,split,projection,search,both,perturbation,SAT,14,4,10,0,25,0,4,10,0,55,37,9,0,5,155.855,140.783,7,0,7,168.514333333,208.579
r8_m219_split,6,8,split,projection,search,both,perturbation,UNSAT,34,0,34,0,0,0,0,34,0,0,0,12,9,13,47.563,47.541,15,3,16,48.175,129.482
r8_m219_split,6,8,split,projection,fixed_hit,both,camera,SAT,11254,0,11250,4,1107,1115,0,11152,102,16336,16937,5458,252,5544,109321.305,109248.778,5879,49,5326,117792.283,118250.739
r8_m219_split,6,8,split,projection,fixed_hit,both,perturbation,SAT,14,0,14,0,0,0,0,14,0,37,37,6,0,8,134.385,140.783,8,0,6,139.457,208.579
r8_m219_split,6,8,split,projection,fixed_hit,both,perturbation,UNSAT,34,0,34,0,0,0,0,34,0,0,0,14,10,10,47.434,47.541,19,1,14,48.126,129.482
r8_m219_split,6,8,split,query,search,decomposition,camera,SAT,971,0,971,0,42,42,0,957,14,1013,1043,518,17,436,5915.389,5799.24,518,17,436,5915.389,5799.24
r8_m219_split,6,8,split,query,search,decomposition,camera,UNSAT,1861,0,1861,0,0,0,0,1861,0,1861,1861,897,171,793,2399.621,2387.332,897,171,793,2399.621,2387.332
r8_m219_split,6,8,split,query,search,decomposition,perturbation,SAT,138,0,138,0,85,85,0,106,32,223,291,93,1,44,641.677,646.657,93,1,44,641.677,646.657
r8_m219_split,6,8,split,query,search,decomposition,perturbation,UNSAT,1014,0,1014,0,0,0,0,1014,0,1014,1014,433,219,362,995.907,904.908,433,219,362,995.907,904.908
r8_m219_split,6,8,split,query,search,fixed_hit,camera,SAT,971,26,945,0,42,0,26,945,0,1013,971,474,17,480,5915.389,5964.429,474,17,480,5915.389,5964.429
r8_m219_split,6,8,split,query,search,fixed_hit,camera,UNSAT,1861,0,1861,0,0,0,0,1861,0,1861,1861,848,149,864,2399.621,2722.051,848,149,864,2399.621,2722.051
r8_m219_split,6,8,split,query,search,fixed_hit,perturbation,SAT,138,49,89,0,85,0,49,89,0,223,138,86,2,50,641.677,555.973,86,2,50,641.677,555.973
r8_m219_split,6,8,split,query,search,fixed_hit,perturbation,UNSAT,1014,0,1014,0,0,0,0,1014,0,1014,1014,373,219,422,995.907,901.532,373,219,422,995.907,901.532
r8_m219_split,6,8,split,query,search,both,camera,SAT,971,26,945,0,42,0,26,945,0,1013,971,475,27,469,5915.389,5767.416,475,27,469,5915.389,5767.416
r8_m219_split,6,8,split,query,search,both,camera,UNSAT,1861,0,1861,0,0,0,0,1861,0,1861,1861,798,177,886,2399.621,2540.391,798,177,886,2399.621,2540.391
r8_m219_split,6,8,split,query,search,both,perturbation,SAT,138,49,89,0,85,0,49,89,0,223,138,82,0,56,641.677,771.622,82,0,56,641.677,771.622
r8_m219_split,6,8,split,query,search,both,perturbation,UNSAT,1014,0,1014,0,0,0,0,1014,0,1014,1014,403,219,392,995.907,860.187,403,219,392,995.907,860.187
r8_m219_split,6,8,split,query,fixed_hit,both,camera,SAT,971,0,971,0,0,0,0,971,0,971,971,534,12,425,5964.429,5767.416,534,12,425,5964.429,5767.416
r8_m219_split,6,8,split,query,fixed_hit,both,camera,UNSAT,1861,0,1861,0,0,0,0,1861,0,1861,1861,934,160,767,2722.051,2540.391,934,160,767,2722.051,2540.391
r8_m219_split,6,8,split,query,fixed_hit,both,perturbation,SAT,138,0,138,0,0,0,0,138,0,138,138,58,4,76,555.973,771.622,58,4,76,555.973,771.622
r8_m219_split,6,8,split,query,fixed_hit,both,perturbation,UNSAT,1014,0,1014,0,0,0,0,1014,0,1014,1014,448,222,344,901.532,860.187,448,222,344,901.532,860.187
r8_m231_split,6,8,split,feasibility,search,decomposition,camera,SAT,11353,0,11353,0,1153,1153,0,11142,211,12506,13006,5459,711,5183,70012.823,69852.428,6089,130,5134,76943.2583333,74873.3463333
r8_m231_split,6,8,split,feasibility,search,decomposition,perturbation,SAT,16,0,16,0,10,10,0,14,2,26,31,10,0,6,84.508,89.335,9,0,7,86.0743333333,135.198
r8_m231_split,6,8,split,feasibility,search,decomposition,perturbation,UNSAT,32,0,32,0,0,0,0,32,0,32,32,11,9,12,49.865,49.112,15,3,14,58.8606666667,50.4316666667
r8_m231_split,6,8,split,feasibility,search,fixed_hit,camera,SAT,11353,600,10720,33,1153,404,600,10720,33,12506,11757,5536,717,5100,70012.823,68744.711,5891,102,5360,76943.2583333,74224.908
r8_m231_split,6,8,split,feasibility,search,fixed_hit,perturbation,SAT,16,7,9,0,10,1,7,9,0,26,17,11,1,4,84.508,69.486,12,0,4,86.0743333333,72.4426666667
r8_m231_split,6,8,split,feasibility,search,fixed_hit,perturbation,UNSAT,32,0,32,0,0,0,0,32,0,32,32,11,10,11,49.865,49.257,16,1,15,58.8606666667,51.7836666667
r8_m231_split,6,8,split,feasibility,search,both,camera,SAT,11353,600,10720,33,1153,404,511,10707,135,12506,12003,5668,695,4990,70012.823,68820.981,5520,97,5736,76943.2583333,74891.4763333
r8_m231_split,6,8,split,feasibility,search,both,perturbation,SAT,16,7,9,0,10,1,6,9,1,26,20,11,0,5,84.508,70.977,12,0,4,86.0743333333,72.54
r8_m231_split,6,8,split,feasibility,search,both,perturbation,UNSAT,32,0,32,0,0,0,0,32,0,32,32,8,9,15,49.865,49.264,13,2,17,58.8606666667,62.2473333333
r8_m231_split,6,8,split,feasibility,fixed_hit,both,camera,SAT,11353,0,11353,0,404,404,0,11251,102,11757,12003,5419,792,5142,68744.711,68820.981,6021,109,5223,74224.908,74891.4763333
r8_m231_split,6,8,split,feasibility,fixed_hit,both,perturbation,SAT,16,0,16,0,1,1,0,15,1,17,20,6,1,9,69.486,70.977,9,0,7,72.4426666667,72.54
r8_m231_split,6,8,split,feasibility,fixed_hit,both,perturbation,UNSAT,32,0,32,0,0,0,0,32,0,32,32,8,11,13,49.257,49.264,14,2,16,51.7836666667,62.2473333333
r8_m231_split,6,8,split,projection,search,decomposition,camera,SAT,11353,0,11353,0,2256,2256,0,11142,211,16684,17680,5610,453,5290,109433.308,109201.008,6163,68,5122,117259.634667,116818.872333
r8_m231_split,6,8,split,projection,search,decomposition,perturbation,SAT,16,0,16,0,18,18,0,14,2,50,61,8,1,7,158.378,214.243,9,0,7,161.414333333,228.475
r8_m231_split,6,8,split,projection,search,decomposition,perturbation,UNSAT,32,0,32,0,0,0,0,32,0,0,0,12,6,14,49.362,49.364,16,0,16,50.5016666667,50.032
r8_m231_split,6,8,split,projection,search,fixed_hit,camera,SAT,11353,543,10768,42,2256,1098,213,11044,96,16684,16241,5376,434,5543,109433.308,109212.019,5580,56,5717,117259.634667,117928.356333
r8_m231_split,6,8,split,projection,search,fixed_hit,perturbation,SAT,16,7,9,0,18,5,2,14,0,50,47,4,0,12,158.378,164.228,6,0,10,161.414333333,184.218
r8_m231_split,6,8,split,projection,search,fixed_hit,perturbation,UNSAT,32,0,32,0,0,0,0,32,0,0,0,8,10,14,49.362,49.405,14,0,18,50.5016666667,61.938
r8_m231_split,6,8,split,projection,search,both,camera,SAT,11353,542,10768,43,2256,1106,209,11009,135,16684,16841,5332,459,5562,109433.308,109272.697,5151,54,6148,117259.634667,118254.842333
r8_m231_split,6,8,split,projection,search,both,perturbation,SAT,16,7,9,0,18,5,1,14,1,50,58,3,1,12,158.378,168.125,3,0,13,161.414333333,169.286666667
r8_m231_split,6,8,split,projection,search,both,perturbation,UNSAT,32,0,32,0,0,0,0,32,0,0,0,10,5,17,49.362,49.335,13,3,16,50.5016666667,49.677
r8_m231_split,6,8,split,projection,fixed_hit,both,camera,SAT,11353,0,11349,4,1098,1106,0,11251,102,16241,16841,5503,443,5407,109212.019,109272.697,6097,67,5189,117928.356333,118254.842333
r8_m231_split,6,8,split,projection,fixed_hit,both,perturbation,SAT,16,0,16,0,5,5,0,15,1,47,58,7,0,9,164.228,168.125,12,0,4,184.218,169.286666667
r8_m231_split,6,8,split,projection,fixed_hit,both,perturbation,UNSAT,32,0,32,0,0,0,0,32,0,0,0,11,7,14,49.405,49.335,17,0,15,61.938,49.677
r8_m231_split,6,8,split,query,search,decomposition,camera,SAT,994,0,994,0,82,82,0,976,18,1076,1114,540,25,429,6154.821,6092.966,540,25,429,6154.821,6092.966
r8_m231_split,6,8,split,query,search,decomposition,camera,UNSAT,1862,0,1862,0,0,0,0,1862,0,1862,1862,920,178,764,2495.847,2513.396,920,178,764,2495.847,2513.396
r8_m231_split,6,8,split,query,search,decomposition,perturbation,SAT,156,0,156,0,79,79,0,137,19,235,275,81,5,70,745.889,765.438,81,5,70,745.889,765.438
r8_m231_split,6,8,split,query,search,decomposition,perturbation,UNSAT,996,0,996,0,0,0,0,996,0,996,996,411,248,337,1096.398,928.394,411,248,337,1096.398,928.394
r8_m231_split,6,8,split,query,search,fixed_hit,camera,SAT,994,50,944,0,82,12,50,944,0,1076,1006,514,16,464,6154.821,6454.043,514,16,464,6154.821,6454.043
r8_m231_split,6,8,split,query,search,fixed_hit,camera,UNSAT,1862,0,1862,0,0,0,0,1862,0,1862,1862,862,165,835,2495.847,2481.464,862,165,835,2495.847,2481.464
r8_m231_split,6,8,split,query,search,fixed_hit,perturbation,SAT,156,58,98,0,79,10,58,98,0,235,166,102,3,51,745.889,742.029,102,3,51,745.889,742.029
r8_m231_split,6,8,split,query,search,fixed_hit,perturbation,UNSAT,996,0,996,0,0,0,0,996,0,996,996,380,214,402,1096.398,897.579,380,214,402,1096.398,897.579
r8_m231_split,6,8,split,query,search,both,camera,SAT,994,50,944,0,82,12,50,944,0,1076,1006,507,14,473,6154.821,6036.412,507,14,473,6154.821,6036.412
r8_m231_split,6,8,split,query,search,both,camera,UNSAT,1862,0,1862,0,0,0,0,1862,0,1862,1862,824,178,860,2495.847,2519.28,824,178,860,2495.847,2519.28
r8_m231_split,6,8,split,query,search,both,perturbation,SAT,156,58,98,0,79,10,48,98,10,235,188,107,1,48,745.889,625.657,107,1,48,745.889,625.657
r8_m231_split,6,8,split,query,search,both,perturbation,UNSAT,996,0,996,0,0,0,0,996,0,996,996,371,248,377,1096.398,866.509,371,248,377,1096.398,866.509
r8_m231_split,6,8,split,query,fixed_hit,both,camera,SAT,994,0,994,0,12,12,0,994,0,1006,1006,539,23,432,6454.043,6036.412,539,23,432,6454.043,6036.412
r8_m231_split,6,8,split,query,fixed_hit,both,camera,UNSAT,1862,0,1862,0,0,0,0,1862,0,1862,1862,928,169,765,2481.464,2519.28,928,169,765,2481.464,2519.28
r8_m231_split,6,8,split,query,fixed_hit,both,perturbation,SAT,156,0,156,0,10,10,0,146,10,166,188,95,3,58,742.029,625.657,95,3,58,742.029,625.657
r8_m231_split,6,8,split,query,fixed_hit,both,perturbation,UNSAT,996,0,996,0,0,0,0,996,0,996,996,416,251,329,897.579,866.509,416,251,329,897.579,866.509
r8_m231_same,6,8,same,feasibility,search,decomposition,camera,SAT,9358,0,9358,0,1436,1436,0,9107,251,10794,11374,4685,404,4269,63013.232,62811.618,5380,54,3924,70118.2673333,70063.131
r8_m231_same,6,8,same,feasibility,search,decomposition,perturbation,SAT,17,0,17,0,12,12,0,15,2,29,34,10,1,6,102.115,101.085,11,0,6,106.114,111.422
r8_m231_same,6,8,same,feasibility,search,decomposition,perturbation,UNSAT,31,0,31,0,0,0,0,31,0,31,31,14,8,9,50.437,50.372,16,2,13,52.3166666667,51.7746666667
r8_m231_same,6,8,same,feasibility,search,fixed_hit,camera,SAT,9358,620,8738,0,1436,634,620,8738,0,10794,9992,4820,371,4167,63013.232,61412.306,4926,41,4391,70118.2673333,69868.17
r8_m231_same,6,8,same,feasibility,search,fixed_hit,perturbation,SAT,17,8,9,0,12,3,8,9,0,29,20,13,0,4,102.115,83.338,11,0,6,106.114,85.9116666667
r8_m231_same,6,8,same,feasibility,search,fixed_hit,perturbation,UNSAT,31,0,31,0,0,0,0,31,0,31,31,9,6,16,50.437,51.31,11,1,19,52.3166666667,53.2563333333
r8_m231_same,6,8,same,feasibility,search,both,camera,SAT,9358,620,8738,0,1436,634,503,8713,142,10794,10318,4744,385,4229,63013.232,61578.434,4415,54,4889,70118.2673333,70030.6233333
r8_m231_same,6,8,same,feasibility,search,both,perturbation,SAT,17,8,9,0,12,3,6,9,2,29,25,13,1,3,102.115,86.251,11,1,5,106.114,91.0173333333
r8_m231_same,6,8,same,feasibility,search,both,perturbation,UNSAT,31,0,31,0,0,0,0,31,0,31,31,8,11,12,50.437,50.314,12,1,18,52.3166666667,51.9396666667
r8_m231_same,6,8,same,feasibility,fixed_hit,both,camera,SAT,9358,0,9358,0,634,634,0,9216,142,9992,10318,4516,440,4402,61412.306,61578.434,5287,60,4011,69868.17,70030.6233333
r8_m231_same,6,8,same,feasibility,fixed_hit,both,perturbation,SAT,17,0,17,0,3,3,0,15,2,20,25,11,1,5,83.338,86.251,10,0,7,85.9116666667,91.0173333333
r8_m231_same,6,8,same,feasibility,fixed_hit,both,perturbation,UNSAT,31,0,31,0,0,0,0,31,0,31,31,15,7,9,51.31,50.314,18,1,12,53.2563333333,51.9396666667
r8_m231_same,6,8,same,projection,search,decomposition,camera,SAT,9358,0,9358,0,2870,2870,0,9107,251,16153,17313,4643,237,4478,102096.097,101946.426,5142,28,4188,111355.053,113600.550333
r8_m231_same,6,8,same,projection,search,decomposition,perturbation,SAT,17,0,17,0,25,25,0,15,2,65,80,10,0,7,213.134,263.289,12,0,5,283.800666667,278.59
r8_m231_same,6,8,same,projection,search,decomposition,perturbation,UNSAT,31,0,31,0,0,0,0,31,0,0,0,10,9,12,50.587,50.654,13,3,15,51.621,51.161
r8_m231_same,6,8,same,projection,search,fixed_hit,camera,SAT,9358,579,8766,13,2870,1546,256,9008,94,16153,15614,4453,204,4701,102096.097,101844.622,4683,21,4654,111355.053,113751.267
r8_m231_same,6,8,same,projection,search,fixed_hit,perturbation,SAT,17,7,10,0,25,15,1,15,1,65,66,6,0,11,213.134,219.433,4,1,12,283.800666667,235.339
r8_m231_same,6,8,same,projection,search,fixed_hit,perturbation,UNSAT,31,0,31,0,0,0,0,31,0,0,0,11,11,9,50.587,50.417,10,2,19,51.621,257.912666667
r8_m231_same,6,8,same,projection,search,both,camera,SAT,9358,579,8766,13,2870,1546,252,8954,152,16153,16366,4257,216,4885,102096.097,102149.113,4125,40,5193,111355.053,114631.591333
r8_m231_same,6,8,same,projection,search,both,perturbation,SAT,17,7,10,0,25,15,0,15,2,65,83,2,0,15,213.134,232.312,4,0,13,283.800666667,262.047
r8_m231_same,6,8,same,projection,search,both,perturbation,UNSAT,31,0,31,0,0,0,0,31,0,0,0,10,7,14,50.587,50.442,9,1,21,51.621,51.3583333333
r8_m231_same,6,8,same,projection,fixed_hit,both,camera,SAT,9358,0,9358,0,1546,1546,0,9216,142,15614,16366,4455,222,4681,101844.622,102149.113,4936,35,4387,113751.267,114631.591333
r8_m231_same,6,8,same,projection,fixed_hit,both,perturbation,SAT,17,0,17,0,15,15,0,15,2,66,83,6,1,10,219.433,232.312,9,0,8,235.339,262.047
r8_m231_same,6,8,same,projection,fixed_hit,both,perturbation,UNSAT,31,0,31,0,0,0,0,31,0,0,0,11,6,14,50.417,50.442,15,2,14,257.912666667,51.3583333333
r8_m231_same,6,8,same,query,search,decomposition,camera,SAT,842,0,842,0,116,116,0,824,18,958,996,459,23,360,5622.288,5612.723,459,23,360,5622.288,5612.723
r8_m231_same,6,8,same,query,search,decomposition,camera,UNSAT,1534,0,1534,0,0,0,0,1534,0,1534,1534,735,142,657,2120.921,2294.208,735,142,657,2120.921,2294.208
r8_m231_same,6,8,same,query,search,decomposition,perturbation,SAT,171,0,171,0,102,102,0,146,25,273,325,107,1,63,1790.165,1435.02,107,1,63,1790.165,1435.02
r8_m231_same,6,8,same,query,search,decomposition,perturbation,UNSAT,981,0,981,0,0,0,0,981,0,981,981,389,237,355,1061.582,960.585,389,237,355,1061.582,960.585
r8_m231_same,6,8,same,query,search,fixed_hit,camera,SAT,842,52,790,0,116,44,52,790,0,958,886,454,11,377,5622.288,5273.852,454,11,377,5622.288,5273.852
r8_m231_same,6,8,same,query,search,fixed_hit,camera,UNSAT,1534,0,1534,0,0,0,0,1534,0,1534,1534,720,111,703,2120.921,2376.115,720,111,703,2120.921,2376.115
r8_m231_same,6,8,same,query,search,fixed_hit,perturbation,SAT,171,62,109,0,102,30,62,109,0,273,201,115,1,55,1790.165,882.068,115,1,55,1790.165,882.068
r8_m231_same,6,8,same,query,search,fixed_hit,perturbation,UNSAT,981,0,981,0,0,0,0,981,0,981,981,383,213,385,1061.582,1003.629,383,213,385,1061.582,1003.629
r8_m231_same,6,8,same,query,search,both,camera,SAT,842,52,790,0,116,44,52,790,0,958,886,411,11,420,5622.288,6767.253,411,11,420,5622.288,6767.253
r8_m231_same,6,8,same,query,search,both,camera,UNSAT,1534,0,1534,0,0,0,0,1534,0,1534,1534,656,140,738,2120.921,2227.55,656,140,738,2120.921,2227.55
r8_m231_same,6,8,same,query,search,both,perturbation,SAT,171,62,109,0,102,30,45,109,17,273,237,108,3,60,1790.165,1256.291,108,3,60,1790.165,1256.291
r8_m231_same,6,8,same,query,search,both,perturbation,UNSAT,981,0,981,0,0,0,0,981,0,981,981,372,190,419,1061.582,1400.451,372,190,419,1061.582,1400.451
r8_m231_same,6,8,same,query,fixed_hit,both,camera,SAT,842,0,842,0,44,44,0,842,0,886,886,448,11,383,5273.852,6767.253,448,11,383,5273.852,6767.253
r8_m231_same,6,8,same,query,fixed_hit,both,camera,UNSAT,1534,0,1534,0,0,0,0,1534,0,1534,1534,751,127,656,2376.115,2227.55,751,127,656,2376.115,2227.55
r8_m231_same,6,8,same,query,fixed_hit,both,perturbation,SAT,171,0,171,0,30,30,0,154,17,201,237,69,8,94,882.068,1256.291,69,8,94,882.068,1256.291
r8_m231_same,6,8,same,query,fixed_hit,both,perturbation,UNSAT,981,0,981,0,0,0,0,981,0,981,981,423,200,358,1003.629,1400.451,423,200,358,1003.629,1400.451
r8_m127_same,7,8,same,feasibility,search,decomposition,camera,SAT,11722,0,11722,0,2201,2201,0,11409,313,13923,14711,5666,685,5371,84935.551,84691.707,6638,68,5016,92645.782,92333.4586667
r8_m127_same,7,8,same,feasibility,search,decomposition,perturbation,SAT,16,0,16,0,11,11,0,14,2,27,33,9,2,5,92.55,90.536,7,0,9,96.6193333333,92.0963333333
r8_m127_same,7,8,same,feasibility,search,decomposition,perturbation,UNSAT,32,0,32,0,0,0,0,32,0,32,32,11,13,8,49.176,49.125,20,1,11,49.6086666667,49.9576666667
r8_m127_same,7,8,same,feasibility,search,fixed_hit,camera,SAT,11722,739,10978,5,2201,1231,739,10978,5,13923,12953,5992,606,5124,84935.551,82712.898,6257,47,5418,92645.782,90139.1166667
r8_m127_same,7,8,same,feasibility,search,fixed_hit,perturbation,SAT,16,5,11,0,11,3,5,11,0,27,19,10,2,4,92.55,79.137,10,0,6,96.6193333333,86.941
r8_m127_same,7,8,same,feasibility,search,fixed_hit,perturbation,UNSAT,32,0,32,0,0,0,0,32,0,32,32,10,11,11,49.176,49.358,13,2,17,49.6086666667,51.0926666667
r8_m127_same,7,8,same,feasibility,search,both,camera,SAT,11722,739,10978,5,2201,1231,568,10938,216,13923,13485,5906,610,5206,84935.551,82850.527,5590,73,6059,92645.782,88975.01
r8_m127_same,7,8,same,feasibility,search,both,perturbation,SAT,16,5,11,0,11,3,4,11,1,27,22,10,1,5,92.55,78.971,10,0,6,96.6193333333,81.4243333333
r8_m127_same,7,8,same,feasibility,search,both,perturbation,UNSAT,32,0,32,0,0,0,0,32,0,32,32,9,8,15,49.176,49.666,12,1,19,49.6086666667,50.992
r8_m127_same,7,8,same,feasibility,fixed_hit,both,camera,SAT,11722,0,11722,0,1231,1231,0,11511,211,12953,13485,5599,649,5474,82712.898,82850.527,6569,74,5079,90139.1166667,88975.01
r8_m127_same,7,8,same,feasibility,fixed_hit,both,perturbation,SAT,16,0,16,0,3,3,0,15,1,19,22,9,0,7,79.137,78.971,10,0,6,86.941,81.4243333333
r8_m127_same,7,8,same,feasibility,fixed_hit,both,perturbation,UNSAT,32,0,32,0,0,0,0,32,0,32,32,11,6,15,49.358,49.666,18,0,14,51.0926666667,50.992
r8_m127_same,7,8,same,projection,search,decomposition,camera,SAT,11722,0,11722,0,4909,4909,0,11409,313,23515,25555,5855,375,5492,142989.386,142380.379,6662,55,5005,155300.768,153018.140333
r8_m127_same,7,8,same,projection,search,decomposition,perturbation,SAT,16,0,16,0,28,28,0,14,2,74,92,11,0,5,224.307,219.254,10,0,6,250.584666667,221.682666667
r8_m127_same,7,8,same,projection,search,decomposition,perturbation,UNSAT,32,0,32,0,0,0,0,32,0,0,0,9,13,10,49.236,49.214,18,2,12,49.5756666667,49.5743333333
r8_m127_same,7,8,same,projection,search,fixed_hit,camera,SAT,11722,724,10947,51,4909,3281,308,11250,164,23515,22944,5616,399,5707,142989.386,142427.098,5828,35,5859,155300.768,154169.808667
r8_m127_same,7,8,same,projection,search,fixed_hit,perturbation,SAT,16,4,12,0,28,12,4,11,1,74,63,10,0,6,224.307,211.641,9,0,7,250.584666667,225.682666667
r8_m127_same,7,8,same,projection,search,fixed_hit,perturbation,UNSAT,32,0,32,0,0,0,0,32,0,0,0,14,7,11,49.236,49.241,15,2,15,49.5756666667,50.393
r8_m127_same,7,8,same,projection,search,both,camera,SAT,11722,724,10947,51,4909,3281,294,11173,255,23515,24635,5557,420,5745,142989.386,142745.806,5305,49,6368,155300.768,153754.140667
r8_m127_same,7,8,same,projection,search,both,perturbation,SAT,16,4,12,0,28,12,4,11,1,74,74,8,0,8,224.307,211.79,8,0,8,250.584666667,219.801666667
r8_m127_same,7,8,same,projection,search,both,perturbation,UNSAT,32,0,32,0,0,0,0,32,0,0,0,11,7,14,49.236,49.533,13,0,19,49.5756666667,50.3523333333
r8_m127_same,7,8,same,projection,fixed_hit,both,camera,SAT,11722,0,11722,0,3281,3281,0,11511,211,22944,24635,5591,396,5735,142427.098,142745.806,6386,48,5288,154169.808667,153754.140667
r8_m127_same,7,8,same,projection,fixed_hit,both,perturbation,SAT,16,0,16,0,12,12,0,15,1,63,74,5,1,10,211.641,211.79,9,0,7,225.682666667,219.801666667
r8_m127_same,7,8,same,projection,fixed_hit,both,perturbation,UNSAT,32,0,32,0,0,0,0,32,0,0,0,10,12,10,49.241,49.533,19,1,12,50.393,50.3523333333
r8_m127_same,7,8,same,query,search,decomposition,camera,SAT,1086,0,1086,0,169,169,0,1062,24,1255,1305,586,22,478,8170.126,7930.34,586,22,478,8170.126,7930.34
r8_m127_same,7,8,same,query,search,decomposition,camera,UNSAT,1914,0,1914,0,0,0,0,1914,0,1914,1914,969,135,810,3068.98,3176.546,969,135,810,3068.98,3176.546
r8_m127_same,7,8,same,query,search,decomposition,perturbation,SAT,169,0,169,0,101,101,0,141,28,270,330,116,1,52,994.087,892.092,116,1,52,994.087,892.092
r8_m127_same,7,8,same,query,search,decomposition,perturbation,UNSAT,983,0,983,0,0,0,0,983,0,983,983,340,228,415,917.765,937.394,340,228,415,917.765,937.394
r8_m127_same,7,8,same,query,search,fixed_hit,camera,SAT,1086,81,1005,0,169,68,81,1005,0,1255,1154,602,19,465,8170.126,7749.5,602,19,465,8170.126,7749.5
r8_m127_same,7,8,same,query,search,fixed_hit,camera,UNSAT,1914,0,1914,0,0,0,0,1914,0,1914,1914,916,140,858,3068.98,3130.38,916,140,858,3068.98,3130.38
r8_m127_same,7,8,same,query,search,fixed_hit,perturbation,SAT,169,51,118,0,101,30,51,118,0,270,199,118,0,51,994.087,867.09,118,0,51,994.087,867.09
r8_m127_same,7,8,same,query,search,fixed_hit,perturbation,UNSAT,983,0,983,0,0,0,0,983,0,983,983,316,226,441,917.765,976.778,316,226,441,917.765,976.778
r8_m127_same,7,8,same,query,search,both,camera,SAT,1086,81,1005,0,169,68,75,1005,6,1255,1166,549,17,520,8170.126,7944.749,549,17,520,8170.126,7944.749
r8_m127_same,7,8,same,query,search,both,camera,UNSAT,1914,0,1914,0,0,0,0,1914,0,1914,1914,811,141,962,3068.98,3040.23,811,141,962,3068.98,3040.23
r8_m127_same,7,8,same,query,search,both,perturbation,SAT,169,51,118,0,101,30,41,114,14,270,229,127,4,38,994.087,773.418,127,4,38,994.087,773.418
r8_m127_same,7,8,same,query,search,both,perturbation,UNSAT,983,0,983,0,0,0,0,983,0,983,983,342,236,405,917.765,935.07,342,236,405,917.765,935.07
r8_m127_same,7,8,same,query,fixed_hit,both,camera,SAT,1086,0,1086,0,68,68,0,1080,6,1154,1166,587,17,482,7749.5,7944.749,587,17,482,7749.5,7944.749
r8_m127_same,7,8,same,query,fixed_hit,both,camera,UNSAT,1914,0,1914,0,0,0,0,1914,0,1914,1914,946,153,815,3130.38,3040.23,946,153,815,3130.38,3040.23
r8_m127_same,7,8,same,query,fixed_hit,both,perturbation,SAT,169,0,169,0,30,30,0,155,14,199,229,100,1,68,867.09,773.418,100,1,68,867.09,773.418
r8_m127_same,7,8,same,query,fixed_hit,both,perturbation,UNSAT,983,0,983,0,0,0,0,983,0,983,983,449,205,329,976.778,935.07,449,205,329,976.778,935.07
r8_m127_split,7,8,split,feasibility,search,decomposition,camera,SAT,15748,0,15748,0,1707,1707,0,15475,273,17455,18163,7870,749,7129,103100.7,102873.408,8520,111,7117,116381.468667,116221.938333
r8_m127_split,7,8,split,feasibility,search,decomposition,perturbation,SAT,16,0,16,0,11,11,0,14,2,27,33,9,2,5,90.698,89.096,7,0,9,93.2283333333,101.154
r8_m127_split,7,8,split,feasibility,search,decomposition,perturbation,UNSAT,32,0,32,0,0,0,0,32,0,32,32,9,12,11,44.709,44.133,18,5,9,65.9466666667,46.8886666667
r8_m127_split,7,8,split,feasibility,search,fixed_hit,camera,SAT,15748,828,14854,66,1707,695,828,14854,66,17455,16443,7852,752,7144,103100.7,101405.48,8132,104,7512,116381.468667,113647.254333
r8_m127_split,7,8,split,feasibility,search,fixed_hit,perturbation,SAT,16,5,11,0,11,3,5,11,0,27,19,12,0,4,90.698,76.055,10,0,6,93.2283333333,77.757
r8_m127_split,7,8,split,feasibility,search,fixed_hit,perturbation,UNSAT,32,0,32,0,0,0,0,32,0,32,32,13,8,11,44.709,44.318,18,0,14,65.9466666667,45.1323333333
r8_m127_split,7,8,split,feasibility,search,both,camera,SAT,15748,828,14854,66,1707,695,693,14834,221,17455,16863,7837,714,7197,103100.7,101499.425,7801,105,7842,116381.468667,112164.938
r8_m127_split,7,8,split,feasibility,search,both,perturbation,SAT,16,5,11,0,11,3,4,11,1,27,22,12,0,4,90.698,77.037,11,0,5,93.2283333333,77.3836666667
r8_m127_split,7,8,split,feasibility,search,both,perturbation,UNSAT,32,0,32,0,0,0,0,32,0,32,32,15,8,9,44.709,43.944,16,2,14,65.9466666667,46.1003333333
r8_m127_split,7,8,split,feasibility,fixed_hit,both,camera,SAT,15748,0,15748,0,695,695,0,15593,155,16443,16863,7626,734,7388,101405.48,101499.425,8437,124,7187,113647.254333,112164.938
r8_m127_split,7,8,split,feasibility,fixed_hit,both,perturbation,SAT,16,0,16,0,3,3,0,15,1,19,22,8,0,8,76.055,77.037,8,0,8,77.757,77.3836666667
r8_m127_split,7,8,split,feasibility,fixed_hit,both,perturbation,UNSAT,32,0,32,0,0,0,0,32,0,32,32,16,6,10,44.318,43.944,15,1,16,45.1323333333,46.1003333333
r8_m127_split,7,8,split,projection,search,decomposition,camera,SAT,15748,0,15748,0,3625,3625,0,15475,273,24728,26464,7736,400,7612,163064.943,162339.557,8471,70,7207,184199.315667,181674.456667
r8_m127_split,7,8,split,projection,search,decomposition,perturbation,SAT,16,0,16,0,28,28,0,14,2,64,82,10,0,6,191.05,185.571,4,0,12,203.375,192.153333333
r8_m127_split,7,8,split,projection,search,decomposition,perturbation,UNSAT,32,0,32,0,0,0,0,32,0,0,0,14,6,12,43.836,43.877,21,1,10,44.6436666667,45.1456666667
r8_m127_split,7,8,split,projection,search,fixed_hit,camera,SAT,15748,757,14925,66,3625,2020,290,15339,119,24728,24088,7443,352,7953,163064.943,162564.387,7742,66,7940,184199.315667,181481.487333
r8_m127_split,7,8,split,projection,search,fixed_hit,perturbation,SAT,16,4,12,0,28,12,4,11,1,64,53,10,0,6,191.05,180.292,11,0,5,203.375,197.486333333
r8_m127_split,7,8,split,projection,search,fixed_hit,perturbation,UNSAT,32,0,32,0,0,0,0,32,0,0,0,13,7,12,43.836,44.521,14,3,15,44.6436666667,58.8686666667
r8_m127_split,7,8,split,projection,search,both,camera,SAT,15748,756,14925,67,3625,2028,277,15279,192,24728,25425,7228,427,8093,163064.943,163012.974,7211,74,8463,184199.315667,181005.916
r8_m127_split,7,8,split,projection,search,both,perturbation,SAT,16,4,12,0,28,12,4,11,1,64,64,9,0,7,191.05,176.87,9,0,7,203.375,178.196333333
r8_m127_split,7,8,split,projection,search,both,perturbation,UNSAT,32,0,32,0,0,0,0,32,0,0,0,14,9,9,43.836,44.159,11,5,16,44.6436666667,45.3253333333
r8_m127_split,7,8,split,projection,fixed_hit,both,camera,SAT,15748,0,15744,4,2020,2028,0,15593,155,24088,25425,7601,432,7715,162564.387,163012.974,8168,64,7516,181481.487333,181005.916
r8_m127_split,7,8,split,projection,fixed_hit,both,perturbation,SAT,16,0,16,0,12,12,0,15,1,53,64,11,1,4,180.292,176.87,10,0,6,197.486333333,178.196333333
r8_m127_split,7,8,split,projection,fixed_hit,both,perturbation,UNSAT,32,0,32,0,0,0,0,32,0,0,0,11,11,10,44.521,44.159,14,1,17,58.8686666667,45.3253333333
r8_m127_split,7,8,split,query,search,decomposition,camera,SAT,1404,0,1404,0,115,115,0,1382,22,1519,1565,715,24,665,9148.71,9556.818,715,24,665,9148.71,9556.818
r8_m127_split,7,8,split,query,search,decomposition,camera,UNSAT,2580,0,2580,0,0,0,0,2580,0,2580,2580,1246,194,1140,4171.662,3997.359,1246,194,1140,4171.662,3997.359
r8_m127_split,7,8,split,query,search,decomposition,perturbation,SAT,159,0,159,0,101,101,0,131,28,260,320,74,3,82,949.412,3379.318,74,3,82,949.412,3379.318
r8_m127_split,7,8,split,query,search,decomposition,perturbation,UNSAT,993,0,993,0,0,0,0,993,0,993,993,430,207,356,944.326,891.536,430,207,356,944.326,891.536
r8_m127_split,7,8,split,query,search,fixed_hit,camera,SAT,1404,79,1313,12,115,24,79,1313,12,1519,1428,699,18,687,9148.71,9279.959,699,18,687,9148.71,9279.959
r8_m127_split,7,8,split,query,search,fixed_hit,camera,UNSAT,2580,0,2580,0,0,0,0,2580,0,2580,2580,1158,170,1252,4171.662,4060.391,1158,170,1252,4171.662,4060.391
r8_m127_split,7,8,split,query,search,fixed_hit,perturbation,SAT,159,51,108,0,101,30,51,108,0,260,189,108,4,47,949.412,698.478,108,4,47,949.412,698.478
r8_m127_split,7,8,split,query,search,fixed_hit,perturbation,UNSAT,993,0,993,0,0,0,0,993,0,993,993,419,249,325,944.326,839.387,419,249,325,944.326,839.387
r8_m127_split,7,8,split,query,search,both,camera,SAT,1404,79,1313,12,115,24,79,1313,12,1519,1428,690,18,696,9148.71,10218.871,690,18,696,9148.71,10218.871
r8_m127_split,7,8,split,query,search,both,camera,UNSAT,2580,0,2580,0,0,0,0,2580,0,2580,2580,1115,189,1276,4171.662,4177.863,1115,189,1276,4171.662,4177.863
r8_m127_split,7,8,split,query,search,both,perturbation,SAT,159,51,108,0,101,30,41,104,14,260,219,110,5,44,949.412,744.863,110,5,44,949.412,744.863
r8_m127_split,7,8,split,query,search,both,perturbation,UNSAT,993,0,993,0,0,0,0,993,0,993,993,418,231,344,944.326,889.164,418,231,344,944.326,889.164
r8_m127_split,7,8,split,query,fixed_hit,both,camera,SAT,1404,0,1404,0,24,24,0,1404,0,1428,1428,792,25,587,9279.959,10218.871,792,25,587,9279.959,10218.871
r8_m127_split,7,8,split,query,fixed_hit,both,camera,UNSAT,2580,0,2580,0,0,0,0,2580,0,2580,2580,1329,199,1052,4060.391,4177.863,1329,199,1052,4060.391,4177.863
r8_m127_split,7,8,split,query,fixed_hit,both,perturbation,SAT,159,0,159,0,30,30,0,145,14,189,219,80,1,78,698.478,744.863,80,1,78,698.478,744.863
r8_m127_split,7,8,split,query,fixed_hit,both,perturbation,UNSAT,993,0,993,0,0,0,0,993,0,993,993,394,231,368,839.387,889.164,394,231,368,839.387,889.164
r8_m254_split,7,8,split,feasibility,search,decomposition,camera,SAT,15648,0,15648,0,1826,1826,0,15351,297,17474,18230,7689,845,7114,103855.503,103582.258,8402,102,7144,115580.283,114481.837
r8_m254_split,7,8,split,feasibility,search,decomposition,perturbation,SAT,14,0,14,0,6,6,0,12,2,20,24,9,1,4,71.148,67.822,8,0,6,72.754,70.535
r8_m254_split,7,8,split,feasibility,search,decomposition,perturbation,UNSAT,34,0,34,0,0,0,0,34,0,34,34,13,15,6,50.87,50.829,18,3,13,63.8403333333,52.2106666667
r8_m254_split,7,8,split,feasibility,search,fixed_hit,camera,SAT,15648,807,14741,100,1826,871,807,14741,100,17474,16519,7847,763,7038,103855.503,101982.846,8167,118,7363,115580.283,111820.942667
r8_m254_split,7,8,split,feasibility,search,fixed_hit,perturbation,SAT,14,3,11,0,6,2,3,11,0,20,16,10,0,4,71.148,63.557,10,0,4,72.754,64.5643333333
r8_m254_split,7,8,split,feasibility,search,fixed_hit,perturbation,UNSAT,34,0,34,0,0,0,0,34,0,34,34,14,11,9,50.87,50.776,21,1,12,63.8403333333,51.668
r8_m254_split,7,8,split,feasibility,search,both,camera,SAT,15648,807,14741,100,1826,871,664,14711,273,17474,16987,7681,752,7215,103855.503,102272.531,7635,115,7898,115580.283,111930.608667
r8_m254_split,7,8,split,feasibility,search,both,perturbation,SAT,14,3,11,0,6,2,2,11,1,20,18,7,2,5,71.148,63.667,8,0,6,72.754,64.261
r8_m254_split,7,8,split,feasibility,search,both,perturbation,UNSAT,34,0,34,0,0,0,0,34,0,34,34,13,12,9,50.87,50.78,14,1,19,63.8403333333,51.811
r8_m254_split,7,8,split,feasibility,fixed_hit,both,camera,SAT,15648,0,15648,0,871,871,0,15469,179,16519,16987,7512,804,7332,101982.846,102272.531,8265,130,7253,111820.942667,111930.608667
r8_m254_split,7,8,split,feasibility,fixed_hit,both,perturbation,SAT,14,0,14,0,2,2,0,13,1,16,18,5,1,8,63.557,63.667,8,0,6,64.5643333333,64.261
r8_m254_split,7,8,split,feasibility,fixed_hit,both,perturbation,UNSAT,34,0,34,0,0,0,0,34,0,34,34,13,8,13,50.776,50.78,16,0,18,51.668,51.811
r8_m254_split,7,8,split,projection,search,decomposition,camera,SAT,15648,0,15648,0,3850,3850,0,15351,297,24975,26799,7451,439,7758,163794.895,163268.089,8301,83,7264,178584.048,180288.916
r8_m254_split,7,8,split,projection,search,decomposition,perturbation,SAT,14,0,14,0,11,11,0,12,2,37,41,9,0,5,188.755,126.472,8,0,6,217.412,150.782
r8_m254_split,7,8,split,projection,search,decomposition,perturbation,UNSAT,34,0,34,0,0,0,0,34,0,0,0,9,13,12,50.718,51.336,18,0,16,51.3806666667,56.4033333333
r8_m254_split,7,8,split,projection,search,fixed_hit,camera,SAT,15648,732,14806,110,3850,2374,276,15202,170,24975,24467,7430,446,7772,163794.895,163124.426,7714,66,7868,178584.048,179226.965667
r8_m254_split,7,8,split,projection,search,fixed_hit,perturbation,SAT,14,2,12,0,11,6,1,12,1,37,36,8,0,6,188.755,128.005,8,0,6,217.412,129.459
r8_m254_split,7,8,split,projection,search,fixed_hit,perturbation,UNSAT,34,0,34,0,0,0,0,34,0,0,0,8,11,15,50.718,50.84,12,2,20,51.3806666667,52.327
r8_m254_split,7,8,split,projection,search,both,camera,SAT,15648,729,14806,113,3850,2398,263,15139,246,24975,25881,6910,445,8293,163794.895,163506.46,6822,85,8741,178584.048,178693.017333
r8_m254_split,7,8,split,projection,search,both,perturbation,SAT,14,2,12,0,11,6,1,12,1,37,38,8,0,6,188.755,128.015,8,0,6,217.412,128.582
r8_m254_split,7,8,split,projection,search,both,perturbation,UNSAT,34,0,34,0,0,0,0,34,0,0,0,9,9,16,50.718,50.875,12,1,21,51.3806666667,57.3006666667
r8_m254_split,7,8,split,projection,fixed_hit,both,camera,SAT,15648,0,15636,12,2374,2398,0,15469,179,24467,25881,7361,460,7827,163124.426,163506.46,7982,68,7598,179226.965667,178693.017333
r8_m254_split,7,8,split,projection,fixed_hit,both,perturbation,SAT,14,0,14,0,6,6,0,13,1,36,38,6,1,7,128.005,128.015,8,0,6,129.459,128.582
r8_m254_split,7,8,split,projection,fixed_hit,both,perturbation,UNSAT,34,0,34,0,0,0,0,34,0,0,0,12,13,9,50.84,50.875,18,2,14,52.327,57.3006666667
r8_m254_split,7,8,split,query,search,decomposition,camera,SAT,1378,0,1378,0,104,104,0,1346,32,1482,1550,724,35,619,8892.886,9122.713,724,35,619,8892.886,9122.713
r8_m254_split,7,8,split,query,search,decomposition,camera,UNSAT,2558,0,2558,0,0,0,0,2558,0,2558,2558,1229,201,1128,3916.337,4352.107,1229,201,1128,3916.337,4352.107
r8_m254_split,7,8,split,query,search,decomposition,perturbation,SAT,127,0,127,0,46,46,0,119,8,173,189,63,5,59,571.368,567.91,63,5,59,571.368,567.91
r8_m254_split,7,8,split,query,search,decomposition,perturbation,UNSAT,1025,0,1025,0,0,0,0,1025,0,1025,1025,419,212,394,1019.52,1066.856,419,212,394,1019.52,1066.856
r8_m254_split,7,8,split,query,search,fixed_hit,camera,SAT,1378,46,1328,4,104,30,46,1328,4,1482,1408,671,27,680,8892.886,8699.518,671,27,680,8892.886,8699.518
r8_m254_split,7,8,split,query,search,fixed_hit,camera,UNSAT,2558,0,2558,0,0,0,0,2558,0,2558,2558,1150,194,1214,3916.337,4164.041,1150,194,1214,3916.337,4164.041
r8_m254_split,7,8,split,query,search,fixed_hit,perturbation,SAT,127,26,101,0,46,16,26,101,0,173,143,75,2,50,571.368,574.973,75,2,50,571.368,574.973
r8_m254_split,7,8,split,query,search,fixed_hit,perturbation,UNSAT,1025,0,1025,0,0,0,0,1025,0,1025,1025,403,218,404,1019.52,953.789,403,218,404,1019.52,953.789
r8_m254_split,7,8,split,query,search,both,camera,SAT,1378,46,1328,4,104,30,46,1324,8,1482,1416,611,30,737,8892.886,8882.865,611,30,737,8892.886,8882.865
r8_m254_split,7,8,split,query,search,both,camera,UNSAT,2558,0,2558,0,0,0,0,2558,0,2558,2558,1064,216,1278,3916.337,4251.693,1064,216,1278,3916.337,4251.693
r8_m254_split,7,8,split,query,search,both,perturbation,SAT,127,26,101,0,46,16,22,101,4,173,151,70,2,55,571.368,557.941,70,2,55,571.368,557.941
r8_m254_split,7,8,split,query,search,both,perturbation,UNSAT,1025,0,1025,0,0,0,0,1025,0,1025,1025,350,238,437,1019.52,1108.907,350,238,437,1019.52,1108.907
r8_m254_split,7,8,split,query,fixed_hit,both,camera,SAT,1378,0,1378,0,30,30,0,1374,4,1408,1416,731,28,619,8699.518,8882.865,731,28,619,8699.518,8882.865
r8_m254_split,7,8,split,query,fixed_hit,both,camera,UNSAT,2558,0,2558,0,0,0,0,2558,0,2558,2558,1237,219,1102,4164.041,4251.693,1237,219,1102,4164.041,4251.693
r8_m254_split,7,8,split,query,fixed_hit,both,perturbation,SAT,127,0,127,0,16,16,0,123,4,143,151,71,6,50,574.973,557.941,71,6,50,574.973,557.941
r8_m254_split,7,8,split,query,fixed_hit,both,perturbation,UNSAT,1025,0,1025,0,0,0,0,1025,0,1025,1025,401,210,414,953.789,1108.907,401,210,414,953.789,1108.907
r8_m254_same,7,8,same,feasibility,search,decomposition,camera,SAT,12193,0,12193,0,2231,2231,0,11880,313,14424,15212,6119,492,5582,90152.255,89823.42,6979,66,5148,101412.166667,102186.086667
r8_m254_same,7,8,same,feasibility,search,decomposition,perturbation,SAT,16,0,16,0,5,5,0,15,1,21,23,10,0,6,88.646,82.143,10,0,6,89.5943333333,84.5706666667
r8_m254_same,7,8,same,feasibility,search,decomposition,perturbation,UNSAT,32,0,32,0,0,0,0,32,0,32,32,15,10,7,51.151,50.941,18,2,12,52.1203333333,52.016
r8_m254_same,7,8,same,feasibility,search,fixed_hit,camera,SAT,12193,754,11433,6,2231,1247,754,11433,6,14424,13440,6370,492,5331,90152.255,87927.688,6461,52,5680,101412.166667,101095.807333
r8_m254_same,7,8,same,feasibility,search,fixed_hit,perturbation,SAT,16,3,13,0,5,2,3,13,0,21,18,10,1,5,88.646,83.295,12,0,4,89.5943333333,102.173666667
r8_m254_same,7,8,same,feasibility,search,fixed_hit,perturbation,UNSAT,32,0,32,0,0,0,0,32,0,32,32,18,6,8,51.151,50.985,13,3,16,52.1203333333,54.143
r8_m254_same,7,8,same,feasibility,search,both,camera,SAT,12193,754,11433,6,2231,1247,583,11393,217,14424,13972,6164,502,5527,90152.255,87957.411,5705,65,6423,101412.166667,100855.173667
r8_m254_same,7,8,same,feasibility,search,both,perturbation,SAT,16,3,13,0,5,2,2,13,1,21,20,10,1,5,88.646,82.268,11,0,5,89.5943333333,82.9566666667
r8_m254_same,7,8,same,feasibility,search,both,perturbation,UNSAT,32,0,32,0,0,0,0,32,0,32,32,12,12,8,51.151,51.215,11,0,21,52.1203333333,52.402
r8_m254_same,7,8,same,feasibility,fixed_hit,both,camera,SAT,12193,0,12193,0,1247,1247,0,11982,211,13440,13972,5870,538,5785,87927.688,87957.411,6899,59,5235,101095.807333,100855.173667
r8_m254_same,7,8,same,feasibility,fixed_hit,both,perturbation,SAT,16,0,16,0,2,2,0,15,1,18,20,8,1,7,83.295,82.268,8,0,8,102.173666667,82.9566666667
r8_m254_same,7,8,same,feasibility,fixed_hit,both,perturbation,UNSAT,32,0,32,0,0,0,0,32,0,32,32,14,5,13,50.985,51.215,18,0,14,54.143,52.402
r8_m254_same,7,8,same,projection,search,decomposition,camera,SAT,12193,0,12193,0,4917,4917,0,11880,313,23735,25753,6118,334,5741,150123.142,149788.333,6782,27,5384,174890.293,170385.494667
r8_m254_same,7,8,same,projection,search,decomposition,perturbation,SAT,16,0,16,0,10,10,0,15,1,42,44,12,0,4,171.346,163.756,13,0,3,212.015666667,167.326666667
r8_m254_same,7,8,same,projection,search,decomposition,perturbation,UNSAT,32,0,32,0,0,0,0,32,0,0,0,18,10,4,51.311,51.538,20,4,8,51.701,52.2936666667
r8_m254_same,7,8,same,projection,search,fixed_hit,camera,SAT,12193,719,11418,56,4917,3299,329,11683,181,23735,23200,5887,288,6018,150123.142,149571.137,6084,33,6076,174890.293,171908.819
r8_m254_same,7,8,same,projection,search,fixed_hit,perturbation,SAT,16,2,14,0,10,6,1,14,1,42,39,10,0,6,171.346,159.09,10,0,6,212.015666667,163.046666667
r8_m254_same,7,8,same,projection,search,fixed_hit,perturbation,UNSAT,32,0,32,0,0,0,0,32,0,0,0,13,10,9,51.311,51.272,11,1,20,51.701,73.0903333333
r8_m254_same,7,8,same,projection,search,both,camera,SAT,12193,719,11418,56,4917,3299,315,11606,272,23735,24891,5702,307,6184,150123.142,150247.546,5405,47,6741,174890.293,171488.125
r8_m254_same,7,8,same,projection,search,both,perturbation,SAT,16,2,14,0,10,6,1,14,1,42,41,11,0,5,171.346,160.924,9,0,7,212.015666667,170.865333333
r8_m254_same,7,8,same,projection,search,both,perturbation,UNSAT,32,0,32,0,0,0,0,32,0,0,0,10,9,13,51.311,51.378,13,1,18,51.701,53.223
r8_m254_same,7,8,same,projection,fixed_hit,both,camera,SAT,12193,0,12193,0,3299,3299,0,11982,211,23200,24891,5870,302,6021,149571.137,150247.546,6572,46,5575,171908.819,171488.125
r8_m254_same,7,8,same,projection,fixed_hit,both,perturbation,SAT,16,0,16,0,6,6,0,15,1,39,41,8,0,8,159.09,160.924,6,0,10,163.046666667,170.865333333
r8_m254_same,7,8,same,projection,fixed_hit,both,perturbation,UNSAT,32,0,32,0,0,0,0,32,0,0,0,12,9,11,51.272,51.378,18,2,12,73.0903333333,53.223
r8_m254_same,7,8,same,query,search,decomposition,camera,SAT,1130,0,1130,0,199,199,0,1102,28,1329,1389,619,19,492,8265.885,8382.519,619,19,492,8265.885,8382.519
r8_m254_same,7,8,same,query,search,decomposition,camera,UNSAT,1990,0,1990,0,0,0,0,1990,0,1990,1990,983,128,879,3330.394,3640.026,983,128,879,3330.394,3640.026
r8_m254_same,7,8,same,query,search,decomposition,perturbation,SAT,147,0,147,0,39,39,0,143,4,186,194,111,1,35,2129.098,740.289,111,1,35,2129.098,740.289
r8_m254_same,7,8,same,query,search,decomposition,perturbation,UNSAT,1005,0,1005,0,0,0,0,1005,0,1005,1005,416,202,387,1260.494,1070.032,416,202,387,1260.494,1070.032
r8_m254_same,7,8,same,query,search,fixed_hit,camera,SAT,1130,80,1050,0,199,87,80,1050,0,1329,1217,610,10,510,8265.885,8093.896,610,10,510,8265.885,8093.896
r8_m254_same,7,8,same,query,search,fixed_hit,camera,UNSAT,1990,0,1990,0,0,0,0,1990,0,1990,1990,883,145,962,3330.394,3553.114,883,145,962,3330.394,3553.114
r8_m254_same,7,8,same,query,search,fixed_hit,perturbation,SAT,147,23,124,0,39,16,23,124,0,186,163,99,2,46,2129.098,726.558,99,2,46,2129.098,726.558
r8_m254_same,7,8,same,query,search,fixed_hit,perturbation,UNSAT,1005,0,1005,0,0,0,0,1005,0,1005,1005,402,203,400,1260.494,1143.007,402,203,400,1260.494,1143.007
r8_m254_same,7,8,same,query,search,both,camera,SAT,1130,80,1050,0,199,87,80,1050,0,1329,1217,557,14,559,8265.885,8576.688,557,14,559,8265.885,8576.688
r8_m254_same,7,8,same,query,search,both,camera,UNSAT,1990,0,1990,0,0,0,0,1990,0,1990,1990,868,155,967,3330.394,3428.883,868,155,967,3330.394,3428.883
r8_m254_same,7,8,same,query,search,both,perturbation,SAT,147,23,124,0,39,16,19,124,4,186,171,98,1,48,2129.098,716.753,98,1,48,2129.098,716.753
r8_m254_same,7,8,same,query,search,both,perturbation,UNSAT,1005,0,1005,0,0,0,0,1005,0,1005,1005,430,208,367,1260.494,1059.714,430,208,367,1260.494,1059.714
r8_m254_same,7,8,same,query,fixed_hit,both,camera,SAT,1130,0,1130,0,87,87,0,1130,0,1217,1217,613,20,497,8093.896,8576.688,613,20,497,8093.896,8576.688
r8_m254_same,7,8,same,query,fixed_hit,both,camera,UNSAT,1990,0,1990,0,0,0,0,1990,0,1990,1990,994,174,822,3553.114,3428.883,994,174,822,3553.114,3428.883
r8_m254_same,7,8,same,query,fixed_hit,both,perturbation,SAT,147,0,147,0,16,16,0,143,4,163,171,69,3,75,726.558,716.753,69,3,75,726.558,716.753
r8_m254_same,7,8,same,query,fixed_hit,both,perturbation,UNSAT,1005,0,1005,0,0,0,0,1005,0,1005,1005,463,208,334,1143.007,1059.714,463,208,334,1143.007,1059.714
r8_m191_same,7,8,same,feasibility,search,decomposition,camera,SAT,11663,0,11663,0,2244,2244,0,11350,313,13907,14695,5838,605,5220,84441.269,84277.3,6682,75,4906,92537.279,92134.7926667
r8_m191_same,7,8,same,feasibility,search,decomposition,perturbation,SAT,12,0,12,0,3,3,0,11,1,15,17,7,0,5,58.769,57.958,7,0,5,60.3956666667,60.054
r8_m191_same,7,8,same,feasibility,search,decomposition,perturbation,UNSAT,36,0,36,0,0,0,0,36,0,36,36,20,7,9,61.995,61.473,19,1,16,65.2946666667,67.521
r8_m191_same,7,8,same,feasibility,search,fixed_hit,camera,SAT,11663,762,10897,4,2244,1250,762,10897,4,13907,12913,6022,603,5038,84441.269,82159.74,6249,63,5351,92537.279,91898.4133333
r8_m191_same,7,8,same,feasibility,search,fixed_hit,perturbation,SAT,12,1,11,0,3,2,1,11,0,15,14,6,1,5,58.769,57.398,6,0,6,60.3956666667,59.119
r8_m191_same,7,8,same,feasibility,search,fixed_hit,perturbation,UNSAT,36,0,36,0,0,0,0,36,0,36,36,20,4,12,61.995,61.584,19,1,16,65.2946666667,64.4333333333
r8_m191_same,7,8,same,feasibility,search,both,camera,SAT,11663,762,10897,4,2244,1250,591,10857,215,13907,13445,5953,572,5138,84441.269,82306.431,5483,59,6121,92537.279,91237.1056667
r8_m191_same,7,8,same,feasibility,search,both,perturbation,SAT,12,1,11,0,3,2,0,11,1,15,16,3,2,7,58.769,57.948,5,0,7,60.3956666667,60.976
r8_m191_same,7,8,same,feasibility,search,both,perturbation,UNSAT,36,0,36,0,0,0,0,36,0,36,36,19,8,9,61.995,61.722,15,1,20,65.2946666667,84.8853333333
r8_m191_same,7,8,same,feasibility,fixed_hit,both,camera,SAT,11663,0,11663,0,1250,1250,0,11452,211,12913,13445,5568,599,5496,82159.74,82306.431,6575,86,5002,91898.4133333,91237.1056667
r8_m191_same,7,8,same,feasibility,fixed_hit,both,perturbation,SAT,12,0,12,0,2,2,0,11,1,14,16,5,0,7,57.398,57.948,4,0,8,59.119,60.976
r8_m191_same,7,8,same,feasibility,fixed_hit,both,perturbation,UNSAT,36,0,36,0,0,0,0,36,0,36,36,11,11,14,61.584,61.722,16,3,17,64.4333333333,84.8853333333
r8_m191_same,7,8,same,projection,search,decomposition,camera,SAT,11663,0,11663,0,5012,5012,0,11350,313,23499,25539,5845,365,5453,142181.676,141582.299,6504,43,5116,154120.509667,154595.344667
r8_m191_same,7,8,same,projection,search,decomposition,perturbation,SAT,12,0,12,0,7,7,0,11,1,26,28,5,0,7,103.626,103.576,7,0,5,105.793,105.469
r8_m191_same,7,8,same,projection,search,decomposition,perturbation,UNSAT,36,0,36,0,0,0,0,36,0,0,0,16,7,13,61.313,61.363,22,1,13,62.869,61.902
r8_m191_same,7,8,same,projection,search,fixed_hit,camera,SAT,11663,744,10869,50,5012,3350,317,11181,165,23499,22915,5631,348,5684,142181.676,141695.864,5795,47,5821,154120.509667,153226.201333
r8_m191_same,7,8,same,projection,search,fixed_hit,perturbation,SAT,12,1,11,0,7,6,0,12,0,26,26,5,0,7,103.626,105.13,5,0,7,105.793,111.214333333
r8_m191_same,7,8,same,projection,search,fixed_hit,perturbation,UNSAT,36,0,36,0,0,0,0,36,0,0,0,12,12,12,61.313,61.501,15,2,19,62.869,68.412
r8_m191_same,7,8,same,projection,search,both,camera,SAT,11663,744,10869,50,5012,3350,303,11104,256,23499,24606,5559,356,5748,142181.676,142644.036,5160,53,6450,154120.509667,154391.432667
r8_m191_same,7,8,same,projection,search,both,perturbation,SAT,12,1,11,0,7,6,0,11,1,26,28,3,0,9,103.626,105.849,4,0,8,105.793,121.147
r8_m191_same,7,8,same,projection,search,both,perturbation,UNSAT,36,0,36,0,0,0,0,36,0,0,0,15,5,16,61.313,61.916,15,1,20,62.869,63.7356666667
r8_m191_same,7,8,same,projection,fixed_hit,both,camera,SAT,11663,0,11663,0,3350,3350,0,11452,211,22915,24606,5640,361,5662,141695.864,142644.036,6291,45,5327,153226.201333,154391.432667
r8_m191_same,7,8,same,projection,fixed_hit,both,perturbation,SAT,12,0,12,0,6,6,0,11,1,26,28,5,0,7,105.13,105.849,5,0,7,111.214333333,121.147
r8_m191_same,7,8,same,projection,fixed_hit,both,perturbation,UNSAT,36,0,36,0,0,0,0,36,0,0,0,14,11,11,61.501,61.916,18,0,18,68.412,63.7356666667
r8_m191_same,7,8,same,query,search,decomposition,camera,SAT,1054,0,1054,0,129,129,0,1036,18,1183,1221,596,21,437,7067.76,7331.828,596,21,437,7067.76,7331.828
r8_m191_same,7,8,same,query,search,decomposition,camera,UNSAT,1922,0,1922,0,0,0,0,1922,0,1922,1922,946,146,830,3043.089,3045.053,946,146,830,3043.089,3045.053
r8_m191_same,7,8,same,query,search,decomposition,perturbation,SAT,106,0,106,0,24,24,0,102,4,130,138,43,2,61,495.089,511.199,43,2,61,495.089,511.199
r8_m191_same,7,8,same,query,search,decomposition,perturbation,UNSAT,1046,0,1046,0,0,0,0,1046,0,1046,1046,426,197,423,1093.517,1147.475,426,197,423,1093.517,1147.475
r8_m191_same,7,8,same,query,search,fixed_hit,camera,SAT,1054,56,998,0,129,53,56,998,0,1183,1107,559,12,483,7067.76,7136.817,559,12,483,7067.76,7136.817
r8_m191_same,7,8,same,query,search,fixed_hit,camera,UNSAT,1922,0,1922,0,0,0,0,1922,0,1922,1922,926,147,849,3043.089,2922.483,926,147,849,3043.089,2922.483
r8_m191_same,7,8,same,query,search,fixed_hit,perturbation,SAT,106,8,98,0,24,16,8,98,0,130,122,51,3,52,495.089,484.185,51,3,52,495.089,484.185
r8_m191_same,7,8,same,query,search,fixed_hit,perturbation,UNSAT,1046,0,1046,0,0,0,0,1046,0,1046,1046,393,220,433,1093.517,1311.244,393,220,433,1093.517,1311.244
r8_m191_same,7,8,same,query,search,both,camera,SAT,1054,56,998,0,129,53,56,998,0,1183,1107,513,12,529,7067.76,7104.478,513,12,529,7067.76,7104.478
r8_m191_same,7,8,same,query,search,both,camera,UNSAT,1922,0,1922,0,0,0,0,1922,0,1922,1922,826,153,943,3043.089,2943.746,826,153,943,3043.089,2943.746
r8_m191_same,7,8,same,query,search,both,perturbation,SAT,106,8,98,0,24,16,4,98,4,130,130,48,1,57,495.089,474.571,48,1,57,495.089,474.571
r8_m191_same,7,8,same,query,search,both,perturbation,UNSAT,1046,0,1046,0,0,0,0,1046,0,1046,1046,370,221,455,1093.517,1093.83,370,221,455,1093.517,1093.83
r8_m191_same,7,8,same,query,fixed_hit,both,camera,SAT,1054,0,1054,0,53,53,0,1054,0,1107,1107,576,23,455,7136.817,7104.478,576,23,455,7136.817,7104.478
r8_m191_same,7,8,same,query,fixed_hit,both,camera,UNSAT,1922,0,1922,0,0,0,0,1922,0,1922,1922,951,175,796,2922.483,2943.746,951,175,796,2922.483,2943.746
r8_m191_same,7,8,same,query,fixed_hit,both,perturbation,SAT,106,0,106,0,16,16,0,102,4,122,130,57,3,46,484.185,474.571,57,3,46,484.185,474.571
r8_m191_same,7,8,same,query,fixed_hit,both,perturbation,UNSAT,1046,0,1046,0,0,0,0,1046,0,1046,1046,423,237,386,1311.244,1093.83,423,237,386,1311.244,1093.83
r8_m191_split,7,8,split,feasibility,search,decomposition,camera,SAT,15683,0,15683,0,1704,1704,0,15410,273,17387,18095,7907,688,7088,102645.12,102896.09,8568,113,7002,122144.067667,119090.955667
r8_m191_split,7,8,split,feasibility,search,decomposition,perturbation,SAT,12,0,12,0,1,1,0,12,0,13,13,7,2,3,53.223,52.64,5,0,7,55.4773333333,54.72
r8_m191_split,7,8,split,feasibility,search,decomposition,perturbation,UNSAT,36,0,36,0,0,0,0,36,0,36,36,11,10,15,59.989,56.964,15,1,20,87.1803333333,63.3603333333
r8_m191_split,7,8,split,feasibility,search,fixed_hit,camera,SAT,15683,828,14789,66,1704,692,828,14789,66,17387,16375,8080,646,6957,102645.12,100954.56,8276,77,7330,122144.067667,120341.982667
r8_m191_split,7,8,split,feasibility,search,fixed_hit,perturbation,SAT,12,0,12,0,1,1,0,12,0,13,13,5,2,5,53.223,52.95,7,0,5,55.4773333333,53.4613333333
r8_m191_split,7,8,split,feasibility,search,fixed_hit,perturbation,UNSAT,36,0,36,0,0,0,0,36,0,36,36,11,12,13,59.989,56.866,14,0,22,87.1803333333,58.38
r8_m191_split,7,8,split,feasibility,search,both,camera,SAT,15683,828,14789,66,1704,692,693,14769,221,17387,16795,7836,622,7225,102645.12,101071.834,7598,112,7973,122144.067667,116581.091333
r8_m191_split,7,8,split,feasibility,search,both,perturbation,SAT,12,0,12,0,1,1,0,12,0,13,13,6,1,5,53.223,52.709,7,0,5,55.4773333333,53.428
r8_m191_split,7,8,split,feasibility,search,both,perturbation,UNSAT,36,0,36,0,0,0,0,36,0,36,36,14,12,10,59.989,56.928,11,1,24,87.1803333333,69.4426666667
r8_m191_split,7,8,split,feasibility,fixed_hit,both,camera,SAT,15683,0,15683,0,692,692,0,15528,155,16375,16795,7464,671,7548,100954.56,101071.834,8281,119,7283,120341.982667,116581.091333
r8_m191_split,7,8,split,feasibility,fixed_hit,both,perturbation,SAT,12,0,12,0,1,1,0,12,0,13,13,6,1,5,52.95,52.709,6,2,4,53.4613333333,53.428
r8_m191_split,7,8,split,feasibility,fixed_hit,both,perturbation,UNSAT,36,0,36,0,0,0,0,36,0,36,36,15,12,9,56.866,56.928,20,0,16,58.38,69.4426666667
r8_m191_split,7,8,split,projection,search,decomposition,camera,SAT,15683,0,15683,0,3622,3622,0,15410,273,24624,26360,7786,402,7495,162854.031,162518.553,8458,64,7161,191145.673,187392.234667
r8_m191_split,7,8,split,projection,search,decomposition,perturbation,SAT,12,0,12,0,3,3,0,12,0,20,20,6,1,5,91.589,90.729,6,0,6,94.0136666667,92.224
r8_m191_split,7,8,split,projection,search,decomposition,perturbation,UNSAT,36,0,36,0,0,0,0,36,0,0,0,14,6,16,56.941,56.753,17,0,19,57.4006666667,57.122
r8_m191_split,7,8,split,projection,search,fixed_hit,camera,SAT,15683,757,14860,66,3622,2017,290,15275,118,24624,23987,7483,371,7829,162854.031,162655.991,7818,48,7817,191145.673,184981.741667
r8_m191_split,7,8,split,projection,search,fixed_hit,perturbation,SAT,12,0,12,0,3,3,0,12,0,20,20,7,1,4,91.589,90.958,5,0,7,94.0136666667,91.6026666667
r8_m191_split,7,8,split,projection,search,fixed_hit,perturbation,UNSAT,36,0,36,0,0,0,0,36,0,0,0,16,5,15,56.941,56.803,16,1,19,57.4006666667,57.5196666667
r8_m191_split,7,8,split,projection,search,both,camera,SAT,15683,756,14860,67,3622,2025,277,15214,192,24624,25325,7148,402,8133,162854.031,162433.295,7097,83,8503,191145.673,187610.259667
r8_m191_split,7,8,split,projection,search,both,perturbation,SAT,12,0,12,0,3,3,0,12,0,20,20,7,0,5,91.589,90.847,5,0,7,94.0136666667,91.442
r8_m191_split,7,8,split,projection,search,both,perturbation,UNSAT,36,0,36,0,0,0,0,36,0,0,0,13,5,18,56.941,59.365,14,1,21,57.4006666667,63.395
r8_m191_split,7,8,split,projection,fixed_hit,both,camera,SAT,15683,0,15679,4,2017,2025,0,15528,155,23987,25325,7591,403,7689,162655.991,162433.295,8129,63,7491,184981.741667,187610.259667
r8_m191_split,7,8,split,projection,fixed_hit,both,perturbation,SAT,12,0,12,0,3,3,0,12,0,20,20,6,0,6,90.958,90.847,8,0,4,91.6026666667,91.442
r8_m191_split,7,8,split,projection,fixed_hit,both,perturbation,UNSAT,36,0,36,0,0,0,0,36,0,0,0,10,7,19,56.803,59.365,17,1,18,57.5196666667,63.395
r8_m191_split,7,8,split,query,search,decomposition,camera,SAT,1386,0,1386,0,122,122,0,1358,28,1508,1566,711,20,655,9523.927,9813.741,711,20,655,9523.927,9813.741
r8_m191_split,7,8,split,query,search,decomposition,camera,UNSAT,2574,0,2574,0,0,0,0,2574,0,2574,2574,1234,190,1150,3874.531,4416.545,1234,190,1150,3874.531,4416.545
r8_m191_split,7,8,split,query,search,decomposition,perturbation,SAT,102,0,102,0,8,8,0,102,0,110,110,52,4,46,525.711,433.257,52,4,46,525.711,433.257
r8_m191_split,7,8,split,query,search,decomposition,perturbation,UNSAT,1050,0,1050,0,0,0,0,1050,0,1050,1050,422,224,404,1036.398,1171.127,422,224,404,1036.398,1171.127
r8_m191_split,7,8,split,query,search,fixed_hit,camera,SAT,1386,92,1294,0,122,0,92,1294,0,1508,1386,694,23,669,9523.927,8994.737,694,23,669,9523.927,8994.737
r8_m191_split,7,8,split,query,search,fixed_hit,camera,UNSAT,2574,0,2574,0,0,0,0,2574,0,2574,2574,1155,197,1222,3874.531,4129.221,1155,197,1222,3874.531,4129.221
r8_m191_split,7,8,split,query,search,fixed_hit,perturbation,SAT,102,0,102,0,8,8,0,102,0,110,110,61,3,38,525.711,446.434,61,3,38,525.711,446.434
r8_m191_split,7,8,split,query,search,fixed_hit,perturbation,UNSAT,1050,0,1050,0,0,0,0,1050,0,1050,1050,411,191,448,1036.398,1002.825,411,191,448,1036.398,1002.825
r8_m191_split,7,8,split,query,search,both,camera,SAT,1386,92,1294,0,122,0,92,1294,0,1508,1386,651,22,713,9523.927,10073.466,651,22,713,9523.927,10073.466
r8_m191_split,7,8,split,query,search,both,camera,UNSAT,2574,0,2574,0,0,0,0,2574,0,2574,2574,1035,214,1325,3874.531,4283.179,1035,214,1325,3874.531,4283.179
r8_m191_split,7,8,split,query,search,both,perturbation,SAT,102,0,102,0,8,8,0,102,0,110,110,60,5,37,525.711,436.523,60,5,37,525.711,436.523
r8_m191_split,7,8,split,query,search,both,perturbation,UNSAT,1050,0,1050,0,0,0,0,1050,0,1050,1050,407,208,435,1036.398,1320.344,407,208,435,1036.398,1320.344
r8_m191_split,7,8,split,query,fixed_hit,both,camera,SAT,1386,0,1386,0,0,0,0,1386,0,1386,1386,754,26,606,8994.737,10073.466,754,26,606,8994.737,10073.466
r8_m191_split,7,8,split,query,fixed_hit,both,camera,UNSAT,2574,0,2574,0,0,0,0,2574,0,2574,2574,1226,205,1143,4129.221,4283.179,1226,205,1143,4129.221,4283.179
r8_m191_split,7,8,split,query,fixed_hit,both,perturbation,SAT,102,0,102,0,8,8,0,102,0,110,110,58,3,41,446.434,436.523,58,3,41,446.434,436.523
r8_m191_split,7,8,split,query,fixed_hit,both,perturbation,UNSAT,1050,0,1050,0,0,0,0,1050,0,1050,1050,464,203,383,1002.825,1320.344,464,203,383,1002.825,1320.344
r8_m223_split,7,8,split,feasibility,search,decomposition,camera,SAT,15636,0,15636,0,1822,1822,0,15339,297,17458,18214,7811,697,7128,104165.855,104444.58,8553,94,6989,119612.899,120712.928
r8_m223_split,7,8,split,feasibility,search,decomposition,perturbation,SAT,15,0,15,0,5,5,0,14,1,20,22,7,1,7,72.903,71.107,8,0,7,79.435,79.161
r8_m223_split,7,8,split,feasibility,search,decomposition,perturbation,UNSAT,33,0,33,0,0,0,0,33,0,33,33,18,6,9,51.509,51.767,17,1,15,52.608,53.5373333333
r8_m223_split,7,8,split,feasibility,search,fixed_hit,camera,SAT,15636,807,14729,100,1822,867,807,14729,100,17458,16503,7892,639,7105,104165.855,102476.758,8115,76,7445,119612.899,114811.296667
r8_m223_split,7,8,split,feasibility,search,fixed_hit,perturbation,SAT,15,4,11,0,5,0,4,11,0,20,15,6,0,9,72.903,65.439,10,0,5,79.435,66.3333333333
r8_m223_split,7,8,split,feasibility,search,fixed_hit,perturbation,UNSAT,33,0,33,0,0,0,0,33,0,33,33,15,11,7,51.509,52.16,17,1,15,52.608,52.8806666667
r8_m223_split,7,8,split,feasibility,search,both,camera,SAT,15636,807,14729,100,1822,867,664,14699,273,17458,16971,7875,573,7188,104165.855,102789.9,7762,97,7777,119612.899,117110.187
r8_m223_split,7,8,split,feasibility,search,both,perturbation,SAT,15,4,11,0,5,0,4,11,0,20,15,7,0,8,72.903,65.281,9,0,6,79.435,73.5043333333
r8_m223_split,7,8,split,feasibility,search,both,perturbation,UNSAT,33,0,33,0,0,0,0,33,0,33,33,17,7,9,51.509,51.328,17,2,14,52.608,52.574
r8_m223_split,7,8,split,feasibility,fixed_hit,both,camera,SAT,15636,0,15636,0,867,867,0,15457,179,16503,16971,7619,679,7338,102476.758,102789.9,8397,92,7147,114811.296667,117110.187
r8_m223_split,7,8,split,feasibility,fixed_hit,both,perturbation,SAT,15,0,15,0,0,0,0,15,0,15,15,8,0,7,65.439,65.281,8,0,7,66.3333333333,73.5043333333
r8_m223_split,7,8,split,feasibility,fixed_hit,both,perturbation,UNSAT,33,0,33,0,0,0,0,33,0,33,33,10,10,13,52.16,51.328,18,1,14,52.8806666667,52.574
r8_m223_split,7,8,split,projection,search,decomposition,camera,SAT,15636,0,15636,0,3846,3846,0,15339,297,24975,26799,7919,349,7368,166099.817,166816.055,8399,73,7164,188095.103667,190602.064
r8_m223_split,7,8,split,projection,search,decomposition,perturbation,SAT,15,0,15,0,10,10,0,14,1,36,38,6,0,9,131.209,133.342,7,0,8,136.466333333,142.422333333
r8_m223_split,7,8,split,projection,search,decomposition,perturbation,UNSAT,33,0,33,0,0,0,0,33,0,0,0,14,7,12,51.578,51.522,20,2,11,89.731,52.12
r8_m223_split,7,8,split,projection,search,fixed_hit,camera,SAT,15636,733,14794,109,3846,2368,277,15191,168,24975,24464,7552,304,7780,166099.817,166604.949,7767,51,7818,188095.103667,188232.933333
r8_m223_split,7,8,split,projection,search,fixed_hit,perturbation,SAT,15,4,11,0,10,0,3,12,0,36,28,5,0,10,131.209,121.056,10,0,5,136.466333333,121.712
r8_m223_split,7,8,split,projection,search,fixed_hit,perturbation,UNSAT,33,0,33,0,0,0,0,33,0,0,0,12,10,11,51.578,51.931,15,0,18,89.731,57.7063333333
r8_m223_split,7,8,split,projection,search,both,camera,SAT,15636,730,14794,112,3846,2392,264,15127,245,24975,25879,7274,371,7991,166099.817,165700.875,7060,63,8513,188095.103667,192341.180667
r8_m223_split,7,8,split,projection,search,both,perturbation,SAT,15,4,11,0,10,0,3,12,0,36,28,5,2,8,131.209,119.363,9,0,6,136.466333333,123.614666667
r8_m223_split,7,8,split,projection,search,both,perturbation,UNSAT,33,0,33,0,0,0,0,33,0,0,0,12,10,11,51.578,51.689,15,2,16,89.731,52.8623333333
r8_m223_split,7,8,split,projection,fixed_hit,both,camera,SAT,15636,0,15624,12,2368,2392,0,15457,179,24464,25879,7538,329,7769,166604.949,165700.875,8141,74,7421,188232.933333,192341.180667
r8_m223_split,7,8,split,projection,fixed_hit,both,perturbation,SAT,15,0,15,0,0,0,0,15,0,28,28,10,1,4,121.056,119.363,9,0,6,121.712,123.614666667
r8_m223_split,7,8,split,projection,fixed_hit,both,perturbation,UNSAT,33,0,33,0,0,0,0,33,0,0,0,11,9,13,51.931,51.689,21,0,12,57.7063333333,52.8623333333
r8_m223_split,7,8,split,query,search,decomposition,camera,SAT,1368,0,1368,0,89,89,0,1350,18,1457,1495,733,25,610,9916.767,9731.979,733,25,610,9916.767,9731.979
r8_m223_split,7,8,split,query,search,decomposition,camera,UNSAT,2568,0,2568,0,0,0,0,2568,0,2568,2568,1266,179,1123,4571.597,4011.437,1266,179,1123,4571.597,4011.437
r8_m223_split,7,8,split,query,search,decomposition,perturbation,SAT,137,0,137,0,38,38,0,133,4,175,183,68,3,66,643.652,682.457,68,3,66,643.652,682.457
r8_m223_split,7,8,split,query,search,decomposition,perturbation,UNSAT,1015,0,1015,0,0,0,0,1015,0,1015,1015,471,191,353,1130.861,1149.567,471,191,353,1130.861,1149.567
r8_m223_split,7,8,split,query,search,fixed_hit,camera,SAT,1368,45,1323,0,89,24,45,1323,0,1457,1392,723,23,622,9916.767,8987.263,723,23,622,9916.767,8987.263
r8_m223_split,7,8,split,query,search,fixed_hit,camera,UNSAT,2568,0,2568,0,0,0,0,2568,0,2568,2568,1257,151,1160,4571.597,4026.908,1257,151,1160,4571.597,4026.908
r8_m223_split,7,8,split,query,search,fixed_hit,perturbation,SAT,137,34,103,0,38,0,34,103,0,175,137,88,4,45,643.652,591.139,88,4,45,643.652,591.139
r8_m223_split,7,8,split,query,search,fixed_hit,perturbation,UNSAT,1015,0,1015,0,0,0,0,1015,0,1015,1015,457,222,336,1130.861,966.313,457,222,336,1130.861,966.313
r8_m223_split,7,8,split,query,search,both,camera,SAT,1368,45,1323,0,89,24,45,1323,0,1457,1392,687,17,664,9916.767,9858.921,687,17,664,9916.767,9858.921
r8_m223_split,7,8,split,query,search,both,camera,UNSAT,2568,0,2568,0,0,0,0,2568,0,2568,2568,1130,176,1262,4571.597,4153.687,1130,176,1262,4571.597,4153.687
r8_m223_split,7,8,split,query,search,both,perturbation,SAT,137,34,103,0,38,0,34,103,0,175,137,85,8,44,643.652,679.832,85,8,44,643.652,679.832
r8_m223_split,7,8,split,query,search,both,perturbation,UNSAT,1015,0,1015,0,0,0,0,1015,0,1015,1015,402,211,402,1130.861,1011.313,402,211,402,1130.861,1011.313
r8_m223_split,7,8,split,query,fixed_hit,both,camera,SAT,1368,0,1368,0,24,24,0,1368,0,1392,1392,719,16,633,8987.263,9858.921,719,16,633,8987.263,9858.921
r8_m223_split,7,8,split,query,fixed_hit,both,camera,UNSAT,2568,0,2568,0,0,0,0,2568,0,2568,2568,1214,189,1165,4026.908,4153.687,1214,189,1165,4026.908,4153.687
r8_m223_split,7,8,split,query,fixed_hit,both,perturbation,SAT,137,0,137,0,0,0,0,137,0,137,137,73,2,62,591.139,679.832,73,2,62,591.139,679.832
r8_m223_split,7,8,split,query,fixed_hit,both,perturbation,UNSAT,1015,0,1015,0,0,0,0,1015,0,1015,1015,369,217,429,966.313,1011.313,369,217,429,966.313,1011.313
r8_m223_same,7,8,same,feasibility,search,decomposition,camera,SAT,12349,0,12349,0,2180,2180,0,12036,313,14529,15317,6244,410,5695,91353.739,90839.67,7142,37,5170,103998.081,104152.546
r8_m223_same,7,8,same,feasibility,search,decomposition,perturbation,SAT,17,0,17,0,10,10,0,14,3,27,35,7,3,7,94.212,91.319,11,0,6,97.37,93.5313333333
r8_m223_same,7,8,same,feasibility,search,decomposition,perturbation,UNSAT,31,0,31,0,0,0,0,31,0,31,31,8,7,16,55.365,57.258,16,1,14,57.557,58.5996666667
r8_m223_same,7,8,same,feasibility,search,fixed_hit,camera,SAT,12349,745,11604,0,2180,1199,745,11604,0,14529,13548,6459,368,5522,91353.739,88924.725,6621,45,5683,103998.081,98827.8426667
r8_m223_same,7,8,same,feasibility,search,fixed_hit,perturbation,SAT,17,5,12,0,10,0,5,12,0,27,17,10,1,6,94.212,79.18,9,0,8,97.37,87.105
r8_m223_same,7,8,same,feasibility,search,fixed_hit,perturbation,UNSAT,31,0,31,0,0,0,0,31,0,31,31,7,10,14,55.365,55.283,13,1,17,57.557,62.3306666667
r8_m223_same,7,8,same,feasibility,search,both,camera,SAT,12349,745,11604,0,2180,1199,574,11564,211,14529,14080,6419,358,5572,91353.739,89237.305,5822,55,6472,103998.081,101408.535
r8_m223_same,7,8,same,feasibility,search,both,perturbation,SAT,17,5,12,0,10,0,5,12,0,27,17,10,1,6,94.212,77.669,9,0,8,97.37,80.16
r8_m223_same,7,8,same,feasibility,search,both,perturbation,UNSAT,31,0,31,0,0,0,0,31,0,31,31,9,10,12,55.365,55.496,15,1,15,57.557,73.844
r8_m223_same,7,8,same,feasibility,fixed_hit,both,camera,SAT,12349,0,12349,0,1199,1199,0,12138,211,13548,14080,6034,400,5915,88924.725,89237.305,6881,40,5428,98827.8426667,101408.535
r8_m223_same,7,8,same,feasibility,fixed_hit,both,perturbation,SAT,17,0,17,0,0,0,0,17,0,17,17,9,4,4,79.18,77.669,11,0,6,87.105,80.16
r8_m223_same,7,8,same,feasibility,fixed_hit,both,perturbation,UNSAT,31,0,31,0,0,0,0,31,0,31,31,14,7,10,55.283,55.496,17,2,12,62.3306666667,73.844
r8_m223_same,7,8,same,projection,search,decomposition,camera,SAT,12349,0,12349,0,4790,4790,0,12036,313,23973,25991,6298,214,5837,151801.288,150549.494,6965,35,5349,171158.410333,166521.561667
r8_m223_same,7,8,same,projection,search,decomposition,perturbation,SAT,17,0,17,0,28,28,0,14,3,60,80,10,0,7,186.812,176.617,8,0,9,193.525333333,183.235
r8_m223_same,7,8,same,projection,search,decomposition,perturbation,UNSAT,31,0,31,0,0,0,0,31,0,0,0,17,5,9,55.373,55.775,21,0,10,57.466,56.433
r8_m223_same,7,8,same,projection,search,fixed_hit,camera,SAT,12349,710,11592,47,4790,3187,309,11871,169,23973,23458,5856,200,6293,151801.288,151077.561,6076,24,6249,171158.410333,170365.862333
r8_m223_same,7,8,same,projection,search,fixed_hit,perturbation,SAT,17,5,12,0,28,0,4,13,0,60,41,6,0,11,186.812,161.866,6,0,11,193.525333333,204.153
r8_m223_same,7,8,same,projection,search,fixed_hit,perturbation,UNSAT,31,0,31,0,0,0,0,31,0,0,0,12,9,10,55.373,54.852,18,0,13,57.466,62.543
r8_m223_same,7,8,same,projection,search,both,camera,SAT,12349,710,11592,47,4790,3187,295,11794,260,23973,25149,5732,217,6400,151801.288,151424.45,5418,35,6896,171158.410333,169761.996333
r8_m223_same,7,8,same,projection,search,both,perturbation,SAT,17,5,12,0,28,0,4,13,0,60,41,6,0,11,186.812,163.918,6,0,11,193.525333333,167.162666667
r8_m223_same,7,8,same,projection,search,both,perturbation,UNSAT,31,0,31,0,0,0,0,31,0,0,0,10,8,13,55.373,55.039,15,2,14,57.466,61.839
r8_m223_same,7,8,same,projection,fixed_hit,both,camera,SAT,12349,0,12349,0,3187,3187,0,12138,211,23458,25149,6146,225,5978,151077.561,151424.45,6679,32,5638,170365.862333,169761.996333
r8_m223_same,7,8,same,projection,fixed_hit,both,perturbation,SAT,17,0,17,0,0,0,0,17,0,41,41,8,0,9,161.866,163.918,10,0,7,204.153,167.162666667
r8_m223_same,7,8,same,projection,fixed_hit,both,perturbation,UNSAT,31,0,31,0,0,0,0,31,0,0,0,7,7,17,54.852,55.039,13,1,17,62.543,61.839
r8_m223_same,7,8,same,query,search,decomposition,camera,SAT,1150,0,1150,0,166,166,0,1122,28,1316,1374,619,16,515,8023.432,8467.138,619,16,515,8023.432,8467.138
r8_m223_same,7,8,same,query,search,decomposition,camera,UNSAT,1994,0,1994,0,0,0,0,1994,0,1994,1994,960,155,879,3222.826,3370.687,960,155,879,3222.826,3370.687
r8_m223_same,7,8,same,query,search,decomposition,perturbation,SAT,163,0,163,0,97,97,0,138,25,260,326,89,2,72,857.957,833.288,89,2,72,857.957,833.288
r8_m223_same,7,8,same,query,search,decomposition,perturbation,UNSAT,989,0,989,0,0,0,0,989,0,989,989,360,183,446,1153.769,1115.948,360,183,446,1153.769,1115.948
r8_m223_same,7,8,same,query,search,fixed_hit,camera,SAT,1150,98,1052,0,166,44,98,1052,0,1316,1194,616,7,527,8023.432,8503.622,616,7,527,8023.432,8503.622
r8_m223_same,7,8,same,query,search,fixed_hit,camera,UNSAT,1994,0,1994,0,0,0,0,1994,0,1994,1994,902,126,966,3222.826,4131.829,902,126,966,3222.826,4131.829
r8_m223_same,7,8,same,query,search,fixed_hit,perturbation,SAT,163,56,107,0,97,0,56,107,0,260,163,109,0,54,857.957,723.829,109,0,54,857.957,723.829
r8_m223_same,7,8,same,query,search,fixed_hit,perturbation,UNSAT,989,0,989,0,0,0,0,989,0,989,989,361,180,448,1153.769,1181.902,361,180,448,1153.769,1181.902
r8_m223_same,7,8,same,query,search,both,camera,SAT,1150,98,1052,0,166,44,92,1052,6,1316,1206,564,11,575,8023.432,8933.023,564,11,575,8023.432,8933.023
r8_m223_same,7,8,same,query,search,both,camera,UNSAT,1994,0,1994,0,0,0,0,1994,0,1994,1994,827,142,1025,3222.826,3301.036,827,142,1025,3222.826,3301.036
r8_m223_same,7,8,same,query,search,both,perturbation,SAT,163,56,107,0,97,0,56,107,0,260,163,113,3,47,857.957,957.308,113,3,47,857.957,957.308
r8_m223_same,7,8,same,query,search,both,perturbation,UNSAT,989,0,989,0,0,0,0,989,0,989,989,396,187,406,1153.769,1077.383,396,187,406,1153.769,1077.383
r8_m223_same,7,8,same,query,fixed_hit,both,camera,SAT,1150,0,1150,0,44,44,0,1144,6,1194,1206,603,13,534,8503.622,8933.023,603,13,534,8503.622,8933.023
r8_m223_same,7,8,same,query,fixed_hit,both,camera,UNSAT,1994,0,1994,0,0,0,0,1994,0,1994,1994,1002,143,849,4131.829,3301.036,1002,143,849,4131.829,3301.036
r8_m223_same,7,8,same,query,fixed_hit,both,perturbation,SAT,163,0,163,0,0,0,0,163,0,163,163,99,2,62,723.829,957.308,99,2,62,723.829,957.308
r8_m223_same,7,8,same,query,fixed_hit,both,perturbation,UNSAT,989,0,989,0,0,0,0,989,0,989,989,503,176,310,1181.902,1077.383,503,176,310,1181.902,1077.383
r8_m255_same,8,8,same,feasibility,search,decomposition,camera,SAT,16654,0,16654,0,3250,3250,0,16290,364,19904,20902,8412,645,7597,129568.398,128756.689,9877,72,6705,147123.881,143989.455667
r8_m255_same,8,8,same,feasibility,search,decomposition,perturbation,SAT,17,0,17,0,18,18,0,12,5,35,48,11,1,5,121.784,114.363,10,1,6,133.072,127.916333333
r8_m255_same,8,8,same,feasibility,search,decomposition,perturbation,UNSAT,31,0,31,0,0,0,0,31,0,31,31,11,9,11,57.558,57.217,12,1,18,76.372,63.172
r8_m255_same,8,8,same,feasibility,search,fixed_hit,camera,SAT,16654,967,15681,6,3250,1993,967,15681,6,19904,18647,8673,589,7392,129568.398,125980.268,8877,53,7724,147123.881,141796.063667
r8_m255_same,8,8,same,feasibility,search,fixed_hit,perturbation,SAT,17,6,11,0,18,6,6,11,0,35,23,11,0,6,121.784,95.114,12,0,5,133.072,96.136
r8_m255_same,8,8,same,feasibility,search,fixed_hit,perturbation,UNSAT,31,0,31,0,0,0,0,31,0,31,31,11,7,13,57.558,57.361,17,0,14,76.372,59.2676666667
r8_m255_same,8,8,same,feasibility,search,both,camera,SAT,16654,967,15681,6,3250,1993,751,15621,282,19904,19405,8499,584,7571,129568.398,126007.38,7571,74,9009,147123.881,139169.472667
r8_m255_same,8,8,same,feasibility,search,both,perturbation,SAT,17,6,11,0,18,6,4,11,2,35,29,13,0,4,121.784,98.009,12,0,5,133.072,109.919666667
r8_m255_same,8,8,same,feasibility,search,both,perturbation,UNSAT,31,0,31,0,0,0,0,31,0,31,31,12,7,12,57.558,57.196,15,2,14,76.372,59.268
r8_m255_same,8,8,same,feasibility,fixed_hit,both,camera,SAT,16654,0,16654,0,1993,1993,0,16378,276,18647,19405,8145,589,7920,125980.268,126007.38,9747,68,6839,141796.063667,139169.472667
r8_m255_same,8,8,same,feasibility,fixed_hit,both,perturbation,SAT,17,0,17,0,6,6,0,15,2,23,29,10,0,7,95.114,98.009,9,0,8,96.136,109.919666667
r8_m255_same,8,8,same,feasibility,fixed_hit,both,perturbation,UNSAT,31,0,31,0,0,0,0,31,0,31,31,16,7,8,57.361,57.196,19,1,11,59.2676666667,59.268
r8_m255_same,8,8,same,projection,search,decomposition,camera,SAT,16654,0,16654,0,7710,7710,0,16290,364,34699,37845,8363,329,7962,218426.96,217256.463,9714,31,6909,243352.477667,240938.931333
r8_m255_same,8,8,same,projection,search,decomposition,perturbation,SAT,17,0,17,0,55,55,0,12,5,104,139,10,1,6,315.517,285.054,14,0,3,378.709333333,370.805666667
r8_m255_same,8,8,same,projection,search,decomposition,perturbation,UNSAT,31,0,31,0,0,0,0,31,0,0,0,14,3,14,57.323,57.246,20,0,11,73.7263333333,58.0073333333
r8_m255_same,8,8,same,projection,search,fixed_hit,camera,SAT,16654,961,15602,91,7710,5703,430,15955,269,34699,34190,7930,295,8429,218426.96,217835.412,8239,37,8378,243352.477667,243632.387667
r8_m255_same,8,8,same,projection,search,fixed_hit,perturbation,SAT,17,7,10,0,55,26,5,12,0,104,88,14,0,3,315.517,279.543,14,0,3,378.709333333,282.911333333
r8_m255_same,8,8,same,projection,search,fixed_hit,perturbation,UNSAT,31,0,31,0,0,0,0,31,0,0,0,9,8,14,57.323,57.521,14,0,17,73.7263333333,57.7153333333
r8_m255_same,8,8,same,projection,search,both,camera,SAT,16654,961,15602,91,7710,5703,390,15887,377,34699,37240,7677,313,8664,218426.96,218151.553,6967,46,9641,243352.477667,242640.526333
r8_m255_same,8,8,same,projection,search,both,perturbation,SAT,17,7,10,0,55,26,4,11,2,104,116,12,0,5,315.517,285.242,12,0,5,378.709333333,293.410666667
r8_m255_same,8,8,same,projection,search,both,perturbation,UNSAT,31,0,31,0,0,0,0,31,0,0,0,7,7,17,57.323,57.798,11,0,20,73.7263333333,75.8203333333
r8_m255_same,8,8,same,projection,fixed_hit,both,camera,SAT,16654,0,16654,0,5703,5703,0,16378,276,34190,37240,8138,320,8196,217835.412,218151.553,9343,49,7262,243632.387667,242640.526333
r8_m255_same,8,8,same,projection,fixed_hit,both,perturbation,SAT,17,0,17,0,26,26,0,15,2,88,116,7,1,9,279.543,285.242,10,0,7,282.911333333,293.410666667
r8_m255_same,8,8,same,projection,fixed_hit,both,perturbation,UNSAT,31,0,31,0,0,0,0,31,0,0,0,14,5,12,57.521,57.798,14,0,17,57.7153333333,75.8203333333
r8_m255_same,8,8,same,query,search,decomposition,camera,SAT,1511,0,1511,0,207,207,0,1483,28,1718,1778,817,16,678,11507.89,12019.849,817,16,678,11507.89,12019.849
r8_m255_same,8,8,same,query,search,decomposition,camera,UNSAT,2689,0,2689,0,0,0,0,2689,0,2689,2689,1305,175,1209,5205.039,5291.212,1305,175,1209,5205.039,5291.212
r8_m255_same,8,8,same,query,search,decomposition,perturbation,SAT,179,0,179,0,182,182,0,131,48,361,475,123,0,56,1196.762,1249.835,123,0,56,1196.762,1249.835
r8_m255_same,8,8,same,query,search,decomposition,perturbation,UNSAT,973,0,973,0,0,0,0,973,0,973,973,427,156,390,1189.329,1119.606,427,156,390,1189.329,1119.606
r8_m255_same,8,8,same,query,search,fixed_hit,camera,SAT,1511,94,1417,0,207,81,94,1417,0,1718,1592,809,17,685,11507.89,12235.471,809,17,685,11507.89,12235.471
r8_m255_same,8,8,same,query,search,fixed_hit,camera,UNSAT,2689,0,2689,0,0,0,0,2689,0,2689,2689,1244,163,1282,5205.039,4821.435,1244,163,1282,5205.039,4821.435
r8_m255_same,8,8,same,query,search,fixed_hit,perturbation,SAT,179,78,101,0,182,56,78,101,0,361,235,143,2,34,1196.762,993.653,143,2,34,1196.762,993.653
r8_m255_same,8,8,same,query,search,fixed_hit,perturbation,UNSAT,973,0,973,0,0,0,0,973,0,973,973,397,169,407,1189.329,1108.559,397,169,407,1189.329,1108.559
r8_m255_same,8,8,same,query,search,both,camera,SAT,1511,94,1417,0,207,81,94,1417,0,1718,1592,776,16,719,11507.89,11335.948,776,16,719,11507.89,11335.948
r8_m255_same,8,8,same,query,search,both,camera,UNSAT,2689,0,2689,0,0,0,0,2689,0,2689,2689,1160,160,1369,5205.039,4874.423,1160,160,1369,5205.039,4874.423
r8_m255_same,8,8,same,query,search,both,perturbation,SAT,179,78,101,0,182,56,60,101,18,361,283,143,1,35,1196.762,990.734,143,1,35,1196.762,990.734
r8_m255_same,8,8,same,query,search,both,perturbation,UNSAT,973,0,973,0,0,0,0,973,0,973,973,395,155,423,1189.329,1265.016,395,155,423,1189.329,1265.016
r8_m255_same,8,8,same,query,fixed_hit,both,camera,SAT,1511,0,1511,0,81,81,0,1511,0,1592,1592,826,26,659,12235.471,11335.948,826,26,659,12235.471,11335.948
r8_m255_same,8,8,same,query,fixed_hit,both,camera,UNSAT,2689,0,2689,0,0,0,0,2689,0,2689,2689,1336,194,1159,4821.435,4874.423,1336,194,1159,4821.435,4874.423
r8_m255_same,8,8,same,query,fixed_hit,both,perturbation,SAT,179,0,179,0,56,56,0,161,18,235,283,84,3,92,993.653,990.734,84,3,92,993.653,990.734
r8_m255_same,8,8,same,query,fixed_hit,both,perturbation,UNSAT,973,0,973,0,0,0,0,973,0,973,973,396,175,402,1108.559,1265.016,396,175,402,1108.559,1265.016
r8_m255_split,8,8,split,feasibility,search,decomposition,camera,SAT,22730,0,22730,0,2623,2623,0,22343,387,25353,26397,10917,1593,10220,164377.319,164013.003,12858,184,9688,183098.626333,185755.186667
r8_m255_split,8,8,split,feasibility,search,decomposition,perturbation,SAT,15,0,15,0,13,13,0,11,4,28,39,10,0,5,101.716,95.246,10,0,5,104.638666667,97.4776666667
r8_m255_split,8,8,split,feasibility,search,decomposition,perturbation,UNSAT,33,0,33,0,0,0,0,33,0,33,33,13,6,14,55.323,55.305,14,0,19,56.865,56.0473333333
r8_m255_split,8,8,split,feasibility,search,fixed_hit,camera,SAT,22730,1156,21420,154,2623,1285,1156,21420,154,25353,24015,11000,1495,10235,164377.319,161795.879,11759,174,10797,183098.626333,181782.108667
r8_m255_split,8,8,split,feasibility,search,fixed_hit,perturbation,SAT,15,5,10,0,13,2,5,10,0,28,17,11,0,4,101.716,86.17,10,0,5,104.638666667,117.171
r8_m255_split,8,8,split,feasibility,search,fixed_hit,perturbation,UNSAT,33,0,33,0,0,0,0,33,0,33,33,7,8,18,55.323,56.199,12,1,20,56.865,57.1596666667
r8_m255_split,8,8,split,feasibility,search,both,camera,SAT,22730,1156,21420,154,2623,1285,964,21373,393,25353,24723,10982,1480,10268,164377.319,161747.947,10480,202,12048,183098.626333,179469.495
r8_m255_split,8,8,split,feasibility,search,both,perturbation,SAT,15,5,10,0,13,2,4,10,1,28,21,9,2,4,101.716,83.056,10,0,5,104.638666667,93.8663333333
r8_m255_split,8,8,split,feasibility,search,both,perturbation,UNSAT,33,0,33,0,0,0,0,33,0,33,33,12,8,13,55.323,55.415,10,1,22,56.865,62.912
r8_m255_split,8,8,split,feasibility,fixed_hit,both,camera,SAT,22730,0,22730,0,1285,1285,0,22479,251,24015,24723,10710,1630,10390,161795.879,161747.947,12651,189,9890,181782.108667,179469.495
r8_m255_split,8,8,split,feasibility,fixed_hit,both,perturbation,SAT,15,0,15,0,2,2,0,14,1,17,21,7,3,5,86.17,83.056,8,0,7,117.171,93.8663333333
r8_m255_split,8,8,split,feasibility,fixed_hit,both,perturbation,UNSAT,33,0,33,0,0,0,0,33,0,33,33,16,9,8,56.199,55.415,20,1,12,57.1596666667,62.912
r8_m255_split,8,8,split,projection,search,decomposition,camera,SAT,22730,0,22730,0,5848,5848,0,22343,387,36781,39637,11196,710,10824,246536.905,245537.266,12681,100,9949,275555.617333,273872.416667
r8_m255_split,8,8,split,projection,search,decomposition,perturbation,SAT,15,0,15,0,38,38,0,11,4,69,98,8,0,7,200.915,185.71,14,0,1,204.814333333,186.858333333
r8_m255_split,8,8,split,projection,search,decomposition,perturbation,UNSAT,33,0,33,0,0,0,0,33,0,0,0,12,8,13,53.301,53.184,12,1,20,53.7196666667,60.8656666667
r8_m255_split,8,8,split,projection,search,fixed_hit,camera,SAT,22730,1062,21519,149,5848,3746,395,22110,225,36781,36058,10799,629,11302,246536.905,245319.855,11208,74,11448,275555.617333,275516.317667
r8_m255_split,8,8,split,projection,search,fixed_hit,perturbation,SAT,15,5,10,0,38,14,4,11,0,69,56,8,0,7,200.915,190.038,9,0,6,204.814333333,195.682
r8_m255_split,8,8,split,projection,search,fixed_hit,perturbation,UNSAT,33,0,33,0,0,0,0,33,0,0,0,11,5,17,53.301,53.883,18,1,14,53.7196666667,54.7193333333
r8_m255_split,8,8,split,projection,search,both,camera,SAT,22730,1058,21519,153,5848,3778,359,22045,326,36781,38556,10612,713,11405,246536.905,245962.632,9822,88,12820,275555.617333,276621.978
r8_m255_split,8,8,split,projection,search,both,perturbation,SAT,15,5,10,0,38,14,3,11,1,69,78,8,0,7,200.915,198.321,5,0,10,204.814333333,213.822666667
r8_m255_split,8,8,split,projection,search,both,perturbation,UNSAT,33,0,33,0,0,0,0,33,0,0,0,10,10,13,53.301,53.773,14,1,18,53.7196666667,65.704
r8_m255_split,8,8,split,projection,fixed_hit,both,camera,SAT,22730,0,22714,16,3746,3778,0,22479,251,36058,38556,10943,689,11098,245319.855,245962.632,12362,100,10268,275516.317667,276621.978
r8_m255_split,8,8,split,projection,fixed_hit,both,perturbation,SAT,15,0,15,0,14,14,0,14,1,56,78,7,0,8,190.038,198.321,9,0,6,195.682,213.822666667
r8_m255_split,8,8,split,projection,fixed_hit,both,perturbation,UNSAT,33,0,33,0,0,0,0,33,0,0,0,17,5,11,53.883,53.773,18,0,15,54.7193333333,65.704
r8_m255_split,8,8,split,query,search,decomposition,camera,SAT,1987,0,1987,0,146,146,0,1953,34,2133,2205,1074,45,868,14555.96,13949.235,1074,45,868,14555.96,13949.235
r8_m255_split,8,8,split,query,search,decomposition,camera,UNSAT,3701,0,3701,0,0,0,0,3701,0,3701,3701,1824,298,1579,6798.656,6603.209,1824,298,1579,6798.656,6603.209
r8_m255_split,8,8,split,query,search,decomposition,perturbation,SAT,147,0,147,0,129,129,0,109,38,276,370,110,6,31,1000.07,833.244,110,6,31,1000.07,833.244
r8_m255_split,8,8,split,query,search,decomposition,perturbation,UNSAT,1005,0,1005,0,0,0,0,1005,0,1005,1005,395,223,387,1038.618,1035.873,395,223,387,1038.618,1035.873
r8_m255_split,8,8,split,query,search,fixed_hit,camera,SAT,1987,68,1905,14,146,60,68,1905,14,2133,2047,1013,34,940,14555.96,13770.014,1013,34,940,14555.96,13770.014
r8_m255_split,8,8,split,query,search,fixed_hit,camera,UNSAT,3701,0,3701,0,0,0,0,3701,0,3701,3701,1733,268,1700,6798.656,6733.175,1733,268,1700,6798.656,6733.175
r8_m255_split,8,8,split,query,search,fixed_hit,perturbation,SAT,147,61,86,0,129,24,61,86,0,276,171,116,1,30,1000.07,746.238,116,1,30,1000.07,746.238
r8_m255_split,8,8,split,query,search,fixed_hit,perturbation,UNSAT,1005,0,1005,0,0,0,0,1005,0,1005,1005,387,181,437,1038.618,1022.896,387,181,437,1038.618,1022.896
r8_m255_split,8,8,split,query,search,both,camera,SAT,1987,68,1905,14,146,60,62,1905,20,2133,2059,893,36,1058,14555.96,13891.223,893,36,1058,14555.96,13891.223
r8_m255_split,8,8,split,query,search,both,camera,UNSAT,3701,0,3701,0,0,0,0,3701,0,3701,3701,1575,275,1851,6798.656,6291.853,1575,275,1851,6798.656,6291.853
r8_m255_split,8,8,split,query,search,both,perturbation,SAT,147,61,86,0,129,24,49,86,12,276,207,104,2,41,1000.07,716.002,104,2,41,1000.07,716.002
r8_m255_split,8,8,split,query,search,both,perturbation,UNSAT,1005,0,1005,0,0,0,0,1005,0,1005,1005,341,199,465,1038.618,1032.953,341,199,465,1038.618,1032.953
r8_m255_split,8,8,split,query,fixed_hit,both,camera,SAT,1987,0,1987,0,60,60,0,1981,6,2047,2059,1059,38,890,13770.014,13891.223,1059,38,890,13770.014,13891.223
r8_m255_split,8,8,split,query,fixed_hit,both,camera,UNSAT,3701,0,3701,0,0,0,0,3701,0,3701,3701,1799,322,1580,6733.175,6291.853,1799,322,1580,6733.175,6291.853
r8_m255_split,8,8,split,query,fixed_hit,both,perturbation,SAT,147,0,147,0,24,24,0,135,12,171,207,69,5,73,746.238,716.002,69,5,73,746.238,716.002
r8_m255_split,8,8,split,query,fixed_hit,both,perturbation,UNSAT,1005,0,1005,0,0,0,0,1005,0,1005,1005,455,194,356,1022.896,1032.953,455,194,356,1022.896,1032.953
r16_m255_same,8,16,same,feasibility,search,decomposition,camera,SAT,28417,0,28417,0,472,472,0,28413,4,28889,28897,14009,1049,13359,275473.504,274382.354,15791,139,12487,302758.485,306415.361333
r16_m255_same,8,16,same,feasibility,search,decomposition,perturbation,SAT,13,0,13,0,0,0,0,13,0,13,13,7,1,5,88.622,88.483,6,1,6,97.7406666667,93.318
r16_m255_same,8,16,same,feasibility,search,decomposition,perturbation,UNSAT,35,0,35,0,0,0,0,35,0,35,35,15,6,14,86.588,87.106,21,1,13,88.388,90.1646666667
r16_m255_same,8,16,same,feasibility,search,fixed_hit,camera,SAT,28417,420,27995,2,472,50,420,27995,2,28889,28467,14003,1043,13371,275473.504,272201.723,14465,101,13851,302758.485,298179.44
r16_m255_same,8,16,same,feasibility,search,fixed_hit,perturbation,SAT,13,0,13,0,0,0,0,13,0,13,13,5,0,8,88.622,90.366,6,0,7,97.7406666667,126.247333333
r16_m255_same,8,16,same,feasibility,search,fixed_hit,perturbation,UNSAT,35,0,35,0,0,0,0,35,0,35,35,19,6,10,86.588,86.298,22,0,13,88.388,90.6356666667
r16_m255_same,8,16,same,feasibility,search,both,camera,SAT,28417,420,27995,2,472,50,420,27995,2,28889,28467,13548,980,13889,275473.504,272364.099,12774,148,15495,302758.485,300608.223667
r16_m255_same,8,16,same,feasibility,search,both,perturbation,SAT,13,0,13,0,0,0,0,13,0,13,13,5,0,8,88.622,88.472,7,1,5,97.7406666667,97.3403333333
r16_m255_same,8,16,same,feasibility,search,both,perturbation,UNSAT,35,0,35,0,0,0,0,35,0,35,35,20,5,10,86.588,86.752,15,2,18,88.388,94.2863333333
r16_m255_same,8,16,same,feasibility,fixed_hit,both,camera,SAT,28417,0,28417,0,50,50,0,28417,0,28467,28467,13756,1054,13607,272201.723,272364.099,15592,129,12696,298179.44,300608.223667
r16_m255_same,8,16,same,feasibility,fixed_hit,both,perturbation,SAT,13,0,13,0,0,0,0,13,0,13,13,8,0,5,90.366,88.472,9,0,4,126.247333333,97.3403333333
r16_m255_same,8,16,same,feasibility,fixed_hit,both,perturbation,UNSAT,35,0,35,0,0,0,0,35,0,35,35,16,7,12,86.298,86.752,16,1,18,90.6356666667,94.2863333333
r16_m255_same,8,16,same,projection,search,decomposition,camera,SAT,28417,0,28417,0,549,549,0,28413,4,37146,37154,14012,655,13750,450020.349,449968.898,15421,80,12916,498552.469,493169.856667
r16_m255_same,8,16,same,projection,search,decomposition,perturbation,SAT,13,0,13,0,0,0,0,13,0,21,21,3,0,10,168.759,168.966,2,0,11,170.96,193.493666667
r16_m255_same,8,16,same,projection,search,decomposition,perturbation,UNSAT,35,0,35,0,0,0,0,35,0,0,0,11,7,17,86.3,89.218,13,2,20,87.0476666667,89.8406666667
r16_m255_same,8,16,same,projection,search,fixed_hit,camera,SAT,28417,422,27992,3,549,56,130,28284,3,37146,36962,13913,600,13904,450020.349,449046.879,14166,65,14186,498552.469,491251.993667
r16_m255_same,8,16,same,projection,search,fixed_hit,perturbation,SAT,13,0,13,0,0,0,0,13,0,21,21,5,0,8,168.759,169.006,4,0,9,170.96,174.869
r16_m255_same,8,16,same,projection,search,fixed_hit,perturbation,UNSAT,35,0,35,0,0,0,0,35,0,0,0,16,4,15,86.3,86.222,20,0,15,87.0476666667,87.8343333333
r16_m255_same,8,16,same,projection,search,both,camera,SAT,28417,422,27992,3,549,56,130,28284,3,37146,36962,13307,660,14450,450020.349,449113.818,12702,73,15642,498552.469,496255.434
r16_m255_same,8,16,same,projection,search,both,perturbation,SAT,13,0,13,0,0,0,0,13,0,21,21,4,0,9,168.759,169.545,3,0,10,170.96,171.362
r16_m255_same,8,16,same,projection,search,both,perturbation,UNSAT,35,0,35,0,0,0,0,35,0,0,0,14,8,13,86.3,86.912,12,1,22,87.0476666667,87.731
r16_m255_same,8,16,same,projection,fixed_hit,both,camera,SAT,28417,0,28417,0,56,56,0,28417,0,36962,36962,13912,653,13852,449046.879,449113.818,15117,67,13233,491251.993667,496255.434
r16_m255_same,8,16,same,projection,fixed_hit,both,perturbation,SAT,13,0,13,0,0,0,0,13,0,21,21,7,0,6,169.006,169.545,11,0,2,174.869,171.362
r16_m255_same,8,16,same,projection,fixed_hit,both,perturbation,UNSAT,35,0,35,0,0,0,0,35,0,0,0,12,6,17,86.222,86.912,19,0,16,87.8343333333,87.731
r16_m255_same,8,16,same,query,search,decomposition,camera,SAT,2448,0,2448,0,24,24,0,2448,0,2472,2472,1379,21,1048,24417.84,24394.59,1379,21,1048,24417.84,24394.59
r16_m255_same,8,16,same,query,search,decomposition,camera,UNSAT,4632,0,4632,0,0,0,0,4632,0,4632,4632,2372,304,1956,9067.875,8322.262,2372,304,1956,9067.875,8322.262
r16_m255_same,8,16,same,query,search,decomposition,perturbation,SAT,112,0,112,0,0,0,0,112,0,112,112,36,1,75,875.746,991.284,36,1,75,875.746,991.284
r16_m255_same,8,16,same,query,search,decomposition,perturbation,UNSAT,1040,0,1040,0,0,0,0,1040,0,1040,1040,384,146,510,1479.727,1475.868,384,146,510,1479.727,1475.868
r16_m255_same,8,16,same,query,search,fixed_hit,camera,SAT,2448,18,2430,0,24,6,18,2430,0,2472,2454,1220,33,1195,24417.84,24636.906,1220,33,1195,24417.84,24636.906
r16_m255_same,8,16,same,query,search,fixed_hit,camera,UNSAT,4632,0,4632,0,0,0,0,4632,0,4632,4632,2182,298,2152,9067.875,8524.774,2182,298,2152,9067.875,8524.774
r16_m255_same,8,16,same,query,search,fixed_hit,perturbation,SAT,112,0,112,0,0,0,0,112,0,112,112,30,2,80,875.746,836.13,30,2,80,875.746,836.13
r16_m255_same,8,16,same,query,search,fixed_hit,perturbation,UNSAT,1040,0,1040,0,0,0,0,1040,0,1040,1040,362,169,509,1479.727,1542.062,362,169,509,1479.727,1542.062
r16_m255_same,8,16,same,query,search,both,camera,SAT,2448,18,2430,0,24,6,18,2430,0,2472,2454,1132,37,1279,24417.84,24969.54,1132,37,1279,24417.84,24969.54
r16_m255_same,8,16,same,query,search,both,camera,UNSAT,4632,0,4632,0,0,0,0,4632,0,4632,4632,2071,306,2255,9067.875,8639.489,2071,306,2255,9067.875,8639.489
r16_m255_same,8,16,same,query,search,both,perturbation,SAT,112,0,112,0,0,0,0,112,0,112,112,43,1,68,875.746,793.579,43,1,68,875.746,793.579
r16_m255_same,8,16,same,query,search,both,perturbation,UNSAT,1040,0,1040,0,0,0,0,1040,0,1040,1040,403,174,463,1479.727,1364.91,403,174,463,1479.727,1364.91
r16_m255_same,8,16,same,query,fixed_hit,both,camera,SAT,2448,0,2448,0,6,6,0,2448,0,2454,2454,1258,37,1153,24636.906,24969.54,1258,37,1153,24636.906,24969.54
r16_m255_same,8,16,same,query,fixed_hit,both,camera,UNSAT,4632,0,4632,0,0,0,0,4632,0,4632,4632,2228,348,2056,8524.774,8639.489,2228,348,2056,8524.774,8639.489
r16_m255_same,8,16,same,query,fixed_hit,both,perturbation,SAT,112,0,112,0,0,0,0,112,0,112,112,72,1,39,836.13,793.579,72,1,39,836.13,793.579
r16_m255_same,8,16,same,query,fixed_hit,both,perturbation,UNSAT,1040,0,1040,0,0,0,0,1040,0,1040,1040,520,152,368,1542.062,1364.91,520,152,368,1542.062,1364.91
r16_m255_split,8,16,split,feasibility,search,decomposition,camera,SAT,30708,0,30708,0,151,151,0,30707,1,30859,30861,14856,1454,14398,284171.719,283956.346,16453,201,14054,316319.077333,315751.375
r16_m255_split,8,16,split,feasibility,search,decomposition,perturbation,SAT,13,0,13,0,0,0,0,13,0,13,13,6,1,6,86.331,86.92,3,1,9,86.9056666667,91.0133333333
r16_m255_split,8,16,split,feasibility,search,decomposition,perturbation,UNSAT,35,0,35,0,0,0,0,35,0,35,35,13,10,12,79.415,79.488,23,0,12,95.412,81.894
r16_m255_split,8,16,split,feasibility,search,fixed_hit,camera,SAT,30708,150,30558,0,151,0,150,30558,0,30859,30708,14599,1457,14652,284171.719,284249.809,15298,197,15213,316319.077333,319203.782667
r16_m255_split,8,16,split,feasibility,search,fixed_hit,perturbation,SAT,13,0,13,0,0,0,0,13,0,13,13,8,1,4,86.331,85.769,4,0,9,86.9056666667,88.0563333333
r16_m255_split,8,16,split,feasibility,search,fixed_hit,perturbation,UNSAT,35,0,35,0,0,0,0,35,0,35,35,14,9,12,79.415,79.57,19,0,16,95.412,114.536666667
r16_m255_split,8,16,split,feasibility,search,both,camera,SAT,30708,150,30558,0,151,0,150,30558,0,30859,30708,14335,1449,14924,284171.719,284241.488,14087,195,16426,316319.077333,316026.398333
r16_m255_split,8,16,split,feasibility,search,both,perturbation,SAT,13,0,13,0,0,0,0,13,0,13,13,6,1,6,86.331,86.14,5,0,8,86.9056666667,102.525666667
r16_m255_split,8,16,split,feasibility,search,both,perturbation,UNSAT,35,0,35,0,0,0,0,35,0,35,35,15,9,11,79.415,79.621,15,0,20,95.412,81.743
r16_m255_split,8,16,split,feasibility,fixed_hit,both,camera,SAT,30708,0,30708,0,0,0,0,30708,0,30708,30708,14746,1495,14467,284249.809,284241.488,16515,196,13997,319203.782667,316026.398333
r16_m255_split,8,16,split,feasibility,fixed_hit,both,perturbation,SAT,13,0,13,0,0,0,0,13,0,13,13,4,0,9,85.769,86.14,6,0,7,88.0563333333,102.525666667
r16_m255_split,8,16,split,feasibility,fixed_hit,both,perturbation,UNSAT,35,0,35,0,0,0,0,35,0,35,35,12,8,15,79.57,79.621,17,0,18,114.536666667,81.743
r16_m255_split,8,16,split,projection,search,decomposition,camera,SAT,30708,0,30708,0,179,179,0,30707,1,37753,37755,14980,948,14780,458664.243,460049.598,16503,126,14079,507818.602333,506949.550667
r16_m255_split,8,16,split,projection,search,decomposition,perturbation,SAT,13,0,13,0,0,0,0,13,0,19,19,7,1,5,151.121,149.225,5,0,8,153.416666667,261.100666667
r16_m255_split,8,16,split,projection,search,decomposition,perturbation,UNSAT,35,0,35,0,0,0,0,35,0,0,0,13,4,18,79.862,80.002,18,0,17,92.5653333333,82.9663333333
r16_m255_split,8,16,split,projection,search,fixed_hit,camera,SAT,30708,150,30558,0,179,0,29,30679,0,37753,37699,14905,908,14895,458664.243,458974.172,15276,114,15318,507818.602333,513570.179333
r16_m255_split,8,16,split,projection,search,fixed_hit,perturbation,SAT,13,0,13,0,0,0,0,13,0,19,19,8,0,5,151.121,150.116,3,0,10,153.416666667,152.146
r16_m255_split,8,16,split,projection,search,fixed_hit,perturbation,UNSAT,35,0,35,0,0,0,0,35,0,0,0,15,6,14,79.862,79.958,16,2,17,92.5653333333,81.9486666667
r16_m255_split,8,16,split,projection,search,both,camera,SAT,30708,150,30558,0,179,0,29,30679,0,37753,37699,14485,889,15334,458664.243,459297.203,13916,101,16691,507818.602333,517144.665333
r16_m255_split,8,16,split,projection,search,both,perturbation,SAT,13,0,13,0,0,0,0,13,0,19,19,6,0,7,151.121,150.688,3,0,10,153.416666667,151.243
r16_m255_split,8,16,split,projection,search,both,perturbation,UNSAT,35,0,35,0,0,0,0,35,0,0,0,13,9,13,79.862,80.003,13,0,22,92.5653333333,85.7683333333
r16_m255_split,8,16,split,projection,fixed_hit,both,camera,SAT,30708,0,30708,0,0,0,0,30708,0,37699,37699,14792,962,14954,458974.172,459297.203,16257,109,14342,513570.179333,517144.665333
r16_m255_split,8,16,split,projection,fixed_hit,both,perturbation,SAT,13,0,13,0,0,0,0,13,0,19,19,4,1,8,150.116,150.688,9,0,4,152.146,151.243
r16_m255_split,8,16,split,projection,fixed_hit,both,perturbation,UNSAT,35,0,35,0,0,0,0,35,0,0,0,12,6,17,79.958,80.003,15,2,18,81.9486666667,85.7683333333
r16_m255_split,8,16,split,query,search,decomposition,camera,SAT,2622,0,2622,0,12,12,0,2622,0,2634,2634,1368,42,1212,25042.391,26765.332,1368,42,1212,25042.391,26765.332
r16_m255_split,8,16,split,query,search,decomposition,camera,UNSAT,5034,0,5034,0,0,0,0,5034,0,5034,5034,2414,409,2211,9506.271,8976.078,2414,409,2211,9506.271,8976.078
r16_m255_split,8,16,split,query,search,decomposition,perturbation,SAT,110,0,110,0,0,0,0,110,0,110,110,31,3,76,755.493,729.336,31,3,76,755.493,729.336
r16_m255_split,8,16,split,query,search,decomposition,perturbation,UNSAT,1042,0,1042,0,0,0,0,1042,0,1042,1042,408,164,470,1309.338,1390.619,408,164,470,1309.338,1390.619
r16_m255_split,8,16,split,query,search,fixed_hit,camera,SAT,2622,12,2610,0,12,0,12,2610,0,2634,2622,1249,38,1335,25042.391,28767.917,1249,38,1335,25042.391,28767.917
r16_m255_split,8,16,split,query,search,fixed_hit,camera,UNSAT,5034,0,5034,0,0,0,0,5034,0,5034,5034,2279,345,2410,9506.271,9136.876,2279,345,2410,9506.271,9136.876
r16_m255_split,8,16,split,query,search,fixed_hit,perturbation,SAT,110,0,110,0,0,0,0,110,0,110,110,33,4,73,755.493,747.639,33,4,73,755.493,747.639
r16_m255_split,8,16,split,query,search,fixed_hit,perturbation,UNSAT,1042,0,1042,0,0,0,0,1042,0,1042,1042,404,188,450,1309.338,1370.342,404,188,450,1309.338,1370.342
r16_m255_split,8,16,split,query,search,both,camera,SAT,2622,12,2610,0,12,0,12,2610,0,2634,2622,1192,41,1389,25042.391,26823.118,1192,41,1389,25042.391,26823.118
r16_m255_split,8,16,split,query,search,both,camera,UNSAT,5034,0,5034,0,0,0,0,5034,0,5034,5034,2165,382,2487,9506.271,10034.324,2165,382,2487,9506.271,10034.324
r16_m255_split,8,16,split,query,search,both,perturbation,SAT,110,0,110,0,0,0,0,110,0,110,110,49,6,55,755.493,691.33,49,6,55,755.493,691.33
r16_m255_split,8,16,split,query,search,both,perturbation,UNSAT,1042,0,1042,0,0,0,0,1042,0,1042,1042,388,187,467,1309.338,1305.302,388,187,467,1309.338,1305.302
r16_m255_split,8,16,split,query,fixed_hit,both,camera,SAT,2622,0,2622,0,0,0,0,2622,0,2622,2622,1377,53,1192,28767.917,26823.118,1377,53,1192,28767.917,26823.118
r16_m255_split,8,16,split,query,fixed_hit,both,camera,UNSAT,5034,0,5034,0,0,0,0,5034,0,5034,5034,2449,380,2205,9136.876,10034.324,2449,380,2205,9136.876,10034.324
r16_m255_split,8,16,split,query,fixed_hit,both,perturbation,SAT,110,0,110,0,0,0,0,110,0,110,110,76,2,32,747.639,691.33,76,2,32,747.639,691.33
r16_m255_split,8,16,split,query,fixed_hit,both,perturbation,UNSAT,1042,0,1042,0,0,0,0,1042,0,1042,1042,481,176,385,1370.342,1305.302,481,176,385,1370.342,1305.302
structured_split,8,8,split,feasibility,search,decomposition,structured,SAT,4,0,4,0,10,10,0,2,2,14,18,0,0,4,17.517,20.692,2,0,2,19.8633333333,21.3666666667
structured_split,8,8,split,feasibility,search,decomposition,structured,UNSAT,2,1,1,0,12,8,1,1,0,14,12,1,0,1,19.019,15.283,1,0,1,19.2193333333,15.827
structured_split,8,8,split,feasibility,search,fixed_hit,structured,SAT,4,2,2,0,10,8,2,2,0,14,12,2,0,2,17.517,16.075,3,0,1,19.8633333333,16.919
structured_split,8,8,split,feasibility,search,fixed_hit,structured,UNSAT,2,0,2,0,12,12,0,2,0,14,14,0,0,2,19.019,19.119,1,0,1,19.2193333333,19.196
structured_split,8,8,split,feasibility,search,both,structured,SAT,4,2,2,0,10,8,1,1,2,14,16,1,1,2,17.517,20.01,2,0,2,19.8633333333,20.7046666667
structured_split,8,8,split,feasibility,search,both,structured,UNSAT,2,1,1,0,12,8,1,1,0,14,12,1,0,1,19.019,15.163,1,0,1,19.2193333333,15.647
structured_split,8,8,split,feasibility,fixed_hit,both,structured,SAT,4,0,4,0,8,8,0,2,2,12,16,2,0,2,16.075,20.01,2,0,2,16.919,20.7046666667
structured_split,8,8,split,feasibility,fixed_hit,both,structured,UNSAT,2,1,1,0,12,8,1,1,0,14,12,1,1,0,19.119,15.163,2,0,0,19.196,15.647
structured_split,8,8,split,projection,search,decomposition,structured,SAT,4,0,4,0,19,19,0,2,2,43,47,0,0,4,48.333,51.407,2,0,2,49.996,60.3813333333
structured_split,8,8,split,projection,search,decomposition,structured,UNSAT,2,1,1,0,12,8,1,1,0,14,12,1,0,1,22.194,18.178,1,0,1,22.3143333333,18.435
structured_split,8,8,split,projection,search,fixed_hit,structured,SAT,4,1,3,0,19,18,0,3,1,43,44,2,0,2,48.333,50.306,1,0,3,49.996,51.2013333333
structured_split,8,8,split,projection,search,fixed_hit,structured,UNSAT,2,0,2,0,12,12,0,2,0,14,14,0,1,1,22.194,22.204,1,0,1,22.3143333333,22.3236666667
structured_split,8,8,split,projection,search,both,structured,SAT,4,1,3,0,19,18,0,2,2,43,48,0,0,4,48.333,55.345,2,0,2,49.996,58.3756666667
structured_split,8,8,split,projection,search,both,structured,UNSAT,2,1,1,0,12,8,1,1,0,14,12,1,1,0,22.194,18.117,1,0,1,22.3143333333,18.4343333333
structured_split,8,8,split,projection,fixed_hit,both,structured,SAT,4,0,4,0,18,18,0,2,2,44,48,0,1,3,50.306,55.345,1,0,3,51.2013333333,58.3756666667
structured_split,8,8,split,projection,fixed_hit,both,structured,UNSAT,2,1,1,0,12,8,1,1,0,14,12,1,1,0,22.204,18.117,2,0,0,22.3236666667,18.4343333333
structured_split,8,8,split,query,search,decomposition,structured,SAT,50,0,50,0,73,73,0,45,5,123,133,22,3,25,154.526,161.997,22,3,25,154.526,161.997
structured_split,8,8,split,query,search,decomposition,structured,UNSAT,94,2,92,0,51,43,2,92,0,145,141,34,12,48,141.462,119.592,34,12,48,141.462,119.592
structured_split,8,8,split,query,search,fixed_hit,structured,SAT,50,15,35,0,73,58,15,35,0,123,108,30,1,19,154.526,175.295,30,1,19,154.526,175.295
structured_split,8,8,split,query,search,fixed_hit,structured,UNSAT,94,0,94,0,51,51,0,94,0,145,145,38,15,41,141.462,124.737,38,15,41,141.462,124.737
structured_split,8,8,split,query,search,both,structured,SAT,50,15,35,0,73,58,12,33,5,123,118,30,0,20,154.526,156.981,30,0,20,154.526,156.981
structured_split,8,8,split,query,search,both,structured,UNSAT,94,2,92,0,51,43,2,92,0,145,141,38,14,42,141.462,118.657,38,14,42,141.462,118.657
structured_split,8,8,split,query,fixed_hit,both,structured,SAT,50,0,50,0,58,58,0,45,5,108,118,25,0,25,175.295,156.981,25,0,25,175.295,156.981
structured_split,8,8,split,query,fixed_hit,both,structured,UNSAT,94,2,92,0,51,43,2,92,0,145,141,38,23,33,124.737,118.657,38,23,33,124.737,118.657
structured_same,8,8,same,feasibility,search,decomposition,structured,SAT,4,0,4,0,10,10,0,2,2,14,18,1,0,3,16.735,20.662,1,0,3,19.7796666667,41.47
structured_same,8,8,same,feasibility,search,decomposition,structured,UNSAT,2,1,1,0,12,8,1,1,0,14,12,1,0,1,18.859,14.993,1,0,1,18.9886666667,15.35
structured_same,8,8,same,feasibility,search,fixed_hit,structured,SAT,4,2,2,0,10,8,2,2,0,14,12,3,0,1,16.735,15.683,3,0,1,19.7796666667,16.4406666667
structured_same,8,8,same,feasibility,search,fixed_hit,structured,UNSAT,2,0,2,0,12,12,0,2,0,14,14,1,0,1,18.859,18.879,1,0,1,18.9886666667,18.912
structured_same,8,8,same,feasibility,search,both,structured,SAT,4,2,2,0,10,8,1,1,2,14,16,1,1,2,16.735,20.781,2,0,2,19.7796666667,20.467
structured_same,8,8,same,feasibility,search,both,structured,UNSAT,2,1,1,0,12,8,1,1,0,14,12,1,0,1,18.859,14.883,1,0,1,18.9886666667,15.5073333333
structured_same,8,8,same,feasibility,fixed_hit,both,structured,SAT,4,0,4,0,8,8,0,2,2,12,16,2,0,2,15.683,20.781,2,0,2,16.4406666667,20.467
structured_same,8,8,same,feasibility,fixed_hit,both,structured,UNSAT,2,1,1,0,12,8,1,1,0,14,12,2,0,0,18.879,14.883,2,0,0,18.912,15.5073333333
structured_same,8,8,same,projection,search,decomposition,structured,SAT,4,0,4,0,21,21,0,2,2,47,51,0,0,4,51.508,55.954,3,0,1,92.8973333333,134.256
structured_same,8,8,same,projection,search,decomposition,structured,UNSAT,2,1,1,0,12,8,1,1,0,14,12,2,0,0,22.034,17.897,1,0,1,22.1436666667,18.044
structured_same,8,8,same,projection,search,fixed_hit,structured,SAT,4,2,2,0,21,18,2,2,0,47,44,4,0,0,51.508,49.885,4,0,0,92.8973333333,56.7723333333
structured_same,8,8,same,projection,search,fixed_hit,structured,UNSAT,2,0,2,0,12,12,0,2,0,14,14,0,0,2,22.034,22.222,0,0,2,22.1436666667,22.253
structured_same,8,8,same,projection,search,both,structured,SAT,4,2,2,0,21,18,1,2,1,47,48,1,0,3,51.508,53.902,4,0,0,92.8973333333,54.1516666667
structured_same,8,8,same,projection,search,both,structured,UNSAT,2,1,1,0,12,8,1,1,0,14,12,2,0,0,22.034,17.907,1,0,1,22.1436666667,18.3006666667
structured_same,8,8,same,projection,fixed_hit,both,structured,SAT,4,0,4,0,18,18,0,2,2,44,48,1,0,3,49.885,53.902,3,0,1,56.7723333333,54.1516666667
structured_same,8,8,same,projection,fixed_hit,both,structured,UNSAT,2,1,1,0,12,8,1,1,0,14,12,2,0,0,22.222,17.907,2,0,0,22.253,18.3006666667
structured_same,8,8,same,query,search,decomposition,structured,SAT,52,0,52,0,75,75,0,47,5,127,137,27,0,25,150.719,158.673,27,0,25,150.719,158.673
structured_same,8,8,same,query,search,decomposition,structured,UNSAT,92,2,90,0,51,43,2,90,0,143,139,50,20,22,182.298,114.251,50,20,22,182.298,114.251
structured_same,8,8,same,query,search,fixed_hit,structured,SAT,52,15,37,0,75,60,15,37,0,127,112,34,1,17,150.719,141.715,34,1,17,150.719,141.715
structured_same,8,8,same,query,search,fixed_hit,structured,UNSAT,92,0,92,0,51,51,0,92,0,143,143,43,16,33,182.298,272.211,43,16,33,182.298,272.211
structured_same,8,8,same,query,search,both,structured,SAT,52,15,37,0,75,60,12,35,5,127,122,33,0,19,150.719,150.22,33,0,19,150.719,150.22
structured_same,8,8,same,query,search,both,structured,UNSAT,92,2,90,0,51,43,2,90,0,143,139,41,18,33,182.298,115.285,41,18,33,182.298,115.285
structured_same,8,8,same,query,fixed_hit,both,structured,SAT,52,0,52,0,60,60,0,47,5,112,122,30,4,18,141.715,150.22,30,4,18,141.715,150.22
structured_same,8,8,same,query,fixed_hit,both,structured,UNSAT,92,2,90,0,51,43,2,90,0,143,139,28,29,35,272.211,115.285,28,29,35,272.211,115.285
