k,resolution,palette,category,mode,operation,answer,case_sat,measurements,mean_us,sum_us,max_us,median_us,p95_us,mean_trial_mean_us,sum_trial_mean_us,max_trial_mean_us,mean_raw_max_us,sum_raw_max_us,max_raw_max_us,mean_nodes,sum_nodes,max_nodes,median_nodes,p95_nodes,mean_branches,sum_branches,max_branches,median_branches,p95_branches,mean_fixed_calls,sum_fixed_calls,max_fixed_calls,mean_component_solves,sum_component_solves,max_component_solves,mean_fixed_checks,sum_fixed_checks,max_fixed_checks,mean_fixed_rejections,sum_fixed_rejections,max_fixed_rejections,branching_fraction
0,8,split,camera,search,query,SAT,True,112,4.94848214286,554.23,9.454,4.823,8.60195,4.94848214286,554.23,9.454,4.94848214286,554.23,9.454,1.17857142857,132,2,1,2,0.178571428571,20,1,0,1,0,0,0,0,0,0,0,0,0,0,0,0,0.178571428571
0,8,split,camera,search,query,UNSAT,True,200,0.65859,131.718,3.355,0.181,2.39695,0.65859,131.718,3.355,0.65859,131.718,3.355,1,200,1,1,1,0,0,0,0,0,0,0,0,0,0,0,0,0,0,0,0,0,0
0,8,split,perturbation,search,query,SAT,True,160,5.232825,837.252,71.558,4.451,11.183,5.232825,837.252,71.558,5.232825,837.252,71.558,1.40625,225,4,1,3,0.40625,65,3,0,2,0,0,0,0,0,0,0,0,0,0,0,0,0.26875
0,8,split,perturbation,search,query,UNSAT,False,744,1.33626612903,994.182,496.922,0.151,2.80335,1.33626612903,994.182,496.922,1.33626612903,994.182,496.922,1,744,1,1,1,0,0,0,0,0,0,0,0,0,0,0,0,0,0,0,0,0,0
0,8,split,perturbation,search,query,UNSAT,True,248,0.461737903226,114.511,2.484,0.16,1.6515,0.461737903226,114.511,2.484,0.461737903226,114.511,2.484,1,248,1,1,1,0,0,0,0,0,0,0,0,0,0,0,0,0,0,0,0,0,0
0,8,split,camera,decomposition,query,SAT,True,112,4.947375,554.106,8.964,4.8425,8.45,4.947375,554.106,8.964,4.947375,554.106,8.964,1.17857142857,132,2,1,2,0.178571428571,20,1,0,1,0,0,0,0,0,0,0,0,0,0,0,0,0.178571428571
0,8,split,camera,decomposition,query,UNSAT,True,200,0.6558,131.16,3.124,0.18,2.31905,0.6558,131.16,3.124,0.6558,131.16,3.124,1,200,1,1,1,0,0,0,0,0,0,0,0,0,0,0,0,0,0,0,0,0,0
0,8,split,perturbation,decomposition,query,SAT,True,160,4.6628375,746.054,13.951,4.106,10.73545,4.6628375,746.054,13.951,4.6628375,746.054,13.951,1.6125,258,7,1,5,0.40625,65,3,0,2,0,0,0,0.20625,33,3,0,0,0,0,0,0,0.26875
0,8,split,perturbation,decomposition,query,UNSAT,False,744,0.645497311828,480.25,5.138,0.151,2.724,0.645497311828,480.25,5.138,0.645497311828,480.25,5.138,1,744,1,1,1,0,0,0,0,0,0,0,0,0,0,0,0,0,0,0,0,0,0
0,8,split,perturbation,decomposition,query,UNSAT,True,248,1.15669758065,286.861,175.145,0.16,1.65515,1.15669758065,286.861,175.145,1.15669758065,286.861,175.145,1,248,1,1,1,0,0,0,0,0,0,0,0,0,0,0,0,0,0,0,0,0,0
0,8,split,camera,fixed_hit,query,SAT,True,112,24.6102857143,2756.352,2238.468,4.677,8.0765,24.6102857143,2756.352,2238.468,24.6102857143,2756.352,2238.468,1,112,1,1,1,0,0,0,0,0,0.178571428571,20,1,0,0,0,0.178571428571,20,1,0,0,0,0
0,8,split,camera,fixed_hit,query,UNSAT,True,200,0.68171,136.342,4.437,0.181,2.546,0.68171,136.342,4.437,0.68171,136.342,4.437,1,200,1,1,1,0,0,0,0,0,0,0,0,0,0,0,0,0,0,0,0,0,0
0,8,split,perturbation,fixed_hit,query,SAT,True,160,4.074425,651.908,23.385,3.926,6.8545,4.074425,651.908,23.385,4.074425,651.908,23.385,1,160,1,1,1,0,0,0,0,0,0.26875,43,1,0,0,0,0.26875,43,1,0,0,0,0
0,8,split,perturbation,fixed_hit,query,UNSAT,False,744,0.715438172043,532.286,26.33,0.151,2.8175,0.715438172043,532.286,26.33,0.715438172043,532.286,26.33,1,744,1,1,1,0,0,0,0,0,0,0,0,0,0,0,0,0,0,0,0,0,0
0,8,split,perturbation,fixed_hit,query,UNSAT,True,248,0.452459677419,112.21,2.504,0.16,1.61265,0.452459677419,112.21,2.504,0.452459677419,112.21,2.504,1,248,1,1,1,0,0,0,0,0,0,0,0,0,0,0,0,0,0,0,0,0,0
0,8,split,camera,both,query,SAT,True,112,4.50103571429,504.116,8.093,4.561,7.5235,4.50103571429,504.116,8.093,4.50103571429,504.116,8.093,1,112,1,1,1,0,0,0,0,0,0.178571428571,20,1,0,0,0,0.178571428571,20,1,0,0,0,0
0,8,split,camera,both,query,UNSAT,True,200,0.65163,130.326,3.095,0.18,2.32855,0.65163,130.326,3.095,0.65163,130.326,3.095,1,200,1,1,1,0,0,0,0,0,0,0,0,0,0,0,0,0,0,0,0,0,0
0,8,split,perturbation,both,query,SAT,True,160,13.55496875,2168.795,954.215,3.911,7.65,13.55496875,2168.795,954.215,13.55496875,2168.795,954.215,1,160,1,1,1,0,0,0,0,0,0.26875,43,1,0,0,0,0.26875,43,1,0,0,0,0
0,8,split,perturbation,both,query,UNSAT,False,744,0.653815860215,486.439,5.138,0.151,2.86885,0.653815860215,486.439,5.138,0.653815860215,486.439,5.138,1,744,1,1,1,0,0,0,0,0,0,0,0,0,0,0,0,0,0,0,0,0,0
0,8,split,perturbation,both,query,UNSAT,True,248,0.457358870968,113.425,2.724,0.16,1.63915,0.457358870968,113.425,2.724,0.457358870968,113.425,2.724,1,248,1,1,1,0,0,0,0,0,0,0,0,0,0,0,0,0,0,0,0,0,0
0,8,same,camera,search,query,SAT,True,112,5.98053571429,669.82,85.489,4.817,9.1545,5.98053571429,669.82,85.489,5.98053571429,669.82,85.489,1.17857142857,132,2,1,2,0.178571428571,20,1,0,1,0,0,0,0,0,0,0,0,0,0,0,0,0.178571428571
0,8,same,camera,search,query,UNSAT,True,200,0.68053,136.106,4.317,0.185,2.3905,0.68053,136.106,4.317,0.68053,136.106,4.317,1,200,1,1,1,0,0,0,0,0,0,0,0,0,0,0,0,0,0,0,0,0,0
0,8,same,perturbation,search,query,SAT,True,160,5.5909125,894.546,63.696,4.4465,10.9245,5.5909125,894.546,63.696,5.5909125,894.546,63.696,1.40625,225,4,1,3,0.40625,65,3,0,2,0,0,0,0,0,0,0,0,0,0,0,0,0.26875
0,8,same,perturbation,search,query,UNSAT,False,744,0.642674731183,478.15,5.098,0.151,2.7025,0.642674731183,478.15,5.098,0.642674731183,478.15,5.098,1,744,1,1,1,0,0,0,0,0,0,0,0,0,0,0,0,0,0,0,0,0,0
0,8,same,perturbation,search,query,UNSAT,True,248,0.462137096774,114.61,2.594,0.16,1.61885,0.462137096774,114.61,2.594,0.462137096774,114.61,2.594,1,248,1,1,1,0,0,0,0,0,0,0,0,0,0,0,0,0,0,0,0,0,0
0,8,same,camera,decomposition,query,SAT,True,112,7.7819375,871.577,213.523,4.9725,9.047,7.7819375,871.577,213.523,7.7819375,871.577,213.523,1.17857142857,132,2,1,2,0.178571428571,20,1,0,1,0,0,0,0,0,0,0,0,0,0,0,0,0.178571428571
0,8,same,camera,decomposition,query,UNSAT,True,200,0.79701,159.402,17.667,0.2005,2.6555,0.79701,159.402,17.667,0.79701,159.402,17.667,1,200,1,1,1,0,0,0,0,0,0,0,0,0,0,0,0,0,0,0,0,0,0
0,8,same,perturbation,decomposition,query,SAT,True,160,4.8172125,770.754,38.178,4.126,10.14305,4.8172125,770.754,38.178,4.8172125,770.754,38.178,1.6125,258,7,1,5,0.40625,65,3,0,2,0,0,0,0.20625,33,3,0,0,0,0,0,0,0.26875
0,8,same,perturbation,decomposition,query,UNSAT,False,744,1.29126075269,960.698,210.458,0.151,2.88965,1.29126075269,960.698,210.458,1.29126075269,960.698,210.458,1,744,1,1,1,0,0,0,0,0,0,0,0,0,0,0,0,0,0,0,0,0,0
0,8,same,perturbation,decomposition,query,UNSAT,True,248,0.464834677419,115.279,4.207,0.16,1.6315,0.464834677419,115.279,4.207,0.464834677419,115.279,4.207,1,248,1,1,1,0,0,0,0,0,0,0,0,0,0,0,0,0,0,0,0,0,0
0,8,same,camera,fixed_hit,query,SAT,True,112,4.79440178571,536.973,23.846,4.737,8.001,4.79440178571,536.973,23.846,4.79440178571,536.973,23.846,1,112,1,1,1,0,0,0,0,0,0.178571428571,20,1,0,0,0,0.178571428571,20,1,0,0,0,0
0,8,same,camera,fixed_hit,query,UNSAT,True,200,0.65979,131.958,3.235,0.175,2.402,0.65979,131.958,3.235,0.65979,131.958,3.235,1,200,1,1,1,0,0,0,0,0,0,0,0,0,0,0,0,0,0,0,0,0,0
0,8,same,perturbation,fixed_hit,query,SAT,True,160,3.98430625,637.489,32.96,3.836,5.97655,3.98430625,637.489,32.96,3.98430625,637.489,32.96,1,160,1,1,1,0,0,0,0,0,0.26875,43,1,0,0,0,0.26875,43,1,0,0,0,0
0,8,same,perturbation,fixed_hit,query,UNSAT,False,744,0.763674731183,568.174,46.53,0.151,2.8375,0.763674731183,568.174,46.53,0.763674731183,568.174,46.53,1,744,1,1,1,0,0,0,0,0,0,0,0,0,0,0,0,0,0,0,0,0,0
0,8,same,perturbation,fixed_hit,query,UNSAT,True,248,0.447455645161,110.969,2.564,0.16,1.57265,0.447455645161,110.969,2.564,0.447455645161,110.969,2.564,1,248,1,1,1,0,0,0,0,0,0,0,0,0,0,0,0,0,0,0,0,0,0
0,8,same,camera,both,query,SAT,True,112,75.0979285714,8410.968,7893.432,4.572,8.15595,75.0979285714,8410.968,7893.432,75.0979285714,8410.968,7893.432,1,112,1,1,1,0,0,0,0,0,0.178571428571,20,1,0,0,0,0.178571428571,20,1,0,0,0,0
0,8,same,camera,both,query,UNSAT,True,200,0.665005,133.001,3.255,0.18,2.352,0.665005,133.001,3.255,0.665005,133.001,3.255,1,200,1,1,1,0,0,0,0,0,0,0,0,0,0,0,0,0,0,0,0,0,0
0,8,same,perturbation,both,query,SAT,True,160,5.4919375,878.71,230.95,3.9055,7.087,5.4919375,878.71,230.95,5.4919375,878.71,230.95,1,160,1,1,1,0,0,0,0,0,0.26875,43,1,0,0,0,0.26875,43,1,0,0,0,0
0,8,same,perturbation,both,query,UNSAT,False,744,0.648744623656,482.666,5.368,0.151,2.78035,0.648744623656,482.666,5.368,0.648744623656,482.666,5.368,1,744,1,1,1,0,0,0,0,0,0,0,0,0,0,0,0,0,0,0,0,0,0
0,8,same,perturbation,both,query,UNSAT,True,248,0.517197580645,128.265,17.506,0.16,1.656,0.517197580645,128.265,17.506,0.517197580645,128.265,17.506,1,248,1,1,1,0,0,0,0,0,0,0,0,0,0,0,0,0,0,0,0,0,0
0,16,split,camera,search,query,SAT,True,132,7.77453030303,1026.238,70.967,6.0645,16.003,7.77453030303,1026.238,70.967,7.77453030303,1026.238,70.967,1,132,1,1,1,0,0,0,0,0,0,0,0,0,0,0,0,0,0,0,0,0,0
0,16,split,camera,search,query,UNSAT,True,252,0.749293650794,188.822,6.029,0.2,3.00905,0.749293650794,188.822,6.029,0.749293650794,188.822,6.029,1,252,1,1,1,0,0,0,0,0,0,0,0,0,0,0,0,0,0,0,0,0,0
0,16,split,perturbation,search,query,SAT,True,100,6.37276,637.276,17.407,4.066,15.84905,6.37276,637.276,17.407,6.37276,637.276,17.407,1,100,1,1,1,0,0,0,0,0,0,0,0,0,0,0,0,0,0,0,0,0,0
0,16,split,perturbation,search,query,UNSAT,False,864,0.945134259259,816.596,57.547,0.16,3.693,0.945134259259,816.596,57.547,0.945134259259,816.596,57.547,1,864,1,1,1,0,0,0,0,0,0,0,0,0,0,0,0,0,0,0,0,0,0
0,16,split,perturbation,search,query,UNSAT,True,188,0.452771276596,85.121,5.007,0.1555,1.626,0.452771276596,85.121,5.007,0.452771276596,85.121,5.007,1,188,1,1,1,0,0,0,0,0,0,0,0,0,0,0,0,0,0,0,0,0,0
0,16,split,camera,decomposition,query,SAT,True,132,7.44618181818,982.896,29.806,6.129,16.06995,7.44618181818,982.896,29.806,7.44618181818,982.896,29.806,1,132,1,1,1,0,0,0,0,0,0,0,0,0,0,0,0,0,0,0,0,0,0
0,16,split,camera,decomposition,query,UNSAT,True,252,0.744793650794,187.688,6.099,0.19,3.1465,0.744793650794,187.688,6.099,0.744793650794,187.688,6.099,1,252,1,1,1,0,0,0,0,0,0,0,0,0,0,0,0,0,0,0,0,0,0
0,16,split,perturbation,decomposition,query,SAT,True,100,6.81002,681.002,23.936,5.042,16.942,6.81002,681.002,23.936,6.81002,681.002,23.936,1,100,1,1,1,0,0,0,0,0,0,0,0,0,0,0,0,0,0,0,0,0,0
0,16,split,perturbation,decomposition,query,UNSAT,False,864,0.944859953704,816.359,42.044,0.16,3.83915,0.944859953704,816.359,42.044,0.944859953704,816.359,42.044,1,864,1,1,1,0,0,0,0,0,0,0,0,0,0,0,0,0,0,0,0,0,0
0,16,split,perturbation,decomposition,query,UNSAT,True,188,0.535691489362,100.71,17.357,0.16,1.689,0.535691489362,100.71,17.357,0.535691489362,100.71,17.357,1,188,1,1,1,0,0,0,0,0,0,0,0,0,0,0,0,0,0,0,0,0,0
0,16,split,camera,fixed_hit,query,SAT,True,132,9.87234848485,1303.15,247.845,6.1395,16.4015,9.87234848485,1303.15,247.845,9.87234848485,1303.15,247.845,1,132,1,1,1,0,0,0,0,0,0,0,0,0,0,0,0,0,0,0,0,0,0
0,16,split,camera,fixed_hit,query,UNSAT,True,252,1.92516666667,485.142,290.971,0.2655,3.13845,1.92516666667,485.142,290.971,1.92516666667,485.142,290.971,1,252,1,1,1,0,0,0,0,0,0,0,0,0,0,0,0,0,0,0,0,0,0
0,16,split,perturbation,fixed_hit,query,SAT,True,100,6.35474,635.474,16.625,4.367,15.465,6.35474,635.474,16.625,6.35474,635.474,16.625,1,100,1,1,1,0,0,0,0,0,0,0,0,0,0,0,0,0,0,0,0,0,0
0,16,split,perturbation,fixed_hit,query,UNSAT,False,864,0.865350694444,747.663,12.308,0.16,3.65365,0.865350694444,747.663,12.308,0.865350694444,747.663,12.308,1,864,1,1,1,0,0,0,0,0,0,0,0,0,0,0,0,0,0,0,0,0,0
0,16,split,perturbation,fixed_hit,query,UNSAT,True,188,0.457090425532,85.933,4.967,0.16,1.64515,0.457090425532,85.933,4.967,0.457090425532,85.933,4.967,1,188,1,1,1,0,0,0,0,0,0,0,0,0,0,0,0,0,0,0,0,0,0
0,16,split,camera,both,query,SAT,True,132,15.3546666667,2026.816,937.529,6.114,16.80845,15.3546666667,2026.816,937.529,15.3546666667,2026.816,937.529,1,132,1,1,1,0,0,0,0,0,0,0,0,0,0,0,0,0,0,0,0,0,0
0,16,split,camera,both,query,UNSAT,True,252,0.774341269841,195.134,6.339,0.2055,3.231,0.774341269841,195.134,6.339,0.774341269841,195.134,6.339,1,252,1,1,1,0,0,0,0,0,0,0,0,0,0,0,0,0,0,0,0,0,0
0,16,split,perturbation,both,query,SAT,True,100,10.85724,1085.724,335.457,4.136,16.613,10.85724,1085.724,335.457,10.85724,1085.724,335.457,1,100,1,1,1,0,0,0,0,0,0,0,0,0,0,0,0,0,0,0,0,0,0
0,16,split,perturbation,both,query,UNSAT,False,864,0.834725694444,721.203,12.008,0.16,3.582,0.834725694444,721.203,12.008,0.834725694444,721.203,12.008,1,864,1,1,1,0,0,0,0,0,0,0,0,0,0,0,0,0,0,0,0,0,0
0,16,split,perturbation,both,query,UNSAT,True,188,0.454106382979,85.372,5.077,0.16,1.624,0.454106382979,85.372,5.077,0.454106382979,85.372,5.077,1,188,1,1,1,0,0,0,0,0,0,0,0,0,0,0,0,0,0,0,0,0,0
0,16,same,camera,search,query,SAT,True,132,8.95628787879,1182.23,201.835,5.919,16.20695,8.95628787879,1182.23,201.835,8.95628787879,1182.23,201.835,1,132,1,1,1,0,0,0,0,0,0,0,0,0,0,0,0,0,0,0,0,0,0
0,16,same,camera,search,query,UNSAT,True,252,0.738162698413,186.017,5.879,0.21,3.008,0.738162698413,186.017,5.879,0.738162698413,186.017,5.879,1,252,1,1,1,0,0,0,0,0,0,0,0,0,0,0,0,0,0,0,0,0,0
0,16,same,perturbation,search,query,SAT,True,100,7.7216,772.16,94.113,3.956,16.5575,7.7216,772.16,94.113,7.7216,772.16,94.113,1,100,1,1,1,0,0,0,0,0,0,0,0,0,0,0,0,0,0,0,0,0,0
0,16,same,perturbation,search,query,UNSAT,False,864,0.916140046296,791.545,47.832,0.16,3.655,0.916140046296,791.545,47.832,0.916140046296,791.545,47.832,1,864,1,1,1,0,0,0,0,0,0,0,0,0,0,0,0,0,0,0,0,0,0
0,16,same,perturbation,search,query,UNSAT,True,188,0.445132978723,83.685,4.977,0.151,1.58185,0.445132978723,83.685,4.977,0.445132978723,83.685,4.977,1,188,1,1,1,0,0,0,0,0,0,0,0,0,0,0,0,0,0,0,0,0,0
0,16,same,camera,decomposition,query,SAT,True,132,7.45884848485,984.568,38.168,5.9995,15.49595,7.45884848485,984.568,38.168,7.45884848485,984.568,38.168,1,132,1,1,1,0,0,0,0,0,0,0,0,0,0,0,0,0,0,0,0,0,0
0,16,same,camera,decomposition,query,UNSAT,True,252,0.729273809524,183.777,5.909,0.1755,3.01445,0.729273809524,183.777,5.909,0.729273809524,183.777,5.909,1,252,1,1,1,0,0,0,0,0,0,0,0,0,0,0,0,0,0,0,0,0,0
0,16,same,perturbation,decomposition,query,SAT,True,100,7.11536,711.536,92.78,4.101,16.3375,7.11536,711.536,92.78,7.11536,711.536,92.78,1,100,1,1,1,0,0,0,0,0,0,0,0,0,0,0,0,0,0,0,0,0,0
0,16,same,perturbation,decomposition,query,UNSAT,False,864,0.927782407407,801.604,63.336,0.16,3.663,0.927782407407,801.604,63.336,0.927782407407,801.604,63.336,1,864,1,1,1,0,0,0,0,0,0,0,0,0,0,0,0,0,0,0,0,0,0
0,16,same,perturbation,decomposition,query,UNSAT,True,188,0.462106382979,86.876,5.008,0.16,1.68735,0.462106382979,86.876,5.008,0.462106382979,86.876,5.008,1,188,1,1,1,0,0,0,0,0,0,0,0,0,0,0,0,0,0,0,0,0,0
0,16,same,camera,fixed_hit,query,SAT,True,132,7.42746969697,980.426,26.049,6.0045,16.31095,7.42746969697,980.426,26.049,7.42746969697,980.426,26.049,1,132,1,1,1,0,0,0,0,0,0,0,0,0,0,0,0,0,0,0,0,0,0
0,16,same,camera,fixed_hit,query,UNSAT,True,252,0.752638888889,189.665,5.929,0.2,3.094,0.752638888889,189.665,5.929,0.752638888889,189.665,5.929,1,252,1,1,1,0,0,0,0,0,0,0,0,0,0,0,0,0,0,0,0,0,0
0,16,same,perturbation,fixed_hit,query,SAT,True,100,6.49614,649.614,22.795,4.0765,16.27655,6.49614,649.614,22.795,6.49614,649.614,22.795,1,100,1,1,1,0,0,0,0,0,0,0,0,0,0,0,0,0,0,0,0,0,0
0,16,same,perturbation,fixed_hit,query,UNSAT,False,864,0.916615740741,791.956,48.343,0.151,3.546,0.916615740741,791.956,48.343,0.916615740741,791.956,48.343,1,864,1,1,1,0,0,0,0,0,0,0,0,0,0,0,0,0,0,0,0,0,0
0,16,same,perturbation,fixed_hit,query,UNSAT,True,188,0.468340425532,88.048,7.892,0.151,1.6075,0.468340425532,88.048,7.892,0.468340425532,88.048,7.892,1,188,1,1,1,0,0,0,0,0,0,0,0,0,0,0,0,0,0,0,0,0,0
0,16,same,camera,both,query,SAT,True,132,7.58884090909,1001.727,38.037,6.009,16.5385,7.58884090909,1001.727,38.037,7.58884090909,1001.727,38.037,1,132,1,1,1,0,0,0,0,0,0,0,0,0,0,0,0,0,0,0,0,0,0
0,16,same,camera,both,query,UNSAT,True,252,0.751722222222,189.434,6.039,0.2005,3.06445,0.751722222222,189.434,6.039,0.751722222222,189.434,6.039,1,252,1,1,1,0,0,0,0,0,0,0,0,0,0,0,0,0,0,0,0,0,0
0,16,same,perturbation,both,query,SAT,True,100,6.65059,665.059,37.107,4.9425,16.2965,6.65059,665.059,37.107,6.65059,665.059,37.107,1,100,1,1,1,0,0,0,0,0,0,0,0,0,0,0,0,0,0,0,0,0,0
0,16,same,perturbation,both,query,UNSAT,False,864,0.946467592593,817.748,89.816,0.16,3.53365,0.946467592593,817.748,89.816,0.946467592593,817.748,89.816,1,864,1,1,1,0,0,0,0,0,0,0,0,0,0,0,0,0,0,0,0,0,0
0,16,same,perturbation,both,query,UNSAT,True,188,0.448074468085,84.238,4.978,0.16,1.59535,0.448074468085,84.238,4.978,0.448074468085,84.238,4.978,1,188,1,1,1,0,0,0,0,0,0,0,0,0,0,0,0,0,0,0,0,0,0
1,8,same,camera,search,query,SAT,True,535,5.28563925234,2827.817,42.985,4.857,8.506,5.28563925234,2827.817,42.985,5.28563925234,2827.817,42.985,1.05607476636,565,2,1,2,0.0560747663551,30,1,0,1,0,0,0,0,0,0,0,0,0,0,0,0,0.0560747663551
1,8,same,camera,search,query,UNSAT,True,1025,1.05065853659,1076.925,245.872,0.431,2.481,1.05065853659,1076.925,245.872,1.05065853659,1076.925,245.872,1,1025,1,1,1,0,0,0,0,0,0,0,0,0,0,0,0,0,0,0,0,0,0
1,8,same,perturbation,search,query,SAT,True,553,10.2696003617,5679.089,2156.073,4.166,9.8604,10.2696003617,5679.089,2156.073,10.2696003617,5679.089,2156.073,1.38155515371,764,4,1,3,0.381555153707,211,3,0,2,0,0,0,0,0,0,0,0,0,0,0,0,0.291139240506
1,8,same,perturbation,search,query,UNSAT,False,3192,0.746210839599,2381.905,34.392,0.16,3.085,0.746210839599,2381.905,34.392,0.746210839599,2381.905,34.392,1,3192,1,1,1,0,0,0,0,0,0,0,0,0,0,0,0,0,0,0,0,0,0
1,8,same,perturbation,search,query,UNSAT,True,863,0.43223986095,373.023,3.576,0.16,1.722,0.43223986095,373.023,3.576,0.43223986095,373.023,3.576,1,863,1,1,1,0,0,0,0,0,0,0,0,0,0,0,0,0,0,0,0,0,0
1,8,same,camera,decomposition,query,SAT,True,535,5.08004485981,2717.824,28.604,4.807,8.403,5.08004485981,2717.824,28.604,5.08004485981,2717.824,28.604,1.05607476636,565,2,1,2,0.0560747663551,30,1,0,1,0,0,0,0,0,0,0,0,0,0,0,0,0.0560747663551
1,8,same,camera,decomposition,query,UNSAT,True,1025,0.785116097561,804.744,20.641,0.44,2.444,0.785116097561,804.744,20.641,0.785116097561,804.744,20.641,1,1025,1,1,1,0,0,0,0,0,0,0,0,0,0,0,0,0,0,0,0,0,0
1,8,same,perturbation,decomposition,query,SAT,True,553,4.22976311031,2339.059,12.289,3.966,7.3774,4.22976311031,2339.059,12.289,4.22976311031,2339.059,12.289,1.54611211573,855,7,1,5,0.381555153707,211,3,0,2,0,0,0,0.164556962025,91,3,0,0,0,0,0,0,0.291139240506
1,8,same,perturbation,decomposition,query,UNSAT,False,3192,0.809665413534,2584.452,184.88,0.16,3.23895,0.809665413534,2584.452,184.88,0.809665413534,2584.452,184.88,1,3192,1,1,1,0,0,0,0,0,0,0,0,0,0,0,0,0,0,0,0,0,0
1,8,same,perturbation,decomposition,query,UNSAT,True,863,0.541703360371,467.49,69.776,0.16,1.711,0.541703360371,467.49,69.776,0.541703360371,467.49,69.776,1,863,1,1,1,0,0,0,0,0,0,0,0,0,0,0,0,0,0,0,0,0,0
1,8,same,camera,fixed_hit,query,SAT,True,535,5.24476635514,2805.95,74.933,4.917,8.045,5.24476635514,2805.95,74.933,5.24476635514,2805.95,74.933,1,535,1,1,1,0,0,0,0,0,0.0560747663551,30,1,0,0,0,0.0560747663551,30,1,0,0,0,0
1,8,same,camera,fixed_hit,query,UNSAT,True,1025,0.955137560976,979.016,172.532,0.43,2.444,0.955137560976,979.016,172.532,0.955137560976,979.016,172.532,1,1025,1,1,1,0,0,0,0,0,0,0,0,0,0,0,0,0,0,0,0,0,0
1,8,same,perturbation,fixed_hit,query,SAT,True,553,5.86998191682,3246.1,841.304,3.345,7.3614,5.86998191682,3246.1,841.304,5.86998191682,3246.1,841.304,1,553,1,1,1,0,0,0,0,0,0.291139240506,161,1,0,0,0,0.291139240506,161,1,0,0,0,0
1,8,same,perturbation,fixed_hit,query,UNSAT,False,3192,1.44668546366,4617.82,2061.991,0.16,3.3465,1.44668546366,4617.82,2061.991,1.44668546366,4617.82,2061.991,1,3192,1,1,1,0,0,0,0,0,0,0,0,0,0,0,0,0,0,0,0,0,0
1,8,same,perturbation,fixed_hit,query,UNSAT,True,863,0.469054461182,404.794,23.676,0.16,1.753,0.469054461182,404.794,23.676,0.469054461182,404.794,23.676,1,863,1,1,1,0,0,0,0,0,0,0,0,0,0,0,0,0,0,0,0,0,0
1,8,same,camera,both,query,SAT,True,535,5.37432523364,2875.264,83.556,4.867,8.052,5.37432523364,2875.264,83.556,5.37432523364,2875.264,83.556,1,535,1,1,1,0,0,0,0,0,0.0560747663551,30,1,0,0,0,0.0560747663551,30,1,0,0,0,0
1,8,same,camera,both,query,UNSAT,True,1025,0.832452682927,853.264,33.611,0.441,2.4818,0.832452682927,853.264,33.611,0.832452682927,853.264,33.611,1,1025,1,1,1,0,0,0,0,0,0,0,0,0,0,0,0,0,0,0,0,0,0
1,8,same,perturbation,both,query,SAT,True,553,4.09400180832,2263.983,74.833,3.315,6.782,4.09400180832,2263.983,74.833,4.09400180832,2263.983,74.833,1,553,1,1,1,0,0,0,0,0,0.291139240506,161,1,0,0,0,0.291139240506,161,1,0,0,0,0
1,8,same,perturbation,both,query,UNSAT,False,3192,0.768871867168,2454.239,51.057,0.16,3.24905,0.768871867168,2454.239,51.057,0.768871867168,2454.239,51.057,1,3192,1,1,1,0,0,0,0,0,0,0,0,0,0,0,0,0,0,0,0,0,0
1,8,same,perturbation,both,query,UNSAT,True,863,0.437550405562,377.606,6.069,0.16,1.7101,0.437550405562,377.606,6.069,0.437550405562,377.606,6.069,1,863,1,1,1,0,0,0,0,0,0,0,0,0,0,0,0,0,0,0,0,0,0
1,8,split,camera,search,query,SAT,True,555,5.6163045045,3117.049,108.665,4.838,8.3123,5.6163045045,3117.049,108.665,5.6163045045,3117.049,108.665,1.06846846847,593,2,1,2,0.0684684684685,38,1,0,1,0,0,0,0,0,0,0,0,0,0,0,0,0.0684684684685
1,8,split,camera,search,query,UNSAT,True,1053,0.853048433048,898.26,58.559,0.421,2.376,0.853048433048,898.26,58.559,0.853048433048,898.26,58.559,1,1053,1,1,1,0,0,0,0,0,0,0,0,0,0,0,0,0,0,0,0,0,0
1,8,split,perturbation,search,query,SAT,True,551,4.56541560799,2515.544,97.267,4.026,7.461,4.56541560799,2515.544,97.267,4.56541560799,2515.544,97.267,1.35934664247,749,4,1,3,0.359346642468,198,3,0,2,0,0,0,0,0,0,0,0,0,0,0,0,0.277676950998
1,8,split,perturbation,search,query,UNSAT,False,3192,0.879221177945,2806.474,307.966,0.16,3.14445,0.879221177945,2806.474,307.966,0.879221177945,2806.474,307.966,1,3192,1,1,1,0,0,0,0,0,0,0,0,0,0,0,0,0,0,0,0,0,0
1,8,split,perturbation,search,query,UNSAT,True,865,0.432077456647,373.747,3.765,0.16,1.6608,0.432077456647,373.747,3.765,0.432077456647,373.747,3.765,1,865,1,1,1,0,0,0,0,0,0,0,0,0,0,0,0,0,0,0,0,0,0
1,8,split,camera,decomposition,query,SAT,True,555,5.34335135135,2965.56,45.94,4.837,8.2077,5.34335135135,2965.56,45.94,5.34335135135,2965.56,45.94,1.06846846847,593,2,1,2,0.0684684684685,38,1,0,1,0,0,0,0,0,0,0,0,0,0,0,0,0.0684684684685
1,8,split,camera,decomposition,query,UNSAT,True,1053,0.803356125356,845.934,43.576,0.431,2.398,0.803356125356,845.934,43.576,0.803356125356,845.934,43.576,1,1053,1,1,1,0,0,0,0,0,0,0,0,0,0,0,0,0,0,0,0,0,0
1,8,split,perturbation,decomposition,query,SAT,True,551,5.28770417423,2913.525,154.945,3.976,7.697,5.28770417423,2913.525,154.945,5.28770417423,2913.525,154.945,1.50635208711,830,7,1,5,0.359346642468,198,3,0,2,0,0,0,0.147005444646,81,3,0,0,0,0,0,0,0.277676950998
1,8,split,perturbation,decomposition,query,UNSAT,False,3192,0.816713972431,2606.951,72.781,0.16,3.15905,0.816713972431,2606.951,72.781,0.816713972431,2606.951,72.781,1,3192,1,1,1,0,0,0,0,0,0,0,0,0,0,0,0,0,0,0,0,0,0
1,8,split,perturbation,decomposition,query,UNSAT,True,865,0.466558381503,403.573,22.554,0.16,1.7128,0.466558381503,403.573,22.554,0.466558381503,403.573,22.554,1,865,1,1,1,0,0,0,0,0,0,0,0,0,0,0,0,0,0,0,0,0,0
1,8,split,camera,fixed_hit,query,SAT,True,555,5.33031711712,2958.326,75.734,4.807,7.703,5.33031711712,2958.326,75.734,5.33031711712,2958.326,75.734,1,555,1,1,1,0,0,0,0,0,0.0684684684685,38,1,0,0,0,0.0684684684685,38,1,0,0,0,0
1,8,split,camera,fixed_hit,query,UNSAT,True,1053,0.807327635328,850.116,23.385,0.43,2.498,0.807327635328,850.116,23.385,0.807327635328,850.116,23.385,1,1053,1,1,1,0,0,0,0,0,0,0,0,0,0,0,0,0,0,0,0,0,0
1,8,split,perturbation,fixed_hit,query,SAT,True,551,4.49518874773,2476.849,212.902,3.486,6.68,4.49518874773,2476.849,212.902,4.49518874773,2476.849,212.902,1,551,1,1,1,0,0,0,0,0,0.277676950998,153,1,0,0,0,0.277676950998,153,1,0,0,0,0
1,8,split,perturbation,fixed_hit,query,UNSAT,False,3192,0.780509398496,2491.386,94.083,0.16,3.14445,0.780509398496,2491.386,94.083,0.780509398496,2491.386,94.083,1,3192,1,1,1,0,0,0,0,0,0,0,0,0,0,0,0,0,0,0,0,0,0
1,8,split,perturbation,fixed_hit,query,UNSAT,True,865,0.470811560694,407.252,22.314,0.16,1.7488,0.470811560694,407.252,22.314,0.470811560694,407.252,22.314,1,865,1,1,1,0,0,0,0,0,0,0,0,0,0,0,0,0,0,0,0,0,0
1,8,split,camera,both,query,SAT,True,555,5.37091711712,2980.859,96.205,4.797,7.5477,5.37091711712,2980.859,96.205,5.37091711712,2980.859,96.205,1,555,1,1,1,0,0,0,0,0,0.0684684684685,38,1,0,0,0,0.0684684684685,38,1,0,0,0,0
1,8,split,camera,both,query,UNSAT,True,1053,0.760647673314,800.962,5.759,0.431,2.3934,0.760647673314,800.962,5.759,0.760647673314,800.962,5.759,1,1053,1,1,1,0,0,0,0,0,0,0,0,0,0,0,0,0,0,0,0,0,0
1,8,split,perturbation,both,query,SAT,True,551,3.86652813067,2130.457,71.328,3.445,6.775,3.86652813067,2130.457,71.328,3.86652813067,2130.457,71.328,1,551,1,1,1,0,0,0,0,0,0.277676950998,153,1,0,0,0,0.277676950998,153,1,0,0,0,0
1,8,split,perturbation,both,query,UNSAT,False,3192,0.794703320802,2536.693,104.989,0.16,3.1795,0.794703320802,2536.693,104.989,0.794703320802,2536.693,104.989,1,3192,1,1,1,0,0,0,0,0,0,0,0,0,0,0,0,0,0,0,0,0,0
1,8,split,perturbation,both,query,UNSAT,True,865,0.435234682081,376.478,4.326,0.16,1.642,0.435234682081,376.478,4.326,0.435234682081,376.478,4.326,1,865,1,1,1,0,0,0,0,0,0,0,0,0,0,0,0,0,0,0,0,0,0
2,8,same,camera,search,query,SAT,True,813,6.07567527675,4939.524,250.639,5.108,9.084,6.07567527675,4939.524,250.639,6.07567527675,4939.524,250.639,1.06519065191,866,2,1,2,0.0651906519065,53,1,0,1,0,0,0,0,0,0,0,0,0,0,0,0,0.0651906519065
2,8,same,camera,search,query,UNSAT,True,1491,1.42176391683,2119.85,783.676,0.591,2.664,1.42176391683,2119.85,783.676,1.42176391683,2119.85,783.676,1,1491,1,1,1,0,0,0,0,0,0,0,0,0,0,0,0,0,0,0,0,0,0
2,8,same,perturbation,search,query,SAT,True,545,4.61302018349,2514.096,88.474,4.147,8.016,4.61302018349,2514.096,88.474,4.61302018349,2514.096,88.474,1.32110091743,720,4,1,3,0.321100917431,175,3,0,2,0,0,0,0,0,0,0,0,0,0,0,0,0.25504587156
2,8,same,perturbation,search,query,UNSAT,False,3192,0.743604949875,2373.587,50.987,0.16,2.96445,0.743604949875,2373.587,50.987,0.743604949875,2373.587,50.987,1,3192,1,1,1,0,0,0,0,0,0,0,0,0,0,0,0,0,0,0,0,0,0
2,8,same,perturbation,search,query,UNSAT,True,871,0.539913892078,470.265,15.624,0.16,2.038,0.539913892078,470.265,15.624,0.539913892078,470.265,15.624,1,871,1,1,1,0,0,0,0,0,0,0,0,0,0,0,0,0,0,0,0,0,0
2,8,same,camera,decomposition,query,SAT,True,813,5.67013407134,4609.819,70.216,5.108,9.246,5.67013407134,4609.819,70.216,5.67013407134,4609.819,70.216,1.06519065191,866,2,1,2,0.0651906519065,53,1,0,1,0,0,0,0,0,0,0,0,0,0,0,0,0.0651906519065
2,8,same,camera,decomposition,query,UNSAT,True,1491,2.18888061704,3263.621,1522.154,0.601,2.729,2.18888061704,3263.621,1522.154,2.18888061704,3263.621,1522.154,1,1491,1,1,1,0,0,0,0,0,0,0,0,0,0,0,0,0,0,0,0,0,0
2,8,same,perturbation,decomposition,query,SAT,True,545,4.28095779817,2333.122,30.285,4.066,7.6752,4.28095779817,2333.122,30.285,4.28095779817,2333.122,30.285,1.4495412844,790,7,1,5,0.321100917431,175,3,0,2,0,0,0,0.128440366972,70,3,0,0,0,0,0,0,0.25504587156
2,8,same,perturbation,decomposition,query,UNSAT,False,3192,0.733111215539,2340.091,21.973,0.16,2.99445,0.733111215539,2340.091,21.973,0.733111215539,2340.091,21.973,1,3192,1,1,1,0,0,0,0,0,0,0,0,0,0,0,0,0,0,0,0,0,0
2,8,same,perturbation,decomposition,query,UNSAT,True,871,0.581148105626,506.18,51.908,0.16,2.088,0.581148105626,506.18,51.908,0.581148105626,506.18,51.908,1,871,1,1,1,0,0,0,0,0,0,0,0,0,0,0,0,0,0,0,0,0,0
2,8,same,camera,fixed_hit,query,SAT,True,813,5.35544895449,4353.98,68.604,4.957,8.485,5.35544895449,4353.98,68.604,5.35544895449,4353.98,68.604,1,813,1,1,1,0,0,0,0,0,0.0651906519065,53,1,0,0,0,0.0651906519065,53,1,0,0,0,0
2,8,same,camera,fixed_hit,query,UNSAT,True,1491,1.00445070423,1497.636,69.926,0.591,2.714,1.00445070423,1497.636,69.926,1.00445070423,1497.636,69.926,1,1491,1,1,1,0,0,0,0,0,0,0,0,0,0,0,0,0,0,0,0,0,0
2,8,same,perturbation,fixed_hit,query,SAT,True,545,3.93005688073,2141.881,51.278,3.305,7.271,3.93005688073,2141.881,51.278,3.93005688073,2141.881,51.278,1,545,1,1,1,0,0,0,0,0,0.25504587156,139,1,0,0,0,0.25504587156,139,1,0,0,0,0
2,8,same,perturbation,fixed_hit,query,UNSAT,False,3192,0.719453320802,2296.495,20.682,0.16,2.97905,0.719453320802,2296.495,20.682,0.719453320802,2296.495,20.682,1,3192,1,1,1,0,0,0,0,0,0,0,0,0,0,0,0,0,0,0,0,0,0
2,8,same,perturbation,fixed_hit,query,UNSAT,True,871,0.515653272101,449.134,13.29,0.16,2.078,0.515653272101,449.134,13.29,0.515653272101,449.134,13.29,1,871,1,1,1,0,0,0,0,0,0,0,0,0,0,0,0,0,0,0,0,0,0
2,8,same,camera,both,query,SAT,True,813,5.25843788438,4275.11,50.507,4.937,8.3664,5.25843788438,4275.11,50.507,5.25843788438,4275.11,50.507,1,813,1,1,1,0,0,0,0,0,0.0651906519065,53,1,0,0,0,0.0651906519065,53,1,0,0,0,0
2,8,same,camera,both,query,UNSAT,True,1491,0.911285043595,1358.726,31.317,0.59,2.609,0.911285043595,1358.726,31.317,0.911285043595,1358.726,31.317,1,1491,1,1,1,0,0,0,0,0,0,0,0,0,0,0,0,0,0,0,0,0,0
2,8,same,perturbation,both,query,SAT,True,545,4.59729724771,2505.527,261.976,3.295,7.311,4.59729724771,2505.527,261.976,4.59729724771,2505.527,261.976,1,545,1,1,1,0,0,0,0,0,0.25504587156,139,1,0,0,0,0.25504587156,139,1,0,0,0,0
2,8,same,perturbation,both,query,UNSAT,False,3192,0.768037907268,2451.577,62.334,0.16,2.93355,0.768037907268,2451.577,62.334,0.768037907268,2451.577,62.334,1,3192,1,1,1,0,0,0,0,0,0,0,0,0,0,0,0,0,0,0,0,0,0
2,8,same,perturbation,both,query,UNSAT,True,871,0.551249138921,480.138,39.78,0.16,2.113,0.551249138921,480.138,39.78,0.551249138921,480.138,39.78,1,871,1,1,1,0,0,0,0,0,0,0,0,0,0,0,0,0,0,0,0,0,0
2,8,split,camera,search,query,SAT,True,809,5.44221631644,4402.753,54.433,4.987,8.094,5.44221631644,4402.753,54.433,5.44221631644,4402.753,54.433,1.03213844252,835,2,1,1,0.0321384425216,26,1,0,0,0,0,0,0,0,0,0,0,0,0,0,0,0.0321384425216
2,8,split,camera,search,query,UNSAT,True,1543,0.930103694102,1435.15,20.421,0.621,2.624,0.930103694102,1435.15,20.421,0.930103694102,1435.15,20.421,1,1543,1,1,1,0,0,0,0,0,0,0,0,0,0,0,0,0,0,0,0,0,0
2,8,split,perturbation,search,query,SAT,True,540,4.54650185185,2455.111,155.045,3.986,7.511,4.54650185185,2455.111,155.045,4.54650185185,2455.111,155.045,1.33888888889,723,4,1,3,0.338888888889,183,3,0,2,0,0,0,0,0,0,0,0,0,0,0,0,0.264814814815
2,8,split,perturbation,search,query,UNSAT,False,3192,0.739193922306,2359.507,54.372,0.16,2.8885,0.739193922306,2359.507,54.372,0.739193922306,2359.507,54.372,1,3192,1,1,1,0,0,0,0,0,0,0,0,0,0,0,0,0,0,0,0,0,0
2,8,split,perturbation,search,query,UNSAT,True,876,0.574124429224,502.933,22.153,0.161,2.073,0.574124429224,502.933,22.153,0.574124429224,502.933,22.153,1,876,1,1,1,0,0,0,0,0,0,0,0,0,0,0,0,0,0,0,0,0,0
2,8,split,camera,decomposition,query,SAT,True,809,5.29758220025,4285.744,28.493,4.968,8.114,5.29758220025,4285.744,28.493,5.29758220025,4285.744,28.493,1.03213844252,835,2,1,1,0.0321384425216,26,1,0,0,0,0,0,0,0,0,0,0,0,0,0,0,0.0321384425216
2,8,split,camera,decomposition,query,UNSAT,True,1543,0.901392093325,1390.848,32.069,0.611,2.624,0.901392093325,1390.848,32.069,0.901392093325,1390.848,32.069,1,1543,1,1,1,0,0,0,0,0,0,0,0,0,0,0,0,0,0,0,0,0,0
2,8,split,perturbation,decomposition,query,SAT,True,540,4.50675925926,2433.65,67.221,3.946,7.47155,4.50675925926,2433.65,67.221,4.50675925926,2433.65,67.221,1.48333333333,801,7,1,5,0.338888888889,183,3,0,2,0,0,0,0.144444444444,78,3,0,0,0,0,0,0,0.264814814815
2,8,split,perturbation,decomposition,query,UNSAT,False,3192,0.731052631579,2333.52,52.179,0.16,2.874,0.731052631579,2333.52,52.179,0.731052631579,2333.52,52.179,1,3192,1,1,1,0,0,0,0,0,0,0,0,0,0,0,0,0,0,0,0,0,0
2,8,split,perturbation,decomposition,query,UNSAT,True,876,0.535877853881,469.429,14.952,0.161,2.093,0.535877853881,469.429,14.952,0.535877853881,469.429,14.952,1,876,1,1,1,0,0,0,0,0,0,0,0,0,0,0,0,0,0,0,0,0,0
2,8,split,camera,fixed_hit,query,SAT,True,809,5.6405105068,4563.173,74.813,4.928,8.108,5.6405105068,4563.173,74.813,5.6405105068,4563.173,74.813,1,809,1,1,1,0,0,0,0,0,0.0321384425216,26,1,0,0,0,0.0321384425216,26,1,0,0,0,0
2,8,split,camera,fixed_hit,query,UNSAT,True,1543,0.954243033052,1472.397,35.433,0.63,2.664,0.954243033052,1472.397,35.433,0.954243033052,1472.397,35.433,1,1543,1,1,1,0,0,0,0,0,0,0,0,0,0,0,0,0,0,0,0,0,0
2,8,split,perturbation,fixed_hit,query,SAT,True,540,3.88606851852,2098.477,60.412,3.32,7.293,3.88606851852,2098.477,60.412,3.88606851852,2098.477,60.412,1,540,1,1,1,0,0,0,0,0,0.264814814815,143,1,0,0,0,0.264814814815,143,1,0,0,0,0
2,8,split,perturbation,fixed_hit,query,UNSAT,False,3192,0.705110275689,2250.712,21.383,0.16,2.8385,0.705110275689,2250.712,21.383,0.705110275689,2250.712,21.383,1,3192,1,1,1,0,0,0,0,0,0,0,0,0,0,0,0,0,0,0,0,0,0
2,8,split,perturbation,fixed_hit,query,UNSAT,True,876,0.516878995434,452.786,4.516,0.16,2.0455,0.516878995434,452.786,4.516,0.516878995434,452.786,4.516,1,876,1,1,1,0,0,0,0,0,0,0,0,0,0,0,0,0,0,0,0,0,0
2,8,split,camera,both,query,SAT,True,809,5.68919777503,4602.561,192.862,4.937,7.876,5.68919777503,4602.561,192.862,5.68919777503,4602.561,192.862,1,809,1,1,1,0,0,0,0,0,0.0321384425216,26,1,0,0,0,0.0321384425216,26,1,0,0,0,0
2,8,split,camera,both,query,UNSAT,True,1543,0.885171095269,1365.819,4.967,0.621,2.65,0.885171095269,1365.819,4.967,0.885171095269,1365.819,4.967,1,1543,1,1,1,0,0,0,0,0,0,0,0,0,0,0,0,0,0,0,0,0,0
2,8,split,perturbation,both,query,SAT,True,540,3.91067777778,2111.766,30.636,3.22,7.37295,3.91067777778,2111.766,30.636,3.91067777778,2111.766,30.636,1,540,1,1,1,0,0,0,0,0,0.264814814815,143,1,0,0,0,0.264814814815,143,1,0,0,0,0
2,8,split,perturbation,both,query,UNSAT,False,3192,0.712750313283,2275.099,74.653,0.16,2.83445,0.712750313283,2275.099,74.653,0.712750313283,2275.099,74.653,1,3192,1,1,1,0,0,0,0,0,0,0,0,0,0,0,0,0,0,0,0,0,0
2,8,split,perturbation,both,query,UNSAT,True,876,0.511155251142,447.772,3.696,0.16,2.0755,0.511155251142,447.772,3.696,0.511155251142,447.772,3.696,1,876,1,1,1,0,0,0,0,0,0,0,0,0,0,0,0,0,0,0,0,0,0
3,8,same,camera,search,query,SAT,True,1097,5.54005925251,6077.445,45.348,5.087,8.922,5.54005925251,6077.445,45.348,5.54005925251,6077.445,45.348,1.0838650866,1189,3,1,2,0.0838650865998,92,2,0,1,0,0,0,0,0,0,0,0,0,0,0,0,0.0656335460346
3,8,same,camera,search,query,UNSAT,True,2047,1.08618856864,2223.428,96.526,0.732,2.7917,1.08618856864,2223.428,96.526,1.08618856864,2223.428,96.526,1,2047,1,1,1,0,0,0,0,0,0,0,0,0,0,0,0,0,0,0,0,0,0
3,8,same,perturbation,search,query,SAT,True,559,4.46575849732,2496.359,44.027,3.796,8.2221,4.46575849732,2496.359,44.027,4.46575849732,2496.359,44.027,1.30411449016,729,4,1,3,0.304114490161,170,3,0,2,0,0,0,0,0,0,0,0,0,0,0,0,0.239713774597
3,8,same,perturbation,search,query,UNSAT,False,3168,0.744310606061,2357.976,35.934,0.161,3.07085,0.744310606061,2357.976,35.934,0.744310606061,2357.976,35.934,1,3168,1,1,1,0,0,0,0,0,0,0,0,0,0,0,0,0,0,0,0,0,0
3,8,same,perturbation,search,query,UNSAT,True,881,0.576439273553,507.843,17.346,0.16,2.013,0.576439273553,507.843,17.346,0.576439273553,507.843,17.346,1,881,1,1,1,0,0,0,0,0,0,0,0,0,0,0,0,0,0,0,0,0,0
3,8,same,camera,decomposition,query,SAT,True,1097,5.92795715588,6502.969,228.846,5.068,8.993,5.92795715588,6502.969,228.846,5.92795715588,6502.969,228.846,1.12032816773,1229,5,1,2,0.0838650865998,92,2,0,1,0,0,0,0.0364630811304,40,2,0,0,0,0,0,0,0.0656335460346
3,8,same,camera,decomposition,query,UNSAT,True,2047,1.00399804592,2055.184,7.341,0.741,2.804,1.00399804592,2055.184,7.341,1.00399804592,2055.184,7.341,1,2047,1,1,1,0,0,0,0,0,0,0,0,0,0,0,0,0,0,0,0,0,0
3,8,same,perturbation,decomposition,query,SAT,True,559,4.19501788909,2345.015,37.217,3.765,7.267,4.19501788909,2345.015,37.217,4.19501788909,2345.015,37.217,1.42933810376,799,7,1,5,0.304114490161,170,3,0,2,0,0,0,0.125223613596,70,3,0,0,0,0,0,0,0.239713774597
3,8,same,perturbation,decomposition,query,UNSAT,False,3168,0.766375315657,2427.877,35.714,0.16,3.095,0.766375315657,2427.877,35.714,0.766375315657,2427.877,35.714,1,3168,1,1,1,0,0,0,0,0,0,0,0,0,0,0,0,0,0,0,0,0,0
3,8,same,perturbation,decomposition,query,UNSAT,True,881,0.605188422247,533.171,59.82,0.16,1.983,0.605188422247,533.171,59.82,0.605188422247,533.171,59.82,1,881,1,1,1,0,0,0,0,0,0,0,0,0,0,0,0,0,0,0,0,0,0
3,8,same,camera,fixed_hit,query,SAT,True,1097,5.45968732908,5989.277,58.198,4.977,8.793,5.45968732908,5989.277,58.198,5.45968732908,5989.277,58.198,1.00546946217,1103,2,1,1,0.00546946216955,6,1,0,0,0.0601640838651,66,1,0,0,0,0.0656335460346,72,1,0.00546946216955,6,1,0.00546946216955
3,8,same,camera,fixed_hit,query,UNSAT,True,2047,1.00940156326,2066.245,13.781,0.741,2.771,1.00940156326,2066.245,13.781,1.00940156326,2066.245,13.781,1,2047,1,1,1,0,0,0,0,0,0,0,0,0,0,0,0,0,0,0,0,0,0
3,8,same,perturbation,fixed_hit,query,SAT,True,559,3.81579248658,2133.028,35.574,3.225,6.53,3.81579248658,2133.028,35.574,3.81579248658,2133.028,35.574,1,559,1,1,1,0,0,0,0,0,0.239713774597,134,1,0,0,0,0.239713774597,134,1,0,0,0,0
3,8,same,perturbation,fixed_hit,query,UNSAT,False,3168,0.805976325758,2553.333,109.726,0.161,3.1015,0.805976325758,2553.333,109.726,0.805976325758,2553.333,109.726,1,3168,1,1,1,0,0,0,0,0,0,0,0,0,0,0,0,0,0,0,0,0,0
3,8,same,perturbation,fixed_hit,query,UNSAT,True,881,0.538688989784,474.585,5.268,0.16,1.973,0.538688989784,474.585,5.268,0.538688989784,474.585,5.268,1,881,1,1,1,0,0,0,0,0,0,0,0,0,0,0,0,0,0,0,0,0,0
3,8,same,camera,both,query,SAT,True,1097,5.68137010027,6232.463,210.188,5.018,8.833,5.68137010027,6232.463,210.188,5.68137010027,6232.463,210.188,1.00546946217,1103,2,1,1,0.00546946216955,6,1,0,0,0.0601640838651,66,1,0,0,0,0.0656335460346,72,1,0.00546946216955,6,1,0.00546946216955
3,8,same,camera,both,query,UNSAT,True,2047,0.997469467513,2041.82,16.715,0.731,2.7883,0.997469467513,2041.82,16.715,0.997469467513,2041.82,16.715,1,2047,1,1,1,0,0,0,0,0,0,0,0,0,0,0,0,0,0,0,0,0,0
3,8,same,perturbation,both,query,SAT,True,559,4.1867137746,2340.373,125.51,3.265,6.511,4.1867137746,2340.373,125.51,4.1867137746,2340.373,125.51,1,559,1,1,1,0,0,0,0,0,0.239713774597,134,1,0,0,0,0.239713774597,134,1,0,0,0,0
3,8,same,perturbation,both,query,UNSAT,False,3168,0.785784406566,2489.365,48.904,0.161,3.075,0.785784406566,2489.365,48.904,0.785784406566,2489.365,48.904,1,3168,1,1,1,0,0,0,0,0,0,0,0,0,0,0,0,0,0,0,0,0,0
3,8,same,perturbation,both,query,UNSAT,True,881,0.618853575482,545.21,23.366,0.16,2.013,0.618853575482,545.21,23.366,0.618853575482,545.21,23.366,1,881,1,1,1,0,0,0,0,0,0,0,0,0,0,0,0,0,0,0,0,0,0
3,8,split,camera,search,query,SAT,True,1189,5.69887216148,6775.959,225.611,4.917,8.052,5.69887216148,6775.959,225.611,5.69887216148,6775.959,225.611,1.06560134567,1267,3,1,2,0.0656013456686,78,2,0,1,0,0,0,0,0,0,0,0,0,0,0,0,0.0521446593776
3,8,split,camera,search,query,UNSAT,True,2267,0.999932509925,2266.847,21.222,0.781,2.7517,0.999932509925,2266.847,21.222,0.999932509925,2266.847,21.222,1,2267,1,1,1,0,0,0,0,0,0,0,0,0,0,0,0,0,0,0,0,0,0
3,8,split,perturbation,search,query,SAT,True,515,3.95931650485,2039.048,17.616,3.575,6.52,3.95931650485,2039.048,17.616,3.95931650485,2039.048,17.616,1.29126213592,665,4,1,3,0.291262135922,150,3,0,2,0,0,0,0,0,0,0,0,0,0,0,0,0.221359223301
3,8,split,perturbation,search,query,UNSAT,False,3240,0.755558333333,2448.009,51.929,0.16,2.985,0.755558333333,2448.009,51.929,0.755558333333,2448.009,51.929,1,3240,1,1,1,0,0,0,0,0,0,0,0,0,0,0,0,0,0,0,0,0,0
3,8,split,perturbation,search,query,UNSAT,True,853,0.540432590856,460.989,19.56,0.161,1.817,0.540432590856,460.989,19.56,0.540432590856,460.989,19.56,1,853,1,1,1,0,0,0,0,0,0,0,0,0,0,0,0,0,0,0,0,0,0
3,8,split,camera,decomposition,query,SAT,True,1189,5.88452565181,6996.701,223.908,4.928,8.122,5.88452565181,6996.701,223.908,5.88452565181,6996.701,223.908,1.09251471825,1299,5,1,2,0.0656013456686,78,2,0,1,0,0,0,0.026913372582,32,2,0,0,0,0,0,0,0.0521446593776
3,8,split,camera,decomposition,query,UNSAT,True,2267,1.11466254963,2526.94,140.463,0.761,2.791,1.11466254963,2526.94,140.463,1.11466254963,2526.94,140.463,1,2267,1,1,1,0,0,0,0,0,0,0,0,0,0,0,0,0,0,0,0,0,0
3,8,split,perturbation,decomposition,query,SAT,True,515,4.16586213592,2145.419,81.413,3.605,6.778,4.16586213592,2145.419,81.413,4.16586213592,2145.419,81.413,1.42718446602,735,7,1,5,0.291262135922,150,3,0,2,0,0,0,0.135922330097,70,3,0,0,0,0,0,0,0.221359223301
3,8,split,perturbation,decomposition,query,UNSAT,False,3240,0.735592592593,2383.32,47.081,0.161,2.97405,0.735592592593,2383.32,47.081,0.735592592593,2383.32,47.081,1,3240,1,1,1,0,0,0,0,0,0,0,0,0,0,0,0,0,0,0,0,0,0
3,8,split,perturbation,decomposition,query,UNSAT,True,853,0.561883939039,479.287,29.184,0.161,1.841,0.561883939039,479.287,29.184,0.561883939039,479.287,29.184,1,853,1,1,1,0,0,0,0,0,0,0,0,0,0,0,0,0,0,0,0,0,0
3,8,split,camera,fixed_hit,query,SAT,True,1189,5.4883078217,6525.598,84.307,4.828,8.112,5.4883078217,6525.598,84.307,5.4883078217,6525.598,84.307,1,1189,1,1,1,0,0,0,0,0,0.0521446593776,62,1,0,0,0,0.0521446593776,62,1,0,0,0,0
3,8,split,camera,fixed_hit,query,UNSAT,True,2267,1.03088928099,2337.026,50.707,0.761,2.7713,1.03088928099,2337.026,50.707,1.03088928099,2337.026,50.707,1,2267,1,1,1,0,0,0,0,0,0,0,0,0,0,0,0,0,0,0,0,0,0
3,8,split,perturbation,fixed_hit,query,SAT,True,515,3.65019223301,1879.849,21.272,3.084,6.543,3.65019223301,1879.849,21.272,3.65019223301,1879.849,21.272,1,515,1,1,1,0,0,0,0,0,0.221359223301,114,1,0,0,0,0.221359223301,114,1,0,0,0,0
3,8,split,perturbation,fixed_hit,query,UNSAT,False,3240,0.755636111111,2448.261,56.365,0.161,2.94645,0.755636111111,2448.261,56.365,0.755636111111,2448.261,56.365,1,3240,1,1,1,0,0,0,0,0,0,0,0,0,0,0,0,0,0,0,0,0,0
3,8,split,perturbation,fixed_hit,query,UNSAT,True,853,0.535852286049,457.082,17.897,0.16,1.761,0.535852286049,457.082,17.897,0.535852286049,457.082,17.897,1,853,1,1,1,0,0,0,0,0,0,0,0,0,0,0,0,0,0,0,0,0,0
3,8,split,camera,both,query,SAT,True,1189,5.52779394449,6572.547,193.162,4.848,8.032,5.52779394449,6572.547,193.162,5.52779394449,6572.547,193.162,1,1189,1,1,1,0,0,0,0,0,0.0521446593776,62,1,0,0,0,0.0521446593776,62,1,0,0,0,0
3,8,split,camera,both,query,UNSAT,True,2267,1.11089325099,2518.395,263.158,0.771,2.731,1.11089325099,2518.395,263.158,1.11089325099,2518.395,263.158,1,2267,1,1,1,0,0,0,0,0,0,0,0,0,0,0,0,0,0,0,0,0,0
3,8,split,perturbation,both,query,SAT,True,515,3.69871262136,1904.837,36.786,3.075,6.543,3.69871262136,1904.837,36.786,3.69871262136,1904.837,36.786,1,515,1,1,1,0,0,0,0,0,0.221359223301,114,1,0,0,0,0.221359223301,114,1,0,0,0,0
3,8,split,perturbation,both,query,UNSAT,False,3240,0.738261728395,2391.968,29.114,0.161,2.954,0.738261728395,2391.968,29.114,0.738261728395,2391.968,29.114,1,3240,1,1,1,0,0,0,0,0,0,0,0,0,0,0,0,0,0,0,0,0,0
3,8,split,perturbation,both,query,UNSAT,True,853,0.552670574443,471.428,29.745,0.16,1.823,0.552670574443,471.428,29.745,0.552670574443,471.428,29.745,1,853,1,1,1,0,0,0,0,0,0,0,0,0,0,0,0,0,0,0,0,0,0
4,8,same,camera,search,query,SAT,True,1652,6.15100423729,10161.459,195.045,5.398,10.5295,6.15100423729,10161.459,195.045,6.15100423729,10161.459,195.045,1.12832929782,1864,3,1,2,0.128329297821,212,2,0,1,0,0,0,0,0,0,0,0,0,0,0,0,0.118644067797
4,8,same,camera,search,query,UNSAT,True,2980,1.18728053691,3538.096,94.303,0.8265,3.11545,1.18728053691,3538.096,94.303,1.18728053691,3538.096,94.303,1,2980,1,1,1,0,0,0,0,0,0,0,0,0,0,0,0,0,0,0,0,0,0
4,8,same,perturbation,search,query,SAT,True,516,4.11084302326,2121.195,17.406,3.746,7.05575,4.11084302326,2121.195,17.406,4.11084302326,2121.195,17.406,1.19379844961,616,3,1,2,0.193798449612,100,2,0,1,0,0,0,0,0,0,0,0,0,0,0,0,0.170542635659
4,8,same,perturbation,search,query,UNSAT,False,3240,0.879392592593,2849.232,25.859,0.161,3.4355,0.879392592593,2849.232,25.859,0.879392592593,2849.232,25.859,1,3240,1,1,1,0,0,0,0,0,0,0,0,0,0,0,0,0,0,0,0,0,0
4,8,same,perturbation,search,query,UNSAT,True,852,0.547957746479,466.86,5.128,0.17,1.782,0.547957746479,466.86,5.128,0.547957746479,466.86,5.128,1,852,1,1,1,0,0,0,0,0,0,0,0,0,0,0,0,0,0,0,0,0,0
4,8,same,camera,decomposition,query,SAT,True,1652,5.95954661017,9845.171,64.768,5.473,10.18445,5.95954661017,9845.171,64.768,5.95954661017,9845.171,64.768,1.14769975787,1896,5,1,2,0.128329297821,212,2,0,1,0,0,0,0.0193704600484,32,2,0,0,0,0,0,0,0.118644067797
4,8,same,camera,decomposition,query,UNSAT,True,2980,1.09309832215,3257.433,53.972,0.821,3.0155,1.09309832215,3257.433,53.972,1.09309832215,3257.433,53.972,1,2980,1,1,1,0,0,0,0,0,0,0,0,0,0,0,0,0,0,0,0,0,0
4,8,same,perturbation,decomposition,query,SAT,True,516,4.27705813953,2206.962,63.867,3.775,7.346,4.27705813953,2206.962,63.867,4.27705813953,2206.962,63.867,1.24031007752,640,5,1,2,0.193798449612,100,2,0,1,0,0,0,0.046511627907,24,2,0,0,0,0,0,0,0.170542635659
4,8,same,perturbation,decomposition,query,UNSAT,False,3240,0.889707098765,2882.651,37.687,0.17,3.45505,0.889707098765,2882.651,37.687,0.889707098765,2882.651,37.687,1,3240,1,1,1,0,0,0,0,0,0,0,0,0,0,0,0,0,0,0,0,0,0
4,8,same,perturbation,decomposition,query,UNSAT,True,852,0.590633802817,503.22,39.049,0.161,1.8075,0.590633802817,503.22,39.049,0.590633802817,503.22,39.049,1,852,1,1,1,0,0,0,0,0,0,0,0,0,0,0,0,0,0,0,0,0,0
4,8,same,camera,fixed_hit,query,SAT,True,1652,5.84878934625,9662.2,104.599,5.428,9.6985,5.84878934625,9662.2,104.599,5.84878934625,9662.2,104.599,1.01452784504,1676,2,1,1,0.0145278450363,24,1,0,0,0.10411622276,172,1,0,0,0,0.118644067797,196,1,0.0145278450363,24,1,0.0145278450363
4,8,same,camera,fixed_hit,query,UNSAT,True,2980,1.10376812081,3289.229,26.53,0.8215,3.09405,1.10376812081,3289.229,26.53,1.10376812081,3289.229,26.53,1,2980,1,1,1,0,0,0,0,0,0,0,0,0,0,0,0,0,0,0,0,0,0
4,8,same,perturbation,fixed_hit,query,SAT,True,516,4.44625,2294.265,227.364,3.385,7.246,4.44625,2294.265,227.364,4.44625,2294.265,227.364,1,516,1,1,1,0,0,0,0,0,0.170542635659,88,1,0,0,0,0.170542635659,88,1,0,0,0,0
4,8,same,perturbation,fixed_hit,query,UNSAT,False,3240,0.87072654321,2821.154,23.426,0.17,3.495,0.87072654321,2821.154,23.426,0.87072654321,2821.154,23.426,1,3240,1,1,1,0,0,0,0,0,0,0,0,0,0,0,0,0,0,0,0,0,0
4,8,same,perturbation,fixed_hit,query,UNSAT,True,852,0.548827464789,467.601,6.96,0.161,1.83705,0.548827464789,467.601,6.96,0.548827464789,467.601,6.96,1,852,1,1,1,0,0,0,0,0,0,0,0,0,0,0,0,0,0,0,0,0,0
4,8,same,camera,both,query,SAT,True,1652,5.86273668281,9685.241,140.713,5.378,9.514,5.86273668281,9685.241,140.713,5.86273668281,9685.241,140.713,1.01452784504,1676,2,1,1,0.0145278450363,24,1,0,0,0.10411622276,172,1,0,0,0,0.118644067797,196,1,0.0145278450363,24,1,0.0145278450363
4,8,same,camera,both,query,UNSAT,True,2980,1.10707785235,3299.092,69.575,0.821,3.045,1.10707785235,3299.092,69.575,1.10707785235,3299.092,69.575,1,2980,1,1,1,0,0,0,0,0,0,0,0,0,0,0,0,0,0,0,0,0,0
4,8,same,perturbation,both,query,SAT,True,516,3.80907170543,1965.481,8.834,3.39,7.006,3.80907170543,1965.481,8.834,3.80907170543,1965.481,8.834,1,516,1,1,1,0,0,0,0,0,0.170542635659,88,1,0,0,0,0.170542635659,88,1,0,0,0,0
4,8,same,perturbation,both,query,UNSAT,False,3240,0.891863271605,2889.637,37.997,0.17,3.55505,0.891863271605,2889.637,37.997,0.891863271605,2889.637,37.997,1,3240,1,1,1,0,0,0,0,0,0,0,0,0,0,0,0,0,0,0,0,0,0
4,8,same,perturbation,both,query,UNSAT,True,852,0.53898943662,459.219,4.256,0.161,1.7775,0.53898943662,459.219,4.256,0.53898943662,459.219,4.256,1,852,1,1,1,0,0,0,0,0,0,0,0,0,0,0,0,0,0,0,0,0,0
4,8,split,camera,search,query,SAT,True,1834,5.75515267176,10554.95,211.751,5.198,8.42615,5.75515267176,10554.95,211.751,5.75515267176,10554.95,211.751,1.06543075245,1954,3,1,2,0.0654307524537,120,2,0,1,0,0,0,0,0,0,0,0,0,0,0,0,0.0567066521265
4,8,split,camera,search,query,UNSAT,True,3470,1.10903083573,3848.337,108.214,0.8865,2.8595,1.10903083573,3848.337,108.214,1.10903083573,3848.337,108.214,1,3470,1,1,1,0,0,0,0,0,0,0,0,0,0,0,0,0,0,0,0,0,0
4,8,split,perturbation,search,query,SAT,True,504,4.12316666667,2078.076,27.181,3.685,6.782,4.12316666667,2078.076,27.181,4.12316666667,2078.076,27.181,1.23015873016,620,4,1,2.85,0.230158730159,116,3,0,1.85,0,0,0,0,0,0,0,0,0,0,0,0,0.174603174603
4,8,split,perturbation,search,query,UNSAT,False,3240,0.897834876543,2908.985,117.818,0.17,3.10545,0.897834876543,2908.985,117.818,0.897834876543,2908.985,117.818,1,3240,1,1,1,0,0,0,0,0,0,0,0,0,0,0,0,0,0,0,0,0,0
4,8,split,perturbation,search,query,UNSAT,True,864,0.544195601852,470.185,3.536,0.17,1.73915,0.544195601852,470.185,3.536,0.544195601852,470.185,3.536,1,864,1,1,1,0,0,0,0,0,0,0,0,0,0,0,0,0,0,0,0,0,0
4,8,split,camera,decomposition,query,SAT,True,1834,6.1325736096,11247.14,893.362,5.148,8.43235,6.1325736096,11247.14,893.362,6.1325736096,11247.14,893.362,1.08287895311,1986,5,1,2,0.0654307524537,120,2,0,1,0,0,0,0.0174482006543,32,2,0,0,0,0,0,0,0.0567066521265
4,8,split,camera,decomposition,query,UNSAT,True,3470,1.1735945245,4072.373,244.941,0.891,2.85455,1.1735945245,4072.373,244.941,1.1735945245,4072.373,244.941,1,3470,1,1,1,0,0,0,0,0,0,0,0,0,0,0,0,0,0,0,0,0,0
4,8,split,perturbation,decomposition,query,SAT,True,504,4.03898214286,2035.647,22.494,3.6405,6.587,4.03898214286,2035.647,22.494,4.03898214286,2035.647,22.494,1.3373015873,674,7,1,4.55,0.230158730159,116,3,0,1.85,0,0,0,0.107142857143,54,3,0,0,0,0,0,0,0.174603174603
4,8,split,perturbation,decomposition,query,UNSAT,False,3240,0.878862345679,2847.514,53.241,0.17,3.1455,0.878862345679,2847.514,53.241,0.878862345679,2847.514,53.241,1,3240,1,1,1,0,0,0,0,0,0,0,0,0,0,0,0,0,0,0,0,0,0
4,8,split,perturbation,decomposition,query,UNSAT,True,864,0.537112268519,464.065,3.815,0.161,1.71,0.537112268519,464.065,3.815,0.537112268519,464.065,3.815,1,864,1,1,1,0,0,0,0,0,0,0,0,0,0,0,0,0,0,0,0,0,0
4,8,split,camera,fixed_hit,query,SAT,True,1834,5.64984732824,10361.82,231.711,5.108,8.27965,5.64984732824,10361.82,231.711,5.64984732824,10361.82,231.711,1,1834,1,1,1,0,0,0,0,0,0.0567066521265,104,1,0,0,0,0.0567066521265,104,1,0,0,0,0
4,8,split,camera,fixed_hit,query,UNSAT,True,3470,1.09413400576,3796.645,71.979,0.891,2.83455,1.09413400576,3796.645,71.979,1.09413400576,3796.645,71.979,1,3470,1,1,1,0,0,0,0,0,0,0,0,0,0,0,0,0,0,0,0,0,0
4,8,split,perturbation,fixed_hit,query,SAT,True,504,3.95462301587,1993.13,58.9,3.2745,6.691,3.95462301587,1993.13,58.9,3.95462301587,1993.13,58.9,1,504,1,1,1,0,0,0,0,0,0.174603174603,88,1,0,0,0,0.174603174603,88,1,0,0,0,0
4,8,split,perturbation,fixed_hit,query,UNSAT,False,3240,0.855090740741,2770.494,76.055,0.17,3.16405,0.855090740741,2770.494,76.055,0.855090740741,2770.494,76.055,1,3240,1,1,1,0,0,0,0,0,0,0,0,0,0,0,0,0,0,0,0,0,0
4,8,split,perturbation,fixed_hit,query,UNSAT,True,864,0.542158564815,468.425,3.476,0.161,1.72065,0.542158564815,468.425,3.476,0.542158564815,468.425,3.476,1,864,1,1,1,0,0,0,0,0,0,0,0,0,0,0,0,0,0,0,0,0,0
4,8,split,camera,both,query,SAT,True,1834,5.75355452563,10552.019,174.995,5.123,8.3625,5.75355452563,10552.019,174.995,5.75355452563,10552.019,174.995,1,1834,1,1,1,0,0,0,0,0,0.0567066521265,104,1,0,0,0,0.0567066521265,104,1,0,0,0,0
4,8,split,camera,both,query,UNSAT,True,3470,1.10922651297,3849.016,177.689,0.881,2.8795,1.10922651297,3849.016,177.689,1.10922651297,3849.016,177.689,1,3470,1,1,1,0,0,0,0,0,0,0,0,0,0,0,0,0,0,0,0,0,0
4,8,split,perturbation,both,query,SAT,True,504,4.48155357143,2258.703,251.511,3.315,6.7695,4.48155357143,2258.703,251.511,4.48155357143,2258.703,251.511,1,504,1,1,1,0,0,0,0,0,0.174603174603,88,1,0,0,0,0.174603174603,88,1,0,0,0,0
4,8,split,perturbation,both,query,UNSAT,False,3240,0.836513271605,2710.303,35.634,0.17,3.08405,0.836513271605,2710.303,35.634,0.836513271605,2710.303,35.634,1,3240,1,1,1,0,0,0,0,0,0,0,0,0,0,0,0,0,0,0,0,0,0
4,8,split,perturbation,both,query,UNSAT,True,864,0.547959490741,473.437,3.395,0.161,1.7615,0.547959490741,473.437,3.395,0.547959490741,473.437,3.395,1,864,1,1,1,0,0,0,0,0,0,0,0,0,0,0,0,0,0,0,0,0,0
4,16,same,camera,search,query,SAT,True,2228,8.50341202873,18945.602,276.157,6.62,19.29065,8.50341202873,18945.602,276.157,8.50341202873,18945.602,276.157,1.0026929982,2234,2,1,1,0.00269299820467,6,1,0,0,0,0,0,0,0,0,0,0,0,0,0,0,0.00269299820467
4,16,same,camera,search,query,UNSAT,True,4300,1.2012672093,5165.449,29.876,0.812,4.1495,1.2012672093,5165.449,29.876,1.2012672093,5165.449,29.876,1,4300,1,1,1,0,0,0,0,0,0,0,0,0,0,0,0,0,0,0,0,0,0
4,16,same,perturbation,search,query,SAT,True,413,6.87441162228,2839.132,50.967,4.486,16.497,6.87441162228,2839.132,50.967,6.87441162228,2839.132,50.967,1,413,1,1,1,0,0,0,0,0,0,0,0,0,0,0,0,0,0,0,0,0,0
4,16,same,perturbation,search,query,UNSAT,False,3408,1.13199501174,3857.839,58.529,0.2,5.429,1.13199501174,3857.839,58.529,1.13199501174,3857.839,58.529,1,3408,1,1,1,0,0,0,0,0,0,0,0,0,0,0,0,0,0,0,0,0,0
4,16,same,perturbation,search,query,UNSAT,True,787,0.662162642948,521.122,8.413,0.17,2.3007,0.662162642948,521.122,8.413,0.662162642948,521.122,8.413,1,787,1,1,1,0,0,0,0,0,0,0,0,0,0,0,0,0,0,0,0,0,0
4,16,same,camera,decomposition,query,SAT,True,2228,8.72110547576,19430.623,355.648,6.62,19.8525,8.72110547576,19430.623,355.648,8.72110547576,19430.623,355.648,1.0026929982,2234,2,1,1,0.00269299820467,6,1,0,0,0,0,0,0,0,0,0,0,0,0,0,0,0.00269299820467
4,16,same,camera,decomposition,query,UNSAT,True,4300,1.28331813953,5518.268,75.575,0.811,4.40745,1.28331813953,5518.268,75.575,1.28331813953,5518.268,75.575,1,4300,1,1,1,0,0,0,0,0,0,0,0,0,0,0,0,0,0,0,0,0,0
4,16,same,perturbation,decomposition,query,SAT,True,413,6.87991041162,2841.403,87.062,4.337,16.345,6.87991041162,2841.403,87.062,6.87991041162,2841.403,87.062,1,413,1,1,1,0,0,0,0,0,0,0,0,0,0,0,0,0,0,0,0,0,0
4,16,same,perturbation,decomposition,query,UNSAT,False,3408,1.16187705399,3959.677,119.42,0.18,5.4345,1.16187705399,3959.677,119.42,1.16187705399,3959.677,119.42,1,3408,1,1,1,0,0,0,0,0,0,0,0,0,0,0,0,0,0,0,0,0,0
4,16,same,perturbation,decomposition,query,UNSAT,True,787,0.72568360864,571.113,20.421,0.17,2.3577,0.72568360864,571.113,20.421,0.72568360864,571.113,20.421,1,787,1,1,1,0,0,0,0,0,0,0,0,0,0,0,0,0,0,0,0,0,0
4,16,same,camera,fixed_hit,query,SAT,True,2228,8.43425493716,18791.52,148.855,6.62,19.0885,8.43425493716,18791.52,148.855,8.43425493716,18791.52,148.855,1,2228,1,1,1,0,0,0,0,0,0.00269299820467,6,1,0,0,0,0.00269299820467,6,1,0,0,0,0
4,16,same,camera,fixed_hit,query,UNSAT,True,4300,1.42355511628,6121.287,481.449,0.811,4.2865,1.42355511628,6121.287,481.449,1.42355511628,6121.287,481.449,1,4300,1,1,1,0,0,0,0,0,0,0,0,0,0,0,0,0,0,0,0,0,0
4,16,same,perturbation,fixed_hit,query,SAT,True,413,7.58901937046,3134.265,131.559,4.968,16.8634,7.58901937046,3134.265,131.559,7.58901937046,3134.265,131.559,1,413,1,1,1,0,0,0,0,0,0,0,0,0,0,0,0,0,0,0,0,0,0
4,16,same,perturbation,fixed_hit,query,UNSAT,False,3408,1.15885093897,3949.364,193.703,0.1805,5.4445,1.15885093897,3949.364,193.703,1.15885093897,3949.364,193.703,1,3408,1,1,1,0,0,0,0,0,0,0,0,0,0,0,0,0,0,0,0,0,0
4,16,same,perturbation,fixed_hit,query,UNSAT,True,787,0.67507750953,531.286,8.853,0.17,2.241,0.67507750953,531.286,8.853,0.67507750953,531.286,8.853,1,787,1,1,1,0,0,0,0,0,0,0,0,0,0,0,0,0,0,0,0,0,0
4,16,same,camera,both,query,SAT,True,2228,11.3237791741,25229.38,3806.13,6.62,19.3345,11.3237791741,25229.38,3806.13,11.3237791741,25229.38,3806.13,1,2228,1,1,1,0,0,0,0,0,0.00269299820467,6,1,0,0,0,0.00269299820467,6,1,0,0,0,0
4,16,same,camera,both,query,UNSAT,True,4300,1.23428395349,5307.421,27.411,0.811,4.38895,1.23428395349,5307.421,27.411,1.23428395349,5307.421,27.411,1,4300,1,1,1,0,0,0,0,0,0,0,0,0,0,0,0,0,0,0,0,0,0
4,16,same,perturbation,both,query,SAT,True,413,8.64449636804,3570.177,791.668,4.447,16.2844,8.64449636804,3570.177,791.668,8.64449636804,3570.177,791.668,1,413,1,1,1,0,0,0,0,0,0,0,0,0,0,0,0,0,0,0,0,0,0
4,16,same,perturbation,both,query,UNSAT,False,3408,1.14566960094,3904.442,63.987,0.19,5.498,1.14566960094,3904.442,63.987,1.14566960094,3904.442,63.987,1,3408,1,1,1,0,0,0,0,0,0,0,0,0,0,0,0,0,0,0,0,0,0
4,16,same,perturbation,both,query,UNSAT,True,787,0.766069885642,602.897,82.705,0.17,2.2743,0.766069885642,602.897,82.705,0.766069885642,602.897,82.705,1,787,1,1,1,0,0,0,0,0,0,0,0,0,0,0,0,0,0,0,0,0,0
4,16,split,camera,search,query,SAT,True,2295,10.5670296296,24251.333,4080.255,6.77,17.9463,10.5670296296,24251.333,4080.255,10.5670296296,24251.333,4080.255,1,2295,1,1,1,0,0,0,0,0,0,0,0,0,0,0,0,0,0,0,0,0,0
4,16,split,camera,search,query,UNSAT,True,4449,1.25436952124,5580.69,89.425,0.831,3.868,1.25436952124,5580.69,89.425,1.25436952124,5580.69,89.425,1,4449,1,1,1,0,0,0,0,0,0,0,0,0,0,0,0,0,0,0,0,0,0
4,16,split,perturbation,search,query,SAT,True,419,6.90766109785,2894.31,45.84,4.366,17.507,6.90766109785,2894.31,45.84,6.90766109785,2894.31,45.84,1,419,1,1,1,0,0,0,0,0,0,0,0,0,0,0,0,0,0,0,0,0,0
4,16,split,perturbation,search,query,UNSAT,False,3384,1.02206323877,3458.662,30.106,0.181,5.0165,1.02206323877,3458.662,30.106,1.02206323877,3458.662,30.106,1,3384,1,1,1,0,0,0,0,0,0,0,0,0,0,0,0,0,0,0,0,0,0
4,16,split,perturbation,search,query,UNSAT,True,805,0.835636024845,672.687,72.721,0.17,2.3532,0.835636024845,672.687,72.721,0.835636024845,672.687,72.721,1,805,1,1,1,0,0,0,0,0,0,0,0,0,0,0,0,0,0,0,0,0,0
4,16,split,camera,decomposition,query,SAT,True,2295,8.62661089325,19798.072,489.02,6.74,17.833,8.62661089325,19798.072,489.02,8.62661089325,19798.072,489.02,1,2295,1,1,1,0,0,0,0,0,0,0,0,0,0,0,0,0,0,0,0,0,0
4,16,split,camera,decomposition,query,UNSAT,True,4449,1.2391656552,5513.048,96.897,0.831,3.8414,1.2391656552,5513.048,96.897,1.2391656552,5513.048,96.897,1,4449,1,1,1,0,0,0,0,0,0,0,0,0,0,0,0,0,0,0,0,0,0
4,16,split,perturbation,decomposition,query,SAT,True,419,7.09811217184,2974.109,69.114,4.437,16.3501,7.09811217184,2974.109,69.114,7.09811217184,2974.109,69.114,1,419,1,1,1,0,0,0,0,0,0,0,0,0,0,0,0,0,0,0,0,0,0
4,16,split,perturbation,decomposition,query,UNSAT,False,3384,1.32158185579,4472.233,416.981,0.18,5.1005,1.32158185579,4472.233,416.981,1.32158185579,4472.233,416.981,1,3384,1,1,1,0,0,0,0,0,0,0,0,0,0,0,0,0,0,0,0,0,0
4,16,split,perturbation,decomposition,query,UNSAT,True,805,0.723023602484,582.034,20.551,0.18,2.323,0.723023602484,582.034,20.551,0.723023602484,582.034,20.551,1,805,1,1,1,0,0,0,0,0,0,0,0,0,0,0,0,0,0,0,0,0,0
4,16,split,camera,fixed_hit,query,SAT,True,2295,9.56796906318,21958.489,875.575,6.77,18.1607,9.56796906318,21958.489,875.575,9.56796906318,21958.489,875.575,1,2295,1,1,1,0,0,0,0,0,0,0,0,0,0,0,0,0,0,0,0,0,0
4,16,split,camera,fixed_hit,query,UNSAT,True,4449,1.33167093729,5924.604,238.331,0.831,3.846,1.33167093729,5924.604,238.331,1.33167093729,5924.604,238.331,1,4449,1,1,1,0,0,0,0,0,0,0,0,0,0,0,0,0,0,0,0,0,0
4,16,split,perturbation,fixed_hit,query,SAT,True,419,6.74940811456,2828.002,81.764,4.417,15.2761,6.74940811456,2828.002,81.764,6.74940811456,2828.002,81.764,1,419,1,1,1,0,0,0,0,0,0,0,0,0,0,0,0,0,0,0,0,0,0
4,16,split,perturbation,fixed_hit,query,UNSAT,False,3384,1.10163416076,3727.93,132.46,0.18,5.1665,1.10163416076,3727.93,132.46,1.10163416076,3727.93,132.46,1,3384,1,1,1,0,0,0,0,0,0,0,0,0,0,0,0,0,0,0,0,0,0
4,16,split,perturbation,fixed_hit,query,UNSAT,True,805,0.87777515528,706.609,165.962,0.171,2.2938,0.87777515528,706.609,165.962,0.87777515528,706.609,165.962,1,805,1,1,1,0,0,0,0,0,0,0,0,0,0,0,0,0,0,0,0,0,0
4,16,split,camera,both,query,SAT,True,2295,9.52971459695,21870.695,1577.899,6.75,18.431,9.52971459695,21870.695,1577.899,9.52971459695,21870.695,1577.899,1,2295,1,1,1,0,0,0,0,0,0,0,0,0,0,0,0,0,0,0,0,0,0
4,16,split,camera,both,query,UNSAT,True,4449,1.29766396943,5773.307,105.659,0.831,3.938,1.29766396943,5773.307,105.659,1.29766396943,5773.307,105.659,1,4449,1,1,1,0,0,0,0,0,0,0,0,0,0,0,0,0,0,0,0,0,0
4,16,split,perturbation,both,query,SAT,True,419,7.03904534606,2949.36,108.694,4.307,16.8671,7.03904534606,2949.36,108.694,7.03904534606,2949.36,108.694,1,419,1,1,1,0,0,0,0,0,0,0,0,0,0,0,0,0,0,0,0,0,0
4,16,split,perturbation,both,query,UNSAT,False,3384,1.19596158392,4047.134,228.736,0.18,5.1665,1.19596158392,4047.134,228.736,1.19596158392,4047.134,228.736,1,3384,1,1,1,0,0,0,0,0,0,0,0,0,0,0,0,0,0,0,0,0,0
4,16,split,perturbation,both,query,UNSAT,True,805,0.699510559006,563.106,21.953,0.17,2.3732,0.699510559006,563.106,21.953,0.699510559006,563.106,21.953,1,805,1,1,1,0,0,0,0,0,0,0,0,0,0,0,0,0,0,0,0,0,0
5,8,same,camera,search,query,SAT,True,2278,6.45879587357,14713.137,167.263,5.889,9.95885,6.45879587357,14713.137,167.263,6.45879587357,14713.137,167.263,1.12598770852,2565,4,1,2,0.125987708516,287,3,0,1,0,0,0,0,0,0,0,0,0,0,0,0,0.0869183494293
5,8,same,camera,search,query,UNSAT,True,4130,1.31751283293,5441.328,188.455,1.001,3.205,1.31751283293,5441.328,188.455,1.31751283293,5441.328,188.455,1,4130,1,1,1,0,0,0,0,0,0,0,0,0,0,0,0,0,0,0,0,0,0
5,8,same,perturbation,search,query,SAT,True,584,5.1802380137,3025.259,63.886,4.542,8.73635,5.1802380137,3025.259,63.886,5.1802380137,3025.259,63.886,1.50684931507,880,5,1,3,0.506849315068,296,4,0,2,0,0,0,0,0,0,0,0,0,0,0,0,0.337328767123
5,8,same,perturbation,search,query,UNSAT,False,3144,0.861263994911,2707.814,25.479,0.251,3.215,0.861263994911,2707.814,25.479,0.861263994911,2707.814,25.479,1,3144,1,1,1,0,0,0,0,0,0,0,0,0,0,0,0,0,0,0,0,0,0
5,8,same,perturbation,search,query,UNSAT,True,880,0.724226136364,637.319,56.446,0.1705,2.073,0.724226136364,637.319,56.446,0.724226136364,637.319,56.446,1,880,1,1,1,0,0,0,0,0,0,0,0,0,0,0,0,0,0,0,0,0,0
5,8,same,camera,decomposition,query,SAT,True,2278,6.27280860404,14289.458,138.56,5.849,9.775,6.27280860404,14289.458,138.56,6.27280860404,14289.458,138.56,1.18305531168,2695,7,1,2,0.125987708516,287,3,0,1,0,0,0,0.0570676031607,130,3,0,0,0,0,0,0,0.0869183494293
5,8,same,camera,decomposition,query,UNSAT,True,4130,1.31397554479,5426.719,89.054,1.002,3.235,1.31397554479,5426.719,89.054,1.31397554479,5426.719,89.054,1,4130,1,1,1,0,0,0,0,0,0,0,0,0,0,0,0,0,0,0,0,0,0
5,8,same,perturbation,decomposition,query,SAT,True,584,5.42068150685,3165.678,146.953,4.502,8.53915,5.42068150685,3165.678,146.953,5.42068150685,3165.678,146.953,1.77397260274,1036,8,1,5,0.506849315068,296,4,0,2,0,0,0,0.267123287671,156,3,0,0,0,0,0,0,0.337328767123
5,8,same,perturbation,decomposition,query,UNSAT,False,3144,0.901021310433,2832.811,70.016,0.251,3.21265,0.901021310433,2832.811,70.016,0.901021310433,2832.811,70.016,1,3144,1,1,1,0,0,0,0,0,0,0,0,0,0,0,0,0,0,0,0,0,0
5,8,same,perturbation,decomposition,query,UNSAT,True,880,0.614540909091,540.796,5.158,0.18,2.084,0.614540909091,540.796,5.158,0.614540909091,540.796,5.158,1,880,1,1,1,0,0,0,0,0,0,0,0,0,0,0,0,0,0,0,0,0,0
5,8,same,camera,fixed_hit,query,SAT,True,2278,6.90259130817,15724.103,907.633,5.769,9.8265,6.90259130817,15724.103,907.633,6.90259130817,15724.103,907.633,1.03511852502,2358,4,1,1,0.0351185250219,80,3,0,0,0.0702370500439,160,1,0,0,0,0.0961369622476,219,3,0.0258999122037,59,2,0.023266022827
5,8,same,camera,fixed_hit,query,UNSAT,True,4130,1.36579128329,5640.718,245.832,0.992,3.2305,1.36579128329,5640.718,245.832,1.36579128329,5640.718,245.832,1,4130,1,1,1,0,0,0,0,0,0,0,0,0,0,0,0,0,0,0,0,0,0
5,8,same,perturbation,fixed_hit,query,SAT,True,584,4.42347431507,2583.309,64.798,3.5755,7.73365,4.42347431507,2583.309,64.798,4.42347431507,2583.309,64.798,1.08219178082,632,3,1,1.85,0.0821917808219,48,2,0,0.85,0.330479452055,193,1,0,0,0,0.381849315068,223,2,0.0513698630137,30,1,0.0513698630137
5,8,same,perturbation,fixed_hit,query,UNSAT,False,3144,0.94149586514,2960.063,74.472,0.26,3.2235,0.94149586514,2960.063,74.472,0.94149586514,2960.063,74.472,1,3144,1,1,1,0,0,0,0,0,0,0,0,0,0,0,0,0,0,0,0,0,0
5,8,same,perturbation,fixed_hit,query,UNSAT,True,880,0.647604545455,569.892,22.214,0.17,2.163,0.647604545455,569.892,22.214,0.647604545455,569.892,22.214,1,880,1,1,1,0,0,0,0,0,0,0,0,0,0,0,0,0,0,0,0,0,0
5,8,same,camera,both,query,SAT,True,2278,6.10804433714,13914.125,202.436,5.769,9.65785,6.10804433714,13914.125,202.436,6.10804433714,13914.125,202.436,1.04389815628,2378,6,1,1,0.0351185250219,80,3,0,0,0.0702370500439,160,1,0.00877963125549,20,2,0.100526777875,229,4,0.0302897278314,69,3,0.023266022827
5,8,same,camera,both,query,UNSAT,True,4130,1.30714745763,5398.519,183.788,0.992,3.2005,1.30714745763,5398.519,183.788,1.30714745763,5398.519,183.788,1,4130,1,1,1,0,0,0,0,0,0,0,0,0,0,0,0,0,0,0,0,0,0
5,8,same,perturbation,both,query,SAT,True,584,4.53118321918,2646.211,172.752,3.536,7.874,4.53118321918,2646.211,172.752,4.53118321918,2646.211,172.752,1.16095890411,678,6,1,1.85,0.0821917808219,48,2,0,0.85,0.337328767123,197,2,0.0787671232877,46,3,0.426369863014,249,4,0.0890410958904,52,2,0.0513698630137
5,8,same,perturbation,both,query,UNSAT,False,3144,0.897208969466,2820.825,64.057,0.26,3.25265,0.897208969466,2820.825,64.057,0.897208969466,2820.825,64.057,1,3144,1,1,1,0,0,0,0,0,0,0,0,0,0,0,0,0,0,0,0,0,0
5,8,same,perturbation,both,query,UNSAT,True,880,0.605536363636,532.872,7.281,0.17,2.083,0.605536363636,532.872,7.281,0.605536363636,532.872,7.281,1,880,1,1,1,0,0,0,0,0,0,0,0,0,0,0,0,0,0,0,0,0,0
5,8,split,camera,search,query,SAT,True,2628,5.75659589041,15128.334,58.148,5.3785,8.34885,5.75659589041,15128.334,58.148,5.75659589041,15128.334,58.148,1.07115677321,2815,4,1,1,0.0711567732116,187,3,0,0,0,0,0,0,0,0,0,0,0,0,0,0,0.0490867579909
5,8,split,camera,search,query,UNSAT,True,4956,1.26596509282,6274.123,77.778,1.001,2.97725,1.26596509282,6274.123,77.778,1.26596509282,6274.123,77.778,1,4956,1,1,1,0,0,0,0,0,0,0,0,0,0,0,0,0,0,0,0,0,0
5,8,split,perturbation,search,query,SAT,True,555,4.53802522523,2518.604,27.362,4.016,7.28,4.53802522523,2518.604,27.362,4.53802522523,2518.604,27.362,1.42882882883,793,5,1,3,0.428828828829,238,4,0,2,0,0,0,0,0,0,0,0,0,0,0,0,0.293693693694
5,8,split,perturbation,search,query,UNSAT,False,3168,0.853438131313,2703.692,24.517,0.251,3.084,0.853438131313,2703.692,24.517,0.853438131313,2703.692,24.517,1,3168,1,1,1,0,0,0,0,0,0,0,0,0,0,0,0,0,0,0,0,0,0
5,8,split,perturbation,search,query,UNSAT,True,885,0.595961581921,527.426,4.006,0.171,1.832,0.595961581921,527.426,4.006,0.595961581921,527.426,4.006,1,885,1,1,1,0,0,0,0,0,0,0,0,0,0,0,0,0,0,0,0,0,0
5,8,split,camera,decomposition,query,SAT,True,2628,5.96201103501,15668.165,259.192,5.303,8.34535,5.96201103501,15668.165,259.192,5.96201103501,15668.165,259.192,1.11301369863,2925,7,1,1,0.0711567732116,187,3,0,0,0,0,0,0.0418569254186,110,3,0,0,0,0,0,0,0.0490867579909
5,8,split,camera,decomposition,query,UNSAT,True,4956,1.21166707022,6005.022,78.329,0.992,2.9565,1.21166707022,6005.022,78.329,1.21166707022,6005.022,78.329,1,4956,1,1,1,0,0,0,0,0,0,0,0,0,0,0,0,0,0,0,0,0,0
5,8,split,perturbation,decomposition,query,SAT,True,555,4.51175135135,2504.022,62.084,3.916,7.071,4.51175135135,2504.022,62.084,4.51175135135,2504.022,62.084,1.65225225225,917,8,1,5,0.428828828829,238,4,0,2,0,0,0,0.223423423423,124,3,0,0,0,0,0,0,0.293693693694
5,8,split,perturbation,decomposition,query,UNSAT,False,3168,0.859764520202,2723.734,53.401,0.26,3.02115,0.859764520202,2723.734,53.401,0.859764520202,2723.734,53.401,1,3168,1,1,1,0,0,0,0,0,0,0,0,0,0,0,0,0,0,0,0,0,0
5,8,split,perturbation,decomposition,query,UNSAT,True,885,0.59093220339,522.975,3.936,0.171,1.763,0.59093220339,522.975,3.936,0.59093220339,522.975,3.936,1,885,1,1,1,0,0,0,0,0,0,0,0,0,0,0,0,0,0,0,0,0,0
5,8,split,camera,fixed_hit,query,SAT,True,2628,5.88392960426,15462.967,251.731,5.168,8.28265,5.88392960426,15462.967,251.731,5.88392960426,15462.967,251.731,1,2628,1,1,1,0,0,0,0,0,0.0490867579909,129,1,0,0,0,0.0490867579909,129,1,0,0,0,0
5,8,split,camera,fixed_hit,query,UNSAT,True,4956,1.2614842615,6251.916,241.656,0.992,2.965,1.2614842615,6251.916,241.656,1.2614842615,6251.916,241.656,1,4956,1,1,1,0,0,0,0,0,0,0,0,0,0,0,0,0,0,0,0,0,0
5,8,split,perturbation,fixed_hit,query,SAT,True,555,4.11891711712,2285.999,51.658,3.365,7.119,4.11891711712,2285.999,51.658,4.11891711712,2285.999,51.658,1.03603603604,575,3,1,1,0.036036036036,20,2,0,0,0.293693693694,163,1,0,0,0,0.311711711712,173,2,0.018018018018,10,1,0.018018018018
5,8,split,perturbation,fixed_hit,query,UNSAT,False,3168,0.882469065657,2795.662,84.348,0.26,3.065,0.882469065657,2795.662,84.348,0.882469065657,2795.662,84.348,1,3168,1,1,1,0,0,0,0,0,0,0,0,0,0,0,0,0,0,0,0,0,0
5,8,split,perturbation,fixed_hit,query,UNSAT,True,885,0.64017740113,566.557,43.696,0.17,1.8402,0.64017740113,566.557,43.696,0.64017740113,566.557,43.696,1,885,1,1,1,0,0,0,0,0,0,0,0,0,0,0,0,0,0,0,0,0,0
5,8,split,camera,both,query,SAT,True,2628,5.95282039574,15644.012,189.838,5.138,8.403,5.95282039574,15644.012,189.838,5.95282039574,15644.012,189.838,1,2628,1,1,1,0,0,0,0,0,0.0490867579909,129,1,0,0,0,0.0490867579909,129,1,0,0,0,0
5,8,split,camera,both,query,UNSAT,True,4956,1.2576763519,6233.044,299.663,1.001,2.965,1.2576763519,6233.044,299.663,1.2576763519,6233.044,299.663,1,4956,1,1,1,0,0,0,0,0,0,0,0,0,0,0,0,0,0,0,0,0,0
5,8,split,perturbation,both,query,SAT,True,555,3.94191711712,2187.764,15.844,3.295,6.938,3.94191711712,2187.764,15.844,3.94191711712,2187.764,15.844,1.07567567568,597,6,1,1,0.036036036036,20,2,0,0,0.297297297297,165,2,0.0396396396396,22,3,0.333333333333,185,4,0.036036036036,20,2,0.018018018018
5,8,split,perturbation,both,query,UNSAT,False,3168,0.835361426768,2646.425,44.267,0.26,3.04085,0.835361426768,2646.425,44.267,0.835361426768,2646.425,44.267,1,3168,1,1,1,0,0,0,0,0,0,0,0,0,0,0,0,0,0,0,0,0,0
5,8,split,perturbation,both,query,UNSAT,True,885,0.737950282486,653.086,104.979,0.171,1.8028,0.737950282486,653.086,104.979,0.737950282486,653.086,104.979,1,885,1,1,1,0,0,0,0,0,0,0,0,0,0,0,0,0,0,0,0,0,0
6,8,same,camera,search,query,SAT,True,3206,7.70059201497,24688.098,3172.822,6.049,10.02,7.70059201497,24688.098,3172.822,7.70059201497,24688.098,3172.822,1.15003119152,3687,4,1,2,0.150031191516,481,3,0,1,0,0,0,0,0,0,0,0,0,0,0,0,0.110106051154
6,8,same,camera,search,query,UNSAT,True,5770,1.43666083189,8289.533,200.734,1.1665,3.335,1.43666083189,8289.533,200.734,1.43666083189,8289.533,200.734,1,5770,1,1,1,0,0,0,0,0,0,0,0,0,0,0,0,0,0,0,0,0,0
6,8,same,perturbation,search,query,SAT,True,575,6.41084,3686.233,734.492,4.657,9.0557,6.41084,3686.233,734.492,6.41084,3686.233,734.492,1.52869565217,879,5,1,3,0.528695652174,304,4,0,2,0,0,0,0,0,0,0,0,0,0,0,0,0.35652173913
6,8,same,perturbation,search,query,UNSAT,False,3192,1.0174047619,3247.556,51.688,0.341,3.6405,1.0174047619,3247.556,51.688,1.0174047619,3247.556,51.688,1,3192,1,1,1,0,0,0,0,0,0,0,0,0,0,0,0,0,0,0,0,0,0
6,8,same,perturbation,search,query,UNSAT,True,841,0.706799048751,594.418,60.101,0.25,2.244,0.706799048751,594.418,60.101,0.706799048751,594.418,60.101,1,841,1,1,1,0,0,0,0,0,0,0,0,0,0,0,0,0,0,0,0,0,0
6,8,same,camera,decomposition,query,SAT,True,3206,7.35162819713,23569.32,824.458,6.114,10.1725,7.35162819713,23569.32,824.458,7.35162819713,23569.32,824.458,1.20056144729,3849,7,1,2,0.150031191516,481,3,0,1,0,0,0,0.0505302557704,162,3,0,0,0,0,0,0,0.110106051154
6,8,same,camera,decomposition,query,UNSAT,True,5770,1.60371282496,9253.423,716.003,1.171,3.39095,1.60371282496,9253.423,716.003,1.60371282496,9253.423,716.003,1,5770,1,1,1,0,0,0,0,0,0,0,0,0,0,0,0,0,0,0,0,0,0
6,8,same,perturbation,decomposition,query,SAT,True,575,5.77956869565,3323.252,345.278,4.577,8.99,5.77956869565,3323.252,345.278,5.77956869565,3323.252,345.278,1.79652173913,1033,8,1,5,0.528695652174,304,4,0,2,0,0,0,0.267826086957,154,3,0,0,0,0,0,0,0.35652173913
6,8,same,perturbation,decomposition,query,UNSAT,False,3192,1.06236497494,3391.069,65.399,0.351,3.69545,1.06236497494,3391.069,65.399,1.06236497494,3391.069,65.399,1,3192,1,1,1,0,0,0,0,0,0,0,0,0,0,0,0,0,0,0,0,0,0
6,8,same,perturbation,decomposition,query,UNSAT,True,841,0.702493460166,590.797,49.915,0.25,2.264,0.702493460166,590.797,49.915,0.702493460166,590.797,49.915,1,841,1,1,1,0,0,0,0,0,0,0,0,0,0,0,0,0,0,0,0,0,0
6,8,same,camera,fixed_hit,query,SAT,True,3206,6.66306300686,21361.78,224.55,6.019,9.78475,6.66306300686,21361.78,224.55,6.66306300686,21361.78,224.55,1.0617592015,3404,4,1,1,0.0617592014972,198,3,0,0,0.0695570804741,223,1,0,0,0,0.117592014972,377,3,0.0480349344978,154,2,0.0461634435434
6,8,same,camera,fixed_hit,query,UNSAT,True,5770,1.49349514731,8617.467,137.187,1.162,3.345,1.49349514731,8617.467,137.187,1.49349514731,8617.467,137.187,1,5770,1,1,1,0,0,0,0,0,0,0,0,0,0,0,0,0,0,0,0,0,0
6,8,same,perturbation,fixed_hit,query,SAT,True,575,4.70550782609,2705.667,78.92,3.866,8.719,4.70550782609,2705.667,78.92,4.70550782609,2705.667,78.92,1.12,644,3,1,2,0.12,69,2,0,1,0.32347826087,186,1,0,0,0,0.410434782609,236,2,0.0869565217391,50,1,0.0869565217391
6,8,same,perturbation,fixed_hit,query,UNSAT,False,3192,1.01407487469,3236.927,59.029,0.36,3.676,1.01407487469,3236.927,59.029,1.01407487469,3236.927,59.029,1,3192,1,1,1,0,0,0,0,0,0,0,0,0,0,0,0,0,0,0,0,0,0
6,8,same,perturbation,fixed_hit,query,UNSAT,True,841,0.682287752675,573.804,32.95,0.201,2.224,0.682287752675,573.804,32.95,0.682287752675,573.804,32.95,1,841,1,1,1,0,0,0,0,0,0,0,0,0,0,0,0,0,0,0,0,0,0
6,8,same,camera,both,query,SAT,True,3206,7.28179912664,23345.448,1219.176,6.039,9.9325,7.28179912664,23345.448,1219.176,7.28179912664,23345.448,1219.176,1.07049282595,3432,6,1,1,0.0617592014972,198,3,0,0,0.0695570804741,223,1,0.00873362445415,28,2,0.121958827199,391,4,0.0524017467249,168,3,0.0461634435434
6,8,same,camera,both,query,UNSAT,True,5770,1.5111627383,8719.409,207.153,1.162,3.34555,1.5111627383,8719.409,207.153,1.5111627383,8719.409,207.153,1,5770,1,1,1,0,0,0,0,0,0,0,0,0,0,0,0,0,0,0,0,0,0
6,8,same,perturbation,both,query,SAT,True,575,5.24055304348,3013.318,243.238,3.926,8.528,5.24055304348,3013.318,243.238,5.24055304348,3013.318,243.238,1.22086956522,702,6,1,3,0.12,69,2,0,1,0.335652173913,193,2,0.100869565217,58,3,0.469565217391,270,4,0.133913043478,77,2,0.0869565217391
6,8,same,perturbation,both,query,UNSAT,False,3192,1.08011810777,3447.737,228.485,0.35,3.605,1.08011810777,3447.737,228.485,1.08011810777,3447.737,228.485,1,3192,1,1,1,0,0,0,0,0,0,0,0,0,0,0,0,0,0,0,0,0,0
6,8,same,perturbation,both,query,UNSAT,True,841,1.22067657551,1026.589,293.224,0.25,2.344,1.22067657551,1026.589,293.224,1.22067657551,1026.589,293.224,1,841,1,1,1,0,0,0,0,0,0,0,0,0,0,0,0,0,0,0,0,0,0
6,8,split,camera,search,query,SAT,True,3854,6.30236248054,24289.305,190.929,5.6435,8.68335,6.30236248054,24289.305,190.929,6.30236248054,24289.305,190.929,1.06460819927,4103,4,1,1,0.0646081992735,249,3,0,0,0,0,0,0,0,0,0,0,0,0,0,0,0.0464452516866
6,8,split,camera,search,query,UNSAT,True,7258,1.54792697713,11234.854,1079.354,1.172,3.2165,1.54792697713,11234.854,1079.354,1.54792697713,11234.854,1079.354,1,7258,1,1,1,0,0,0,0,0,0,0,0,0,0,0,0,0,0,0,0,0,0
6,8,split,perturbation,search,query,SAT,True,541,9.44502772643,5109.76,2370.763,4.386,7.471,9.44502772643,5109.76,2370.763,9.44502772643,5109.76,2370.763,1.49168207024,807,5,1,3,0.49168207024,266,4,0,2,0,0,0,0,0,0,0,0,0,0,0,0,0.314232902033
6,8,split,perturbation,search,query,UNSAT,False,3240,0.963663271605,3122.269,102.896,0.3605,3.265,0.963663271605,3122.269,102.896,0.963663271605,3122.269,102.896,1,3240,1,1,1,0,0,0,0,0,0,0,0,0,0,0,0,0,0,0,0,0,0
6,8,split,perturbation,search,query,UNSAT,True,827,0.849004836759,702.127,173.402,0.26,2.1007,0.849004836759,702.127,173.402,0.849004836759,702.127,173.402,1,827,1,1,1,0,0,0,0,0,0,0,0,0,0,0,0,0,0,0,0,0,0
6,8,split,camera,decomposition,query,SAT,True,3854,6.23984198236,24048.351,237.82,5.648,8.6665,6.23984198236,24048.351,237.82,6.23984198236,24048.351,237.82,1.09626362221,4225,7,1,1,0.0646081992735,249,3,0,0,0,0,0,0.0316554229372,122,3,0,0,0,0,0,0,0.0464452516866
6,8,split,camera,decomposition,query,UNSAT,True,7258,1.45477748691,10558.775,185.42,1.172,3.215,1.45477748691,10558.775,185.42,1.45477748691,10558.775,185.42,1,7258,1,1,1,0,0,0,0,0,0,0,0,0,0,0,0,0,0,0,0,0,0
6,8,split,perturbation,decomposition,query,SAT,True,541,4.92313678373,2663.417,60.051,4.387,7.342,4.92313678373,2663.417,60.051,4.92313678373,2663.417,60.051,1.79482439926,971,8,1,5,0.49168207024,266,4,0,2,0,0,0,0.30314232902,164,3,0,0,0,0,0,0,0.314232902033
6,8,split,perturbation,decomposition,query,UNSAT,False,3240,0.950597839506,3079.937,55.093,0.361,3.224,0.950597839506,3079.937,55.093,0.950597839506,3079.937,55.093,1,3240,1,1,1,0,0,0,0,0,0,0,0,0,0,0,0,0,0,0,0,0,0
6,8,split,perturbation,decomposition,query,UNSAT,True,827,0.625047158404,516.914,3.556,0.25,2.11,0.625047158404,516.914,3.556,0.625047158404,516.914,3.556,1,827,1,1,1,0,0,0,0,0,0,0,0,0,0,0,0,0,0,0,0,0,0
6,8,split,camera,fixed_hit,query,SAT,True,3854,6.32466424494,24375.256,589.943,5.549,8.64715,6.32466424494,24375.256,589.943,6.32466424494,24375.256,589.943,1.00311364816,3866,3,1,1,0.00311364815776,12,2,0,0,0.0448884276077,173,1,0,0,0,0.0464452516866,179,1,0.00155682407888,6,1,0.00155682407888
6,8,split,camera,fixed_hit,query,UNSAT,True,7258,1.47106117388,10676.962,186.462,1.172,3.245,1.47106117388,10676.962,186.462,1.47106117388,10676.962,186.462,1,7258,1,1,1,0,0,0,0,0,0,0,0,0,0,0,0,0,0,0,0,0,0
6,8,split,perturbation,fixed_hit,query,SAT,True,541,5.0381090573,2725.617,203.488,3.455,7.141,5.0381090573,2725.617,203.488,5.0381090573,2725.617,203.488,1.05545286506,571,3,1,1,0.0554528650647,30,2,0,0,0.314232902033,170,1,0,0,0,0.351201478743,190,2,0.0369685767098,20,1,0.0369685767098
6,8,split,perturbation,fixed_hit,query,UNSAT,False,3240,0.969391975309,3140.83,115.474,0.3605,3.19595,0.969391975309,3140.83,115.474,0.969391975309,3140.83,115.474,1,3240,1,1,1,0,0,0,0,0,0,0,0,0,0,0,0,0,0,0,0,0,0
6,8,split,perturbation,fixed_hit,query,UNSAT,True,827,0.649457073761,537.101,16.515,0.26,2.047,0.649457073761,537.101,16.515,0.649457073761,537.101,16.515,1,827,1,1,1,0,0,0,0,0,0,0,0,0,0,0,0,0,0,0,0,0,0
6,8,split,camera,both,query,SAT,True,3854,6.19355993773,23869.98,356.449,5.5235,8.653,6.19355993773,23869.98,356.449,6.19355993773,23869.98,356.449,1.00311364816,3866,3,1,1,0.00311364815776,12,2,0,0,0.0448884276077,173,1,0,0,0,0.0464452516866,179,1,0.00155682407888,6,1,0.00155682407888
6,8,split,camera,both,query,UNSAT,True,7258,1.40111201433,10169.271,58.819,1.172,3.225,1.40111201433,10169.271,58.819,1.40111201433,10169.271,58.819,1,7258,1,1,1,0,0,0,0,0,0,0,0,0,0,0,0,0,0,0,0,0,0
6,8,split,perturbation,both,query,SAT,True,541,4.58966728281,2483.01,142.787,3.585,6.961,4.58966728281,2483.01,142.787,4.58966728281,2483.01,142.787,1.13678373383,615,6,1,1,0.0554528650647,30,2,0,0,0.321626617375,174,2,0.0813308687616,44,3,0.395563770795,214,4,0.0739371534196,40,2,0.0369685767098
6,8,split,perturbation,both,query,UNSAT,False,3240,0.974587962963,3157.665,60.261,0.351,3.176,0.974587962963,3157.665,60.261,0.974587962963,3157.665,60.261,1,3240,1,1,1,0,0,0,0,0,0,0,0,0,0,0,0,0,0,0,0,0,0
6,8,split,perturbation,both,query,UNSAT,True,827,0.627819830713,519.207,3.886,0.25,2.13,0.627819830713,519.207,3.886,0.627819830713,519.207,3.886,1,827,1,1,1,0,0,0,0,0,0,0,0,0,0,0,0,0,0,0,0,0,0
7,8,same,camera,search,query,SAT,True,4420,7.13285135747,31527.203,243.478,6.63,10.767,7.13285135747,31527.203,243.478,7.13285135747,31527.203,243.478,1.15,5083,4,1,2,0.15,663,3,0,1,0,0,0,0,0,0,0,0,0,0,0,0,0.109728506787
7,8,same,camera,search,query,UNSAT,True,7820,1.61960217391,12665.289,58.669,1.332,3.64505,1.61960217391,12665.289,58.669,1.61960217391,12665.289,58.669,1,7820,1,1,1,0,0,0,0,0,0,0,0,0,0,0,0,0,0,0,0,0,0
7,8,same,perturbation,search,query,SAT,True,585,7.65167692308,4476.231,1102.348,4.918,8.8312,7.65167692308,4476.231,1102.348,7.65167692308,4476.231,1102.348,1.44615384615,846,5,1,4,0.446153846154,261,4,0,3,0,0,0,0,0,0,0,0,0,0,0,0,0.270085470085
7,8,same,perturbation,search,query,UNSAT,False,3144,1.15201717557,3621.942,202.026,0.451,3.9345,1.15201717557,3621.942,202.026,1.15201717557,3621.942,202.026,1,3144,1,1,1,0,0,0,0,0,0,0,0,0,0,0,0,0,0,0,0,0,0
7,8,same,perturbation,search,query,UNSAT,True,879,0.914224118316,803.603,61.142,0.441,2.535,0.914224118316,803.603,61.142,0.914224118316,803.603,61.142,1,879,1,1,1,0,0,0,0,0,0,0,0,0,0,0,0,0,0,0,0,0,0
7,8,same,camera,decomposition,query,SAT,True,4420,7.26511877828,32111.825,253.894,6.63,10.877,7.26511877828,32111.825,253.894,7.26511877828,32111.825,253.894,1.19660633484,5289,7,1,2,0.15,663,3,0,1,0,0,0,0.0466063348416,206,3,0,0,0,0,0,0,0.109728506787
7,8,same,camera,decomposition,query,UNSAT,True,7820,1.69211150895,13232.312,219.142,1.332,3.645,1.69211150895,13232.312,219.142,1.69211150895,13232.312,219.142,1,7820,1,1,1,0,0,0,0,0,0,0,0,0,0,0,0,0,0,0,0,0,0
7,8,same,perturbation,decomposition,query,SAT,True,585,5.08866324786,2976.868,29.905,4.797,8.218,5.08866324786,2976.868,29.905,5.08866324786,2976.868,29.905,1.68888888889,988,8,1,6,0.446153846154,261,4,0,3,0,0,0,0.242735042735,142,3,0,0,0,0,0,0,0.270085470085
7,8,same,perturbation,decomposition,query,UNSAT,False,3144,1.14861227735,3611.237,40.702,0.451,4.10315,1.14861227735,3611.237,40.702,1.14861227735,3611.237,40.702,1,3144,1,1,1,0,0,0,0,0,0,0,0,0,0,0,0,0,0,0,0,0,0
7,8,same,perturbation,decomposition,query,UNSAT,True,879,0.750411831627,659.612,6.059,0.43,2.526,0.750411831627,659.612,6.059,0.750411831627,659.612,6.059,1,879,1,1,1,0,0,0,0,0,0,0,0,0,0,0,0,0,0,0,0,0,0
7,8,same,camera,fixed_hit,query,SAT,True,4420,7.12303959276,31483.835,236.087,6.54,10.637,7.12303959276,31483.835,236.087,7.12303959276,31483.835,236.087,1.05701357466,4672,3,1,1,0.0570135746606,252,2,0,0,0.0796380090498,352,1,0,0,0,0.120814479638,534,2,0.0411764705882,182,1,0.0411764705882
7,8,same,camera,fixed_hit,query,UNSAT,True,7820,1.75675268542,13737.806,767.842,1.322,3.655,1.75675268542,13737.806,767.842,1.75675268542,13737.806,767.842,1,7820,1,1,1,0,0,0,0,0,0,0,0,0,0,0,0,0,0,0,0,0,0
7,8,same,perturbation,fixed_hit,query,SAT,True,585,4.78916581197,2801.662,54.913,4.036,8.253,4.78916581197,2801.662,54.913,4.78916581197,2801.662,54.913,1.10598290598,647,4,1,2,0.105982905983,62,3,0,1,0.235897435897,138,1,0,0,0,0.311111111111,182,3,0.0752136752137,44,2,0.0649572649573
7,8,same,perturbation,fixed_hit,query,UNSAT,False,3144,1.2279351145,3860.628,202.086,0.45,4.01535,1.2279351145,3860.628,202.086,1.2279351145,3860.628,202.086,1,3144,1,1,1,0,0,0,0,0,0,0,0,0,0,0,0,0,0,0,0,0,0
7,8,same,perturbation,fixed_hit,query,UNSAT,True,879,0.855862343572,752.303,94.433,0.441,2.5841,0.855862343572,752.303,94.433,0.855862343572,752.303,94.433,1,879,1,1,1,0,0,0,0,0,0,0,0,0,0,0,0,0,0,0,0,0,0
7,8,same,camera,both,query,SAT,True,4420,7.36627556561,32558.938,313.405,6.51,10.63605,7.36627556561,32558.938,313.405,7.36627556561,32558.938,313.405,1.06244343891,4696,5,1,1,0.0570135746606,252,2,0,0,0.0800904977376,354,2,0.00542986425339,24,2,0.123981900452,548,4,0.0438914027149,194,2,0.0411764705882
7,8,same,camera,both,query,UNSAT,True,7820,1.62581777494,12713.895,54.863,1.322,3.646,1.62581777494,12713.895,54.863,1.62581777494,12713.895,54.863,1,7820,1,1,1,0,0,0,0,0,0,0,0,0,0,0,0,0,0,0,0,0,0
7,8,same,perturbation,both,query,SAT,True,585,4.99495726496,2922.05,213.503,4.197,8.131,4.99495726496,2922.05,213.503,4.99495726496,2922.05,213.503,1.18461538462,693,7,1,2,0.105982905983,62,3,0,1,0.235897435897,138,1,0.0786324786325,46,3,0.348717948718,204,4,0.112820512821,66,3,0.0649572649573
7,8,same,perturbation,both,query,UNSAT,False,3144,1.11157856234,3494.803,83.517,0.451,3.9245,1.11157856234,3494.803,83.517,1.11157856234,3494.803,83.517,1,3144,1,1,1,0,0,0,0,0,0,0,0,0,0,0,0,0,0,0,0,0,0
7,8,same,perturbation,both,query,UNSAT,True,879,0.763588168373,671.194,14.191,0.411,2.625,0.763588168373,671.194,14.191,0.763588168373,671.194,14.191,1,879,1,1,1,0,0,0,0,0,0,0,0,0,0,0,0,0,0,0,0,0,0
7,8,split,camera,search,query,SAT,True,5536,6.77064486994,37482.29,318.783,6.139,8.903,6.77064486994,37482.29,318.783,6.77064486994,37482.29,318.783,1.0776734104,5966,4,1,2,0.0776734104046,430,3,0,1,0,0,0,0,0,0,0,0,0,0,0,0,0.0543713872832
7,8,split,camera,search,query,UNSAT,True,10280,1.60837811284,16534.127,540.749,1.342,3.446,1.60837811284,16534.127,540.749,1.60837811284,16534.127,540.749,1,10280,1,1,1,0,0,0,0,0,0,0,0,0,0,0,0,0,0,0,0,0,0
7,8,split,perturbation,search,query,SAT,True,525,5.12408190476,2690.143,98.75,4.387,7.6492,5.12408190476,2690.143,98.75,5.12408190476,2690.143,98.75,1.36761904762,718,5,1,3,0.367619047619,193,4,0,2,0,0,0,0,0,0,0,0,0,0,0,0,0.241904761905
7,8,split,perturbation,search,query,UNSAT,False,3240,1.04933641975,3399.85,59.921,0.461,3.3955,1.04933641975,3399.85,59.921,1.04933641975,3399.85,59.921,1,3240,1,1,1,0,0,0,0,0,0,0,0,0,0,0,0,0,0,0,0,0,0
7,8,split,perturbation,search,query,UNSAT,True,843,0.867443653618,731.255,133.783,0.37,2.2909,0.867443653618,731.255,133.783,0.867443653618,731.255,133.783,1,843,1,1,1,0,0,0,0,0,0,0,0,0,0,0,0,0,0,0,0,0,0
7,8,split,camera,decomposition,query,SAT,True,5536,6.90485025289,38225.251,603.293,6.13,8.9165,6.90485025289,38225.251,603.293,6.90485025289,38225.251,603.293,1.11560693642,6176,7,1,2,0.0776734104046,430,3,0,1,0,0,0,0.0379335260116,210,3,0,0,0,0,0,0,0.0543713872832
7,8,split,camera,decomposition,query,UNSAT,True,10280,1.63204747082,16777.448,550.133,1.342,3.46645,1.63204747082,16777.448,550.133,1.63204747082,16777.448,550.133,1,10280,1,1,1,0,0,0,0,0,0,0,0,0,0,0,0,0,0,0,0,0,0
7,8,split,perturbation,decomposition,query,SAT,True,525,9.64369904762,5062.942,2456.879,4.356,7.554,9.64369904762,5062.942,2456.879,9.64369904762,5062.942,2456.879,1.52761904762,802,8,1,5,0.367619047619,193,4,0,2,0,0,0,0.16,84,3,0,0,0,0,0,0,0.241904761905
7,8,split,perturbation,decomposition,query,UNSAT,False,3240,1.10471975309,3579.292,172.261,0.461,3.375,1.10471975309,3579.292,172.261,1.10471975309,3579.292,172.261,1,3240,1,1,1,0,0,0,0,0,0,0,0,0,0,0,0,0,0,0,0,0,0
7,8,split,perturbation,decomposition,query,UNSAT,True,843,0.830123368921,699.794,101.663,0.391,2.2721,0.830123368921,699.794,101.663,0.830123368921,699.794,101.663,1,843,1,1,1,0,0,0,0,0,0,0,0,0,0,0,0,0,0,0,0,0,0
7,8,split,camera,fixed_hit,query,SAT,True,5536,6.49593153902,35961.477,133.411,5.964,8.883,6.49593153902,35961.477,133.411,6.49593153902,35961.477,133.411,1.01408959538,5614,3,1,1,0.0140895953757,78,2,0,0,0.048049132948,266,1,0,0,0,0.0550939306358,305,2,0.00704479768786,39,1,0.00704479768786
7,8,split,camera,fixed_hit,query,UNSAT,True,10280,1.59343978599,16380.561,116.927,1.332,3.465,1.59343978599,16380.561,116.927,1.59343978599,16380.561,116.927,1,10280,1,1,1,0,0,0,0,0,0,0,0,0,0,0,0,0,0,0,0,0,0
7,8,split,perturbation,fixed_hit,query,SAT,True,525,4.40195047619,2311.024,26.601,3.996,7.267,4.40195047619,2311.024,26.601,4.40195047619,2311.024,26.601,1.10285714286,579,4,1,2,0.102857142857,54,3,0,1,0.211428571429,111,1,0,0,0,0.28,147,3,0.0685714285714,36,2,0.0571428571429
7,8,split,perturbation,fixed_hit,query,UNSAT,False,3240,0.973213580247,3153.212,21.963,0.461,3.335,0.973213580247,3153.212,21.963,0.973213580247,3153.212,21.963,1,3240,1,1,1,0,0,0,0,0,0,0,0,0,0,0,0,0,0,0,0,0,0
7,8,split,perturbation,fixed_hit,query,UNSAT,True,843,0.722540925267,609.102,25.219,0.381,2.2109,0.722540925267,609.102,25.219,0.722540925267,609.102,25.219,1,843,1,1,1,0,0,0,0,0,0,0,0,0,0,0,0,0,0,0,0,0,0
7,8,split,camera,both,query,SAT,True,5536,7.05096152457,39034.123,963.138,5.994,8.94625,7.05096152457,39034.123,963.138,7.05096152457,39034.123,963.138,1.01553468208,5622,5,1,1,0.0140895953757,78,2,0,0,0.048049132948,266,1,0.0014450867052,8,2,0.0558164739884,309,3,0.00776734104046,43,2,0.00704479768786
7,8,split,camera,both,query,UNSAT,True,10280,1.64070252918,16866.422,114.633,1.342,3.465,1.64070252918,16866.422,114.633,1.64070252918,16866.422,114.633,1,10280,1,1,1,0,0,0,0,0,0,0,0,0,0,0,0,0,0,0,0,0,0
7,8,split,perturbation,both,query,SAT,True,525,4.60792190476,2419.159,68.474,4.026,7.5672,4.60792190476,2419.159,68.474,4.60792190476,2419.159,68.474,1.17523809524,617,7,1,2,0.102857142857,54,3,0,1,0.211428571429,111,1,0.072380952381,38,3,0.314285714286,165,4,0.102857142857,54,3,0.0571428571429
7,8,split,perturbation,both,query,UNSAT,False,3240,1.07284104938,3476.005,101.053,0.471,3.42505,1.07284104938,3476.005,101.053,1.07284104938,3476.005,101.053,1,3240,1,1,1,0,0,0,0,0,0,0,0,0,0,0,0,0,0,0,0,0,0
7,8,split,perturbation,both,query,UNSAT,True,843,1.01272004745,853.723,242.027,0.411,2.233,1.01272004745,853.723,242.027,1.01272004745,853.723,242.027,1,843,1,1,1,0,0,0,0,0,0,0,0,0,0,0,0,0,0,0,0,0,0
8,8,same,camera,search,query,SAT,True,1511,7.61607544672,11507.89,160.142,6.92,11.6525,7.61607544672,11507.89,160.142,7.61607544672,11507.89,160.142,1.13699536731,1718,5,1,2,0.136995367306,207,4,0,1,0,0,0,0,0,0,0,0,0,0,0,0,0.0986101919259
8,8,same,camera,search,query,UNSAT,True,2689,1.93567831908,5205.039,220.364,1.502,3.746,1.93567831908,5205.039,220.364,1.93567831908,5205.039,220.364,1,2689,1,1,1,0,0,0,0,0,0,0,0,0,0,0,0,0,0,0,0,0,0
8,8,same,perturbation,search,query,SAT,True,179,6.68582122905,1196.762,28.634,6.59,13.494,6.68582122905,1196.762,28.634,6.68582122905,1196.762,28.634,2.01675977654,361,5,2,5,1.01675977654,182,4,1,4,0,0,0,0,0,0,0,0,0,0,0,0,0.502793296089
8,8,same,perturbation,search,query,UNSAT,False,744,1.30514247312,971.026,107.703,0.651,4.741,1.30514247312,971.026,107.703,1.30514247312,971.026,107.703,1,744,1,1,1,0,0,0,0,0,0,0,0,0,0,0,0,0,0,0,0,0,0
8,8,same,perturbation,search,query,UNSAT,True,229,0.953288209607,218.303,3.345,0.741,2.646,0.953288209607,218.303,3.345,0.953288209607,218.303,3.345,1,229,1,1,1,0,0,0,0,0,0,0,0,0,0,0,0,0,0,0,0,0,0
8,8,same,camera,decomposition,query,SAT,True,1511,7.95489675711,12019.849,224.72,6.851,11.4975,7.95489675711,12019.849,224.72,7.95489675711,12019.849,224.72,1.17670416942,1778,7,1,2,0.136995367306,207,4,0,1,0,0,0,0.0397088021178,60,3,0,0,0,0,0,0,0.0986101919259
8,8,same,camera,decomposition,query,UNSAT,True,2689,1.96772480476,5291.212,240.995,1.502,3.766,1.96772480476,5291.212,240.995,1.96772480476,5291.212,240.995,1,2689,1,1,1,0,0,0,0,0,0,0,0,0,0,0,0,0,0,0,0,0,0
8,8,same,perturbation,decomposition,query,SAT,True,179,6.98231843575,1249.835,90.687,5.559,13.12,6.98231843575,1249.835,90.687,6.98231843575,1249.835,90.687,2.65363128492,475,8,2,8,1.01675977654,182,4,1,4,0,0,0,0.63687150838,114,3,0,0,0,0,0,0,0.502793296089
8,8,same,perturbation,decomposition,query,UNSAT,False,744,1.18986424731,885.259,25.408,0.651,4.1955,1.18986424731,885.259,25.408,1.18986424731,885.259,25.408,1,744,1,1,1,0,0,0,0,0,0,0,0,0,0,0,0,0,0,0,0,0,0
8,8,same,perturbation,decomposition,query,UNSAT,True,229,1.02334934498,234.347,18.108,0.761,2.654,1.02334934498,234.347,18.108,1.02334934498,234.347,18.108,1,229,1,1,1,0,0,0,0,0,0,0,0,0,0,0,0,0,0,0,0,0,0
8,8,same,camera,fixed_hit,query,SAT,True,1511,8.09759827929,12235.471,1124.983,6.89,11.162,8.09759827929,12235.471,1124.983,8.09759827929,12235.471,1124.983,1.05360688286,1592,5,1,1,0.053606882859,81,4,0,0,0.0648577101257,98,1,0,0,0,0.103904698875,157,2,0.0390469887492,59,2,0.0363997352747
8,8,same,camera,fixed_hit,query,UNSAT,True,2689,1.79302156936,4821.435,46.691,1.502,3.7356,1.79302156936,4821.435,46.691,1.79302156936,4821.435,46.691,1,2689,1,1,1,0,0,0,0,0,0,0,0,0,0,0,0,0,0,0,0,0,0
8,8,same,perturbation,fixed_hit,query,SAT,True,179,5.55113407821,993.653,74.843,4.577,8.7811,5.55113407821,993.653,74.843,5.55113407821,993.653,74.843,1.31284916201,235,3,1,3,0.312849162011,56,2,0,2,0.480446927374,86,1,0,0,0,0.648044692737,116,2,0.167597765363,30,1,0.167597765363
8,8,same,perturbation,fixed_hit,query,UNSAT,False,744,1.19753360215,890.965,40.852,0.656,4.536,1.19753360215,890.965,40.852,1.19753360215,890.965,40.852,1,744,1,1,1,0,0,0,0,0,0,0,0,0,0,0,0,0,0,0,0,0,0
8,8,same,perturbation,fixed_hit,query,UNSAT,True,229,0.950192139738,217.594,3.746,0.731,2.576,0.950192139738,217.594,3.746,0.950192139738,217.594,3.746,1,229,1,1,1,0,0,0,0,0,0,0,0,0,0,0,0,0,0,0,0,0,0
8,8,same,camera,both,query,SAT,True,1511,7.5022819325,11335.948,494.639,6.851,11.157,7.5022819325,11335.948,494.639,7.5022819325,11335.948,494.639,1.05360688286,1592,5,1,1,0.053606882859,81,4,0,0,0.0648577101257,98,1,0,0,0,0.103904698875,157,2,0.0390469887492,59,2,0.0363997352747
8,8,same,camera,both,query,UNSAT,True,2689,1.81272703607,4874.423,48.614,1.503,3.7616,1.81272703607,4874.423,48.614,1.81272703607,4874.423,48.614,1,2689,1,1,1,0,0,0,0,0,0,0,0,0,0,0,0,0,0,0,0,0,0
8,8,same,perturbation,both,query,SAT,True,179,5.53482681564,990.734,29.625,4.627,9.9151,5.53482681564,990.734,29.625,5.53482681564,990.734,29.625,1.58100558659,283,6,1,6,0.312849162011,56,2,0,2,0.558659217877,100,2,0.268156424581,48,3,0.826815642458,148,4,0.268156424581,48,2,0.167597765363
8,8,same,perturbation,both,query,UNSAT,False,744,1.28234677419,954.066,43.586,0.661,4.6565,1.28234677419,954.066,43.586,1.28234677419,954.066,43.586,1,744,1,1,1,0,0,0,0,0,0,0,0,0,0,0,0,0,0,0,0,0,0
8,8,same,perturbation,both,query,UNSAT,True,229,1.35786026201,310.95,59.219,0.731,2.708,1.35786026201,310.95,59.219,1.35786026201,310.95,59.219,1,229,1,1,1,0,0,0,0,0,0,0,0,0,0,0,0,0,0,0,0,0,0
8,8,split,camera,search,query,SAT,True,1987,7.32559637645,14555.96,754.412,6.35,9.364,7.32559637645,14555.96,754.412,7.32559637645,14555.96,754.412,1.07347760443,2133,4,1,1,0.0734776044288,146,3,0,0,0,0,0,0,0,0,0,0,0,0,0,0,0.0463009562154
8,8,split,camera,search,query,UNSAT,True,3701,1.83697811402,6798.656,220.774,1.473,3.565,1.83697811402,6798.656,220.774,1.83697811402,6798.656,220.774,1,3701,1,1,1,0,0,0,0,0,0,0,0,0,0,0,0,0,0,0,0,0,0
8,8,split,perturbation,search,query,SAT,True,147,6.80319727891,1000.07,65.449,5.369,12.9637,6.80319727891,1000.07,65.449,6.80319727891,1000.07,65.449,1.87755102041,276,5,1,5,0.877551020408,129,4,0,4,0,0,0,0,0,0,0,0,0,0,0,0,0.414965986395
8,8,split,perturbation,search,query,UNSAT,False,792,1.05716666667,837.276,19.45,0.661,3.776,1.05716666667,837.276,19.45,1.05716666667,837.276,19.45,1,792,1,1,1,0,0,0,0,0,0,0,0,0,0,0,0,0,0,0,0,0,0
8,8,split,perturbation,search,query,UNSAT,True,213,0.945267605634,201.342,4.186,0.691,2.656,0.945267605634,201.342,4.186,0.945267605634,201.342,4.186,1,213,1,1,1,0,0,0,0,0,0,0,0,0,0,0,0,0,0,0,0,0,0
8,8,split,camera,decomposition,query,SAT,True,1987,7.02024911928,13949.235,277.44,6.5,9.471,7.02024911928,13949.235,277.44,7.02024911928,13949.235,277.44,1.10971313538,2205,7,1,1,0.0734776044288,146,3,0,0,0,0,0,0.0362355309512,72,3,0,0,0,0,0,0,0.0463009562154
8,8,split,camera,decomposition,query,UNSAT,True,3701,1.78416887328,6603.209,66.841,1.492,3.636,1.78416887328,6603.209,66.841,1.78416887328,6603.209,66.841,1,3701,1,1,1,0,0,0,0,0,0,0,0,0,0,0,0,0,0,0,0,0,0
8,8,split,perturbation,decomposition,query,SAT,True,147,5.66832653061,833.244,21.312,4.797,11.1069,5.66832653061,833.244,21.312,5.66832653061,833.244,21.312,2.51700680272,370,8,1,8,0.877551020408,129,4,0,4,0,0,0,0.639455782313,94,3,0,0,0,0,0,0,0.414965986395
8,8,split,perturbation,decomposition,query,UNSAT,False,792,1.05796464646,837.908,21.983,0.671,3.71545,1.05796464646,837.908,21.983,1.05796464646,837.908,21.983,1,792,1,1,1,0,0,0,0,0,0,0,0,0,0,0,0,0,0,0,0,0,0
8,8,split,perturbation,decomposition,query,UNSAT,True,213,0.92941314554,197.965,4.226,0.701,2.5494,0.92941314554,197.965,4.226,0.92941314554,197.965,4.226,1,213,1,1,1,0,0,0,0,0,0,0,0,0,0,0,0,0,0,0,0,0,0
8,8,split,camera,fixed_hit,query,SAT,True,1987,6.93005234021,13770.014,194.364,6.459,9.5087,6.93005234021,13770.014,194.364,6.93005234021,13770.014,194.364,1.03019627579,2047,3,1,1,0.0301962757927,60,2,0,0,0.0342224458983,68,1,0,0,0,0.0493205837947,98,2,0.0150981378963,30,1,0.0150981378963
8,8,split,camera,fixed_hit,query,UNSAT,True,3701,1.81928532829,6733.175,174.244,1.482,3.565,1.81928532829,6733.175,174.244,1.81928532829,6733.175,174.244,1,3701,1,1,1,0,0,0,0,0,0,0,0,0,0,0,0,0,0,0,0,0,0
8,8,split,perturbation,fixed_hit,query,SAT,True,147,5.07644897959,746.238,41.864,4.307,9.3827,5.07644897959,746.238,41.864,5.07644897959,746.238,41.864,1.16326530612,171,3,1,3,0.163265306122,24,2,0,2,0.414965986395,61,1,0,0,0,0.496598639456,73,2,0.0816326530612,12,1,0.0816326530612
8,8,split,perturbation,fixed_hit,query,UNSAT,False,792,1.03766161616,821.828,5.588,0.681,3.706,1.03766161616,821.828,5.588,1.03766161616,821.828,5.588,1,792,1,1,1,0,0,0,0,0,0,0,0,0,0,0,0,0,0,0,0,0,0
8,8,split,perturbation,fixed_hit,query,UNSAT,True,213,0.943981220657,201.068,4.337,0.701,2.5274,0.943981220657,201.068,4.337,0.943981220657,201.068,4.337,1,213,1,1,1,0,0,0,0,0,0,0,0,0,0,0,0,0,0,0,0,0,0
8,8,split,camera,both,query,SAT,True,1987,6.99105334675,13891.223,376.119,6.42,9.551,6.99105334675,13891.223,376.119,6.99105334675,13891.223,376.119,1.03623553095,2059,5,1,1,0.0301962757927,60,2,0,0,0.0342224458983,68,1,0.00603925515853,12,2,0.0523402113739,104,3,0.0181177654756,36,2,0.0150981378963
8,8,split,camera,both,query,UNSAT,True,3701,1.70004134018,6291.853,48.904,1.473,3.556,1.70004134018,6291.853,48.904,1.70004134018,6291.853,48.904,1,3701,1,1,1,0,0,0,0,0,0,0,0,0,0,0,0,0,0,0,0,0,0
8,8,split,perturbation,both,query,SAT,True,147,4.87076190476,716.002,9.284,4.376,8.8057,4.87076190476,716.002,9.284,4.87076190476,716.002,9.284,1.40816326531,207,6,1,6,0.163265306122,24,2,0,2,0.496598639456,73,2,0.244897959184,36,3,0.659863945578,97,4,0.163265306122,24,2,0.0816326530612
8,8,split,perturbation,both,query,UNSAT,False,792,1.04851262626,830.422,8.172,0.6765,3.69795,1.04851262626,830.422,8.172,1.04851262626,830.422,8.172,1,792,1,1,1,0,0,0,0,0,0,0,0,0,0,0,0,0,0,0,0,0,0
8,8,split,perturbation,both,query,UNSAT,True,213,0.950849765258,202.531,4.417,0.691,2.598,0.950849765258,202.531,4.417,0.950849765258,202.531,4.417,1,213,1,1,1,0,0,0,0,0,0,0,0,0,0,0,0,0,0,0,0,0,0
8,16,same,camera,search,query,SAT,True,2448,9.97460784314,24417.84,264.671,7.521,21.7395,9.97460784314,24417.84,264.671,9.97460784314,24417.84,264.671,1.00980392157,2472,2,1,1,0.00980392156863,24,1,0,0,0,0,0,0,0,0,0,0,0,0,0,0,0.00980392156863
8,16,same,camera,search,query,UNSAT,True,4632,1.95765867876,9067.875,201.185,1.3675,5.646,1.95765867876,9067.875,201.185,1.95765867876,9067.875,201.185,1,4632,1,1,1,0,0,0,0,0,0,0,0,0,0,0,0,0,0,0,0,0,0
8,16,same,perturbation,search,query,SAT,True,112,7.81916071429,875.746,147.132,4.9625,15.848,7.81916071429,875.746,147.132,7.81916071429,875.746,147.132,1,112,1,1,1,0,0,0,0,0,0,0,0,0,0,0,0,0,0,0,0,0,0
8,16,same,perturbation,search,query,UNSAT,False,840,1.57453571429,1322.61,89.806,0.571,7.2555,1.57453571429,1322.61,89.806,1.57453571429,1322.61,89.806,1,840,1,1,1,0,0,0,0,0,0,0,0,0,0,0,0,0,0,0,0,0,0
8,16,same,perturbation,search,query,UNSAT,True,200,0.785585,157.117,5.699,0.39,2.4615,0.785585,157.117,5.699,0.785585,157.117,5.699,1,200,1,1,1,0,0,0,0,0,0,0,0,0,0,0,0,0,0,0,0,0,0
8,16,same,camera,decomposition,query,SAT,True,2448,9.96511029412,24394.59,165.79,7.491,21.813,9.96511029412,24394.59,165.79,9.96511029412,24394.59,165.79,1.00980392157,2472,2,1,1,0.00980392156863,24,1,0,0,0,0,0,0,0,0,0,0,0,0,0,0,0.00980392156863
8,16,same,camera,decomposition,query,UNSAT,True,4632,1.79668868739,8322.262,50.597,1.362,5.4325,1.79668868739,8322.262,50.597,1.79668868739,8322.262,50.597,1,4632,1,1,1,0,0,0,0,0,0,0,0,0,0,0,0,0,0,0,0,0,0
8,16,same,perturbation,decomposition,query,SAT,True,112,8.85075,991.284,137.639,4.8825,19.0356,8.85075,991.284,137.639,8.85075,991.284,137.639,1,112,1,1,1,0,0,0,0,0,0,0,0,0,0,0,0,0,0,0,0,0,0
8,16,same,perturbation,decomposition,query,UNSAT,False,840,1.55735357143,1308.177,55.314,0.566,7.64805,1.55735357143,1308.177,55.314,1.55735357143,1308.177,55.314,1,840,1,1,1,0,0,0,0,0,0,0,0,0,0,0,0,0,0,0,0,0,0
8,16,same,perturbation,decomposition,query,UNSAT,True,200,0.838455,167.691,8.173,0.426,2.5915,0.838455,167.691,8.173,0.838455,167.691,8.173,1,200,1,1,1,0,0,0,0,0,0,0,0,0,0,0,0,0,0,0,0,0,0
8,16,same,camera,fixed_hit,query,SAT,True,2448,10.0640955882,24636.906,784.067,7.432,21.54885,10.0640955882,24636.906,784.067,10.0640955882,24636.906,784.067,1.00245098039,2454,2,1,1,0.00245098039216,6,1,0,0,0.00735294117647,18,1,0,0,0,0.00980392156863,24,1,0.00245098039216,6,1,0.00245098039216
8,16,same,camera,fixed_hit,query,UNSAT,True,4632,1.84040889465,8524.774,209.287,1.372,5.40755,1.84040889465,8524.774,209.287,1.84040889465,8524.774,209.287,1,4632,1,1,1,0,0,0,0,0,0,0,0,0,0,0,0,0,0,0,0,0,0
8,16,same,perturbation,fixed_hit,query,SAT,True,112,7.46544642857,836.13,76.476,5.098,16.31695,7.46544642857,836.13,76.476,7.46544642857,836.13,76.476,1,112,1,1,1,0,0,0,0,0,0,0,0,0,0,0,0,0,0,0,0,0,0
8,16,same,perturbation,fixed_hit,query,UNSAT,False,840,1.64445119048,1381.339,97.097,0.571,7.242,1.64445119048,1381.339,97.097,1.64445119048,1381.339,97.097,1,840,1,1,1,0,0,0,0,0,0,0,0,0,0,0,0,0,0,0,0,0,0
8,16,same,perturbation,fixed_hit,query,UNSAT,True,200,0.803615,160.723,5.468,0.426,2.62,0.803615,160.723,5.468,0.803615,160.723,5.468,1,200,1,1,1,0,0,0,0,0,0,0,0,0,0,0,0,0,0,0,0,0,0
8,16,same,camera,both,query,SAT,True,2448,10.1999754902,24969.54,718.427,7.511,21.9525,10.1999754902,24969.54,718.427,10.1999754902,24969.54,718.427,1.00245098039,2454,2,1,1,0.00245098039216,6,1,0,0,0.00735294117647,18,1,0,0,0,0.00980392156863,24,1,0.00245098039216,6,1,0.00245098039216
8,16,same,camera,both,query,UNSAT,True,4632,1.86517465458,8639.489,225.491,1.372,5.507,1.86517465458,8639.489,225.491,1.86517465458,8639.489,225.491,1,4632,1,1,1,0,0,0,0,0,0,0,0,0,0,0,0,0,0,0,0,0,0
8,16,same,perturbation,both,query,SAT,True,112,7.08552678571,793.579,64.477,4.822,16.0085,7.08552678571,793.579,64.477,7.08552678571,793.579,64.477,1,112,1,1,1,0,0,0,0,0,0,0,0,0,0,0,0,0,0,0,0,0,0
8,16,same,perturbation,both,query,UNSAT,False,840,1.43672738095,1206.851,16.175,0.571,7.06555,1.43672738095,1206.851,16.175,1.43672738095,1206.851,16.175,1,840,1,1,1,0,0,0,0,0,0,0,0,0,0,0,0,0,0,0,0,0,0
8,16,same,perturbation,both,query,UNSAT,True,200,0.790295,158.059,5.478,0.4105,2.5965,0.790295,158.059,5.478,0.790295,158.059,5.478,1,200,1,1,1,0,0,0,0,0,0,0,0,0,0,0,0,0,0,0,0,0,0
8,16,split,camera,search,query,SAT,True,2622,9.55087376049,25042.391,141.694,7.451,19.098,9.55087376049,25042.391,141.694,9.55087376049,25042.391,141.694,1.00457665904,2634,2,1,1,0.0045766590389,12,1,0,0,0,0,0,0,0,0,0,0,0,0,0,0,0.0045766590389
8,16,split,camera,search,query,UNSAT,True,5034,1.88841299166,9506.271,260.434,1.362,4.804,1.88841299166,9506.271,260.434,1.88841299166,9506.271,260.434,1,5034,1,1,1,0,0,0,0,0,0,0,0,0,0,0,0,0,0,0,0,0,0
8,16,split,perturbation,search,query,SAT,True,110,6.86811818182,755.493,46.52,4.7725,15.4695,6.86811818182,755.493,46.52,6.86811818182,755.493,46.52,1,110,1,1,1,0,0,0,0,0,0,0,0,0,0,0,0,0,0,0,0,0,0
8,16,split,perturbation,search,query,UNSAT,False,840,1.36899880952,1149.959,30.587,0.5805,5.915,1.36899880952,1149.959,30.587,1.36899880952,1149.959,30.587,1,840,1,1,1,0,0,0,0,0,0,0,0,0,0,0,0,0,0,0,0,0,0
8,16,split,perturbation,search,query,UNSAT,True,202,0.789004950495,159.379,5.498,0.3855,2.687,0.789004950495,159.379,5.498,0.789004950495,159.379,5.498,1,202,1,1,1,0,0,0,0,0,0,0,0,0,0,0,0,0,0,0,0,0,0
8,16,split,camera,decomposition,query,SAT,True,2622,10.2079832189,26765.332,242.877,7.447,19.457,10.2079832189,26765.332,242.877,10.2079832189,26765.332,242.877,1.00457665904,2634,2,1,1,0.0045766590389,12,1,0,0,0,0,0,0,0,0,0,0,0,0,0,0,0.0045766590389
8,16,split,camera,decomposition,query,UNSAT,True,5034,1.78309058403,8976.078,96.486,1.362,4.801,1.78309058403,8976.078,96.486,1.78309058403,8976.078,96.486,1,5034,1,1,1,0,0,0,0,0,0,0,0,0,0,0,0,0,0,0,0,0,0
8,16,split,perturbation,decomposition,query,SAT,True,110,6.63032727273,729.336,33.35,4.772,15.48445,6.63032727273,729.336,33.35,6.63032727273,729.336,33.35,1,110,1,1,1,0,0,0,0,0,0,0,0,0,0,0,0,0,0,0,0,0,0
8,16,split,perturbation,decomposition,query,UNSAT,False,840,1.46314166667,1229.039,76.556,0.5555,6.28205,1.46314166667,1229.039,76.556,1.46314166667,1229.039,76.556,1,840,1,1,1,0,0,0,0,0,0,0,0,0,0,0,0,0,0,0,0,0,0
8,16,split,perturbation,decomposition,query,UNSAT,True,202,0.799900990099,161.58,5.699,0.4105,2.49805,0.799900990099,161.58,5.699,0.799900990099,161.58,5.699,1,202,1,1,1,0,0,0,0,0,0,0,0,0,0,0,0,0,0,0,0,0,0
8,16,split,camera,fixed_hit,query,SAT,True,2622,10.971745614,28767.917,2446.583,7.481,19.417,10.971745614,28767.917,2446.583,10.971745614,28767.917,2446.583,1,2622,1,1,1,0,0,0,0,0,0.0045766590389,12,1,0,0,0,0.0045766590389,12,1,0,0,0,0
8,16,split,camera,fixed_hit,query,UNSAT,True,5034,1.81503297576,9136.876,124.879,1.372,4.94115,1.81503297576,9136.876,124.879,1.81503297576,9136.876,124.879,1,5034,1,1,1,0,0,0,0,0,0,0,0,0,0,0,0,0,0,0,0,0,0
8,16,split,perturbation,fixed_hit,query,SAT,True,110,6.79671818182,747.639,26.26,5.118,15.237,6.79671818182,747.639,26.26,6.79671818182,747.639,26.26,1,110,1,1,1,0,0,0,0,0,0,0,0,0,0,0,0,0,0,0,0,0,0
8,16,split,perturbation,fixed_hit,query,UNSAT,False,840,1.43563452381,1205.933,73.701,0.555,5.52805,1.43563452381,1205.933,73.701,1.43563452381,1205.933,73.701,1,840,1,1,1,0,0,0,0,0,0,0,0,0,0,0,0,0,0,0,0,0,0
8,16,split,perturbation,fixed_hit,query,UNSAT,True,202,0.813905940594,164.409,5.428,0.4105,2.5845,0.813905940594,164.409,5.428,0.813905940594,164.409,5.428,1,202,1,1,1,0,0,0,0,0,0,0,0,0,0,0,0,0,0,0,0,0,0
8,16,split,camera,both,query,SAT,True,2622,10.2300221205,26823.118,1033.755,7.472,19.2795,10.2300221205,26823.118,1033.755,10.2300221205,26823.118,1033.755,1,2622,1,1,1,0,0,0,0,0,0.0045766590389,12,1,0,0,0,0.0045766590389,12,1,0,0,0,0
8,16,split,camera,both,query,UNSAT,True,5034,1.99331029003,10034.324,773.893,1.372,4.92115,1.99331029003,10034.324,773.893,1.99331029003,10034.324,773.893,1,5034,1,1,1,0,0,0,0,0,0,0,0,0,0,0,0,0,0,0,0,0,0
8,16,split,perturbation,both,query,SAT,True,110,6.28481818182,691.33,15.594,4.702,14.79255,6.28481818182,691.33,15.594,6.28481818182,691.33,15.594,1,110,1,1,1,0,0,0,0,0,0,0,0,0,0,0,0,0,0,0,0,0,0
8,16,split,perturbation,both,query,UNSAT,False,840,1.36690238095,1148.198,28.814,0.5605,5.78495,1.36690238095,1148.198,28.814,1.36690238095,1148.198,28.814,1,840,1,1,1,0,0,0,0,0,0,0,0,0,0,0,0,0,0,0,0,0,0
8,16,split,perturbation,both,query,UNSAT,True,202,0.777742574257,157.104,5.438,0.3955,2.50095,0.777742574257,157.104,5.438,0.777742574257,157.104,5.438,1,202,1,1,1,0,0,0,0,0,0,0,0,0,0,0,0,0,0,0,0,0,0
8,8,split,structured,search,query,SAT,True,50,3.09052,154.526,7.872,3.015,5.6275,3.09052,154.526,7.872,3.09052,154.526,7.872,2.46,123,5,3,4,1.46,73,4,2,3,0,0,0,0,0,0,0,0,0,0,0,0,0.78
8,8,split,structured,search,query,UNSAT,False,48,2.62641666667,126.068,19.179,1.082,12.75255,2.62641666667,126.068,19.179,2.62641666667,126.068,19.179,2.0625,99,10,1,4,1.0625,51,9,0,3,0,0,0,0,0,0,0,0,0,0,0,0,0.270833333333
8,8,split,structured,search,query,UNSAT,True,46,0.334652173913,15.394,1.562,0.17,1.13425,0.334652173913,15.394,1.562,0.334652173913,15.394,1.562,1,46,1,1,1,0,0,0,0,0,0,0,0,0,0,0,0,0,0,0,0,0,0
8,8,split,structured,decomposition,query,SAT,True,50,3.23994,161.997,10.035,2.979,7.05155,3.23994,161.997,10.035,3.23994,161.997,10.035,2.66,133,7,3,6,1.46,73,4,2,3,0,0,0,0.2,10,2,0,0,0,0,0,0,0.78
8,8,split,structured,decomposition,query,UNSAT,False,48,2.1804375,104.661,11.828,1.097,5.981,2.1804375,104.661,11.828,2.1804375,104.661,11.828,1.97916666667,95,8,1,4,0.895833333333,43,5,0,3,0,0,0,0.0833333333333,4,2,0,0,0,0,0,0,0.270833333333
8,8,split,structured,decomposition,query,UNSAT,True,46,0.324586956522,14.931,1.582,0.17,1.126,0.324586956522,14.931,1.582,0.324586956522,14.931,1.582,1,46,1,1,1,0,0,0,0,0,0,0,0,0,0,0,0,0,0,0,0,0,0
8,8,split,structured,fixed_hit,query,SAT,True,50,3.5059,175.295,24.718,2.975,7.0578,3.5059,175.295,24.718,3.5059,175.295,24.718,2.16,108,5,3,3,1.16,58,4,2,2,0.3,15,1,0,0,0,0.88,44,2,0.58,29,2,0.54
8,8,split,structured,fixed_hit,query,UNSAT,False,48,2.28339583333,109.603,15.143,1.0765,5.85815,2.28339583333,109.603,15.143,2.28339583333,109.603,15.143,2.0625,99,10,1,4,1.0625,51,9,0,3,0,0,0,0,0,0,0.354166666667,17,3,0.354166666667,17,3,0.270833333333
8,8,split,structured,fixed_hit,query,UNSAT,True,46,0.329,15.134,1.592,0.17,1.147,0.329,15.134,1.592,0.329,15.134,1.592,1,46,1,1,1,0,0,0,0,0,0,0,0,0,0,0,0,0,0,0,0,0,0
8,8,split,structured,both,query,SAT,True,50,3.13962,156.981,11.017,2.9845,6.48705,3.13962,156.981,11.017,3.13962,156.981,11.017,2.36,118,7,3,5,1.16,58,4,2,2,0.3,15,1,0.2,10,2,0.98,49,3,0.68,34,3,0.54
8,8,split,structured,both,query,UNSAT,False,48,2.15783333333,103.576,11.778,1.0665,6.0745,2.15783333333,103.576,11.778,2.15783333333,103.576,11.778,1.97916666667,95,8,1,4,0.895833333333,43,5,0,3,0,0,0,0.0833333333333,4,2,0.354166666667,17,3,0.354166666667,17,3,0.270833333333
8,8,split,structured,both,query,UNSAT,True,46,0.327847826087,15.081,1.572,0.16,1.10925,0.327847826087,15.081,1.572,0.327847826087,15.081,1.572,1,46,1,1,1,0,0,0,0,0,0,0,0,0,0,0,0,0,0,0,0,0,0
8,8,same,structured,search,query,SAT,True,52,2.89844230769,150.719,7.652,2.9545,4.84255,2.89844230769,150.719,7.652,2.89844230769,150.719,7.652,2.44230769231,127,5,3,4,1.44230769231,75,4,2,3,0,0,0,0,0,0,0,0,0,0,0,0,0.769230769231
8,8,same,structured,search,query,UNSAT,False,48,2.80725,134.748,21.392,1.042,12.80615,2.80725,134.748,21.392,2.80725,134.748,21.392,2.0625,99,10,1,4,1.0625,51,9,0,3,0,0,0,0,0,0,0,0,0,0,0,0,0.270833333333
8,8,same,structured,search,query,UNSAT,True,44,1.08068181818,47.55,34.402,0.16,1.121,1.08068181818,47.55,34.402,1.08068181818,47.55,34.402,1,44,1,1,1,0,0,0,0,0,0,0,0,0,0,0,0,0,0,0,0,0,0
8,8,same,structured,decomposition,query,SAT,True,52,3.05140384615,158.673,9.684,2.9845,6.68045,3.05140384615,158.673,9.684,3.05140384615,158.673,9.684,2.63461538462,137,7,3,6,1.44230769231,75,4,2,3,0,0,0,0.192307692308,10,2,0,0,0,0,0,0,0.769230769231
8,8,same,structured,decomposition,query,UNSAT,False,48,2.0925,100.44,11.277,1.0315,5.68465,2.0925,100.44,11.277,2.0925,100.44,11.277,1.97916666667,95,8,1,4,0.895833333333,43,5,0,3,0,0,0,0.0833333333333,4,2,0,0,0,0,0,0,0.270833333333
8,8,same,structured,decomposition,query,UNSAT,True,44,0.313886363636,13.811,1.502,0.151,1.09265,0.313886363636,13.811,1.502,0.313886363636,13.811,1.502,1,44,1,1,1,0,0,0,0,0,0,0,0,0,0,0,0,0,0,0,0,0,0
8,8,same,structured,fixed_hit,query,SAT,True,52,2.72528846154,141.715,8.013,2.9345,4.857,2.72528846154,141.715,8.013,2.72528846154,141.715,8.013,2.15384615385,112,5,3,3,1.15384615385,60,4,2,2,0.288461538462,15,1,0,0,0,0.865384615385,45,2,0.576923076923,30,2,0.538461538462
8,8,same,structured,fixed_hit,query,UNSAT,False,48,5.381875,258.33,151.8,1.147,11.65125,5.381875,258.33,151.8,5.381875,258.33,151.8,2.0625,99,10,1,4,1.0625,51,9,0,3,0,0,0,0,0,0,0.354166666667,17,3,0.354166666667,17,3,0.270833333333
8,8,same,structured,fixed_hit,query,UNSAT,True,44,0.315477272727,13.881,1.502,0.16,1.0965,0.315477272727,13.881,1.502,0.315477272727,13.881,1.502,1,44,1,1,1,0,0,0,0,0,0,0,0,0,0,0,0,0,0,0,0,0,0
8,8,same,structured,both,query,SAT,True,52,2.88884615385,150.22,9.895,2.91,6.0245,2.88884615385,150.22,9.895,2.88884615385,150.22,9.895,2.34615384615,122,7,3,5,1.15384615385,60,4,2,2,0.288461538462,15,1,0.192307692308,10,2,0.961538461538,50,3,0.673076923077,35,3,0.538461538462
8,8,same,structured,both,query,UNSAT,False,48,2.11354166667,101.45,11.507,1.0565,5.97915,2.11354166667,101.45,11.507,2.11354166667,101.45,11.507,1.97916666667,95,8,1,4,0.895833333333,43,5,0,3,0,0,0,0.0833333333333,4,2,0.354166666667,17,3,0.354166666667,17,3,0.270833333333
8,8,same,structured,both,query,UNSAT,True,44,0.314431818182,13.835,1.503,0.16,1.09565,0.314431818182,13.835,1.503,0.314431818182,13.835,1.503,1,44,1,1,1,0,0,0,0,0,0,0,0,0,0,0,0,0,0,0,0,0,0
