resolution,palette,k,suite,operation,weighting,mean_us,mean_nodes,mean_branches,search_fraction,mean_factor_updates,mean_fixed_calls,mean_decompositions,mean_component_solves,identified_fraction,unique_fraction,mean_family_size,mean_free_cells,mean_gac_gap,mean_shape_variables,mean_component,max_us,max_nodes,max_branches,max_component,mean_supported_literals,mean_root_components,fixed_fraction,decomposition_fraction
8,same,0,axis_1,feasibility,family,2.1826875,1,0,0,11,0.9375,0,0,0.5,0.0625,16,0,0,0,1.875,2.734,1,0,2,12,2,0.9375,0
8,same,0,axis_1,feasibility,occupancy_balanced,2.21808984375,1,0,0,10,0.99609375,0,0,0.25,0.00390625,39.0625,0,0,0,1.9921875,2.734,1,0,2,14,3,0.99609375,0
8,same,0,axis_1,feasibility,truth,2.21808984375,1,0,0,10,0.99609375,0,0,0.25,0.00390625,39.0625,0,0,0,1.9921875,2.734,1,0,2,14,3,0.99609375,0
8,same,0,axis_1,projection,family,10.1510625,5,0,0,60,4.4375,0,0,0.5,0.0625,16,0,0,0,1.875,19.62,9,0,2,12,2,0.9375,0
8,same,0,axis_1,projection,occupancy_balanced,14.7731132813,7,0,0,79,6.90234375,0,0,0.25,0.00390625,39.0625,0,0,0,1.9921875,19.62,9,0,2,14,3,0.99609375,0
8,same,0,axis_1,projection,truth,14.7731132813,7,0,0,79,6.90234375,0,0,0.25,0.00390625,39.0625,0,0,0,1.9921875,19.62,9,0,2,14,3,0.99609375,0
8,same,0,axis_2,feasibility,family,2.95674,1,0,0,22.6,0.19,0,0,0.9,0.81,2.56,0,0,0,0.76,7.771,1,0,4,8.8,0.2,0.19,0
8,same,0,axis_2,feasibility,occupancy_balanced,3.1483359375,1,0,0,19,0.68359375,0,0,0.5625,0.31640625,13.140625,0,0,0,2.734375,7.771,1,0,4,11.5,0.875,0.68359375,0
8,same,0,axis_2,feasibility,truth,3.1483359375,1,0,0,19,0.68359375,0,0,0.5625,0.31640625,13.140625,0,0,0,2.734375,7.771,1,0,4,11.5,0.875,0.68359375,0
8,same,0,axis_2,projection,family,6.10285,1.44,0,0,43.08,0.27,0,0,0.9,0.81,2.56,0,0,0,0.76,119.271,9,0,4,8.8,0.2,0.19,0
8,same,0,axis_2,projection,occupancy_balanced,13.6724101563,3.515625,0,0,74.765625,2.21484375,0,0,0.5625,0.31640625,13.140625,0,0,0,2.734375,119.271,9,0,4,11.5,0.875,0.68359375,0
8,same,0,axis_2,projection,truth,13.6724101563,3.515625,0,0,74.765625,2.21484375,0,0,0.5625,0.31640625,13.140625,0,0,0,2.734375,119.271,9,0,4,11.5,0.875,0.68359375,0
8,same,0,axis_3,feasibility,family,4.05795180723,1,0,0,34.6144578313,0.078313253012,0,0,0.951807228916,0.728915662651,1.5421686747,0.192771084337,0,0,0.192771084337,8.763,1,0,8,8.38554216867,0.078313253012,0.078313253012,0
8,same,0,axis_3,feasibility,occupancy_balanced,4.3067265625,1,0,0,33.453125,0.27734375,0,0,0.796875,0.47265625,6.1796875,0.25,0,0,1.375,8.763,1,0,8,9.625,0.27734375,0.27734375,0
8,same,0,axis_3,feasibility,truth,4.3067265625,1,0,0,33.453125,0.27734375,0,0,0.796875,0.47265625,6.1796875,0.25,0,0,1.375,8.763,1,0,8,9.625,0.27734375,0.27734375,0
8,same,0,axis_3,projection,family,7.10539759036,1.38554216867,0,0,64.4819277108,0.126506024096,0,0,0.951807228916,0.728915662651,1.5421686747,0.192771084337,0,0,0.192771084337,66.621,9,0,8,8.38554216867,0.078313253012,0.078313253012,0
8,same,0,axis_3,projection,occupancy_balanced,12.929109375,2.625,0,0,98.078125,1.37109375,0,0,0.796875,0.47265625,6.1796875,0.25,0,0,1.375,66.621,9,0,8,9.625,0.27734375,0.27734375,0
8,same,0,axis_3,projection,truth,12.929109375,2.625,0,0,98.078125,1.37109375,0,0,0.796875,0.47265625,6.1796875,0.25,0,0,1.375,66.621,9,0,8,9.625,0.27734375,0.27734375,0
8,same,0,axis_6,feasibility,family,6.07823493976,1,0,0,54.8313253012,0.078313253012,0,0,0.951807228916,0.728915662651,1.5421686747,0.192771084337,0,0,0.192771084337,9.224,1,0,8,8.38554216867,0.078313253012,0.078313253012,0
8,same,0,axis_6,feasibility,occupancy_balanced,6.62886328125,1,0,0,53.78125,0.27734375,0,0,0.796875,0.47265625,6.1796875,0.25,0,0,1.375,9.224,1,0,8,9.625,0.27734375,0.27734375,0
8,same,0,axis_6,feasibility,truth,6.62886328125,1,0,0,53.78125,0.27734375,0,0,0.796875,0.47265625,6.1796875,0.25,0,0,1.375,9.224,1,0,8,9.625,0.27734375,0.27734375,0
8,same,0,axis_6,projection,family,11.1937771084,1.38554216867,0,0,112.409638554,0.126506024096,0,0,0.951807228916,0.728915662651,1.5421686747,0.192771084337,0,0,0.192771084337,79.06,9,0,8,8.38554216867,0.078313253012,0.078313253012,0
8,same,0,axis_6,projection,occupancy_balanced,21.4101640625,2.625,0,0,170.90625,1.37109375,0,0,0.796875,0.47265625,6.1796875,0.25,0,0,1.375,79.06,9,0,8,9.625,0.27734375,0.27734375,0
8,same,0,axis_6,projection,truth,21.4101640625,2.625,0,0,170.90625,1.37109375,0,0,0.796875,0.47265625,6.1796875,0.25,0,0,1.375,79.06,9,0,8,9.625,0.27734375,0.27734375,0
8,same,0,oblique_1,feasibility,family,4.75301515152,1,0,0,40.2878787879,0.030303030303,0,0,0.964646464646,0.757575757576,1.29292929293,0.222222222222,0,0,0.0606060606061,7.081,1,0,2,8.28282828283,0.030303030303,0.030303030303,0
8,same,0,oblique_1,feasibility,occupancy_balanced,4.85576171875,1,0,0,40.24609375,0.0703125,0,0,0.935546875,0.5859375,1.546875,0.375,0,0,0.140625,7.081,1,0,2,8.515625,0.0703125,0.0703125,0
8,same,0,oblique_1,feasibility,truth,4.85576171875,1,0,0,40.24609375,0.0703125,0,0,0.935546875,0.5859375,1.546875,0.375,0,0,0.140625,7.081,1,0,2,8.515625,0.0703125,0.0703125,0
8,same,0,oblique_1,projection,family,7.85315656566,1.28282828283,0,0,73.8232323232,0.030303030303,0,0,0.964646464646,0.757575757576,1.29292929293,0.222222222222,0,0,0.0606060606061,16.485,3,0,2,8.28282828283,0.030303030303,0.030303030303,0
8,same,0,oblique_1,projection,occupancy_balanced,8.6820078125,1.515625,0,0,80.07421875,0.0703125,0,0,0.935546875,0.5859375,1.546875,0.375,0,0,0.140625,16.485,3,0,2,8.515625,0.0703125,0.0703125,0
8,same,0,oblique_1,projection,truth,8.6820078125,1.515625,0,0,80.07421875,0.0703125,0,0,0.935546875,0.5859375,1.546875,0.375,0,0,0.140625,16.485,3,0,2,8.515625,0.0703125,0.0703125,0
8,same,0,oblique_2,feasibility,family,7.41907916667,1,0,0,64.2541666667,0.00416666666667,0,0,0.991666666667,0.9375,1.06666666667,0.0583333333333,0,0,0.00833333333333,9.795,1,0,2,8.06666666667,0.00416666666667,0.00416666666667,0
8,same,0,oblique_2,feasibility,occupancy_balanced,7.4731953125,1,0,0,64.28125,0.01171875,0,0,0.9833984375,0.87890625,1.1328125,0.109375,0,0,0.0234375,9.795,1,0,2,8.1328125,0.01171875,0.01171875,0
8,same,0,oblique_2,feasibility,truth,7.4731953125,1,0,0,64.28125,0.01171875,0,0,0.9833984375,0.87890625,1.1328125,0.109375,0,0,0.0234375,9.795,1,0,2,8.1328125,0.01171875,0.01171875,0
8,same,0,oblique_2,projection,family,11.9302458333,1.06666666667,0,0,114.475,0.00416666666667,0,0,0.991666666667,0.9375,1.06666666667,0.0583333333333,0,0,0.00833333333333,26.821,3,0,2,8.06666666667,0.00416666666667,0.00416666666667,0
8,same,0,oblique_2,projection,occupancy_balanced,12.3503945313,1.1328125,0,0,117.76953125,0.01171875,0,0,0.9833984375,0.87890625,1.1328125,0.109375,0,0,0.0234375,26.821,3,0,2,8.1328125,0.01171875,0.01171875,0
8,same,0,oblique_2,projection,truth,12.3503945313,1.1328125,0,0,117.76953125,0.01171875,0,0,0.9833984375,0.87890625,1.1328125,0.109375,0,0,0.0234375,26.821,3,0,2,8.1328125,0.01171875,0.01171875,0
8,same,1,axis_1,feasibility,family,2.360375,1,0,0,12.75,0.90625,0,0,0.5625,0.09375,12,0,0,0,1.8125,3.245,1,0,2,11.5,1.75,0.90625,0
8,same,1,axis_1,feasibility,occupancy_balanced,2.47766357422,1,0,0,11.875,0.9921875,0,0,0.3125,0.0078125,31.25,0,0,0,1.984375,3.245,1,0,2,13.5,2.75,0.9921875,0
8,same,1,axis_1,feasibility,truth,2.4827421875,1,0,0,11.9166666667,0.9921875,0,0,0.3125,0.0078125,31.25,0,0,0,1.984375,3.245,1,0,2,13.5,2.75,0.9921875,0
8,same,1,axis_1,projection,family,9.1546953125,4.5,0,0,56.75,3.78125,0,0,0.5625,0.09375,12,0,0,0,1.8125,22.645,9,0,2,11.5,1.75,0.90625,0
8,same,1,axis_1,projection,occupancy_balanced,13.9224213867,6.5,0,0,75.875,6.3359375,0,0,0.3125,0.0078125,31.25,0,0,0,1.984375,22.645,9,0,2,13.5,2.75,0.9921875,0
8,same,1,axis_1,projection,truth,13.9370748698,6.5,0,0,75.9166666667,6.3359375,0,0,0.3125,0.0078125,31.25,0,0,0,1.984375,22.645,9,0,2,13.5,2.75,0.9921875,0
8,same,1,axis_2,feasibility,family,3.11765333333,1,0,0,22.9333333333,0.22,0,0,0.891666666667,0.72,2.56,0.0666666666667,0,0,0.76,4.277,1,0,4,8.86666666667,0.233333333333,0.22,0
8,same,1,axis_2,feasibility,occupancy_balanced,3.30492773438,1,0,0,20.375,0.6484375,0,0,0.609375,0.31640625,10.6484375,0.0625,0,0,2.48828125,4.277,1,0,4,11.125,0.8125,0.6484375,0
8,same,1,axis_2,feasibility,truth,3.31855859375,1,0,0,20.25,0.671875,0,0,0.59375,0.28125,11.1770833333,0.0833333333333,0,0,2.546875,4.277,1,0,4,11.25,0.854166666667,0.671875,0
8,same,1,axis_2,projection,family,5.50360833333,1.56833333333,0,0,44.9483333333,0.315,0,0,0.891666666667,0.72,2.56,0.0666666666667,0,0,0.76,30.817,9,0,4,8.86666666667,0.233333333333,0.22,0
8,same,1,axis_2,projection,occupancy_balanced,10.3623222656,3.2412109375,0,0,70.7451171875,1.8857421875,0,0,0.609375,0.31640625,10.6484375,0.0625,0,0,2.48828125,30.817,9,0,4,11.125,0.8125,0.6484375,0
8,same,1,axis_2,projection,truth,10.7438886719,3.38411458333,0,0,72.8059895833,2.02994791667,0,0,0.59375,0.28125,11.1770833333,0.0833333333333,0,0,2.546875,30.817,9,0,4,11.25,0.854166666667,0.671875,0
8,same,1,axis_3,feasibility,family,4.20222363281,1,0,0,34.822265625,0.0703125,0,0,0.95458984375,0.75390625,1.5,0.1640625,0,0,0.18359375,6.82,1,0,8,8.36328125,0.0703125,0.0703125,0
8,same,1,axis_3,feasibility,occupancy_balanced,4.42285546875,1,0,0,34.22265625,0.234375,0,0,0.8349609375,0.52734375,4.72265625,0.22265625,0,0,1.07421875,6.82,1,0,8,9.3203125,0.234375,0.234375,0
8,same,1,axis_3,feasibility,truth,4.45444986979,1,0,0,34.1731770833,0.2578125,0,0,0.820963541667,0.502604166667,5.02604166667,0.229166666667,0,0,1.18229166667,6.82,1,0,8,9.43229166667,0.2578125,0.2578125,0
8,same,1,axis_3,projection,family,6.92505371094,1.3466796875,0,0,63.765625,0.1044921875,0,0,0.95458984375,0.75390625,1.5,0.1640625,0,0,0.18359375,62.023,9,0,8,8.36328125,0.0703125,0.0703125,0
8,same,1,axis_3,projection,occupancy_balanced,10.9033491211,2.248046875,0,0,88.029296875,0.939453125,0,0,0.8349609375,0.52734375,4.72265625,0.22265625,0,0,1.07421875,62.023,9,0,8,9.3203125,0.234375,0.234375,0
8,same,1,axis_3,projection,truth,11.2946536458,2.3359375,0,0,90.3580729167,1.01041666667,0,0,0.820963541667,0.502604166667,5.02604166667,0.229166666667,0,0,1.18229166667,62.023,9,0,8,9.43229166667,0.2578125,0.2578125,0
8,same,1,axis_6,feasibility,family,6.29056152344,1,0,0,54.953125,0.0703125,0,0,0.95458984375,0.75390625,1.5,0.1640625,0,0,0.18359375,16.335,1,0,8,8.36328125,0.0703125,0.0703125,0
8,same,1,axis_6,feasibility,occupancy_balanced,6.74618603516,1,0,0,54.44921875,0.234375,0,0,0.8349609375,0.52734375,4.72265625,0.22265625,0,0,1.07421875,16.335,1,0,8,9.3203125,0.234375,0.234375,0
8,same,1,axis_6,feasibility,truth,6.80547916667,1,0,0,54.4010416667,0.2578125,0,0,0.820963541667,0.502604166667,5.02604166667,0.229166666667,0,0,1.18229166667,16.335,1,0,8,9.43229166667,0.2578125,0.2578125,0
8,same,1,axis_6,projection,family,11.3576464844,1.3466796875,0,0,110.830078125,0.1044921875,0,0,0.95458984375,0.75390625,1.5,0.1640625,0,0,0.18359375,101.734,9,0,8,8.36328125,0.0703125,0.0703125,0
8,same,1,axis_6,projection,occupancy_balanced,18.1923212891,2.248046875,0,0,153.216796875,0.939453125,0,0,0.8349609375,0.52734375,4.72265625,0.22265625,0,0,1.07421875,101.734,9,0,8,9.3203125,0.234375,0.234375,0
8,same,1,axis_6,projection,truth,18.7671914062,2.3359375,0,0,157.3046875,1.01041666667,0,0,0.820963541667,0.502604166667,5.02604166667,0.229166666667,0,0,1.18229166667,101.734,9,0,8,9.43229166667,0.2578125,0.2578125,0
8,same,1,oblique_1,feasibility,family,4.88783946715,1,0,0,40.7751810946,0.0281305630485,0,0,0.958141197622,0.730924114944,1.38292949002,0.264116539308,0,0,0.0562611260971,8.363,1,0,2,8.33487041903,0.0281305630485,0.0281305630485,0
8,same,1,oblique_1,feasibility,occupancy_balanced,4.94214013672,1,0,0,40.57421875,0.05859375,0,0,0.92822265625,0.5791015625,1.70703125,0.42578125,0,0,0.1171875,8.363,1,0,2,8.57421875,0.05859375,0.05859375,0
8,same,1,oblique_1,feasibility,truth,4.98205273438,1,0,0,40.6217447917,0.0703125,0,0,0.9169921875,0.532552083333,1.84114583333,0.481770833333,0,0,0.140625,8.363,1,0,2,8.6640625,0.0703125,0.0703125,0
8,same,1,oblique_1,projection,family,8.11160211819,1.33189422855,0,0,75.5873988124,0.0299421572514,0,0,0.958141197622,0.730924114944,1.38292949002,0.264116539308,0,0,0.0562611260971,20.601,4,0,2,8.33487041903,0.0281305630485,0.0281305630485,0
8,same,1,oblique_1,projection,occupancy_balanced,8.88736328125,1.5654296875,0,0,81.650390625,0.064453125,0,0,0.92822265625,0.5791015625,1.70703125,0.42578125,0,0,0.1171875,20.601,4,0,2,8.57421875,0.05859375,0.05859375,0
8,same,1,oblique_1,projection,truth,9.20195442708,1.65234375,0,0,84.0514322917,0.078125,0,0,0.9169921875,0.532552083333,1.84114583333,0.481770833333,0,0,0.140625,20.601,4,0,2,8.6640625,0.0703125,0.0703125,0
8,same,1,oblique_2,feasibility,family,7.6265461919,1,0,0,65.112645873,0.00356488500554,0,0,0.989465474261,0.920742474597,1.08573000142,0.0771464359022,0,0,0.00712977001107,16.314,1,0,2,8.08427620591,0.00356488500554,0.00356488500554,0
8,same,1,oblique_2,feasibility,occupancy_balanced,7.6003984375,1,0,0,64.7534179688,0.00732421875,0,0,0.982543945312,0.87158203125,1.1435546875,0.125,0,0,0.0146484375,16.314,1,0,2,8.1396484375,0.00732421875,0.00732421875,0
8,same,1,oblique_2,feasibility,truth,7.67728841146,1,0,0,65.1295572917,0.009765625,0,0,0.979329427083,0.849609375,1.17057291667,0.145833333333,0,0,0.01953125,16.314,1,0,2,8.16536458333,0.009765625,0.009765625,0
8,same,1,oblique_2,projection,family,12.1506926813,1.08427620591,0,0,116.140378042,0.00356488500554,0,0,0.989465474261,0.920742474597,1.08573000142,0.0771464359022,0,0,0.00712977001107,49.866,3,0,2,8.08427620591,0.00356488500554,0.00356488500554,0
8,same,1,oblique_2,projection,occupancy_balanced,12.4207900391,1.1396484375,0,0,118.454589844,0.00732421875,0,0,0.982543945312,0.87158203125,1.1435546875,0.125,0,0,0.0146484375,49.866,3,0,2,8.1396484375,0.00732421875,0.00732421875,0
8,same,1,oblique_2,projection,truth,12.6551236979,1.16536458333,0,0,120.085286458,0.009765625,0,0,0.979329427083,0.849609375,1.17057291667,0.145833333333,0,0,0.01953125,49.866,3,0,2,8.16536458333,0.009765625,0.009765625,0
8,same,2,axis_1,feasibility,family,2.66460546875,1,0,0,14.5,0.859375,0,0,0.625,0.140625,9,0,0,0,1.71875,29.144,1,0,2,11,1.5,0.859375,0
8,same,2,axis_1,feasibility,occupancy_balanced,2.74034423828,1,0,0,13.75,0.984375,0,0,0.375,0.015625,25,0,0,0,1.96875,29.144,1,0,2,13,2.5,0.984375,0
8,same,2,axis_1,feasibility,truth,2.76237456597,1,0,0,13.8333333333,0.984375,0,0,0.375,0.015625,25,0,0,0,1.96875,29.144,1,0,2,13,2.5,0.984375,0
8,same,2,axis_1,projection,family,8.29673046875,4,0,0,53.5,3.109375,0,0,0.625,0.140625,9,0,0,0,1.71875,21.232,9,0,2,11,1.5,0.859375,0
8,same,2,axis_1,projection,occupancy_balanced,12.8784628906,6,0,0,72.75,5.734375,0,0,0.375,0.015625,25,0,0,0,1.96875,21.232,9,0,2,13,2.5,0.984375,0
8,same,2,axis_1,projection,truth,12.8815915799,6,0,0,72.8333333333,5.734375,0,0,0.375,0.015625,25,0,0,0,1.96875,21.232,9,0,2,13,2.5,0.984375,0
8,same,2,axis_2,feasibility,family,3.15090555556,1,0,0,23.2666666667,0.248888888889,0,0,0.883333333333,0.64,2.56,0.133333333333,0,0,0.755555555556,4.527,1,0,4,8.93333333333,0.266666666667,0.248888888889,0
8,same,2,axis_2,feasibility,occupancy_balanced,3.37837036133,1,0,0,21.75,0.609375,0,0,0.65625,0.31640625,8.62890625,0.125,0,0,2.185546875,4.527,1,0,4,10.75,0.75,0.609375,0
8,same,2,axis_2,feasibility,truth,3.40301432292,1,0,0,21.5,0.659722222222,0,0,0.625,0.25,9.50694444444,0.166666666667,0,0,2.31597222222,4.527,1,0,4,11,0.833333333333,0.659722222222,0
8,same,2,axis_2,projection,family,5.64963,1.68888888889,0,0,46.6977777778,0.36,0,0,0.883333333333,0.64,2.56,0.133333333333,0,0,0.755555555556,72.359,9,0,4,8.93333333333,0.266666666667,0.248888888889,0
8,same,2,axis_2,projection,occupancy_balanced,10.176784668,3.0087890625,0,0,67.4267578125,1.6025390625,0,0,0.65625,0.31640625,8.62890625,0.125,0,0,2.185546875,72.359,9,0,4,10.75,0.75,0.609375,0
8,same,2,axis_2,projection,truth,10.8779861111,3.26388888889,0,0,71.0416666667,1.85416666667,0,0,0.625,0.25,9.50694444444,0.166666666667,0,0,2.31597222222,72.359,9,0,4,11,0.833333333333,0.659722222222,0
8,same,2,axis_3,feasibility,family,4.22686866277,1,0,0,35.0045439792,0.063729308666,0,0,0.956365628043,0.766910094125,1.46757546251,0.152807530023,0,0,0.17335280753,7.591,1,0,8,8.34907497566,0.063729308666,0.063729308666,0
8,same,2,axis_3,feasibility,occupancy_balanced,4.42497045898,1,0,0,34.7534179688,0.193359375,0,0,0.86767578125,0.580078125,3.625,0.201171875,0,0,0.81640625,7.591,1,0,8,9.05859375,0.193359375,0.193359375,0
8,same,2,axis_3,feasibility,truth,4.49285503472,1,0,0,34.6875,0.237847222222,0,0,0.840277777778,0.522569444444,4.18055555556,0.222222222222,0,0,1.02083333333,7.591,1,0,8,9.27777777778,0.237847222222,0.237847222222,0
8,same,2,axis_3,projection,family,6.96366643947,1.32228172671,0,0,63.3510710808,0.0879259980526,0,0,0.956365628043,0.766910094125,1.46757546251,0.152807530023,0,0,0.17335280753,164.088,9,0,8,8.34907497566,0.063729308666,0.063729308666,0
8,same,2,axis_3,projection,occupancy_balanced,9.62037329102,1.9619140625,0,0,80.4106445312,0.630859375,0,0,0.86767578125,0.580078125,3.625,0.201171875,0,0,0.81640625,164.088,9,0,8,9.05859375,0.193359375,0.193359375,0
8,same,2,axis_3,projection,truth,10.3528806424,2.12847222222,0,0,84.7960069444,0.755208333333,0,0,0.840277777778,0.522569444444,4.18055555556,0.222222222222,0,0,1.02083333333,164.088,9,0,8,9.27777777778,0.237847222222,0.237847222222,0
8,same,2,axis_6,feasibility,family,6.30463682246,1,0,0,55.0644758195,0.063729308666,0,0,0.956365628043,0.766910094125,1.46757546251,0.152807530023,0,0,0.17335280753,22.233,1,0,8,8.34907497566,0.063729308666,0.063729308666,0
8,same,2,axis_6,feasibility,occupancy_balanced,6.69798193359,1,0,0,54.8896484375,0.193359375,0,0,0.86767578125,0.580078125,3.625,0.201171875,0,0,0.81640625,22.233,1,0,8,9.05859375,0.193359375,0.193359375,0
8,same,2,axis_6,feasibility,truth,6.80745442708,1,0,0,54.8012152778,0.237847222222,0,0,0.840277777778,0.522569444444,4.18055555556,0.222222222222,0,0,1.02083333333,22.233,1,0,8,9.27777777778,0.237847222222,0.237847222222,0
8,same,2,axis_6,projection,family,11.2251240182,1.32228172671,0,0,109.856637455,0.0879259980526,0,0,0.956365628043,0.766910094125,1.46757546251,0.152807530023,0,0,0.17335280753,113.252,9,0,8,8.34907497566,0.063729308666,0.063729308666,0
8,same,2,axis_6,projection,occupancy_balanced,16.4403598633,1.9619140625,0,0,139.78515625,0.630859375,0,0,0.86767578125,0.580078125,3.625,0.201171875,0,0,0.81640625,113.252,9,0,8,9.05859375,0.193359375,0.193359375,0
8,same,2,axis_6,projection,truth,17.7263220486,2.12847222222,0,0,147.479166667,0.755208333333,0,0,0.840277777778,0.522569444444,4.18055555556,0.222222222222,0,0,1.02083333333,113.252,9,0,8,9.27777777778,0.237847222222,0.237847222222,0
8,same,2,oblique_1,feasibility,family,5.1424878964,1.0166642672,0.0166642672041,0.0166642672041,42.0596136971,0.020381770879,0,0,0.946704591457,0.675308082581,1.61080864601,0.245489080285,0,0.0174406647197,0.0774033344445,11.878,2,1,4,8.49080426214,0.0370460380832,0.020381770879,0
8,same,2,oblique_1,feasibility,occupancy_balanced,5.26747875977,1.03857421875,0.03857421875,0.03857421875,42.244140625,0.044189453125,0,0,0.908477783203,0.503173828125,2.18896484375,0.4033203125,0,0.04052734375,0.173583984375,11.878,2,1,4,8.85620117188,0.082763671875,0.044189453125,0
8,same,2,oblique_1,feasibility,truth,5.40286111111,1.05034722222,0.0503472222222,0.0503472222222,42.8459201389,0.0542534722222,0,0,0.888075086806,0.437934027778,2.54600694444,0.479166666667,0,0.0529513888889,0.223524305556,11.878,2,1,4,9.04600694444,0.104600694444,0.0542534722222,0
8,same,2,oblique_1,projection,family,8.79055530498,1.48666518929,0.0183198963432,0.0166642672041,80.5043532261,0.0254558881628,0,0,0.946704591457,0.675308082581,1.61080864601,0.245489080285,0,0.0174406647197,0.0774033344445,24.777,5,2,4,8.49080426214,0.0370460380832,0.020381770879,0
8,same,2,oblique_1,projection,occupancy_balanced,9.96263989258,1.84326171875,0.04248046875,0.03857421875,89.685546875,0.055908203125,0,0,0.908477783203,0.503173828125,2.18896484375,0.4033203125,0,0.04052734375,0.173583984375,24.777,5,2,4,8.85620117188,0.082763671875,0.044189453125,0
8,same,2,oblique_1,projection,truth,10.6419552951,2.02821180556,0.0572916666667,0.0503472222222,94.9522569444,0.0750868055556,0,0,0.888075086806,0.437934027778,2.54600694444,0.479166666667,0,0.0529513888889,0.223524305556,24.777,5,2,4,9.04600694444,0.104600694444,0.0542534722222,0
8,same,2,oblique_2,feasibility,family,7.98633799549,1.00052742616,0.000527426160338,0.000527426160338,66.5660488521,0.00383876354423,0,0,0.98563725205,0.89414391458,1.12907536296,0.0745240345721,0,0.00210970464135,0.0118969363712,34.392,2,1,2,8.12439565449,0.00594846818558,0.00383876354423,0
8,same,2,oblique_2,feasibility,occupancy_balanced,7.93295336914,1.00244140625,0.00244140625,0.00244140625,66.0297851562,0.005859375,0,0,0.978179931641,0.844482421875,1.21069335938,0.109375,0,0.00537109375,0.0224609375,34.392,2,1,2,8.19604492188,0.01123046875,0.005859375,0
8,same,2,oblique_2,feasibility,truth,8.10271440972,1.00303819444,0.00303819444444,0.00303819444444,66.8185763889,0.0104166666667,0,0,0.970974392361,0.796440972222,1.28038194444,0.145399305556,0,0.00694444444444,0.0347222222222,34.392,2,1,2,8.26041666667,0.0173611111111,0.0104166666667,0
8,same,2,oblique_2,projection,family,12.7934960359,1.12386822833,0.000527426160338,0.000527426160338,119.449447114,0.00383876354423,0,0,0.98563725205,0.89414391458,1.12907536296,0.0745240345721,0,0.00210970464135,0.0118969363712,62.295,5,1,2,8.12439565449,0.00594846818558,0.00383876354423,0
8,same,2,oblique_2,projection,occupancy_balanced,13.1346501465,1.19506835938,0.00244140625,0.00244140625,122.237548828,0.005859375,0,0,0.978179931641,0.844482421875,1.21069335938,0.109375,0,0.00537109375,0.0224609375,62.295,5,1,2,8.19604492188,0.01123046875,0.005859375,0
8,same,2,oblique_2,projection,truth,13.6651736111,1.25911458333,0.00303819444444,0.00303819444444,126.105034722,0.0104166666667,0,0,0.970974392361,0.796440972222,1.28038194444,0.145399305556,0,0.00694444444444,0.0347222222222,62.295,5,1,2,8.26041666667,0.0173611111111,0.0104166666667,0
8,same,3,axis_1,feasibility,family,2.9267421875,1.25390625,0.125,0.0625,16.234375,0.845703125,0.05078125,0.12890625,0.640625,0.169921875,8.4375,0,0.125,0.125,1.66015625,7.582,7,2,2,10.875,1.4375,0.818359375,0.05078125
8,same,3,axis_1,feasibility,occupancy_balanced,3.01089428711,1.1552734375,0.0625,0.03125,15.3046875,1.005859375,0.0302734375,0.0927734375,0.40625,0.025390625,22.421875,0,0.0625,0.0625,1.94921875,7.582,7,2,2,12.75,2.375,0.9736328125,0.0302734375
8,same,3,axis_1,feasibility,truth,3.12543518519,1.27604166667,0.111111111111,0.0555555555556,15.6041666667,1.03125,0.0538194444444,0.164930555556,0.397569444444,0.0243055555556,22.9861111111,0,0.111111111111,0.111111111111,1.95138888889,7.582,7,2,2,12.8194444444,2.40972222222,0.973958333333,0.0538194444444
8,same,3,axis_1,projection,family,8.88324804687,4.73046875,0.4375,0.0625,55.921875,2.880859375,0.15234375,0.35546875,0.640625,0.169921875,8.4375,0,0.125,0.125,1.66015625,48.754,46,14,2,10.875,1.4375,0.818359375,0.05078125
8,same,3,axis_1,projection,occupancy_balanced,12.9956175537,6.4619140625,0.3125,0.03125,73.234375,5.4443359375,0.1416015625,0.3681640625,0.40625,0.025390625,22.421875,0,0.0625,0.0625,1.94921875,48.754,46,14,2,12.75,2.375,0.9736328125,0.0302734375
8,same,3,axis_1,projection,truth,13.6039221644,7.08506944444,0.555555555556,0.0555555555556,75.2291666667,5.55902777778,0.251736111111,0.654513888889,0.397569444444,0.0243055555556,22.9861111111,0,0.111111111111,0.111111111111,1.95138888889,48.754,46,14,2,12.8194444444,2.40972222222,0.973958333333,0.0538194444444
8,same,3,axis_2,feasibility,family,3.36576018519,1.04907407407,0.0416666666667,0.0277777777778,24.1425925926,0.252546296296,0.0037037037037,0.00740740740741,0.878298611111,0.630555555556,2.6,0.0875,0.0277777777778,0.0555555555556,0.794907407407,9.694,5,2,4,8.97361111111,0.282638888889,0.250694444444,0.0037037037037
8,same,3,axis_2,feasibility,occupancy_balanced,3.63515283203,1.078125,0.0546875,0.03125,22.931640625,0.59375,0.01171875,0.0234375,0.673828125,0.333984375,7.89453125,0.078125,0.046875,0.0625,2.09033203125,9.694,5,2,4,10.609375,0.71875,0.5849609375,0.01171875
8,same,3,axis_2,feasibility,truth,3.78147424769,1.14351851852,0.0972222222222,0.0555555555556,23.0543981481,0.673032407407,0.0231481481481,0.0462962962963,0.625,0.246527777778,9.29282407407,0.111111111111,0.0833333333333,0.111111111111,2.31423611111,9.694,5,2,4,11,0.840277777778,0.655671296296,0.0231481481481
8,same,3,axis_2,projection,family,6.01504236111,1.84560185185,0.087037037037,0.0277777777778,48.7344907407,0.379398148148,0.00740740740741,0.0148148148148,0.878298611111,0.630555555556,2.6,0.0875,0.0277777777778,0.0555555555556,0.794907407407,56.195,28,12,4,8.97361111111,0.282638888889,0.250694444444,0.0037037037037
8,same,3,axis_2,projection,occupancy_balanced,9.63438085937,3.17639160156,0.17236328125,0.03125,68.2540283203,1.48889160156,0.029296875,0.05859375,0.673828125,0.333984375,7.89453125,0.078125,0.046875,0.0625,2.09033203125,56.195,28,12,4,10.609375,0.71875,0.5849609375,0.01171875
8,same,3,axis_2,projection,truth,10.9834163773,3.78356481481,0.318287037037,0.0555555555556,75.4195601852,1.86342592593,0.0578703703704,0.115740740741,0.625,0.246527777778,9.29282407407,0.111111111111,0.0833333333333,0.111111111111,2.31423611111,56.195,28,12,4,11,0.840277777778,0.655671296296,0.0231481481481
8,same,3,axis_3,feasibility,family,4.34976157907,1,0,0,35.5482730405,0.0525433831257,0,0,0.962199069596,0.797840385651,1.3970020025,0.118163138329,0,0,0.145509277898,7.792,1,0,8,8.30240744323,0.0525433831257,0.0525433831257,0
8,same,3,axis_3,feasibility,occupancy_balanced,4.50392504883,1,0,0,35.3322753906,0.149169921875,0,0,0.89697265625,0.647705078125,2.8681640625,0.1572265625,0,0,0.60546875,7.792,1,0,8,8.82421875,0.149169921875,0.149169921875,0
8,same,3,axis_3,feasibility,truth,4.6254302662,1,0,0,35.5277777778,0.204282407407,0,0,0.864438657407,0.571180555556,3.47106481481,0.185185185185,0,0,0.83912037037,7.792,1,0,8,9.08449074074,0.204282407407,0.204282407407,0
8,same,3,axis_3,projection,family,6.81620255436,1.27573446756,0,0,62.8047478315,0.0695267200318,0,0,0.962199069596,0.797840385651,1.3970020025,0.118163138329,0,0,0.145509277898,50.036,9,0,8,8.30240744323,0.0525433831257,0.0525433831257,0
8,same,3,axis_3,projection,occupancy_balanced,8.71352526855,1.73205566406,0,0,74.7620849609,0.429077148438,0,0,0.89697265625,0.647705078125,2.8681640625,0.1572265625,0,0,0.60546875,50.036,9,0,8,8.82421875,0.149169921875,0.149169921875,0
8,same,3,axis_3,projection,truth,9.53678414352,1.93171296296,0,0,80.1727430556,0.563078703704,0,0,0.864438657407,0.571180555556,3.47106481481,0.185185185185,0,0,0.83912037037,50.036,9,0,8,9.08449074074,0.204282407407,0.204282407407,0
8,same,3,axis_6,feasibility,family,6.37568361885,1,0,0,55.5928907357,0.0525433831257,0,0,0.962199069596,0.797840385651,1.3970020025,0.118163138329,0,0,0.145509277898,10.346,1,0,8,8.30240744323,0.0525433831257,0.0525433831257,0
8,same,3,axis_6,feasibility,occupancy_balanced,6.64388867187,1,0,0,55.4243164062,0.149169921875,0,0,0.89697265625,0.647705078125,2.8681640625,0.1572265625,0,0,0.60546875,10.346,1,0,8,8.82421875,0.149169921875,0.149169921875,0
8,same,3,axis_6,feasibility,truth,6.83008333333,1,0,0,55.634837963,0.204282407407,0,0,0.864438657407,0.571180555556,3.47106481481,0.185185185185,0,0,0.83912037037,10.346,1,0,8,9.08449074074,0.204282407407,0.204282407407,0
8,same,3,axis_6,projection,family,11.0253761026,1.27573446756,0,0,108.364054878,0.0695267200318,0,0,0.962199069596,0.797840385651,1.3970020025,0.118163138329,0,0,0.145509277898,128.465,9,0,8,8.30240744323,0.0525433831257,0.0525433831257,0
8,same,3,axis_6,projection,occupancy_balanced,14.6254822998,1.73205566406,0,0,129.495239258,0.429077148438,0,0,0.89697265625,0.647705078125,2.8681640625,0.1572265625,0,0,0.60546875,128.465,9,0,8,8.82421875,0.149169921875,0.149169921875,0
8,same,3,axis_6,projection,truth,16.1144568866,1.93171296296,0,0,138.9140625,0.563078703704,0,0,0.864438657407,0.571180555556,3.47106481481,0.185185185185,0,0,0.83912037037,128.465,9,0,8,9.08449074074,0.204282407407,0.204282407407,0
8,same,3,oblique_1,feasibility,family,5.3593528468,1.02556319607,0.0255631960716,0.0255631960716,42.9561050289,0.0243859926924,0,0,0.928195187271,0.603991896893,1.90014364717,0.294262841167,0,0.0300911569215,0.106915035038,10.786,2,1,4,8.6519394855,0.0499491887639,0.0243859926924,0
8,same,3,oblique_1,feasibility,occupancy_balanced,5.49608093262,1.05712890625,0.05712890625,0.05712890625,43.2443847656,0.050048828125,0,0,0.88606262207,0.453857421875,2.7431640625,0.4482421875,0,0.06494140625,0.226684570312,10.786,2,1,4,9.07849121094,0.107177734375,0.050048828125,0
8,same,3,oblique_1,feasibility,truth,5.70181365741,1.0708912037,0.0708912037037,0.0708912037037,44.0124421296,0.0711805555556,0,0,0.846896701389,0.329571759259,3.49884259259,0.597222222222,0,0.0830439814815,0.305266203704,10.786,2,1,4,9.43373842593,0.142071759259,0.0711805555556,0
8,same,3,oblique_1,projection,family,9.38873164368,1.64411479785,0.0303143361712,0.0255631960716,85.333871469,0.029789899219,0,0,0.928195187271,0.603991896893,1.90014364717,0.294262841167,0,0.0300911569215,0.106915035038,40.662,7,2,4,8.6519394855,0.0499491887639,0.0243859926924,0
8,same,3,oblique_1,projection,occupancy_balanced,10.7483293457,2.05712890625,0.071533203125,0.05712890625,95.8713378906,0.061767578125,0,0,0.88606262207,0.453857421875,2.7431640625,0.4482421875,0,0.06494140625,0.226684570312,40.662,7,2,4,9.07849121094,0.107177734375,0.050048828125,0
8,same,3,oblique_1,projection,truth,12.019567419,2.40104166667,0.091724537037,0.0708912037037,105.500868056,0.0949074074074,0,0,0.846896701389,0.329571759259,3.49884259259,0.597222222222,0,0.0830439814815,0.305266203704,40.662,7,2,4,9.43373842593,0.142071759259,0.0711805555556,0
8,same,3,oblique_2,feasibility,family,8.22788792404,1.0021644636,0.00216446360495,0.00216446360495,68.1991344261,0.00427847936072,0,0,0.982738372659,0.873750711678,1.17286103458,0.0804585549858,0,0.0032956853244,0.0151483293702,51.569,2,1,2,8.1648207298,0.00757416468512,0.00427847936072,0
8,same,3,oblique_2,feasibility,occupancy_balanced,8.10146899414,1.00512695312,0.005126953125,0.005126953125,67.1683349609,0.005859375,0,0,0.974380493164,0.817260742188,1.28039550781,0.115478515625,0,0.007080078125,0.02587890625,51.569,2,1,2,8.25695800781,0.012939453125,0.005859375,0
8,same,3,oblique_2,feasibility,truth,8.39607581019,1.00868055556,0.00868055555556,0.00868055555556,68.7178819444,0.0118634259259,0,0,0.963939525463,0.751157407407,1.40162037037,0.169270833333,0,0.0112847222222,0.0462962962963,51.569,2,1,2,8.36429398148,0.0231481481481,0.0118634259259,0
8,same,3,oblique_2,projection,family,13.1533879247,1.16444365589,0.00216446360495,0.00216446360495,122.923418958,0.00427847936072,0,0,0.982738372659,0.873750711678,1.17286103458,0.0804585549858,0,0.0032956853244,0.0151483293702,99.451,5,1,2,8.1648207298,0.00757416468512,0.00427847936072,0
8,same,3,oblique_2,projection,occupancy_balanced,13.5086314697,1.25598144531,0.005126953125,0.005126953125,126.111572266,0.005859375,0,0,0.974380493164,0.817260742188,1.28039550781,0.115478515625,0,0.007080078125,0.02587890625,99.451,5,1,2,8.25695800781,0.012939453125,0.005859375,0
8,same,3,oblique_2,projection,truth,14.4008321759,1.36342592593,0.00868055555556,0.00868055555556,132.675347222,0.0118634259259,0,0,0.963939525463,0.751157407407,1.40162037037,0.169270833333,0,0.0112847222222,0.0462962962963,99.451,5,1,2,8.36429398148,0.0231481481481,0.0118634259259,0
8,same,4,axis_1,feasibility,family,2.95193164062,1,0,0,18,0.68359375,0,0,0.75,0.31640625,5.0625,0,0,0,1.3671875,16.535,1,0,2,10,1,0.68359375,0
8,same,4,axis_1,feasibility,occupancy_balanced,3.1743427124,1,0,0,17.5,0.9375,0,0,0.5,0.0625,16,0,0,0,1.875,16.535,1,0,2,12,2,0.9375,0
8,same,4,axis_1,feasibility,truth,3.20345138889,1,0,0,17.6666666667,0.9375,0,0,0.5,0.0625,16,0,0,0,1.875,16.535,1,0,2,12,2,0.9375,0
8,same,4,axis_1,projection,family,6.80151757813,3,0,0,47,1.83984375,0,0,0.75,0.31640625,5.0625,0,0,0,1.3671875,21.442,9,0,2,10,1,0.68359375,0
8,same,4,axis_1,projection,occupancy_balanced,11.0826323242,5,0,0,66.5,4.4375,0,0,0.5,0.0625,16,0,0,0,1.875,21.442,9,0,2,12,2,0.9375,0
8,same,4,axis_1,projection,truth,11.1098140432,5,0,0,66.6666666667,4.4375,0,0,0.5,0.0625,16,0,0,0,1.875,21.442,9,0,2,12,2,0.9375,0
8,same,4,axis_2,feasibility,family,3.41794748264,1,0,0,24.3125,0.234375,0,0,0.895833333333,0.626736111111,2.25,0.0416666666667,0,0,0.631944444444,23.015,1,0,4,8.83333333333,0.25,0.234375,0
8,same,4,axis_2,feasibility,occupancy_balanced,3.65574890137,1,0,0,23.8046875,0.511047363281,0,0,0.740234375,0.376159667969,5.7158203125,0.03125,0,0,1.66333007812,23.015,1,0,4,10.078125,0.6015625,0.511047363281,0
8,same,4,axis_2,feasibility,truth,3.73833005401,1,0,0,23.7638888889,0.591820987654,0,0,0.694444444444,0.278549382716,6.81790123457,0.0555555555556,0,0,1.88580246914,23.015,1,0,4,10.4444444444,0.722222222222,0.591820987654,0
8,same,4,axis_2,projection,family,5.79191276042,1.67100694444,0,0,47.1189236111,0.322048611111,0,0,0.895833333333,0.626736111111,2.25,0.0416666666667,0,0,0.631944444444,30.436,9,0,4,8.83333333333,0.25,0.234375,0
8,same,4,axis_2,projection,occupancy_balanced,8.23900598145,2.54376220703,0,0,61.0327758789,1.09338378906,0,0,0.740234375,0.376159667969,5.7158203125,0.03125,0,0,1.66333007812,30.436,9,0,4,10.078125,0.6015625,0.511047363281,0
8,same,4,axis_2,projection,truth,9.12311188272,2.88194444444,0,0,66.1304012346,1.40895061728,0,0,0.694444444444,0.278549382716,6.81790123457,0.0555555555556,0,0,1.88580246914,30.436,9,0,4,10.4444444444,0.722222222222,0.591820987654,0
8,same,4,axis_3,feasibility,family,4.38624803352,1,0,0,35.2271969619,0.0435171581263,0,0,0.966561200467,0.818511143761,1.34317970925,0.0788139670756,0,0,0.122272055538,51.798,1,0,8,8.26751039626,0.0435171581263,0.0435171581263,0
8,same,4,axis_3,feasibility,occupancy_balanced,4.49668792725,1,0,0,35.146484375,0.115356445312,0,0,0.919311523438,0.701049804688,2.32592773438,0.1005859375,0,0,0.44677734375,51.798,1,0,8,8.6455078125,0.115356445312,0.115356445312,0
8,same,4,axis_3,feasibility,truth,4.63014409722,1,0,0,35.4112654321,0.174382716049,0,0,0.884066358025,0.609567901235,2.94135802469,0.128086419753,0,0,0.689814814815,51.798,1,0,8,8.9274691358,0.174382716049,0.174382716049,0
8,same,4,axis_3,projection,family,6.82943415612,1.24186234835,0,0,61.6842608345,0.0551796576967,0,0,0.966561200467,0.818511143761,1.34317970925,0.0788139670756,0,0,0.122272055538,186.592,9,0,8,8.26751039626,0.0435171581263,0.0435171581263,0
8,same,4,axis_3,projection,occupancy_balanced,8.77816009521,1.56237792969,0,0,70.01953125,0.287353515625,0,0,0.919311523438,0.701049804688,2.32592773438,0.1005859375,0,0,0.44677734375,186.592,9,0,8,8.6455078125,0.115356445312,0.115356445312,0
8,same,4,axis_3,projection,truth,9.91525887346,1.77854938272,0,0,75.8425925926,0.420524691358,0,0,0.884066358025,0.609567901235,2.94135802469,0.128086419753,0,0,0.689814814815,186.592,9,0,8,8.9274691358,0.174382716049,0.174382716049,0
8,same,4,axis_6,feasibility,family,6.39376312045,1,0,0,55.2271969619,0.0435171581263,0,0,0.966561200467,0.818511143761,1.34317970925,0.0788139670756,0,0,0.122272055538,27.271,1,0,8,8.26751039626,0.0435171581263,0.0435171581263,0
8,same,4,axis_6,feasibility,occupancy_balanced,6.60067675781,1,0,0,55.146484375,0.115356445312,0,0,0.919311523438,0.701049804688,2.32592773438,0.1005859375,0,0,0.44677734375,27.271,1,0,8,8.6455078125,0.115356445312,0.115356445312,0
8,same,4,axis_6,feasibility,truth,6.7951253858,1,0,0,55.4112654321,0.174382716049,0,0,0.884066358025,0.609567901235,2.94135802469,0.128086419753,0,0,0.689814814815,27.271,1,0,8,8.9274691358,0.174382716049,0.174382716049,0
8,same,4,axis_6,projection,family,10.9066057793,1.24186234835,0,0,106.521507801,0.0551796576967,0,0,0.966561200467,0.818511143761,1.34317970925,0.0788139670756,0,0,0.122272055538,76.686,9,0,8,8.26751039626,0.0435171581263,0.0435171581263,0
8,same,4,axis_6,projection,occupancy_balanced,13.1405083008,1.56237792969,0,0,121.267089844,0.287353515625,0,0,0.919311523438,0.701049804688,2.32592773438,0.1005859375,0,0,0.44677734375,76.686,9,0,8,8.6455078125,0.115356445312,0.115356445312,0
8,same,4,axis_6,projection,truth,14.6182314815,1.77854938272,0,0,131.413580247,0.420524691358,0,0,0.884066358025,0.609567901235,2.94135802469,0.128086419753,0,0,0.689814814815,76.686,9,0,8,8.9274691358,0.174382716049,0.174382716049,0
8,same,4,oblique_1,feasibility,family,5.68073892104,1.04897560875,0.048975608751,0.047297756402,44.5225207305,0.0163549498139,0,0,0.923143035497,0.57473141634,2.14023022574,0.261791363399,0.00190517913652,0.0600904766435,0.142528779819,13.38,3,2,4,8.79945237909,0.0662263164362,0.0163549498139,0
8,same,4,oblique_1,feasibility,occupancy_balanced,5.87075219727,1.09887695312,0.098876953125,0.096435546875,45.1254272461,0.0335693359375,0,0,0.87907409668,0.414794921875,3.2138671875,0.416015625,0.0048828125,0.122924804688,0.28955078125,13.38,3,2,4,9.32751464844,0.13330078125,0.0335693359375,0
8,same,4,oblique_1,feasibility,truth,6.19947743056,1.14023919753,0.140239197531,0.134837962963,46.6855709877,0.0408950617284,0,0,0.837070794753,0.28549382716,4.32098765432,0.579475308642,0.00578703703704,0.175154320988,0.400655864198,13.38,3,2,4,9.79841820988,0.182484567901,0.0408950617284,0
8,same,4,oblique_1,projection,family,10.2361779654,1.80557189913,0.0634168816605,0.047297756402,90.6076585334,0.0179730727913,0,0,0.923143035497,0.57473141634,2.14023022574,0.261791363399,0.00190517913652,0.0600904766435,0.142528779819,37.878,9,4,4,8.79945237909,0.0662263164362,0.0163549498139,0
8,same,4,oblique_1,projection,occupancy_balanced,12.039430542,2.3466796875,0.138916015625,0.096435546875,104.459838867,0.0364990234375,0,0,0.87907409668,0.414794921875,3.2138671875,0.416015625,0.0048828125,0.122924804688,0.28955078125,37.878,9,4,4,9.32751464844,0.13330078125,0.0335693359375,0
8,same,4,oblique_1,projection,truth,13.8006302083,2.82330246914,0.206211419753,0.134837962963,117.692708333,0.0486111111111,0,0,0.837070794753,0.28549382716,4.32098765432,0.579475308642,0.00578703703704,0.175154320988,0.400655864198,37.878,9,4,4,9.79841820988,0.182484567901,0.0408950617284,0
8,same,4,oblique_2,feasibility,family,8.61280452241,1.00293787474,0.00293787474021,0.00293787474021,69.3748108624,0.003845042056,0,0,0.977352300971,0.836620525568,1.25148989302,0.0717670974005,0,0.00563827038013,0.0189666248723,34.022,2,1,2,8.23212827306,0.00948331243613,0.003845042056,0
8,same,4,oblique_2,feasibility,occupancy_balanced,8.46454107666,1.00646972656,0.0064697265625,0.0064697265625,68.0651855469,0.0067138671875,0,0,0.967132568359,0.77392578125,1.40100097656,0.104614257812,0,0.010498046875,0.034423828125,34.022,2,1,2,8.3544921875,0.0172119140625,0.0067138671875,0
8,same,4,oblique_2,feasibility,truth,8.8557195216,1.01253858025,0.0125385802469,0.0125385802469,70.0293209877,0.0135030864198,0,0,0.950520833333,0.670910493827,1.63387345679,0.169367283951,0,0.0192901234568,0.0655864197531,34.022,2,1,2,8.54436728395,0.0327932098765,0.0135030864198,0
8,same,4,oblique_2,projection,family,14.015485324,1.23014722303,0.00293787474021,0.00293787474021,127.146855252,0.003845042056,0,0,0.977352300971,0.836620525568,1.25148989302,0.0717670974005,0,0.00563827038013,0.0189666248723,114.534,5,1,2,8.23212827306,0.00948331243613,0.003845042056,0
8,same,4,oblique_2,projection,occupancy_balanced,14.5625238647,1.35205078125,0.0064697265625,0.0064697265625,131.47479248,0.0067138671875,0,0,0.967132568359,0.77392578125,1.40100097656,0.104614257812,0,0.010498046875,0.034423828125,114.534,5,1,2,8.3544921875,0.0172119140625,0.0067138671875,0
8,same,4,oblique_2,projection,truth,15.9902494213,1.53819444444,0.0125385802469,0.0125385802469,142.08275463,0.0135030864198,0,0,0.950520833333,0.670910493827,1.63387345679,0.169367283951,0,0.0192901234568,0.0655864197531,114.534,5,1,2,8.54436728395,0.0327932098765,0.0135030864198,0
8,same,5,axis_1,feasibility,family,3.86569433594,2.1318359375,0.625,0.296875,20,0.9033203125,0.2060546875,0.5068359375,0.578125,0.0849609375,9.4921875,0,0.625,0.625,1.830078125,10.145,9,4,2,11.375,1.6875,0.818359375,0.2060546875
8,same,5,axis_1,feasibility,occupancy_balanced,3.66047640991,1.7080078125,0.3125,0.15234375,17.810546875,1.0751953125,0.138671875,0.3955078125,0.40625,0.025390625,21.30078125,0,0.3125,0.3125,1.94921875,10.145,9,4,2,12.75,2.375,0.96044921875,0.138671875
8,same,5,axis_1,feasibility,truth,4.10974755658,2.25848765432,0.555555555556,0.265432098765,18.899691358,1.1712962963,0.243055555556,0.702932098765,0.362847222222,0.0108024691358,23.4969135802,0,0.555555555556,0.555555555556,1.97839506173,10.145,9,4,2,13.0972222222,2.54861111111,0.965277777778,0.243055555556
8,same,5,axis_1,projection,family,11.9991474609,7.8525390625,1.875,0.296875,72.341796875,3.142578125,0.5595703125,1.2900390625,0.578125,0.0849609375,9.4921875,0,0.625,0.625,1.830078125,54.633,57,24,2,11.375,1.6875,0.818359375,0.2060546875
8,same,5,axis_1,projection,occupancy_balanced,14.7910740356,8.662109375,1.359375,0.15234375,81.3696289062,5.4228515625,0.5556640625,1.396484375,0.40625,0.025390625,21.30078125,0,0.3125,0.3125,1.94921875,54.633,57,24,2,12.75,2.375,0.96044921875,0.138671875
8,same,5,axis_1,projection,truth,17.3584197531,11.3757716049,2.45679012346,0.265432098765,90.9320987654,5.89814814815,1.00385802469,2.54398148148,0.362847222222,0.0108024691358,23.4969135802,0,0.555555555556,0.555555555556,1.97839506173,54.633,57,24,2,13.0972222222,2.54861111111,0.965277777778,0.243055555556
8,same,5,axis_2,feasibility,family,3.97288058036,1.30654761905,0.255952380952,0.166666666667,27.1912202381,0.296626984127,0.0252976190476,0.0505952380952,0.829489087302,0.506696428571,3.13392857143,0,0.206349206349,0.34126984127,1.12921626984,12.168,7,4,4,9.36408730159,0.43501984127,0.289806547619,0.0252976190476
8,same,5,axis_2,feasibility,occupancy_balanced,4.22716479492,1.361328125,0.2578125,0.15234375,25.836730957,0.599792480469,0.0517578125,0.103515625,0.6650390625,0.313354492188,7.72338867188,0,0.21875,0.3125,2.14172363281,12.168,7,4,4,10.6796875,0.76171875,0.572082519531,0.0517578125
8,same,5,axis_2,feasibility,truth,4.80135776749,1.69701646091,0.467592592593,0.265432098765,27.308899177,0.754886831276,0.114711934156,0.229423868313,0.5625,0.164351851852,10.6044238683,0,0.416666666667,0.555555555556,2.62962962963,12.168,7,4,4,11.5,1.0162037037,0.693930041152,0.114711934156
8,same,5,axis_2,projection,family,7.65717832341,2.72420634921,0.465773809524,0.166666666667,58.8983134921,0.507564484127,0.046875,0.09375,0.829489087302,0.506696428571,3.13392857143,0,0.206349206349,0.34126984127,1.12921626984,72.35,45,20,4,9.36408730159,0.43501984127,0.289806547619,0.0252976190476
8,same,5,axis_2,projection,occupancy_balanced,11.0958395996,4.08435058594,0.702270507812,0.15234375,76.6911010742,1.49963378906,0.118896484375,0.23779296875,0.6650390625,0.313354492188,7.72338867188,0,0.21875,0.3125,2.14172363281,72.35,45,20,4,10.6796875,0.76171875,0.572082519531,0.0517578125
8,same,5,axis_2,projection,truth,14.7048326903,5.96656378601,1.38940329218,0.265432098765,95.5785751029,2.22427983539,0.27366255144,0.547325102881,0.5625,0.164351851852,10.6044238683,0,0.416666666667,0.555555555556,2.62962962963,72.35,45,20,4,11.5,1.0162037037,0.693930041152,0.114711934156
8,same,5,axis_3,feasibility,family,4.72869750381,1,0,0,37.32465857,0.0391486155482,0,0,0.966989929299,0.818680717936,1.33516578054,0.0583862486054,0,0,0.113324728425,47.031,1,0,8,8.26408056561,0.0391486155482,0.0391486155482,0
8,same,5,axis_3,feasibility,occupancy_balanced,4.70401837158,1,0,0,36.4228515625,0.0948791503906,0,0,0.931289672852,0.728912353516,2.03573608398,0.0693359375,0,0,0.358306884766,47.031,1,0,8,8.54968261719,0.0948791503906,0.0948791503906,0
8,same,5,axis_3,feasibility,truth,4.96101838992,1,0,0,37.47968107,0.161008230453,0,0,0.890689300412,0.61316872428,2.68158436214,0.0979938271605,0,0,0.622942386831,47.031,1,0,8,8.87448559671,0.161008230453,0.161008230453,0
8,same,5,axis_3,projection,family,7.13105419417,1.23643631539,0,0,63.6268763022,0.047905490002,0,0,0.966989929299,0.818680717936,1.33516578054,0.0583862486054,0,0,0.113324728425,126.772,9,0,8,8.26408056561,0.0391486155482,0.0391486155482,0
8,same,5,axis_3,projection,occupancy_balanced,7.91913983154,1.46820068359,0,0,68.7648010254,0.206237792969,0,0,0.931289672852,0.728912353516,2.03573608398,0.0693359375,0,0,0.358306884766,126.772,9,0,8,8.54968261719,0.0948791503906,0.0948791503906,0
8,same,5,axis_3,projection,truth,8.97414493313,1.71090534979,0,0,75.9233539095,0.334362139918,0,0,0.890689300412,0.61316872428,2.68158436214,0.0979938271605,0,0,0.622942386831,126.772,9,0,8,8.87448559671,0.161008230453,0.161008230453,0
8,same,5,axis_6,feasibility,family,6.88008379169,1,0,0,57.3385915727,0.0391486155482,0,0,0.966989929299,0.818680717936,1.33516578054,0.0583862486054,0,0,0.113324728425,53.951,1,0,8,8.26408056561,0.0391486155482,0.0391486155482,0
8,same,5,axis_6,feasibility,occupancy_balanced,6.92063775635,1,0,0,56.4569702148,0.0948791503906,0,0,0.931289672852,0.728912353516,2.03573608398,0.0693359375,0,0,0.358306884766,53.951,1,0,8,8.54968261719,0.0948791503906,0.0948791503906,0
8,same,5,axis_6,feasibility,truth,7.26373006687,1,0,0,57.5461676955,0.161008230453,0,0,0.890689300412,0.61316872428,2.68158436214,0.0979938271605,0,0,0.622942386831,53.951,1,0,8,8.87448559671,0.161008230453,0.161008230453,0
8,same,5,axis_6,projection,family,11.4778217033,1.23643631539,0,0,108.369535613,0.047905490002,0,0,0.966989929299,0.818680717936,1.33516578054,0.0583862486054,0,0,0.113324728425,105.54,9,0,8,8.26408056561,0.0391486155482,0.0391486155482,0
8,same,5,axis_6,projection,occupancy_balanced,12.9573865662,1.46820068359,0,0,118.16293335,0.206237792969,0,0,0.931289672852,0.728912353516,2.03573608398,0.0693359375,0,0,0.358306884766,105.54,9,0,8,8.54968261719,0.0948791503906,0.0948791503906,0
8,same,5,axis_6,projection,truth,14.7216419753,1.71090534979,0,0,130.207947531,0.334362139918,0,0,0.890689300412,0.61316872428,2.68158436214,0.0979938271605,0,0,0.622942386831,105.54,9,0,8,8.87448559671,0.161008230453,0.161008230453,0
8,same,5,oblique_1,feasibility,family,5.81766598503,1.05639257609,0.0563925760888,0.0546371996723,44.8882985936,0.0192185342883,0,0,0.908868298161,0.536203356817,2.34402678789,0.29472790457,0.00677433448183,0.0669935877742,0.168033635669,15.203,3,2,4,8.87209670467,0.0755770667133,0.0192185342883,0
8,same,5,oblique_1,feasibility,occupancy_balanced,5.97195556641,1.09399414062,0.093994140625,0.09130859375,45.2837524414,0.0360107421875,0,0,0.866882324219,0.41259765625,3.35559082031,0.42626953125,0.007568359375,0.111450195312,0.289611816406,15.203,3,2,4,9.31970214844,0.129028320312,0.0360107421875,0
8,same,5,oblique_1,feasibility,truth,6.44852970679,1.16216563786,0.16216563786,0.156121399177,47.5905349794,0.0451388888889,0,0,0.799077289095,0.23058127572,5.1283436214,0.657278806584,0.0167181069959,0.194573045267,0.473508230453,15.203,3,2,4,10.0066872428,0.206147119342,0.0451388888889,0
8,same,5,oblique_1,projection,family,10.7386582651,1.89805007118,0.0786247507705,0.0546371996723,93.2949741941,0.0238402310564,0,0,0.908868298161,0.536203356817,2.34402678789,0.29472790457,0.00677433448183,0.0669935877742,0.168033635669,110.116,8,3,4,8.87209670467,0.0755770667133,0.0192185342883,0
8,same,5,oblique_1,projection,occupancy_balanced,12.2695725708,2.34417724609,0.13525390625,0.09130859375,104.728393555,0.0462646484375,0,0,0.866882324219,0.41259765625,3.35559082031,0.42626953125,0.007568359375,0.111450195312,0.289611816406,110.116,8,3,4,9.31970214844,0.129028320312,0.0360107421875,0
8,same,5,oblique_1,projection,truth,15.046429784,3.08564814815,0.257073045267,0.156121399177,125.295653292,0.0621141975309,0,0,0.799077289095,0.23058127572,5.1283436214,0.657278806584,0.0167181069959,0.194573045267,0.473508230453,110.116,8,3,4,10.0066872428,0.206147119342,0.0451388888889,0
8,same,5,oblique_2,feasibility,family,8.86917612546,1.00402917714,0.00402917713521,0.00402917713521,70.2963693993,0.00352730123579,0,0,0.974760060766,0.820879140029,1.27160969334,0.105712293752,0,0.00767342185586,0.0217215542852,144.158,2,1,2,8.24826726944,0.0108607771426,0.00352730123579,0
8,same,5,oblique_2,feasibility,occupancy_balanced,8.63336849976,1.00723266602,0.00723266601562,0.00723266601562,68.6614990234,0.0054931640625,0,0,0.969284057617,0.789184570312,1.36093139648,0.125366210938,0,0.0114135742188,0.0323486328125,144.158,2,1,2,8.31649780273,0.0161743164062,0.0054931640625,0
8,same,5,oblique_2,feasibility,truth,9.14365522119,1.01684670782,0.0168467078189,0.0168467078189,71.2719907407,0.00925925925926,0,0,0.946084104938,0.649434156379,1.6712962963,0.233796296296,0,0.0271347736626,0.0697016460905,144.158,2,1,2,8.56674382716,0.0348508230453,0.00925925925926,0
8,same,5,oblique_2,projection,family,14.3829795688,1.24600649893,0.00402917713521,0.00402917713521,128.775268061,0.00352730123579,0,0,0.974760060766,0.820879140029,1.27160969334,0.105712293752,0,0.00767342185586,0.0217215542852,71.548,5,1,2,8.24826726944,0.0108607771426,0.00352730123579,0
8,same,5,oblique_2,projection,occupancy_balanced,14.5108471985,1.31433105469,0.00723266601562,0.00723266601562,130.238525391,0.0054931640625,0,0,0.969284057617,0.789184570312,1.36093139648,0.125366210938,0,0.0114135742188,0.0323486328125,71.548,5,1,2,8.31649780273,0.0161743164062,0.0054931640625,0
8,same,5,oblique_2,projection,truth,16.4017759774,1.56018518519,0.0168467078189,0.0168467078189,144.145576132,0.00925925925926,0,0,0.946084104938,0.649434156379,1.6712962963,0.233796296296,0,0.0271347736626,0.0697016460905,71.548,5,1,2,8.56674382716,0.0348508230453,0.00925925925926,0
8,same,6,axis_1,feasibility,family,4.56912597656,2.8984375,1,0.4375,21.13671875,0.99609375,0.3671875,0.8984375,0.5,0.03515625,11.390625,0,1,1,1.9296875,9.565,9,4,2,12,2,0.859375,0.3671875
8,same,6,axis_1,feasibility,occupancy_balanced,4.10042605591,2.125,0.5,0.234375,18.6640625,1.140625,0.21875,0.625,0.375,0.015625,22.5625,0,0.5,0.5,1.96875,9.565,9,4,2,13,2.5,0.96484375,0.21875
8,same,6,axis_1,feasibility,truth,4.79240620713,3.01234567901,0.888888888889,0.395061728395,20.1419753086,1.29320987654,0.382716049383,1.12345679012,0.305555555556,0.00308641975309,26.1234567901,0,0.888888888889,0.888888888889,1.99382716049,9.565,9,4,2,13.5555555556,2.77777777778,0.972222222222,0.382716049383
8,same,6,axis_1,projection,family,15.5606259766,11,3.25,0.4375,86.5390625,3.70703125,0.984375,2.25,0.5,0.03515625,11.390625,0,1,1,1.9296875,76.736,57,24,2,12,2,0.859375,0.3671875
8,same,6,axis_1,projection,occupancy_balanced,17.1016955261,10.6484375,2.1875,0.234375,88.71484375,5.734375,0.8828125,2.2109375,0.375,0.015625,22.5625,0,0.5,0.5,1.96875,76.736,57,24,2,13,2.5,0.96484375,0.21875
8,same,6,axis_1,projection,truth,21.3778497942,15.2098765432,4.04938271605,0.395061728395,103.796296296,6.50308641975,1.64197530864,4.16049382716,0.305555555556,0.00308641975309,26.1234567901,0,0.888888888889,0.888888888889,1.99382716049,76.736,57,24,2,13.5555555556,2.77777777778,0.972222222222,0.382716049383
8,same,6,axis_2,feasibility,family,4.50781887755,1.55102040816,0.428571428571,0.265306122449,29.0306122449,0.336734693878,0.0612244897959,0.122448979592,0.785714285714,0.413265306122,3.7193877551,0,0.357142857143,0.571428571429,1.38520408163,24.887,7,4,4,9.71428571429,0.571428571429,0.325255102041,0.0612244897959
8,same,6,axis_2,feasibility,occupancy_balanced,4.7190954895,1.5859375,0.40625,0.234375,27.3664550781,0.630615234375,0.08984375,0.1796875,0.63671875,0.2822265625,8.35571289062,0,0.34375,0.5,2.29833984375,24.887,7,4,4,10.90625,0.84375,0.589599609375,0.08984375
8,same,6,axis_2,feasibility,truth,5.62021467764,2.16872427984,0.740740740741,0.395061728395,29.4279835391,0.825788751715,0.213991769547,0.427983539095,0.5,0.111111111111,12.3799725652,0,0.666666666667,0.888888888889,2.87517146776,24.887,7,4,4,12,1.18518518519,0.731138545953,0.213991769547
8,same,6,axis_2,projection,family,9.46692442602,3.58482142857,0.830357142857,0.265306122449,67.0197704082,0.632015306122,0.112244897959,0.224489795918,0.785714285714,0.413265306122,3.7193877551,0,0.357142857143,0.571428571429,1.38520408163,102.556,45,20,4,9.71428571429,0.571428571429,0.325255102041,0.0612244897959
8,same,6,axis_2,projection,occupancy_balanced,13.0087503357,4.95343017578,1.1201171875,0.234375,84.2603149414,1.64508056641,0.2109375,0.421875,0.63671875,0.2822265625,8.35571289062,0,0.34375,0.5,2.29833984375,102.556,45,20,4,10.90625,0.84375,0.589599609375,0.08984375
8,same,6,axis_2,projection,truth,18.6101932442,8.00754458162,2.32784636488,0.395061728395,111.313443073,2.61934156379,0.526748971193,1.05349794239,0.5,0.111111111111,12.3799725652,0,0.666666666667,0.888888888889,2.87517146776,102.556,45,20,4,12,1.18518518519,0.731138545953,0.213991769547
8,same,6,axis_3,feasibility,family,5.06963297129,1.00773694391,0.00773694390716,0.00676982591876,38.6714874642,0.0399220359495,0,0,0.961703526745,0.80152439131,1.36416102077,0.046939325151,0.0149903288201,0.027079303675,0.144537794551,35.454,3,2,8,8.30637178604,0.0464500823712,0.0399220359495,0
8,same,6,axis_3,feasibility,occupancy_balanced,4.94451649475,1.0048828125,0.0048828125,0.00390625,37.249786377,0.0858154296875,0,0,0.933837890625,0.737823486328,1.96371459961,0.04833984375,0.0087890625,0.015625,0.34130859375,35.454,3,2,8,8.529296875,0.0890502929688,0.0858154296875,0
8,same,6,axis_3,feasibility,truth,5.35235811043,1.01646090535,0.0164609053498,0.0123456790123,38.9611625514,0.164094650206,0,0,0.880101165981,0.588648834019,2.77057613169,0.0775034293553,0.0322359396433,0.0493827160494,0.693072702332,35.454,3,2,8,8.95919067215,0.174039780521,0.164094650206,0
8,same,6,axis_3,projection,family,7.85903213678,1.28089924484,0.00918762088975,0.00676982591876,65.6118179894,0.0494937495846,0,0,0.961703526745,0.80152439131,1.36416102077,0.046939325151,0.0149903288201,0.027079303675,0.144537794551,66.34,12,4,8,8.30637178604,0.0464500823712,0.0399220359495,0
8,same,6,axis_3,projection,occupancy_balanced,8.4068943634,1.45822143555,0.0067138671875,0.00390625,69.1071777344,0.187347412109,0,0,0.933837890625,0.737823486328,1.96371459961,0.04833984375,0.0087890625,0.015625,0.34130859375,66.34,12,4,8,8.529296875,0.0890502929688,0.0858154296875,0
8,same,6,axis_3,projection,truth,9.84460330933,1.80366941015,0.0240054869684,0.0123456790123,78.8380486968,0.342249657064,0,0,0.880101165981,0.588648834019,2.77057613169,0.0775034293553,0.0322359396433,0.0493827160494,0.693072702332,66.34,12,4,8,8.95919067215,0.174039780521,0.164094650206,0
8,same,6,axis_6,feasibility,family,7.26413193597,1.00773694391,0.00773694390716,0.00676982591876,58.7827311727,0.0399220359495,0,0,0.961703526745,0.80152439131,1.36416102077,0.046939325151,0.0149903288201,0.027079303675,0.144537794551,47.793,3,2,8,8.30637178604,0.0464500823712,0.0399220359495,0
8,same,6,axis_6,feasibility,occupancy_balanced,7.16390544128,1.0048828125,0.0048828125,0.00390625,57.3292541504,0.0858154296875,0,0,0.933837890625,0.737823486328,1.96371459961,0.04833984375,0.0087890625,0.015625,0.34130859375,47.793,3,2,8,8.529296875,0.0890502929688,0.0858154296875,0
8,same,6,axis_6,feasibility,truth,7.70580804184,1.01646090535,0.0164609053498,0.0123456790123,59.2222222222,0.164094650206,0,0,0.880101165981,0.588648834019,2.77057613169,0.0775034293553,0.0322359396433,0.0493827160494,0.693072702332,47.793,3,2,8,8.95919067215,0.174039780521,0.164094650206,0
8,same,6,axis_6,projection,family,12.522742871,1.28089924484,0.00918762088975,0.00676982591876,110.87682996,0.0494937495846,0,0,0.961703526745,0.80152439131,1.36416102077,0.046939325151,0.0149903288201,0.027079303675,0.144537794551,148.916,12,4,8,8.30637178604,0.0464500823712,0.0399220359495,0
8,same,6,axis_6,projection,occupancy_balanced,13.6062336884,1.45822143555,0.0067138671875,0.00390625,118.072753906,0.187347412109,0,0,0.933837890625,0.737823486328,1.96371459961,0.04833984375,0.0087890625,0.015625,0.34130859375,148.916,12,4,8,8.529296875,0.0890502929688,0.0858154296875,0
8,same,6,axis_6,projection,truth,16.0520138889,1.80366941015,0.0240054869684,0.0123456790123,134.171124829,0.342249657064,0,0,0.880101165981,0.588648834019,2.77057613169,0.0775034293553,0.0322359396433,0.0493827160494,0.693072702332,148.916,12,4,8,8.95919067215,0.174039780521,0.164094650206,0
8,same,6,oblique_1,feasibility,family,6.20578179002,1.06637533876,0.0663753387637,0.0641591554104,46.5621828363,0.015269010061,0,0,0.908614652541,0.538635361034,2.50748378437,0.231757206772,0.00472455595096,0.0828652012231,0.18489525944,79.01,3,2,4,8.92315967042,0.0827533576874,0.015269010061,0
8,same,6,oblique_1,feasibility,occupancy_balanced,6.2698972168,1.10028076172,0.100280761719,0.0961303710938,46.5405578613,0.0231323242188,0,0,0.866836547852,0.414031982422,3.73742675781,0.360961914062,0.004638671875,0.126037597656,0.284301757812,79.01,3,2,4,9.38983154297,0.123901367188,0.0231323242188,0
8,same,6,oblique_1,feasibility,truth,6.9146563786,1.18381344307,0.183813443073,0.176783264746,49.6763545953,0.025462962963,0,0,0.794367283951,0.231652949246,6.16186556927,0.566872427984,0.0123456790123,0.237825788752,0.500342935528,79.01,3,2,4,10.1866426612,0.21159122085,0.025462962963,0
8,same,6,oblique_1,projection,family,11.6328134949,1.95779332117,0.0980484058118,0.0641591554104,96.359210374,0.0171708081246,0,0,0.908614652541,0.538635361034,2.50748378437,0.231757206772,0.00472455595096,0.0828652012231,0.18489525944,63.255,10,4,4,8.92315967042,0.0827533576874,0.015269010061,0
8,same,6,oblique_1,projection,occupancy_balanced,13.2206226501,2.44750976562,0.163635253906,0.0961303710938,108.627716064,0.0260620117188,0,0,0.866836547852,0.414031982422,3.73742675781,0.360961914062,0.004638671875,0.126037597656,0.284301757812,63.255,10,4,4,9.38983154297,0.123901367188,0.0231323242188,0
8,same,6,oblique_1,projection,truth,16.5760601852,3.31627229081,0.325445816187,0.176783264746,133.088134431,0.0316358024691,0,0,0.794367283951,0.231652949246,6.16186556927,0.566872427984,0.0123456790123,0.237825788752,0.500342935528,63.255,10,4,4,10.1866426612,0.21159122085,0.025462962963,0
8,same,6,oblique_2,feasibility,family,9.20423517262,1.00508954025,0.00508954025202,0.00508954025202,71.5841885792,0.00229510574482,0,0,0.972205739541,0.803524704511,1.31973208527,0.0964962077887,0,0.00909120087067,0.0220716955577,32.669,2,1,2,8.28609362181,0.0110358477789,0.00229510574482,0
8,same,6,oblique_2,feasibility,occupancy_balanced,8.8776137085,1.00723266602,0.00723266601562,0.00723266601562,69.5391387939,0.00277709960938,0,0,0.969879150391,0.793792724609,1.37902832031,0.104736328125,0,0.0115966796875,0.0272827148438,32.669,2,1,2,8.32504272461,0.0136413574219,0.00277709960938,0
8,same,6,oblique_2,feasibility,truth,9.52473199588,1.02083333333,0.0208333333333,0.0208333333333,72.6516632373,0.0062585733882,0,0,0.940114883402,0.616255144033,1.81738683128,0.226680384088,0,0.0318072702332,0.0730452674897,32.669,2,1,2,8.66358024691,0.0365226337449,0.0062585733882,0
8,same,6,oblique_2,projection,family,15.4805212805,1.28384425537,0.00508954025202,0.00508954025202,131.781099328,0.00229510574482,0,0,0.972205739541,0.803524704511,1.31973208527,0.0964962077887,0,0.00909120087067,0.0220716955577,87.683,5,1,2,8.28609362181,0.0110358477789,0.00229510574482,0
8,same,6,oblique_2,projection,occupancy_balanced,15.3724820251,1.32308959961,0.00723266601562,0.00723266601562,131.496429443,0.00277709960938,0,0,0.969879150391,0.793792724609,1.37902832031,0.104736328125,0,0.0115966796875,0.0272827148438,87.683,5,1,2,8.32504272461,0.0136413574219,0.00277709960938,0
8,same,6,oblique_2,projection,truth,17.8233117284,1.65732167353,0.0208333333333,0.0208333333333,149.882458848,0.0062585733882,0,0,0.940114883402,0.616255144033,1.81738683128,0.226680384088,0,0.0318072702332,0.0730452674897,87.683,5,1,2,8.66358024691,0.0365226337449,0.0062585733882,0
8,same,7,axis_1,feasibility,family,5.44836132812,4.015625,1.5,0.578125,22.134765625,1.2109375,0.54296875,1.515625,0.375,0.01171875,17.0859375,0,1.5,1.5,1.9765625,10.877,11,6,2,13,2.5,0.90625,0.54296875
8,same,7,axis_1,feasibility,occupancy_balanced,4.56997714233,2.7177734375,0.75,0.330078125,19.1533203125,1.2666015625,0.318359375,0.9677734375,0.3125,0.0078125,26.79296875,0,0.75,0.75,1.984375,10.877,11,6,2,13.5,2.75,0.9736328125,0.318359375
8,same,7,axis_1,feasibility,truth,5.59772113626,4.05075445816,1.33333333333,0.529492455418,21.2606310014,1.52469135802,0.525377229081,1.71742112483,0.208333333333,0.000685871056241,33.3799725652,0,1.33333333333,1.33333333333,1.99862825789,10.877,11,6,2,14.3333333333,3.16666666667,0.981481481481,0.525377229081
8,same,7,axis_1,projection,family,22.1642675781,17.81640625,6,0.578125,108.123046875,5.0234375,2.09765625,5.06640625,0.375,0.01171875,17.0859375,0,1.5,1.5,1.9765625,85.92,61,30,2,13,2.5,0.90625,0.54296875
8,same,7,axis_1,projection,occupancy_balanced,20.5822984161,14.2265625,3.5625,0.330078125,100.41796875,6.517578125,1.462890625,3.7890625,0.3125,0.0078125,26.79296875,0,0.75,0.75,1.984375,85.92,61,30,2,13.5,2.75,0.9736328125,0.318359375
8,same,7,axis_1,projection,truth,28.0790403521,22.244170096,6.81481481481,0.529492455418,123.787379973,7.88271604938,2.77503429355,7.42935528121,0.208333333333,0.000685871056241,33.3799725652,0,1.33333333333,1.33333333333,1.99862825789,85.92,61,30,2,14.3333333333,3.16666666667,0.981481481481,0.525377229081
8,same,7,axis_2,feasibility,family,5.04099748884,1.8125,0.651785714286,0.330357142857,31.0206473214,0.410714285714,0.0803571428571,0.160714285714,0.736607142857,0.421875,4.88169642857,0,0.553571428571,0.785714285714,1.77901785714,66.471,9,6,4,10.1071428571,0.629464285714,0.383928571429,0.0803571428571
8,same,7,axis_2,feasibility,occupancy_balanced,5.38144908905,1.90478515625,0.640625,0.330078125,29.1640625,0.702392578125,0.132080078125,0.26416015625,0.583984375,0.265625,10.0720214844,0,0.546875,0.75,2.61328125,66.471,9,6,4,11.328125,0.921875,0.629638671875,0.132080078125
8,same,7,axis_2,feasibility,truth,6.87973999771,2.83173296754,1.20987654321,0.529492455418,32.3397347965,0.995427526292,0.310928212163,0.621856424326,0.391975308642,0.0864197530864,16.723822588,0,1.12345679012,1.33333333333,3.40009144947,66.471,9,6,4,12.8641975309,1.33333333333,0.814357567444,0.310928212163
8,same,7,axis_2,projection,family,11.7391978237,4.93415178571,1.55133928571,0.330357142857,79.4871651786,0.893973214286,0.219866071429,0.439732142857,0.736607142857,0.421875,4.88169642857,0,0.553571428571,0.785714285714,1.77901785714,103.266,52,28,4,10.1071428571,0.629464285714,0.383928571429,0.0803571428571
8,same,7,axis_2,projection,occupancy_balanced,15.8865626831,6.58679199219,1.94641113281,0.330078125,98.6636962891,1.98852539062,0.373779296875,0.74755859375,0.583984375,0.265625,10.0720214844,0,0.546875,0.75,2.61328125,103.266,52,28,4,11.328125,0.921875,0.629638671875,0.132080078125
8,same,7,axis_2,projection,truth,25.7529339849,12.0868770005,4.35299497028,0.529492455418,143.344192958,3.52812071331,0.994970278921,1.98994055784,0.391975308642,0.0864197530864,16.723822588,0,1.12345679012,1.33333333333,3.40009144947,103.266,52,28,4,12.8641975309,1.33333333333,0.814357567444,0.310928212163
8,same,7,axis_3,feasibility,family,5.36017957972,1.01636188643,0.0163618864293,0.013795316009,40.4825954443,0.0413859480269,0,0,0.955044914982,0.777029194739,1.40327237729,0.0176451716394,0.0336862367661,0.0551812640359,0.179339108117,24.857,3,2,8,8.35964068014,0.0548604427334,0.0413859480269,0
8,same,7,axis_3,feasibility,occupancy_balanced,5.08703009033,1.00952148438,0.009521484375,0.0078125,38.2281341553,0.078369140625,0,0,0.935302734375,0.741027832031,1.88977050781,0.01611328125,0.017333984375,0.03125,0.328735351562,24.857,3,2,8,8.517578125,0.0853271484375,0.078369140625,0
8,same,7,axis_3,feasibility,truth,5.63460430956,1.0329218107,0.0329218106996,0.0246913580247,40.7961248285,0.167809785094,0,0,0.868941472337,0.553726566072,2.81069958848,0.029263831733,0.0676726108825,0.0987654320988,0.75674439872,24.857,3,2,8,9.04846822131,0.189300411523,0.167809785094,0
8,same,7,axis_3,projection,family,7.94816803016,1.33942893808,0.0198909207571,0.013795316009,68.2900224575,0.0505293551492,0,0,0.955044914982,0.777029194739,1.40327237729,0.0176451716394,0.0336862367661,0.0551812640359,0.179339108117,185.411,12,4,8,8.35964068014,0.0548604427334,0.0413859480269,0
8,same,7,axis_3,projection,occupancy_balanced,8.1941156311,1.45043945312,0.0127563476562,0.0078125,69.6191329956,0.163482666016,0,0,0.935302734375,0.741027832031,1.88977050781,0.01611328125,0.017333984375,0.03125,0.328735351562,185.411,12,4,8,8.517578125,0.0853271484375,0.078369140625,0
8,same,7,axis_3,projection,truth,9.99275434385,1.89871970736,0.0475537265661,0.0246913580247,81.9757658893,0.330361225423,0,0,0.868941472337,0.553726566072,2.81069958848,0.029263831733,0.0676726108825,0.0987654320988,0.75674439872,185.411,12,4,8,9.04846822131,0.189300411523,0.167809785094,0
8,same,7,axis_6,feasibility,family,7.59797842477,1.01636188643,0.0163618864293,0.013795316009,60.653192172,0.0413859480269,0,0,0.955044914982,0.777029194739,1.40327237729,0.0176451716394,0.0336862367661,0.0551812640359,0.179339108117,43.226,3,2,8,8.35964068014,0.0548604427334,0.0413859480269,0
8,same,7,axis_6,feasibility,occupancy_balanced,7.34413744354,1.00952148438,0.009521484375,0.0078125,58.3740234375,0.078369140625,0,0,0.935302734375,0.741027832031,1.88977050781,0.01611328125,0.017333984375,0.03125,0.328735351562,43.226,3,2,8,8.517578125,0.0853271484375,0.078369140625,0
8,same,7,axis_6,feasibility,truth,8.11184487883,1.0329218107,0.0329218106996,0.0246913580247,61.2583447645,0.167809785094,0,0,0.868941472337,0.553726566072,2.81069958848,0.029263831733,0.0676726108825,0.0987654320988,0.75674439872,43.226,3,2,8,9.04846822131,0.189300411523,0.167809785094,0
8,same,7,axis_6,projection,family,12.4875920757,1.33942893808,0.0198909207571,0.013795316009,114.222569779,0.0505293551492,0,0,0.955044914982,0.777029194739,1.40327237729,0.0176451716394,0.0336862367661,0.0551812640359,0.179339108117,201.656,12,4,8,8.35964068014,0.0548604427334,0.0413859480269,0
8,same,7,axis_6,projection,occupancy_balanced,13.0739080505,1.45043945312,0.0127563476562,0.0078125,118.223274231,0.163482666016,0,0,0.935302734375,0.741027832031,1.88977050781,0.01611328125,0.017333984375,0.03125,0.328735351562,201.656,12,4,8,8.517578125,0.0853271484375,0.078369140625,0
8,same,7,axis_6,projection,truth,16.1132267947,1.89871970736,0.0475537265661,0.0246913580247,138.327331962,0.330361225423,0,0,0.868941472337,0.553726566072,2.81069958848,0.029263831733,0.0676726108825,0.0987654320988,0.75674439872,201.656,12,4,8,9.04846822131,0.189300411523,0.167809785094,0
8,same,7,oblique_1,feasibility,family,6.50918105955,1.09350606923,0.0935060692258,0.0898019031632,48.1364369692,0.0165431204133,0,0,0.896766417318,0.49735932425,2.90457350229,0.213276327618,0.00677827422801,0.118607115903,0.249485175226,20.03,3,2,4,9.10916435991,0.110597250763,0.0165431204133,0
8,same,7,oblique_1,feasibility,occupancy_balanced,6.57317430115,1.12997436523,0.129974365234,0.123168945312,48.1301422119,0.0274047851562,0,0,0.854978561401,0.387237548828,4.30850219727,0.331176757812,0.007080078125,0.168792724609,0.36408996582,20.03,3,2,4,9.59474182129,0.157165527344,0.0274047851562,0
8,same,7,oblique_1,feasibility,truth,7.42236162551,1.24914266118,0.24914266118,0.237825788752,52.3141860997,0.0197187928669,0,0,0.767654035208,0.176611796982,7.84807956104,0.559156378601,0.0150891632373,0.336877000457,0.655121170553,20.03,3,2,4,10.6654092364,0.269090077732,0.0197187928669,0
8,same,7,oblique_1,projection,family,12.166660944,2.16245384807,0.141053256329,0.0898019031632,102.815706258,0.0165431204133,0,0,0.896766417318,0.49735932425,2.90457350229,0.213276327618,0.00677827422801,0.118607115903,0.249485175226,62.775,10,4,4,9.10916435991,0.110597250763,0.0165431204133,0
8,same,7,oblique_1,projection,occupancy_balanced,13.9019831085,2.68673706055,0.219940185547,0.123168945312,116.037246704,0.0274047851562,0,0,0.854978561401,0.387237548828,4.30850219727,0.331176757812,0.007080078125,0.168792724609,0.36408996582,62.775,10,4,4,9.59474182129,0.157165527344,0.0274047851562,0
8,same,7,oblique_1,projection,truth,18.5362707476,3.86682670325,0.468964334705,0.237825788752,149.210562414,0.0197187928669,0,0,0.767654035208,0.176611796982,7.84807956104,0.559156378601,0.0150891632373,0.336877000457,0.655121170553,62.775,10,4,4,10.6654092364,0.269090077732,0.0197187928669,0
8,same,7,oblique_2,feasibility,family,9.56654779694,1.00757745987,0.00757745987377,0.00757745987377,73.0819120479,0.00140453818031,0,0,0.965586364696,0.759219856684,1.43096516493,0.0895012306006,0,0.0122863853563,0.0267275420137,201.314,2,1,2,8.37723235562,0.0133637710069,0.00140453818031,0
8,same,7,oblique_2,feasibility,occupancy_balanced,9.12596472168,1.0092010498,0.00920104980469,0.00920104980469,70.5109405518,0.00242614746094,0,0,0.964252471924,0.756958007812,1.47801208496,0.101135253906,0,0.013427734375,0.0303649902344,201.314,2,1,2,8.4044342041,0.0151824951172,0.00242614746094,0
8,same,7,oblique_2,feasibility,truth,9.98365277778,1.0286351166,0.0286351165981,0.0286351165981,74.4855967078,0.0040580704161,0,0,0.925140032007,0.531778692273,2.14357567444,0.241083676269,0,0.0410951074531,0.0875628715135,201.314,2,1,2,8.89243255601,0.0437814357567,0.0040580704161,0
8,same,7,oblique_2,projection,family,15.7808287365,1.37481024468,0.00757745987377,0.00757745987377,137.441720014,0.00140453818031,0,0,0.965586364696,0.759219856684,1.43096516493,0.0895012306006,0,0.0122863853563,0.0267275420137,104.758,5,1,2,8.37723235562,0.0133637710069,0.00140453818031,0
8,same,7,oblique_2,projection,occupancy_balanced,15.4864297791,1.4026184082,0.00920104980469,0.00920104980469,136.109359741,0.00242614746094,0,0,0.964252471924,0.756958007812,1.47801208496,0.101135253906,0,0.013427734375,0.0303649902344,104.758,5,1,2,8.4044342041,0.0151824951172,0.00242614746094,0
8,same,7,oblique_2,projection,truth,19.0344682213,1.88608824874,0.0286351165981,0.0286351165981,162.120713306,0.0040580704161,0,0,0.925140032007,0.531778692273,2.14357567444,0.241083676269,0,0.0410951074531,0.0875628715135,104.758,5,1,2,8.89243255601,0.0437814357567,0.0040580704161,0
8,same,8,axis_1,feasibility,family,6.25471484375,5.140625,2,0.68359375,23.3046875,1.46875,0.66796875,2.140625,0.25,0.00390625,25.62890625,0,2,2,1.9921875,11.798,13,8,2,14,3,0.9375,0.66796875
8,same,8,axis_1,feasibility,occupancy_balanced,4.99024848938,3.3173828125,1,0.413818359375,19.6494140625,1.40747070312,0.406005859375,1.3173828125,0.25,0.00390625,31.8166503906,0,1,1,1.9921875,11.798,13,8,2,14,3,0.980224609375,0.406005859375
8,same,8,axis_1,feasibility,truth,6.31831519585,5.07742722146,1.77777777778,0.634049687548,22.4235634812,1.77777777778,0.632830361225,2.29964944368,0.111111111111,0.000152415790276,42.6521871666,0,1.77777777778,1.77777777778,1.99969516842,11.798,13,8,2,15.1111111111,3.55555555556,0.987654320988,0.632830361225
8,same,8,axis_1,projection,family,30.4842109375,26.4375,9.5,0.68359375,132.8125,6.78125,3.32421875,8.9375,0.25,0.00390625,25.62890625,0,2,2,1.9921875,192.101,61,32,2,14,3,0.9375,0.66796875
8,same,8,axis_1,projection,occupancy_balanced,24.1989338989,18.29296875,5.125,0.413818359375,112.791015625,7.42309570312,2.09252929688,5.66796875,0.25,0.00390625,31.8166503906,0,1,1,1.9921875,192.101,61,32,2,14,3,0.980224609375,0.406005859375
8,same,8,axis_1,projection,truth,35.5818158817,30.3869836915,10.0740740741,0.634049687548,146.456028045,9.61316872428,3.8762383783,11.3129096174,0.111111111111,0.000152415790276,42.6521871666,0,1.77777777778,1.77777777778,1.99969516842,192.101,61,32,2,15.1111111111,3.55555555556,0.987654320988,0.632830361225
8,same,8,axis_2,feasibility,family,5.5111953125,2.080078125,0.875,0.3896484375,32.970703125,0.484375,0.1025390625,0.205078125,0.6875,0.4306640625,6.4072265625,0,0.75,1,2.10546875,16.705,11,8,4,10.5,0.6875,0.4375,0.1025390625
8,same,8,axis_2,feasibility,occupancy_balanced,5.81013891602,2.23388671875,0.875,0.413818359375,30.857421875,0.773193359375,0.179443359375,0.35888671875,0.53125,0.25,12.1408691406,0,0.75,1,2.8671875,16.705,11,8,4,11.75,1,0.665771484375,0.179443359375
8,same,8,axis_2,feasibility,truth,7.85086694102,3.53741807651,1.67901234568,0.634049687548,34.9429964944,1.16445663771,0.429202865417,0.858405730834,0.283950617284,0.0672153635117,22.5918305136,0,1.58024691358,1.77777777778,3.67504953513,16.705,11,8,4,13.7283950617,1.48148148148,0.871818320378,0.429202865417
8,same,8,axis_2,projection,family,14.4811738281,6.525390625,2.40625,0.3896484375,93.08984375,1.203125,0.3720703125,0.744140625,0.6875,0.4306640625,6.4072265625,0,0.75,1,2.10546875,128.554,55,32,4,10.5,0.6875,0.4375,0.1025390625
8,same,8,axis_2,projection,occupancy_balanced,19.1074670563,8.49267578125,2.9140625,0.413818359375,113.943847656,2.37377929688,0.596435546875,1.19287109375,0.53125,0.25,12.1408691406,0,0.75,1,2.8671875,128.554,55,32,4,11.75,1,0.665771484375,0.179443359375
8,same,8,axis_2,projection,truth,34.5158370675,17.2804450541,6.98064319463,0.634049687548,179.718030788,4.65904587715,1.68754762993,3.37509525987,0.283950617284,0.0672153635117,22.5918305136,0,1.58024691358,1.77777777778,3.67504953513,128.554,55,32,4,13.7283950617,1.48148148148,0.871818320378,0.429202865417
8,same,8,axis_3,feasibility,family,5.68259340909,1.03409090909,0.0340909090909,0.0270454545455,42.2468181818,0.0490909090909,0,0,0.942727272727,0.742954545455,1.49113636364,0,0.0709090909091,0.109090909091,0.261818181818,17.817,5,4,8,8.45818181818,0.0752272727273,0.0490909090909,0
8,same,8,axis_3,feasibility,occupancy_balanced,5.27823477173,1.01953125,0.01953125,0.0155639648438,39.2692260742,0.0831909179688,0,0,0.927734375,0.726806640625,1.98968505859,0,0.03515625,0.0625,0.38623046875,17.817,5,4,8,8.578125,0.0966796875,0.0831909179688,0
8,same,8,axis_3,feasibility,truth,6.04502133821,1.07133058985,0.0713305898491,0.0487730528883,42.7308337144,0.198140527359,0,0,0.836305441244,0.498247218412,3.2679469593,0,0.146319158665,0.197530864198,1.00716354214,17.817,5,4,8,9.30955647005,0.238378295991,0.198140527359,0
8,same,8,axis_3,projection,family,8.47489318182,1.45045454545,0.0440909090909,0.0270454545455,71.7031818182,0.0622727272727,0,0,0.942727272727,0.742954545455,1.49113636364,0,0.0709090909091,0.109090909091,0.261818181818,52.95,19,8,8,8.45818181818,0.0752272727273,0.0490909090909,0
8,same,8,axis_3,projection,occupancy_balanced,8.5462951355,1.51525878906,0.02685546875,0.0155639648438,71.8885498047,0.184936523438,0,0,0.927734375,0.726806640625,1.98968505859,0,0.03515625,0.0625,0.38623046875,52.95,19,8,8,8.578125,0.0966796875,0.0831909179688,0
8,same,8,axis_3,projection,truth,11.1700324646,2.18091754306,0.11034903216,0.0487730528883,89.0708733425,0.417009602195,0,0,0.836305441244,0.498247218412,3.2679469593,0,0.146319158665,0.197530864198,1.00716354214,52.95,19,8,8,9.30955647005,0.238378295991,0.198140527359,0
8,same,8,axis_6,feasibility,family,8.01532704545,1.03409090909,0.0340909090909,0.0270454545455,62.5913636364,0.0490909090909,0,0,0.942727272727,0.742954545455,1.49113636364,0,0.0709090909091,0.109090909091,0.261818181818,36.856,5,4,8,8.45818181818,0.0752272727273,0.0490909090909,0
8,same,8,axis_6,feasibility,occupancy_balanced,7.60658187866,1.01953125,0.01953125,0.0155639648438,59.5661010742,0.0831909179688,0,0,0.927734375,0.726806640625,1.98968505859,0,0.03515625,0.0625,0.38623046875,36.856,5,4,8,8.578125,0.0966796875,0.0831909179688,0
8,same,8,axis_6,feasibility,truth,8.67636854138,1.07133058985,0.0713305898491,0.0487730528883,63.6380124981,0.198140527359,0,0,0.836305441244,0.498247218412,3.2679469593,0,0.146319158665,0.197530864198,1.00716354214,36.856,5,4,8,9.30955647005,0.238378295991,0.198140527359,0
8,same,8,axis_6,projection,family,13.2796284091,1.45045454545,0.0440909090909,0.0270454545455,118.875,0.0622727272727,0,0,0.942727272727,0.742954545455,1.49113636364,0,0.0709090909091,0.109090909091,0.261818181818,118.79,19,8,8,8.45818181818,0.0752272727273,0.0490909090909,0
8,same,8,axis_6,projection,occupancy_balanced,13.7910093079,1.51525878906,0.02685546875,0.0155639648438,121.365112305,0.184936523438,0,0,0.927734375,0.726806640625,1.98968505859,0,0.03515625,0.0625,0.38623046875,118.79,19,8,8,8.578125,0.0966796875,0.0831909179688,0
8,same,8,axis_6,projection,truth,18.1279061119,2.18091754306,0.11034903216,0.0487730528883,149.023929279,0.417009602195,0,0,0.836305441244,0.498247218412,3.2679469593,0,0.146319158665,0.197530864198,1.00716354214,118.79,19,8,8,9.30955647005,0.238378295991,0.198140527359,0
8,same,8,oblique_1,feasibility,family,6.79318384401,1.10817084494,0.10817084494,0.103528319406,49.7079851439,0.0148560817084,0,0,0.891422934076,0.485608170845,3.04596100279,0.178737233055,0.0129990714949,0.143454038997,0.287836583101,15.714,3,2,4,9.13927576602,0.123491179201,0.0148560817084,0
8,same,8,oblique_1,feasibility,occupancy_balanced,6.81954446411,1.14086914062,0.140869140625,0.133422851562,49.4348144531,0.0245361328125,0,0,0.850944519043,0.386596679688,4.47473144531,0.275390625,0.013671875,0.195556640625,0.402038574219,15.714,3,2,4,9.60565185547,0.164794921875,0.0245361328125,0
8,same,8,oblique_1,feasibility,truth,7.95412467612,1.30071635421,0.300716354214,0.285932022558,55.2135345222,0.0173754000914,0,0,0.747999542753,0.159426916629,8.92135345222,0.481024234111,0.0280445054108,0.434994665447,0.812833409541,15.714,3,2,4,10.843773815,0.317482091145,0.0173754000914,0
8,same,8,oblique_1,projection,family,12.64377948,2.21494893222,0.170380687094,0.103528319406,105.532497679,0.0148560817084,0,0,0.891422934076,0.485608170845,3.04596100279,0.178737233055,0.0129990714949,0.143454038997,0.287836583101,74.943,10,4,4,9.13927576602,0.123491179201,0.0148560817084,0
8,same,8,oblique_1,projection,occupancy_balanced,14.2833798828,2.72033691406,0.252319335938,0.133422851562,118.14465332,0.0245361328125,0,0,0.850944519043,0.386596679688,4.47473144531,0.275390625,0.013671875,0.195556640625,0.402038574219,74.943,10,4,4,9.60565185547,0.164794921875,0.0245361328125,0
8,same,8,oblique_1,projection,truth,19.9486841945,4.11720774272,0.600060966316,0.285932022558,158.187928669,0.0173754000914,0,0,0.747999542753,0.159426916629,8.92135345222,0.481024234111,0.0280445054108,0.434994665447,0.812833409541,74.943,10,4,4,10.843773815,0.317482091145,0.0173754000914,0
8,same,8,oblique_2,feasibility,family,9.92292782805,1.01176470588,0.0117647058824,0.0117647058824,74.5183257919,0.00158371040724,0,0,0.962330316742,0.740497737557,1.48438914027,0.100452488688,0,0.0162895927602,0.0348416289593,76.696,2,1,2,8.41809954751,0.0174208144796,0.00158371040724,0
8,same,8,oblique_2,feasibility,occupancy_balanced,9.40804299927,1.01062011719,0.0106201171875,0.0106201171875,71.5718383789,0.00238037109375,0,0,0.96549987793,0.765625,1.46130371094,0.09765625,0,0.0138549804688,0.03125,76.696,2,1,2,8.39074707031,0.015625,0.00238037109375,0
8,same,8,oblique_2,feasibility,truth,10.4507329675,1.04115226337,0.0411522633745,0.0411522633745,76.5599756135,0.004420057918,0,0,0.917924096936,0.498856881573,2.30376467002,0.271604938272,0,0.0527358634355,0.11065386374,76.696,2,1,2,8.99557994208,0.0553269318701,0.004420057918,0
8,same,8,oblique_2,projection,family,16.4172572398,1.41515837104,0.0117647058824,0.0117647058824,140.60158371,0.00158371040724,0,0,0.962330316742,0.740497737557,1.48438914027,0.100452488688,0,0.0162895927602,0.0348416289593,109.596,5,1,2,8.41809954751,0.0174208144796,0.00158371040724,0
8,same,8,oblique_2,projection,occupancy_balanced,15.6991480103,1.38873291016,0.0106201171875,0.0106201171875,136.449737549,0.00238037109375,0,0,0.96549987793,0.765625,1.46130371094,0.09765625,0,0.0138549804688,0.03125,109.596,5,1,2,8.39074707031,0.015625,0.00238037109375,0
8,same,8,oblique_2,projection,truth,20.099581009,1.98795915257,0.0411522633745,0.0411522633745,168.472793781,0.004420057918,0,0,0.917924096936,0.498856881573,2.30376467002,0.271604938272,0,0.0527358634355,0.11065386374,109.596,5,1,2,8.99557994208,0.0553269318701,0.004420057918,0
8,split,0,axis_1,feasibility,family,2.1664375,1,0,0,11,0.9375,0,0,0.5,0.0625,16,0,0,0,1.875,2.524,1,0,2,12,2,0.9375,0
8,split,0,axis_1,feasibility,occupancy_balanced,2.23428515625,1,0,0,10,0.99609375,0,0,0.25,0.00390625,39.0625,0,0,0,1.9921875,2.524,1,0,2,14,3,0.99609375,0
8,split,0,axis_1,feasibility,truth,2.23428515625,1,0,0,10,0.99609375,0,0,0.25,0.00390625,39.0625,0,0,0,1.9921875,2.524,1,0,2,14,3,0.99609375,0
8,split,0,axis_1,projection,family,10.0684375,5,0,0,60,4.4375,0,0,0.5,0.0625,16,0,0,0,1.875,19.89,9,0,2,12,2,0.9375,0
8,split,0,axis_1,projection,occupancy_balanced,14.7723945313,7,0,0,79,6.90234375,0,0,0.25,0.00390625,39.0625,0,0,0,1.9921875,19.89,9,0,2,14,3,0.99609375,0
8,split,0,axis_1,projection,truth,14.7723945313,7,0,0,79,6.90234375,0,0,0.25,0.00390625,39.0625,0,0,0,1.9921875,19.89,9,0,2,14,3,0.99609375,0
8,split,0,axis_2,feasibility,family,3.03181,1,0,0,22.6,0.19,0,0,0.9,0.81,2.56,0,0,0,0.76,5.758,1,0,4,8.8,0.2,0.19,0
8,split,0,axis_2,feasibility,occupancy_balanced,3.28165234375,1,0,0,19,0.68359375,0,0,0.5625,0.31640625,13.140625,0,0,0,2.734375,5.758,1,0,4,11.5,0.875,0.68359375,0
8,split,0,axis_2,feasibility,truth,3.28165234375,1,0,0,19,0.68359375,0,0,0.5625,0.31640625,13.140625,0,0,0,2.734375,5.758,1,0,4,11.5,0.875,0.68359375,0
8,split,0,axis_2,projection,family,5.33181,1.44,0,0,43.08,0.27,0,0,0.9,0.81,2.56,0,0,0,0.76,28.793,9,0,4,8.8,0.2,0.19,0
8,split,0,axis_2,projection,occupancy_balanced,11.4448945313,3.515625,0,0,74.765625,2.21484375,0,0,0.5625,0.31640625,13.140625,0,0,0,2.734375,28.793,9,0,4,11.5,0.875,0.68359375,0
8,split,0,axis_2,projection,truth,11.4448945313,3.515625,0,0,74.765625,2.21484375,0,0,0.5625,0.31640625,13.140625,0,0,0,2.734375,28.793,9,0,4,11.5,0.875,0.68359375,0
8,split,0,axis_3,feasibility,family,4.12065060241,1,0,0,34.6144578313,0.078313253012,0,0,0.951807228916,0.728915662651,1.5421686747,0.192771084337,0,0,0.192771084337,6.44,1,0,8,8.38554216867,0.078313253012,0.078313253012,0
8,split,0,axis_3,feasibility,occupancy_balanced,4.35271875,1,0,0,33.453125,0.27734375,0,0,0.796875,0.47265625,6.1796875,0.25,0,0,1.375,6.44,1,0,8,9.625,0.27734375,0.27734375,0
8,split,0,axis_3,feasibility,truth,4.35271875,1,0,0,33.453125,0.27734375,0,0,0.796875,0.47265625,6.1796875,0.25,0,0,1.375,6.44,1,0,8,9.625,0.27734375,0.27734375,0
8,split,0,axis_3,projection,family,7.18465060241,1.38554216867,0,0,64.4819277108,0.126506024096,0,0,0.951807228916,0.728915662651,1.5421686747,0.192771084337,0,0,0.192771084337,44.087,9,0,8,8.38554216867,0.078313253012,0.078313253012,0
8,split,0,axis_3,projection,occupancy_balanced,12.7252070312,2.625,0,0,98.078125,1.37109375,0,0,0.796875,0.47265625,6.1796875,0.25,0,0,1.375,44.087,9,0,8,9.625,0.27734375,0.27734375,0
8,split,0,axis_3,projection,truth,12.7252070312,2.625,0,0,98.078125,1.37109375,0,0,0.796875,0.47265625,6.1796875,0.25,0,0,1.375,44.087,9,0,8,9.625,0.27734375,0.27734375,0
8,split,0,axis_6,feasibility,family,6.14080120482,1,0,0,54.8313253012,0.078313253012,0,0,0.951807228916,0.728915662651,1.5421686747,0.192771084337,0,0,0.192771084337,9.314,1,0,8,8.38554216867,0.078313253012,0.078313253012,0
8,split,0,axis_6,feasibility,occupancy_balanced,6.70030078125,1,0,0,53.78125,0.27734375,0,0,0.796875,0.47265625,6.1796875,0.25,0,0,1.375,9.314,1,0,8,9.625,0.27734375,0.27734375,0
8,split,0,axis_6,feasibility,truth,6.70030078125,1,0,0,53.78125,0.27734375,0,0,0.796875,0.47265625,6.1796875,0.25,0,0,1.375,9.314,1,0,8,9.625,0.27734375,0.27734375,0
8,split,0,axis_6,projection,family,11.3599518072,1.38554216867,0,0,112.409638554,0.126506024096,0,0,0.951807228916,0.728915662651,1.5421686747,0.192771084337,0,0,0.192771084337,76.185,9,0,8,8.38554216867,0.078313253012,0.078313253012,0
8,split,0,axis_6,projection,occupancy_balanced,21.2035898437,2.625,0,0,170.90625,1.37109375,0,0,0.796875,0.47265625,6.1796875,0.25,0,0,1.375,76.185,9,0,8,9.625,0.27734375,0.27734375,0
8,split,0,axis_6,projection,truth,21.2035898437,2.625,0,0,170.90625,1.37109375,0,0,0.796875,0.47265625,6.1796875,0.25,0,0,1.375,76.185,9,0,8,9.625,0.27734375,0.27734375,0
8,split,0,oblique_1,feasibility,family,4.77785353535,1,0,0,40.2878787879,0.030303030303,0,0,0.964646464646,0.757575757576,1.29292929293,0.222222222222,0,0,0.0606060606061,6.089,1,0,2,8.28282828283,0.030303030303,0.030303030303,0
8,split,0,oblique_1,feasibility,occupancy_balanced,4.864453125,1,0,0,40.24609375,0.0703125,0,0,0.935546875,0.5859375,1.546875,0.375,0,0,0.140625,6.089,1,0,2,8.515625,0.0703125,0.0703125,0
8,split,0,oblique_1,feasibility,truth,4.864453125,1,0,0,40.24609375,0.0703125,0,0,0.935546875,0.5859375,1.546875,0.375,0,0,0.140625,6.089,1,0,2,8.515625,0.0703125,0.0703125,0
8,split,0,oblique_1,projection,family,7.89947979798,1.28282828283,0,0,73.8232323232,0.030303030303,0,0,0.964646464646,0.757575757576,1.29292929293,0.222222222222,0,0,0.0606060606061,15.884,3,0,2,8.28282828283,0.030303030303,0.030303030303,0
8,split,0,oblique_1,projection,occupancy_balanced,8.69907421875,1.515625,0,0,80.07421875,0.0703125,0,0,0.935546875,0.5859375,1.546875,0.375,0,0,0.140625,15.884,3,0,2,8.515625,0.0703125,0.0703125,0
8,split,0,oblique_1,projection,truth,8.69907421875,1.515625,0,0,80.07421875,0.0703125,0,0,0.935546875,0.5859375,1.546875,0.375,0,0,0.140625,15.884,3,0,2,8.515625,0.0703125,0.0703125,0
8,split,0,oblique_2,feasibility,family,7.40148333333,1,0,0,64.2541666667,0.00416666666667,0,0,0.991666666667,0.9375,1.06666666667,0.0583333333333,0,0,0.00833333333333,9.565,1,0,2,8.06666666667,0.00416666666667,0.00416666666667,0
8,split,0,oblique_2,feasibility,occupancy_balanced,7.4463828125,1,0,0,64.28125,0.01171875,0,0,0.9833984375,0.87890625,1.1328125,0.109375,0,0,0.0234375,9.565,1,0,2,8.1328125,0.01171875,0.01171875,0
8,split,0,oblique_2,feasibility,truth,7.4463828125,1,0,0,64.28125,0.01171875,0,0,0.9833984375,0.87890625,1.1328125,0.109375,0,0,0.0234375,9.565,1,0,2,8.1328125,0.01171875,0.01171875,0
8,split,0,oblique_2,projection,family,11.931425,1.06666666667,0,0,114.475,0.00416666666667,0,0,0.991666666667,0.9375,1.06666666667,0.0583333333333,0,0,0.00833333333333,32.97,3,0,2,8.06666666667,0.00416666666667,0.00416666666667,0
8,split,0,oblique_2,projection,occupancy_balanced,12.3374960938,1.1328125,0,0,117.76953125,0.01171875,0,0,0.9833984375,0.87890625,1.1328125,0.109375,0,0,0.0234375,32.97,3,0,2,8.1328125,0.01171875,0.01171875,0
8,split,0,oblique_2,projection,truth,12.3374960938,1.1328125,0,0,117.76953125,0.01171875,0,0,0.9833984375,0.87890625,1.1328125,0.109375,0,0,0.0234375,32.97,3,0,2,8.1328125,0.01171875,0.01171875,0
8,split,1,axis_1,feasibility,family,2.339953125,1,0,0,12.75,0.90625,0,0,0.5625,0.09375,12,0,0,0,1.8125,3.405,1,0,2,11.5,1.75,0.90625,0
8,split,1,axis_1,feasibility,occupancy_balanced,2.44162255859,1,0,0,11.875,0.9921875,0,0,0.3125,0.0078125,31.25,0,0,0,1.984375,3.405,1,0,2,13.5,2.75,0.9921875,0
8,split,1,axis_1,feasibility,truth,2.45260546875,1,0,0,11.9166666667,0.9921875,0,0,0.3125,0.0078125,31.25,0,0,0,1.984375,3.405,1,0,2,13.5,2.75,0.9921875,0
8,split,1,axis_1,projection,family,9.227984375,4.5,0,0,56.75,3.78125,0,0,0.5625,0.09375,12,0,0,0,1.8125,24.157,9,0,2,11.5,1.75,0.90625,0
8,split,1,axis_1,projection,occupancy_balanced,13.8084594727,6.5,0,0,75.875,6.3359375,0,0,0.3125,0.0078125,31.25,0,0,0,1.984375,24.157,9,0,2,13.5,2.75,0.9921875,0
8,split,1,axis_1,projection,truth,13.8387877604,6.5,0,0,75.9166666667,6.3359375,0,0,0.3125,0.0078125,31.25,0,0,0,1.984375,24.157,9,0,2,13.5,2.75,0.9921875,0
8,split,1,axis_2,feasibility,family,3.07996186275,1,0,0,23.131372549,0.186470588235,0,0,0.902450980392,0.757058823529,2.40941176471,0.0627450980392,0,0,0.685882352941,3.986,1,0,4,8.78039215686,0.196078431373,0.186470588235,0
8,split,1,axis_2,feasibility,occupancy_balanced,3.26097265625,1,0,0,20.546875,0.6220703125,0,0,0.62109375,0.3427734375,10.30859375,0.0625,0,0,2.435546875,3.986,1,0,4,11.03125,0.765625,0.6220703125,0
8,split,1,axis_2,feasibility,truth,3.27464518229,1,0,0,20.4791666667,0.63671875,0,0,0.609375,0.31640625,10.7239583333,0.0833333333333,0,0,2.4765625,3.986,1,0,4,11.125,0.791666666667,0.63671875,0
8,split,1,axis_2,projection,family,5.27744509804,1.48039215686,0,0,43.8721568627,0.256666666667,0,0,0.902450980392,0.757058823529,2.40941176471,0.0627450980392,0,0,0.685882352941,30.827,9,0,4,8.78039215686,0.196078431373,0.186470588235,0
8,split,1,axis_2,projection,occupancy_balanced,9.91926953125,3.099609375,0,0,68.818359375,1.7294921875,0,0,0.62109375,0.3427734375,10.30859375,0.0625,0,0,2.435546875,30.827,9,0,4,11.03125,0.765625,0.6220703125,0
8,split,1,axis_2,projection,truth,10.1869173177,3.1953125,0,0,70.2369791667,1.82161458333,0,0,0.609375,0.31640625,10.7239583333,0.0833333333333,0,0,2.4765625,30.827,9,0,4,11.125,0.791666666667,0.63671875,0
8,split,1,axis_3,feasibility,family,4.28782243021,1,0,0,34.7829763577,0.0669914559925,0,0,0.956929753336,0.760848256086,1.4691011236,0.158810276217,0,0,0.170448560393,7.181,1,0,8,8.34456197331,0.0669914559925,0.0669914559925,0
8,split,1,axis_3,feasibility,occupancy_balanced,4.51113183594,1,0,0,34.263671875,0.224609375,0,0,0.841552734375,0.5390625,4.62109375,0.216796875,0,0,1.02734375,7.181,1,0,8,9.267578125,0.224609375,0.224609375,0
8,split,1,axis_3,feasibility,truth,4.53940104167,1,0,0,34.2278645833,0.244791666667,0,0,0.829752604167,0.518229166667,4.890625,0.221354166667,0,0,1.11979166667,7.181,1,0,8,9.36197916667,0.244791666667,0.244791666667,0
8,split,1,axis_3,projection,family,7.08264869353,1.33300415496,0,0,63.3993738296,0.0995508544007,0,0,0.956929753336,0.760848256086,1.4691011236,0.158810276217,0,0,0.170448560393,54.883,9,0,8,8.34456197331,0.0669914559925,0.0669914559925,0
8,split,1,axis_3,projection,occupancy_balanced,11.051824707,2.216796875,0,0,87.2690429688,0.923828125,0,0,0.841552734375,0.5390625,4.62109375,0.216796875,0,0,1.02734375,54.883,9,0,8,9.267578125,0.224609375,0.224609375,0
8,split,1,axis_3,projection,truth,11.4018834635,2.29427083333,0,0,89.3444010417,0.989583333333,0,0,0.829752604167,0.518229166667,4.890625,0.221354166667,0,0,1.11979166667,54.883,9,0,8,9.36197916667,0.244791666667,0.244791666667,0
8,split,1,axis_6,feasibility,family,6.27874625468,1,0,0,55.2078651685,0.063670411985,0,0,0.959269662921,0.767790262172,1.43820224719,0.153558052434,0,0,0.157303370787,9.925,1,0,8,8.32584269663,0.063670411985,0.063670411985,0
8,split,1,axis_6,feasibility,occupancy_balanced,6.70984228516,1,0,0,54.8125,0.21484375,0,0,0.84814453125,0.55078125,4.51953125,0.2109375,0,0,0.98046875,9.925,1,0,8,9.21484375,0.21484375,0.21484375,0
8,split,1,axis_6,feasibility,truth,6.76498372396,1,0,0,54.8854166667,0.231770833333,0,0,0.838541666667,0.533854166667,4.75520833333,0.213541666667,0,0,1.05729166667,9.925,1,0,8,9.29166666667,0.231770833333,0.231770833333,0
8,split,1,axis_6,projection,family,11.2538623596,1.31835205993,0,0,109.836142322,0.0936329588015,0,0,0.959269662921,0.767790262172,1.43820224719,0.153558052434,0,0,0.157303370787,76.216,9,0,8,8.32584269663,0.063670411985,0.063670411985,0
8,split,1,axis_6,projection,occupancy_balanced,17.721128418,2.1796875,0,0,150.444824219,0.90234375,0,0,0.84814453125,0.55078125,4.51953125,0.2109375,0,0,0.98046875,76.216,9,0,8,9.21484375,0.21484375,0.21484375,0
8,split,1,axis_6,projection,truth,18.2318222656,2.24479166667,0,0,153.608723958,0.9609375,0,0,0.838541666667,0.533854166667,4.75520833333,0.213541666667,0,0,1.05729166667,76.216,9,0,8,9.29166666667,0.231770833333,0.231770833333,0
8,split,1,oblique_1,feasibility,family,4.81806196513,1,0,0,40.2835415623,0.0237643070473,0,0,0.962413421494,0.74785819405,1.33043946055,0.25316401395,0,0,0.0475286140946,26.27,1,0,2,8.30069262804,0.0237643070473,0.0237643070473,0
8,split,1,oblique_1,feasibility,occupancy_balanced,4.87720263672,1,0,0,40.1728515625,0.0498046875,0,0,0.937255859375,0.60546875,1.576171875,0.40234375,0,0,0.099609375,26.27,1,0,2,8.501953125,0.0498046875,0.0498046875,0
8,split,1,oblique_1,feasibility,truth,4.88621223958,1,0,0,40.1282552083,0.05859375,0,0,0.929036458333,0.567708333333,1.66666666667,0.450520833333,0,0,0.1171875,26.27,1,0,2,8.56770833333,0.05859375,0.05859375,0
8,split,1,oblique_1,projection,family,8.17486968297,1.29771643757,0,0,74.1667547814,0.0237643070473,0,0,0.962413421494,0.74785819405,1.33043946055,0.25316401395,0,0,0.0475286140946,264.841,4,0,2,8.30069262804,0.0237643070473,0.0237643070473,0
8,split,1,oblique_1,projection,occupancy_balanced,8.85423291016,1.4931640625,0,0,79.2822265625,0.0498046875,0,0,0.937255859375,0.60546875,1.576171875,0.40234375,0,0,0.099609375,264.841,4,0,2,8.501953125,0.0498046875,0.0498046875,0
8,split,1,oblique_1,projection,truth,9.14265625,1.55598958333,0,0,80.935546875,0.05859375,0,0,0.929036458333,0.567708333333,1.66666666667,0.450520833333,0,0,0.1171875,264.841,4,0,2,8.56770833333,0.05859375,0.05859375,0
8,split,1,oblique_2,feasibility,family,7.55845496894,1,0,0,64.3774187769,0.0027323220258,0,0,0.993848542762,0.953520664118,1.04921165791,0.0437470138557,0,0,0.0054646440516,24.467,1,0,2,8.04921165791,0.0027323220258,0.0027323220258,0
8,split,1,oblique_2,feasibility,occupancy_balanced,7.55464892578,1,0,0,64.1723632812,0.005859375,0,0,0.98876953125,0.916015625,1.08984375,0.078125,0,0,0.01171875,24.467,1,0,2,8.08984375,0.005859375,0.005859375,0
8,split,1,oblique_2,feasibility,truth,7.59316861979,1,0,0,64.396484375,0.0078125,0,0,0.987630208333,0.908854166667,1.09895833333,0.0833333333333,0,0,0.015625,24.467,1,0,2,8.09895833333,0.0078125,0.0078125,0
8,split,1,oblique_2,projection,family,12.0073701027,1.04921165791,0,0,113.747745461,0.0027323220258,0,0,0.993848542762,0.953520664118,1.04921165791,0.0437470138557,0,0,0.0054646440516,36.405,3,0,2,8.04921165791,0.0027323220258,0.0027323220258,0
8,split,1,oblique_2,projection,occupancy_balanced,12.2299985352,1.08984375,0,0,115.518066406,0.005859375,0,0,0.98876953125,0.916015625,1.08984375,0.078125,0,0,0.01171875,36.405,3,0,2,8.08984375,0.005859375,0.005859375,0
8,split,1,oblique_2,projection,truth,12.3220885417,1.09895833333,0,0,116.211588542,0.0078125,0,0,0.987630208333,0.908854166667,1.09895833333,0.0833333333333,0,0,0.015625,36.405,3,0,2,8.09895833333,0.0078125,0.0078125,0
8,split,2,axis_1,feasibility,family,2.5755234375,1,0,0,14.5,0.859375,0,0,0.625,0.140625,9,0,0,0,1.71875,4.196,1,0,2,11,1.5,0.859375,0
8,split,2,axis_1,feasibility,occupancy_balanced,2.7114362793,1,0,0,13.75,0.984375,0,0,0.375,0.015625,25,0,0,0,1.96875,4.196,1,0,2,13,2.5,0.984375,0
8,split,2,axis_1,feasibility,truth,2.72612760417,1,0,0,13.8333333333,0.984375,0,0,0.375,0.015625,25,0,0,0,1.96875,4.196,1,0,2,13,2.5,0.984375,0
8,split,2,axis_1,projection,family,8.25374609375,4,0,0,53.5,3.109375,0,0,0.625,0.140625,9,0,0,0,1.71875,21.473,9,0,2,11,1.5,0.859375,0
8,split,2,axis_1,projection,occupancy_balanced,12.7232993164,6,0,0,72.75,5.734375,0,0,0.375,0.015625,25,0,0,0,1.96875,21.473,9,0,2,13,2.5,0.984375,0
8,split,2,axis_1,projection,truth,12.7483971354,6,0,0,72.8333333333,5.734375,0,0,0.375,0.015625,25,0,0,0,1.96875,21.473,9,0,2,13,2.5,0.984375,0
8,split,2,axis_2,feasibility,family,3.17138963091,1,0,0,23.662745098,0.18292579777,0,0,0.904901960784,0.707577854671,2.2676816609,0.125490196078,0,0,0.608958093041,5.469,1,0,4,8.76078431373,0.192156862745,0.18292579777,0
8,split,2,axis_2,feasibility,occupancy_balanced,3.38650927734,1,0,0,22.09375,0.548583984375,0,0,0.6796875,0.371337890625,8.0869140625,0.125,0,0,2.06396484375,5.469,1,0,4,10.5625,0.65625,0.548583984375,0
8,split,2,axis_2,feasibility,truth,3.40817447917,1,0,0,21.9583333333,0.582899305556,0,0,0.65625,0.31640625,8.75173611111,0.166666666667,0,0,2.16232638889,5.469,1,0,4,10.75,0.708333333333,0.582899305556,0
8,split,2,axis_2,projection,family,5.27716783929,1.52383698577,0,0,44.7063360246,0.245940023068,0,0,0.904901960784,0.707577854671,2.2676816609,0.125490196078,0,0,0.608958093041,30.045,9,0,4,8.76078431373,0.192156862745,0.18292579777,0
8,split,2,axis_2,projection,occupancy_balanced,8.74897485352,2.771484375,0,0,64.287109375,1.35424804688,0,0,0.6796875,0.371337890625,8.0869140625,0.125,0,0,2.06396484375,30.045,9,0,4,10.5625,0.65625,0.548583984375,0
8,split,2,axis_2,projection,truth,9.17293402778,2.94618055556,0,0,66.828125,1.50651041667,0,0,0.65625,0.31640625,8.75173611111,0.166666666667,0,0,2.16232638889,30.045,9,0,4,10.75,0.708333333333,0.582899305556,0
8,split,2,axis_3,feasibility,family,4.21715597563,1,0,0,34.9109224968,0.0569137729875,0,0,0.961480240558,0.785703640513,1.40618997248,0.134291606485,0,0,0.148282784,6.87,1,0,8,8.30815807553,0.0569137729875,0.0569137729875,0
8,split,2,axis_3,feasibility,occupancy_balanced,4.40984008789,1,0,0,34.7719726562,0.176025390625,0,0,0.87939453125,0.608154296875,3.46337890625,0.1787109375,0,0,0.7421875,6.87,1,0,8,8.96484375,0.176025390625,0.176025390625,0
8,split,2,axis_3,feasibility,truth,4.46670442708,1,0,0,34.7352430556,0.213107638889,0,0,0.856662326389,0.559461805556,3.94878472222,0.196180555556,0,0,0.912326388889,6.87,1,0,8,9.14670138889,0.213107638889,0.213107638889,0
8,split,2,axis_3,projection,family,6.67264012909,1.29084335476,0,0,62.5269637322,0.0789368943071,0,0,0.961480240558,0.785703640513,1.40618997248,0.134291606485,0,0,0.148282784,45.83,9,0,8,8.30815807553,0.0569137729875,0.0569137729875,0
8,split,2,axis_3,projection,occupancy_balanced,9.27594287109,1.90087890625,0,0,78.9375,0.606689453125,0,0,0.87939453125,0.608154296875,3.46337890625,0.1787109375,0,0,0.7421875,45.83,9,0,8,8.96484375,0.176025390625,0.176025390625,0
8,split,2,axis_3,projection,truth,9.87617621528,2.04600694444,0,0,82.7977430556,0.720052083333,0,0,0.856662326389,0.559461805556,3.94878472222,0.196180555556,0,0,0.912326388889,45.83,9,0,8,9.14670138889,0.213107638889,0.213107638889,0
8,split,2,axis_6,feasibility,family,6.39513879062,1,0,0,55.5357922781,0.050248951782,0,0,0.966691780224,0.807149720475,1.34591194969,0.11464884696,0,0,0.123864430468,24.988,1,0,8,8.26646575821,0.050248951782,0.050248951782,0
8,split,2,axis_6,feasibility,occupancy_balanced,6.69065844727,1,0,0,55.4560546875,0.15869140625,0,0,0.89111328125,0.63818359375,3.3037109375,0.15625,0,0,0.66796875,24.988,1,0,8,8.87109375,0.15869140625,0.15869140625,0
8,split,2,axis_6,feasibility,truth,6.82032638889,1,0,0,55.6241319444,0.188368055556,0,0,0.873046875,0.599826388889,3.72048611111,0.170138888889,0,0,0.803819444444,24.988,1,0,8,9.015625,0.188368055556,0.188368055556,0
8,split,2,axis_6,projection,family,10.9288035246,1.25711914745,0,0,107.508888015,0.0689421733054,0,0,0.966691780224,0.807149720475,1.34591194969,0.11464884696,0,0,0.123864430468,76.005,9,0,8,8.26646575821,0.050248951782,0.050248951782,0
8,split,2,axis_6,projection,occupancy_balanced,15.1014404297,1.833984375,0,0,134.667480469,0.57666015625,0,0,0.89111328125,0.63818359375,3.3037109375,0.15625,0,0,0.66796875,76.005,9,0,8,8.87109375,0.15869140625,0.15869140625,0
8,split,2,axis_6,projection,truth,16.0290039062,1.953125,0,0,140.432291667,0.674479166667,0,0,0.873046875,0.599826388889,3.72048611111,0.170138888889,0,0,0.803819444444,76.005,9,0,8,9.015625,0.188368055556,0.188368055556,0
8,split,2,oblique_1,feasibility,family,4.91477091044,1.00412087912,0.00412087912088,0.00412087912088,40.7007395242,0.0140671223106,0,0,0.959984098395,0.7217936128,1.40070371694,0.249410550639,0,0.00412087912088,0.036376002863,52.5,2,1,2,8.37232501504,0.0181880014315,0.0140671223106,0
8,split,2,oblique_1,feasibility,occupancy_balanced,5.00376879883,1.0087890625,0.0087890625,0.0087890625,40.6252441406,0.03076171875,0,0,0.935363769531,0.57568359375,1.67236328125,0.380859375,0,0.0087890625,0.0791015625,52.5,2,1,2,8.60205078125,0.03955078125,0.03076171875,0
8,split,2,oblique_1,feasibility,truth,5.0091796875,1.01041666667,0.0104166666667,0.0104166666667,40.7543402778,0.03515625,0,0,0.925889756944,0.524739583333,1.7890625,0.454861111111,0,0.0104166666667,0.0911458333333,52.5,2,1,2,8.69704861111,0.0455729166667,0.03515625,0
8,split,2,oblique_1,projection,family,8.13646272981,1.37036166426,0.00412087912088,0.00412087912088,76.3321279463,0.0140671223106,0,0,0.959984098395,0.7217936128,1.40070371694,0.249410550639,0,0.00412087912088,0.036376002863,26.26,4,1,2,8.37232501504,0.0181880014315,0.0140671223106,0
8,split,2,oblique_1,projection,occupancy_balanced,8.82899462891,1.5947265625,0.0087890625,0.0087890625,82.0969238281,0.03076171875,0,0,0.935363769531,0.57568359375,1.67236328125,0.380859375,0,0.0087890625,0.0791015625,26.26,4,1,2,8.60205078125,0.03955078125,0.03076171875,0
8,split,2,oblique_1,projection,truth,9.13174348958,1.68923611111,0.0104166666667,0.0104166666667,84.6770833333,0.03515625,0,0,0.925889756944,0.524739583333,1.7890625,0.454861111111,0,0.0104166666667,0.0911458333333,26.26,4,1,2,8.69704861111,0.0455729166667,0.03515625,0
8,split,2,oblique_2,feasibility,family,7.68341580486,1,0,0,64.9218033182,0.00179860769769,0,0,0.995500245766,0.965800573827,1.03599803387,0.0243072932958,0,0,0.00359721539539,71.488,1,0,2,8.03599803387,0.00179860769769,0.00179860769769,0
8,split,2,oblique_2,feasibility,occupancy_balanced,7.66958618164,1,0,0,64.5549316406,0.00341796875,0,0,0.992736816406,0.9453125,1.05810546875,0.0380859375,0,0,0.0068359375,71.488,1,0,2,8.05810546875,0.00341796875,0.00341796875,0
8,split,2,oblique_2,feasibility,truth,7.73713932292,1,0,0,64.9422743056,0.00520833333333,0,0,0.990885416667,0.932291666667,1.07291666667,0.046875,0,0,0.0104166666667,71.488,1,0,2,8.07291666667,0.00520833333333,0.00520833333333,0
8,split,2,oblique_2,projection,family,11.8759989995,1.03599803387,0,0,113.651481672,0.00179860769769,0,0,0.995500245766,0.965800573827,1.03599803387,0.0243072932958,0,0,0.00359721539539,31.347,3,0,2,8.03599803387,0.00179860769769,0.00179860769769,0
8,split,2,oblique_2,projection,occupancy_balanced,11.9484716797,1.05810546875,0,0,114.357666016,0.00341796875,0,0,0.992736816406,0.9453125,1.05810546875,0.0380859375,0,0,0.0068359375,31.347,3,0,2,8.05810546875,0.00341796875,0.00341796875,0
8,split,2,oblique_2,projection,truth,12.1097256944,1.07291666667,0,0,115.478732639,0.00520833333333,0,0,0.990885416667,0.932291666667,1.07291666667,0.046875,0,0,0.0104166666667,31.347,3,0,2,8.07291666667,0.00520833333333,0.00520833333333,0
8,split,3,axis_1,feasibility,family,2.9071484375,1.25390625,0.125,0.0625,16.234375,0.845703125,0.05078125,0.12890625,0.640625,0.169921875,8.4375,0,0.125,0.125,1.66015625,7.04,7,2,2,10.875,1.4375,0.818359375,0.05078125
8,split,3,axis_1,feasibility,occupancy_balanced,3.01954284668,1.1552734375,0.0625,0.03125,15.3046875,1.005859375,0.0302734375,0.0927734375,0.40625,0.025390625,22.421875,0,0.0625,0.0625,1.94921875,7.04,7,2,2,12.75,2.375,0.9736328125,0.0302734375
8,split,3,axis_1,feasibility,truth,3.12925954861,1.27604166667,0.111111111111,0.0555555555556,15.6041666667,1.03125,0.0538194444444,0.164930555556,0.397569444444,0.0243055555556,22.9861111111,0,0.111111111111,0.111111111111,1.95138888889,7.04,7,2,2,12.8194444444,2.40972222222,0.973958333333,0.0538194444444
8,split,3,axis_1,projection,family,8.82727734375,4.73046875,0.4375,0.0625,55.921875,2.880859375,0.15234375,0.35546875,0.640625,0.169921875,8.4375,0,0.125,0.125,1.66015625,46.69,46,14,2,10.875,1.4375,0.818359375,0.05078125
8,split,3,axis_1,projection,occupancy_balanced,13.1359726563,6.4619140625,0.3125,0.03125,73.234375,5.4443359375,0.1416015625,0.3681640625,0.40625,0.025390625,22.421875,0,0.0625,0.0625,1.94921875,46.69,46,14,2,12.75,2.375,0.9736328125,0.0302734375
8,split,3,axis_1,projection,truth,13.727260706,7.08506944444,0.555555555556,0.0555555555556,75.2291666667,5.55902777778,0.251736111111,0.654513888889,0.397569444444,0.0243055555556,22.9861111111,0,0.111111111111,0.111111111111,1.95138888889,46.69,46,14,2,12.8194444444,2.40972222222,0.973958333333,0.0538194444444
8,split,3,axis_2,feasibility,family,3.26612739613,1,0,0,24.130566982,0.173097490745,0,0,0.911951528863,0.702961744138,2.10876182641,0.112357740299,0,0,0.543301796243,5.428,1,0,4,8.70438776909,0.180597833539,0.173097490745,0
8,split,3,axis_2,feasibility,occupancy_balanced,3.47328271484,1,0,0,23.00390625,0.484497070312,0,0,0.72607421875,0.411987304688,6.45336914062,0.1171875,0,0,1.7841796875,5.428,1,0,4,10.19140625,0.5625,0.484497070312,0
8,split,3,axis_2,feasibility,truth,3.52614236111,1,0,0,22.9201388889,0.540509259259,0,0,0.693576388889,0.336805555556,7.31481481481,0.152777777778,0,0,1.93981481481,5.428,1,0,4,10.4513888889,0.642361111111,0.540509259259,0
8,split,3,axis_2,projection,family,5.37232325518,1.5103901001,0,0,44.8071986837,0.223471136706,0,0,0.911951528863,0.702961744138,2.10876182641,0.112357740299,0,0,0.543301796243,58.579,9,0,4,8.70438776909,0.180597833539,0.173097490745,0
8,split,3,axis_2,projection,occupancy_balanced,8.05098095703,2.49084472656,0,0,60.2598876953,1.05322265625,0,0,0.72607421875,0.411987304688,6.45336914062,0.1171875,0,0,1.7841796875,58.579,9,0,4,10.19140625,0.5625,0.484497070312,0
8,split,3,axis_2,projection,truth,8.69340769676,2.73611111111,0,0,63.9386574074,1.26736111111,0,0,0.693576388889,0.336805555556,7.31481481481,0.152777777778,0,0,1.93981481481,58.579,9,0,4,10.4513888889,0.642361111111,0.540509259259,0
8,split,3,axis_3,feasibility,family,4.27182969334,1,0,0,35.0289831069,0.0457782369736,0,0,0.967037042774,0.814739826799,1.33900262899,0.106574825572,0,0,0.120332287075,7.811,1,0,8,8.26370365781,0.0457782369736,0.0457782369736,0
8,split,3,axis_3,feasibility,occupancy_balanced,4.41239904785,1,0,0,34.9838867188,0.131103515625,0,0,0.908203125,0.673583984375,2.71411132812,0.14501953125,0,0,0.53076171875,7.811,1,0,8,8.734375,0.131103515625,0.131103515625,0
8,split,3,axis_3,feasibility,truth,4.51056076389,1,0,0,35.1310763889,0.177083333333,0,0,0.881510416667,0.608796296296,3.23148148148,0.168402777778,0,0,0.722222222222,7.811,1,0,8,8.94791666667,0.177083333333,0.177083333333,0
8,split,3,axis_3,projection,family,6.70728846663,1.246566137,0,0,61.5991657897,0.0605160724124,0,0,0.967037042774,0.814739826799,1.33900262899,0.106574825572,0,0,0.120332287075,63.957,9,0,8,8.26370365781,0.0457782369736,0.0457782369736,0
8,split,3,axis_3,projection,occupancy_balanced,8.4878223877,1.67260742188,0,0,72.9432373047,0.40283203125,0,0,0.908203125,0.673583984375,2.71411132812,0.14501953125,0,0,0.53076171875,63.957,9,0,8,8.734375,0.131103515625,0.131103515625,0
8,split,3,axis_3,projection,truth,9.17253269676,1.84375,0,0,77.5619212963,0.521990740741,0,0,0.881510416667,0.608796296296,3.23148148148,0.168402777778,0,0,0.722222222222,63.957,9,0,8,8.94791666667,0.177083333333,0.177083333333,0
8,split,3,axis_6,feasibility,family,6.34297753939,1,0,0,55.5579559907,0.0393836221363,0,0,0.971759743787,0.832779132001,1.28387472842,0.0944637274124,0,0,0.0965988377228,19.98,1,0,8,8.22592204971,0.0393836221363,0.0393836221363,0
8,split,3,axis_6,feasibility,occupancy_balanced,6.61306945801,1,0,0,55.484375,0.113037109375,0,0,0.91943359375,0.700439453125,2.56103515625,0.1328125,0,0,0.4560546875,19.98,1,0,8,8.64453125,0.113037109375,0.113037109375,0
8,split,3,axis_6,feasibility,truth,6.78176186343,1,0,0,55.8726851852,0.149884259259,0,0,0.898582175926,0.648726851852,2.99421296296,0.15162037037,0,0,0.605324074074,19.98,1,0,8,8.81134259259,0.149884259259,0.149884259259,0
8,split,3,axis_6,projection,family,10.7007227039,1.21700625298,0,0,105.775498781,0.0512713511031,0,0,0.971759743787,0.832779132001,1.28387472842,0.0944637274124,0,0,0.0965988377228,97.307,9,0,8,8.22592204971,0.0393836221363,0.0393836221363,0
8,split,3,axis_6,projection,occupancy_balanced,13.6252954102,1.609375,0,0,124.062988281,0.372802734375,0,0,0.91943359375,0.700439453125,2.56103515625,0.1328125,0,0,0.4560546875,97.307,9,0,8,8.64453125,0.113037109375,0.113037109375,0
8,split,3,axis_6,projection,truth,14.6935092593,1.74884259259,0,0,130.902199074,0.473958333333,0,0,0.898582175926,0.648726851852,2.99421296296,0.15162037037,0,0,0.605324074074,97.307,9,0,8,8.81134259259,0.149884259259,0.149884259259,0
8,split,3,oblique_1,feasibility,family,4.93570908005,1.00275735294,0.00275735294118,0.00275735294118,40.7859832711,0.011423799856,0,0,0.95186858205,0.676293977512,1.49374360971,0.320179448429,0,0.00275735294118,0.0283623055944,9.395,2,1,2,8.44111752007,0.0141811527972,0.011423799856,0
8,split,3,oblique_1,feasibility,occupancy_balanced,4.95098571777,1.00732421875,0.00732421875,0.00732421875,40.5833740234,0.0244140625,0,0,0.930633544922,0.5615234375,1.74047851562,0.427734375,0,0.00732421875,0.0634765625,9.395,2,1,2,8.63940429688,0.03173828125,0.0244140625,0
8,split,3,oblique_1,feasibility,truth,5.00011950231,1.00694444444,0.00694444444444,0.00694444444444,40.705150463,0.0286458333333,0,0,0.912181712963,0.462673611111,1.96469907407,0.580439814815,0,0.00694444444444,0.0711805555556,9.395,2,1,2,8.8119212963,0.0355902777778,0.0286458333333,0
8,split,3,oblique_1,projection,family,8.42938020583,1.43839183787,0.00275735294118,0.00275735294118,78.1975667959,0.011423799856,0,0,0.95186858205,0.676293977512,1.49374360971,0.320179448429,0,0.00275735294118,0.0283623055944,22.815,4,1,2,8.44111752007,0.0141811527972,0.011423799856,0
8,split,3,oblique_1,projection,occupancy_balanced,8.98658483887,1.630859375,0.00732421875,0.00732421875,82.9808349609,0.0244140625,0,0,0.930633544922,0.5615234375,1.74047851562,0.427734375,0,0.00732421875,0.0634765625,22.815,4,1,2,8.63940429688,0.03173828125,0.0244140625,0
8,split,3,oblique_1,projection,truth,9.54427430556,1.80150462963,0.00694444444444,0.00694444444444,87.5772569444,0.0286458333333,0,0,0.912181712963,0.462673611111,1.96469907407,0.580439814815,0,0.00694444444444,0.0711805555556,22.815,4,1,2,8.8119212963,0.0355902777778,0.0286458333333,0
8,split,3,oblique_2,feasibility,family,7.75470621333,1,0,0,65.5394338186,0.00118624464004,0,0,0.996885578876,0.976270875649,1.02491536899,0.0139528323178,0,0,0.00237248928007,56.035,1,0,2,8.02491536899,0.00118624464004,0.00118624464004,0
8,split,3,oblique_2,feasibility,occupancy_balanced,7.64807067871,1,0,0,64.7786865234,0.0018310546875,0,0,0.995315551758,0.96435546875,1.03747558594,0.020263671875,0,0,0.003662109375,56.035,1,0,2,8.03747558594,0.0018310546875,0.0018310546875,0
8,split,3,oblique_2,feasibility,truth,7.77208564815,1,0,0,65.5494791667,0.00347222222222,0,0,0.993634259259,0.952546296296,1.05092592593,0.0271990740741,0,0,0.00694444444444,56.035,1,0,2,8.05092592593,0.00347222222222,0.00347222222222,0
8,split,3,oblique_2,projection,family,12.0172281708,1.02491536899,0,0,113.735367299,0.00118624464004,0,0,0.996885578876,0.976270875649,1.02491536899,0.0139528323178,0,0,0.00237248928007,128.284,3,0,2,8.02491536899,0.00118624464004,0.00118624464004,0
8,split,3,oblique_2,projection,occupancy_balanced,12.0442689209,1.03747558594,0,0,113.578491211,0.0018310546875,0,0,0.995315551758,0.96435546875,1.03747558594,0.020263671875,0,0,0.003662109375,128.284,3,0,2,8.03747558594,0.0018310546875,0.0018310546875,0
8,split,3,oblique_2,projection,truth,12.2091461227,1.05092592593,0,0,115.015914352,0.00347222222222,0,0,0.993634259259,0.952546296296,1.05092592593,0.0271990740741,0,0,0.00694444444444,128.284,3,0,2,8.05092592593,0.00347222222222,0.00347222222222,0
8,split,4,axis_1,feasibility,family,2.94810253906,1,0,0,18,0.68359375,0,0,0.75,0.31640625,5.0625,0,0,0,1.3671875,5.028,1,0,2,10,1,0.68359375,0
8,split,4,axis_1,feasibility,occupancy_balanced,3.18572558594,1,0,0,17.5,0.9375,0,0,0.5,0.0625,16,0,0,0,1.875,5.028,1,0,2,12,2,0.9375,0
8,split,4,axis_1,feasibility,truth,3.2107663966,1,0,0,17.6666666667,0.9375,0,0,0.5,0.0625,16,0,0,0,1.875,5.028,1,0,2,12,2,0.9375,0
8,split,4,axis_1,projection,family,6.84004199219,3,0,0,47,1.83984375,0,0,0.75,0.31640625,5.0625,0,0,0,1.3671875,46.811,9,0,2,10,1,0.68359375,0
8,split,4,axis_1,projection,occupancy_balanced,11.1013622437,5,0,0,66.5,4.4375,0,0,0.5,0.0625,16,0,0,0,1.875,46.811,9,0,2,12,2,0.9375,0
8,split,4,axis_1,projection,truth,11.1447490355,5,0,0,66.6666666667,4.4375,0,0,0.5,0.0625,16,0,0,0,1.875,46.811,9,0,2,12,2,0.9375,0
8,split,4,axis_2,feasibility,family,3.37253550296,1,0,0,24.5576923077,0.147928994083,0,0,0.923076923077,0.715976331361,1.91715976331,0.0769230769231,0,0,0.44674556213,7.311,1,0,4,8.61538461538,0.153846153846,0.147928994083,0
8,split,4,axis_2,feasibility,occupancy_balanced,3.61956524658,1,0,0,24.015625,0.419738769531,0,0,0.7734375,0.467346191406,5.09936523438,0.0625,0,0,1.48071289062,7.311,1,0,4,9.8125,0.4765625,0.419738769531,0
8,split,4,axis_2,feasibility,truth,3.68265374228,1,0,0,24.0138888889,0.478395061728,0,0,0.736111111111,0.373456790123,5.97530864198,0.111111111111,0,0,1.65895061728,7.311,1,0,4,10.1111111111,0.555555555556,0.478395061728,0
8,split,4,axis_2,projection,family,5.36998002959,1.46375739645,0,0,44.4031065089,0.185650887574,0,0,0.923076923077,0.715976331361,1.91715976331,0.0769230769231,0,0,0.44674556213,31.598,9,0,4,8.61538461538,0.153846153846,0.147928994083,0
8,split,4,axis_2,projection,occupancy_balanced,7.554043396,2.24475097656,0,0,56.9307861328,0.819641113281,0,0,0.7734375,0.467346191406,5.09936523438,0.0625,0,0,1.48071289062,31.598,9,0,4,9.8125,0.4765625,0.419738769531,0
8,split,4,axis_2,projection,truth,8.21001736111,2.49768518519,0,0,60.7924382716,1.01311728395,0,0,0.736111111111,0.373456790123,5.97530864198,0.111111111111,0,0,1.65895061728,31.598,9,0,4,10.1111111111,0.555555555556,0.478395061728,0
8,split,4,axis_3,feasibility,family,4.34486064356,1,0,0,34.9792079208,0.0366336633663,0,0,0.971782178218,0.838613861386,1.28316831683,0.0757425742574,0,0,0.0970297029703,41.052,1,0,8,8.22574257426,0.0366336633663,0.0366336633663,0
8,split,4,axis_3,feasibility,occupancy_balanced,4.44731439209,1,0,0,35.001953125,0.0964965820312,0,0,0.931213378906,0.733764648438,2.17095947266,0.09912109375,0,0,0.372802734375,41.052,1,0,8,8.55029296875,0.0964965820312,0.0964965820312,0
8,split,4,axis_3,feasibility,truth,4.5686871142,1,0,0,35.2418981481,0.145833333333,0,0,0.90200617284,0.653549382716,2.69907407407,0.125771604938,0,0,0.570987654321,41.052,1,0,8,8.78395061728,0.145833333333,0.145833333333,0
8,split,4,axis_3,projection,family,6.64589950495,1.2099009901,0,0,60.6930693069,0.0465346534653,0,0,0.971782178218,0.838613861386,1.28316831683,0.0757425742574,0,0,0.0970297029703,72.87,9,0,8,8.22574257426,0.0366336633663,0.0366336633663,0
8,split,4,axis_3,projection,occupancy_balanced,7.941449646,1.49743652344,0,0,68.3031005859,0.262512207031,0,0,0.931213378906,0.733764648438,2.17095947266,0.09912109375,0,0,0.372802734375,72.87,9,0,8,8.55029296875,0.0964965820312,0.0964965820312,0
8,split,4,axis_3,projection,truth,8.74647839506,1.68518518519,0,0,73.3518518519,0.380401234568,0,0,0.90200617284,0.653549382716,2.69907407407,0.125771604938,0,0,0.570987654321,72.87,9,0,8,8.78395061728,0.145833333333,0.145833333333,0
8,split,4,axis_6,feasibility,family,6.42789060818,1,0,0,55.5385294244,0.0303177063154,0,0,0.976780102458,0.859711997934,1.22743122821,0.0722372895949,0,0,0.0738947005898,52.269,1,0,8,8.18575918033,0.0303177063154,0.0303177063154,0
8,split,4,axis_6,feasibility,occupancy_balanced,6.56711505127,1,0,0,55.4873046875,0.07763671875,0,0,0.943115234375,0.76806640625,2.017578125,0.09765625,0,0,0.298828125,52.269,1,0,8,8.455078125,0.07763671875,0.07763671875,0
8,split,4,axis_6,feasibility,truth,6.73670640432,1,0,0,55.9733796296,0.117283950617,0,0,0.919945987654,0.700617283951,2.45987654321,0.123456790123,0,0,0.452160493827,52.269,1,0,8,8.64043209877,0.117283950617,0.117283950617,0
8,split,4,axis_6,projection,family,10.5971366638,1.17818244436,0,0,104.084412265,0.037894442292,0,0,0.976780102458,0.859711997934,1.22743122821,0.0722372895949,0,0,0.0738947005898,75.454,9,0,8,8.18575918033,0.0303177063154,0.0303177063154,0
8,split,4,axis_6,projection,occupancy_balanced,12.3375684204,1.4287109375,0,0,115.704589844,0.23388671875,0,0,0.943115234375,0.76806640625,2.017578125,0.09765625,0,0,0.298828125,75.454,9,0,8,8.455078125,0.07763671875,0.07763671875,0
8,split,4,axis_6,projection,truth,13.4505372299,1.58487654321,0,0,123.309606481,0.333333333333,0,0,0.919945987654,0.700617283951,2.45987654321,0.123456790123,0,0,0.452160493827,75.454,9,0,8,8.64043209877,0.117283950617,0.117283950617,0
8,split,4,oblique_1,feasibility,family,5.05855576157,1.00838632851,0.00838632850718,0.00838632850718,41.3908118457,0.00288092189501,0,0,0.950186503922,0.663563859989,1.62248405791,0.295912900946,0,0.00838632850718,0.0225345008044,9.905,2,1,2,8.54595118937,0.0112672504022,0.00288092189501,0
8,split,4,oblique_1,feasibility,occupancy_balanced,5.0977512207,1.01782226562,0.017822265625,0.017822265625,41.2748413086,0.0048828125,0,0,0.927185058594,0.531982421875,1.96557617188,0.41259765625,0,0.017822265625,0.04541015625,9.905,2,1,2,8.81762695312,0.022705078125,0.0048828125,0
8,split,4,oblique_1,feasibility,truth,5.17464814815,1.02314814815,0.0231481481481,0.0231481481481,41.6087962963,0.00694444444444,0,0,0.90591242284,0.421682098765,2.29938271605,0.584104938272,0,0.0231481481481,0.0601851851852,9.905,2,1,2,9.06404320988,0.0300925925926,0.00694444444444,0
8,split,4,oblique_1,projection,family,8.81504420152,1.54611363656,0.00950908299819,0.00838632850718,81.4426936211,0.00288092189501,0,0,0.950186503922,0.663563859989,1.62248405791,0.295912900946,0,0.00838632850718,0.0225345008044,58.88,6,2,2,8.54595118937,0.0112672504022,0.00288092189501,0
8,split,4,oblique_1,projection,occupancy_balanced,9.60933227539,1.81884765625,0.021484375,0.017822265625,88.2509155273,0.0048828125,0,0,0.927185058594,0.531982421875,1.96557617188,0.41259765625,0,0.017822265625,0.04541015625,58.88,6,2,2,8.81762695312,0.022705078125,0.0048828125,0
8,split,4,oblique_1,projection,truth,10.3975225694,2.06520061728,0.0277777777778,0.0231481481481,94.8966049383,0.00694444444444,0,0,0.90591242284,0.421682098765,2.29938271605,0.584104938272,0,0.0231481481481,0.0601851851852,58.88,6,2,2,9.06404320988,0.0300925925926,0.00694444444444,0
8,split,4,oblique_2,feasibility,family,8.13918005754,1,0,0,65.8947773181,0.000787097906162,0,0,0.997490139202,0.98070821152,1.02007888639,0.00472850337003,0,0,0.00157419581232,1225.435,1,0,2,8.02007888639,0.000787097906162,0.000787097906162,0
8,split,4,oblique_2,feasibility,occupancy_balanced,8.05963763428,1,0,0,64.9370727539,0.0010986328125,0,0,0.996597290039,0.973876953125,1.02722167969,0.004150390625,0,0,0.002197265625,1225.435,1,0,2,8.02722167969,0.0010986328125,0.0010986328125,0
8,split,4,oblique_2,feasibility,truth,8.15177758488,1,0,0,65.9143518519,0.00231481481481,0,0,0.994888117284,0.961419753086,1.04089506173,0.00925925925926,0,0,0.00462962962963,1225.435,1,0,2,8.04089506173,0.00231481481481,0.00231481481481,0
8,split,4,oblique_2,projection,family,12.1166877002,1.02007888639,0,0,113.855014034,0.000787097906162,0,0,0.997490139202,0.98070821152,1.02007888639,0.00472850337003,0,0,0.00157419581232,85.339,3,0,2,8.02007888639,0.000787097906162,0.000787097906162,0
8,split,4,oblique_2,projection,occupancy_balanced,12.009560791,1.02722167969,0,0,113.239562988,0.0010986328125,0,0,0.996597290039,0.973876953125,1.02722167969,0.004150390625,0,0,0.002197265625,85.339,3,0,2,8.02722167969,0.0010986328125,0.0010986328125,0
8,split,4,oblique_2,projection,truth,12.2466882716,1.04089506173,0,0,114.885030864,0.00231481481481,0,0,0.994888117284,0.961419753086,1.04089506173,0.00925925925926,0,0,0.00462962962963,85.339,3,0,2,8.04089506173,0.00231481481481,0.00231481481481,0
8,split,5,axis_1,feasibility,family,3.90775390625,2.1318359375,0.625,0.296875,20,0.9033203125,0.2060546875,0.5068359375,0.578125,0.0849609375,9.4921875,0,0.625,0.625,1.830078125,17.417,9,4,2,11.375,1.6875,0.818359375,0.2060546875
8,split,5,axis_1,feasibility,occupancy_balanced,3.69726483154,1.7080078125,0.3125,0.15234375,17.810546875,1.0751953125,0.138671875,0.3955078125,0.40625,0.025390625,21.30078125,0,0.3125,0.3125,1.94921875,17.417,9,4,2,12.75,2.375,0.96044921875,0.138671875
8,split,5,axis_1,feasibility,truth,4.14414994856,2.25848765432,0.555555555556,0.265432098765,18.899691358,1.1712962963,0.243055555556,0.702932098765,0.362847222222,0.0108024691358,23.4969135802,0,0.555555555556,0.555555555556,1.97839506173,17.417,9,4,2,13.0972222222,2.54861111111,0.965277777778,0.243055555556
8,split,5,axis_1,projection,family,12.1604716797,7.8525390625,1.875,0.296875,72.341796875,3.142578125,0.5595703125,1.2900390625,0.578125,0.0849609375,9.4921875,0,0.625,0.625,1.830078125,54.172,57,24,2,11.375,1.6875,0.818359375,0.2060546875
8,split,5,axis_1,projection,occupancy_balanced,15.1314032593,8.662109375,1.359375,0.15234375,81.3696289062,5.4228515625,0.5556640625,1.396484375,0.40625,0.025390625,21.30078125,0,0.3125,0.3125,1.94921875,54.172,57,24,2,12.75,2.375,0.96044921875,0.138671875
8,split,5,axis_1,projection,truth,17.6015990226,11.3757716049,2.45679012346,0.265432098765,90.9320987654,5.89814814815,1.00385802469,2.54398148148,0.362847222222,0.0108024691358,23.4969135802,0,0.555555555556,0.555555555556,1.97839506173,54.172,57,24,2,13.0972222222,2.54861111111,0.965277777778,0.243055555556
8,split,5,axis_2,feasibility,family,3.70699127611,1.09810777458,0.0882352941176,0.0441176470588,25.8444709106,0.206457691752,0.00493624023036,0.00987248046072,0.886292413866,0.587067940009,2.25447763683,0.0583301833302,0.0882352941176,0.0882352941176,0.669327492857,37.868,5,2,4,8.90966068907,0.26252682135,0.206457691752,0.00493624023036
8,split,5,axis_2,feasibility,occupancy_balanced,3.84565759277,1.10339355469,0.08203125,0.041015625,24.9697570801,0.41845703125,0.0106811523438,0.0213623046875,0.7666015625,0.40283203125,4.80874633789,0.0625,0.08203125,0.08203125,1.47100830078,37.868,5,2,4,9.8671875,0.515625,0.41845703125,0.0106811523438
8,split,5,axis_2,feasibility,truth,4.12500372942,1.22222222222,0.166666666667,0.0833333333333,25.7538580247,0.521090534979,0.0277777777778,0.0555555555556,0.696759259259,0.264403292181,6.2304526749,0.0787037037037,0.166666666667,0.166666666667,1.84053497942,37.868,5,2,4,10.4259259259,0.699074074074,0.521090534979,0.0277777777778
8,split,5,axis_2,projection,family,6.30727006529,1.94550679845,0.159296585767,0.0441176470588,50.3063991851,0.280740324858,0.00740436034554,0.0148087206911,0.886292413866,0.587067940009,2.25447763683,0.0583301833302,0.0882352941176,0.0882352941176,0.669327492857,40.822,18,8,4,8.90966068907,0.26252682135,0.206457691752,0.00493624023036
8,split,5,axis_2,projection,occupancy_balanced,8.06794723511,2.6037902832,0.191040039062,0.041015625,60.0160217285,0.794250488281,0.018310546875,0.03662109375,0.7666015625,0.40283203125,4.80874633789,0.0625,0.08203125,0.08203125,1.47100830078,40.822,18,8,4,9.8671875,0.515625,0.41845703125,0.0106811523438
8,split,5,axis_2,projection,truth,9.67041370885,3.38451646091,0.407407407407,0.0833333333333,69.383744856,1.14480452675,0.0462962962963,0.0925925925926,0.696759259259,0.264403292181,6.2304526749,0.0787037037037,0.166666666667,0.166666666667,1.84053497942,40.822,18,8,4,10.4259259259,0.699074074074,0.521090534979,0.0277777777778
8,split,5,axis_3,feasibility,family,4.57588462455,1,0,0,36.0977130029,0.030566770499,0,0,0.973025360174,0.841125195457,1.26327476193,0.0564636253015,0,0,0.0826135396453,17.857,1,0,8,8.21579711861,0.030566770499,0.030566770499,0
8,split,5,axis_3,feasibility,occupancy_balanced,4.54572949219,1,0,0,35.3753356934,0.0722961425781,0,0,0.945114135742,0.767608642578,1.84924316406,0.0679321289062,0,0,0.270721435547,17.857,1,0,8,8.43908691406,0.0722961425781,0.0722961425781,0
8,split,5,axis_3,feasibility,truth,4.75170974794,1,0,0,36.2447273663,0.123199588477,0,0,0.913419495885,0.665895061728,2.35751028807,0.0969650205761,0,0,0.466306584362,17.857,1,0,8,8.69264403292,0.123199588477,0.123199588477,0
8,split,5,axis_3,projection,family,6.86214071299,1.199843235,0,0,61.5440302478,0.0373925509307,0,0,0.973025360174,0.841125195457,1.26327476193,0.0564636253015,0,0,0.0826135396453,46.561,9,0,8,8.21579711861,0.030566770499,0.030566770499,0
8,split,5,axis_3,projection,occupancy_balanced,7.54540298462,1.39340209961,0,0,65.8903503418,0.177032470703,0,0,0.945114135742,0.767608642578,1.84924316406,0.0679321289062,0,0,0.270721435547,46.561,9,0,8,8.43908691406,0.0722961425781,0.0722961425781,0
8,split,5,axis_3,projection,truth,8.40006867284,1.59619341564,0,0,71.8122427984,0.282664609053,0,0,0.913419495885,0.665895061728,2.35751028807,0.0969650205761,0,0,0.466306584362,46.561,9,0,8,8.69264403292,0.123199588477,0.123199588477,0
8,split,5,axis_6,feasibility,family,6.71253740092,1,0,0,56.7529749578,0.0229846233454,0,0,0.97995168064,0.875164613079,1.19133794431,0.0476047693952,0,0,0.0557744972612,47.723,1,0,8,8.16038655488,0.0229846233454,0.0229846233454,0
8,split,5,axis_6,feasibility,occupancy_balanced,6.67675842285,1,0,0,55.8931274414,0.0527954101562,0,0,0.957794189453,0.812072753906,1.69848632812,0.05908203125,0,0,0.199462890625,47.723,1,0,8,8.33764648438,0.0527954101562,0.0527954101562,0
8,split,5,axis_6,feasibility,truth,6.97703922325,1,0,0,57.1559927984,0.0897633744856,0,0,0.935185185185,0.734825102881,2.08847736626,0.0853909465021,0,0,0.333847736626,47.723,1,0,8,8.51851851852,0.0897633744856,0.0897633744856,0
8,split,5,axis_6,projection,family,10.832316292,1.15425827327,0,0,104.251340186,0.0278872486306,0,0,0.97995168064,0.875164613079,1.19133794431,0.0476047693952,0,0,0.0557744972612,85.469,9,0,8,8.16038655488,0.0229846233454,0.0229846233454,0
8,split,5,axis_6,projection,occupancy_balanced,11.8660904541,1.31665039062,0,0,110.919494629,0.149963378906,0,0,0.957794189453,0.812072753906,1.69848632812,0.05908203125,0,0,0.199462890625,85.469,9,0,8,8.33764648438,0.0527954101562,0.0527954101562,0
8,split,5,axis_6,projection,truth,13.0728009259,1.47222222222,0,0,119.163966049,0.233796296296,0,0,0.935185185185,0.734825102881,2.08847736626,0.0853909465021,0,0,0.333847736626,85.469,9,0,8,8.51851851852,0.0897633744856,0.0897633744856,0
8,split,5,oblique_1,feasibility,family,5.10622398441,1.00399741764,0.00399741764377,0.00399741764377,40.9222064229,0.00473160034109,0,0,0.945350003319,0.633702292761,1.64056992555,0.344574015717,0,0.00399741764377,0.0174580359697,9.865,2,1,2,8.55395989187,0.00872901798487,0.00473160034109,0
8,split,5,oblique_1,feasibility,occupancy_balanced,5.11574432373,1.00732421875,0.00732421875,0.00732421875,40.7221374512,0.009765625,0,0,0.928558349609,0.557006835938,1.89294433594,0.4150390625,0,0.00732421875,0.0341796875,9.865,2,1,2,8.73217773438,0.01708984375,0.009765625,0
8,split,5,oblique_1,feasibility,truth,5.18321733539,1.01080246914,0.0108024691358,0.0108024691358,40.8611111111,0.0115740740741,0,0,0.89961098251,0.393389917695,2.29809670782,0.640817901235,0,0.0108024691358,0.0447530864198,9.865,2,1,2,9.04038065844,0.0223765432099,0.0115740740741,0
8,split,5,oblique_1,projection,family,8.93993386961,1.55351438955,0.004751186488,0.00399741764377,81.2642831068,0.00473160034109,0,0,0.945350003319,0.633702292761,1.64056992555,0.344574015717,0,0.00399741764377,0.0174580359697,26.18,6,2,2,8.55395989187,0.00872901798487,0.00473160034109,0
8,split,5,oblique_1,projection,occupancy_balanced,9.46246652222,1.72985839844,0.0091552734375,0.00732421875,85.6089782715,0.009765625,0,0,0.928558349609,0.557006835938,1.89294433594,0.4150390625,0,0.00732421875,0.0341796875,26.18,6,2,2,8.73217773438,0.01708984375,0.009765625,0
8,split,5,oblique_1,projection,truth,10.4221811986,2.03883744856,0.0138888888889,0.0108024691358,93.7335390947,0.0115740740741,0,0,0.89961098251,0.393389917695,2.29809670782,0.640817901235,0,0.0108024691358,0.0447530864198,26.18,6,2,2,9.04038065844,0.0223765432099,0.0115740740741,0
8,split,5,oblique_2,feasibility,family,8.09310630709,1,0,0,66.1545537743,0.000521513060153,0,0,0.998272326383,0.986700124123,1.01382138894,0.00456055026938,0,0,0.00104302612031,61.703,1,0,2,8.01382138894,0.000521513060153,0.000521513060153,0
8,split,5,oblique_2,feasibility,occupancy_balanced,7.94583828735,1,0,0,65.0992126465,0.000518798828125,0,0,0.997936248779,0.984008789062,1.01651000977,0.00531005859375,0,0,0.00103759765625,61.703,1,0,2,8.01651000977,0.000518798828125,0.000518798828125,0
8,split,5,oblique_2,feasibility,truth,8.10509542181,1,0,0,66.1612654321,0.00154320987654,0,0,0.996463477366,0.973251028807,1.02829218107,0.00900205761317,0,0,0.00308641975309,61.703,1,0,2,8.02829218107,0.00154320987654,0.00154320987654,0
8,split,5,oblique_2,projection,family,12.3587928573,1.01382138894,0,0,113.815110829,0.000521513060153,0,0,0.998272326383,0.986700124123,1.01382138894,0.00456055026938,0,0,0.00104302612031,84.698,3,0,2,8.01382138894,0.000521513060153,0.000521513060153,0
8,split,5,oblique_2,projection,occupancy_balanced,12.2324999695,1.01651000977,0,0,112.886077881,0.000518798828125,0,0,0.997936248779,0.984008789062,1.01651000977,0.00531005859375,0,0,0.00103759765625,84.698,3,0,2,8.01651000977,0.000518798828125,0.000518798828125,0
8,split,5,oblique_2,projection,truth,12.4544885545,1.02829218107,0,0,114.52340535,0.00154320987654,0,0,0.996463477366,0.973251028807,1.02829218107,0.00900205761317,0,0,0.00308641975309,84.698,3,0,2,8.02829218107,0.00154320987654,0.00154320987654,0
8,split,6,axis_1,feasibility,family,4.62377832031,2.8984375,1,0.4375,21.13671875,0.99609375,0.3671875,0.8984375,0.5,0.03515625,11.390625,0,1,1,1.9296875,13.981,9,4,2,12,2,0.859375,0.3671875
8,split,6,axis_1,feasibility,occupancy_balanced,4.15123176575,2.125,0.5,0.234375,18.6640625,1.140625,0.21875,0.625,0.375,0.015625,22.5625,0,0.5,0.5,1.96875,13.981,9,4,2,13,2.5,0.96484375,0.21875
8,split,6,axis_1,feasibility,truth,4.86835528121,3.01234567901,0.888888888889,0.395061728395,20.1419753086,1.29320987654,0.382716049383,1.12345679012,0.305555555556,0.00308641975309,26.1234567901,0,0.888888888889,0.888888888889,1.99382716049,13.981,9,4,2,13.5555555556,2.77777777778,0.972222222222,0.382716049383
8,split,6,axis_1,projection,family,15.7179785156,11,3.25,0.4375,86.5390625,3.70703125,0.984375,2.25,0.5,0.03515625,11.390625,0,1,1,1.9296875,57.948,57,24,2,12,2,0.859375,0.3671875
8,split,6,axis_1,projection,occupancy_balanced,17.303825943,10.6484375,2.1875,0.234375,88.71484375,5.734375,0.8828125,2.2109375,0.375,0.015625,22.5625,0,0.5,0.5,1.96875,57.948,57,24,2,13,2.5,0.96484375,0.21875
8,split,6,axis_1,projection,truth,21.6672541152,15.2098765432,4.04938271605,0.395061728395,103.796296296,6.50308641975,1.64197530864,4.16049382716,0.305555555556,0.00308641975309,26.1234567901,0,0.888888888889,0.888888888889,1.99382716049,57.948,57,24,2,13.5555555556,2.77777777778,0.972222222222,0.382716049383
8,split,6,axis_2,feasibility,family,3.9136287316,1.13265687833,0.117647058824,0.0579584775087,26.7583465819,0.213013818083,0.00750490975404,0.0150098195081,0.87579491256,0.534828291304,2.32211082775,0.027027027027,0.117647058824,0.117647058824,0.696680829338,127.413,7,4,4,8.99364069952,0.284578696343,0.213013818083,0.00750490975404
8,split,6,axis_2,feasibility,occupancy_balanced,3.99856463623,1.13436889648,0.109375,0.0539398193359,25.7288208008,0.383529663086,0.0124969482422,0.0249938964844,0.78125,0.390625,4.27003479004,0.03125,0.109375,0.109375,1.33383178711,127.413,7,4,4,9.75,0.484375,0.383529663086,0.0124969482422
8,split,6,axis_2,feasibility,truth,4.35958067558,1.29423868313,0.222222222222,0.108024691358,26.9413580247,0.504801097394,0.0360082304527,0.0720164609053,0.699074074074,0.23182441701,5.79561042524,0.037037037037,0.222222222222,0.222222222222,1.77091906722,127.413,7,4,4,10.4074074074,0.703703703704,0.504801097394,0.0360082304527
8,split,6,axis_2,projection,family,6.7216593539,2.11723965034,0.221359768073,0.0579584775087,52.7503941389,0.290889499572,0.0116898905826,0.0233797811652,0.87579491256,0.534828291304,2.32211082775,0.027027027027,0.117647058824,0.117647058824,0.696680829338,38.799,25,12,4,8.99364069952,0.284578696343,0.213013818083,0.00750490975404
8,split,6,axis_2,projection,occupancy_balanced,8.07581413269,2.63244628906,0.252014160156,0.0539398193359,59.9577331543,0.684432983398,0.0219573974609,0.0439147949219,0.78125,0.390625,4.27003479004,0.03125,0.109375,0.109375,1.33383178711,38.799,25,12,4,9.75,0.484375,0.383529663086,0.0124969482422
8,split,6,axis_2,projection,truth,9.99294247257,3.60442386831,0.551440329218,0.108024691358,71.3317901235,1.06464334705,0.0620713305898,0.12414266118,0.699074074074,0.23182441701,5.79561042524,0.037037037037,0.222222222222,0.222222222222,1.77091906722,38.799,25,12,4,10.4074074074,0.703703703704,0.504801097394,0.0360082304527
8,split,6,axis_3,feasibility,family,4.75125442097,1.00088652482,0.000886524822695,0.000443262411348,36.73804528,0.0289494064431,0,0,0.972627411325,0.839082967964,1.26011680609,0.0388483919269,0.00177304964539,0.00177304964539,0.0820275865006,12.719,3,2,8,8.2189807094,0.0293926688544,0.0289494064431,0
8,split,6,axis_3,feasibility,occupancy_balanced,4.64143638611,1.00061035156,0.0006103515625,0.00030517578125,35.6140899658,0.0592651367188,0,0,0.95365524292,0.790466308594,1.63858032227,0.040283203125,0.001220703125,0.001220703125,0.211639404297,12.719,3,2,8,8.37075805664,0.0595703125,0.0592651367188,0
8,split,6,axis_3,feasibility,truth,4.91609104938,1.00274348422,0.00274348422497,0.00137174211248,36.8580246914,0.114969135802,0,0,0.917695473251,0.666580932785,2.15397805213,0.0672153635117,0.00548696844993,0.00548696844993,0.424211248285,12.719,3,2,8,8.65843621399,0.116340877915,0.114969135802,0
8,split,6,axis_3,projection,family,7.07063359189,1.20261953515,0.00155141843972,0.000443262411348,62.192854453,0.0337027373555,0,0,0.972627411325,0.839082967964,1.26011680609,0.0388483919269,0.00177304964539,0.00177304964539,0.0820275865006,49.856,11,4,8,8.2189807094,0.0293926688544,0.0289494064431,0
8,split,6,axis_3,projection,occupancy_balanced,7.41490090942,1.32914733887,0.00115966796875,0.00030517578125,64.39012146,0.122619628906,0,0,0.95365524292,0.790466308594,1.63858032227,0.040283203125,0.001220703125,0.001220703125,0.211639404297,49.856,11,4,8,8.37075805664,0.0595703125,0.0592651367188,0
8,split,6,axis_3,projection,truth,8.39877709191,1.56078532236,0.00514403292181,0.00137174211248,71.1836419753,0.223336762689,0,0,0.917695473251,0.666580932785,2.15397805213,0.0672153635117,0.00548696844993,0.00548696844993,0.424211248285,49.856,11,4,8,8.65843621399,0.116340877915,0.114969135802,0
8,split,6,axis_6,feasibility,family,6.88650030174,1,0,0,57.5488670932,0.0181216030996,0,0,0.982803374663,0.890502923273,1.16025994498,0.0267912368279,0,0,0.043405304625,73.191,1,0,8,8.13757300269,0.0181216030996,0.0181216030996,0
8,split,6,axis_6,feasibility,occupancy_balanced,6.75958267212,1,0,0,56.1851501465,0.0355529785156,0,0,0.969787597656,0.854705810547,1.46295166016,0.02880859375,0,0,0.12939453125,73.191,1,0,8,8.24169921875,0.0355529785156,0.0355529785156,0
8,split,6,axis_6,feasibility,truth,7.08895524691,1,0,0,57.8851165981,0.0701303155007,0,0,0.947402263374,0.768004115226,1.81652949246,0.0507544581619,0,0,0.249314128944,73.191,1,0,8,8.420781893,0.0701303155007,0.0701303155007,0
8,split,6,axis_6,projection,family,10.9654260537,1.13279827041,0,0,104.129640756,0.0213047579555,0,0,0.982803374663,0.890502923273,1.16025994498,0.0267912368279,0,0,0.043405304625,270.179,9,0,8,8.13757300269,0.0181216030996,0.0181216030996,0
8,split,6,axis_6,projection,occupancy_balanced,11.4574281464,1.22717285156,0,0,107.156921387,0.0939025878906,0,0,0.969787597656,0.854705810547,1.46295166016,0.02880859375,0,0,0.12939453125,270.179,9,0,8,8.24169921875,0.0355529785156,0.0355529785156,0
8,split,6,axis_6,projection,truth,12.6699697359,1.38374485597,0,0,115.798868313,0.166152263374,0,0,0.947402263374,0.768004115226,1.81652949246,0.0507544581619,0,0,0.249314128944,270.179,9,0,8,8.420781893,0.0701303155007,0.0701303155007,0
8,split,6,oblique_1,feasibility,family,5.30782940179,1.00497690244,0.004976902438,0.004976902438,41.8572627359,0.00185459940653,0,0,0.949249156924,0.650011654959,1.67670905113,0.284285894282,0,0.004976902438,0.013663003689,25.909,2,1,2,8.59144472244,0.00683150184452,0.00185459940653,0
8,split,6,oblique_1,feasibility,occupancy_balanced,5.28979798889,1.00842285156,0.0084228515625,0.0084228515625,41.5132293701,0.0029296875,0,0,0.930488586426,0.557647705078,1.96640014648,0.357421875,0,0.0084228515625,0.022705078125,25.909,2,1,2,8.79205322266,0.0113525390625,0.0029296875,0
8,split,6,oblique_1,feasibility,truth,5.42036959877,1.0133744856,0.0133744855967,0.0133744855967,41.946930727,0.00462962962963,0,0,0.903270747599,0.396090534979,2.42146776406,0.557098765432,0,0.0133744855967,0.0360082304527,25.909,2,1,2,9.14677640604,0.0180041152263,0.00462962962963,0
8,split,6,oblique_1,projection,family,9.30426303324,1.59203787639,0.00594097626792,0.004976902438,83.1647292912,0.00185459940653,0,0,0.949249156924,0.650011654959,1.67670905113,0.284285894282,0,0.004976902438,0.013663003689,72.56,6,2,2,8.59144472244,0.00683150184452,0.00185459940653,0
8,split,6,oblique_1,projection,occupancy_balanced,9.87343557739,1.79379272461,0.0112609863281,0.0084228515625,88.0064544678,0.0029296875,0,0,0.930488586426,0.557647705078,1.96640014648,0.357421875,0,0.0084228515625,0.022705078125,72.56,6,2,2,8.79205322266,0.0113525390625,0.0029296875,0
8,split,6,oblique_1,projection,truth,11.0511250857,2.1493484225,0.0174897119342,0.0133744855967,97.6026234568,0.00462962962963,0,0,0.903270747599,0.396090534979,2.42146776406,0.557098765432,0,0.0133744855967,0.0360082304527,72.56,6,2,2,9.14677640604,0.0180041152263,0.00462962962963,0
8,split,6,oblique_2,feasibility,family,8.27735816018,1,0,0,66.9919074899,0.000346651435859,0,0,0.998645551629,0.989511064471,1.01083558697,0.0024255024255,0,0,0.000693302871718,134.905,1,0,2,8.01083558697,0.000346651435859,0.000346651435859,0
8,split,6,oblique_2,feasibility,occupancy_balanced,8.09471641541,1,0,0,65.7575073242,0.000274658203125,0,0,0.998634338379,0.989349365234,1.01092529297,0.00250244140625,0,0,0.00054931640625,134.905,1,0,2,8.01092529297,0.000274658203125,0.000274658203125,0
8,split,6,oblique_2,feasibility,truth,8.28461248285,1,0,0,66.9939128944,0.00102880658436,0,0,0.997235082305,0.978909465021,1.02211934156,0.00480109739369,0,0,0.00205761316872,134.905,1,0,2,8.02211934156,0.00102880658436,0.00102880658436,0
8,split,6,oblique_2,projection,family,12.519527777,1.01083558697,0,0,114.508459757,0.000346651435859,0,0,0.998645551629,0.989511064471,1.01083558697,0.0024255024255,0,0,0.000693302871718,144.919,3,0,2,8.01083558697,0.000346651435859,0.000346651435859,0
8,split,6,oblique_2,projection,occupancy_balanced,12.3269724884,1.01092529297,0,0,113.276763916,0.000274658203125,0,0,0.998634338379,0.989349365234,1.01092529297,0.00250244140625,0,0,0.00054931640625,144.919,3,0,2,8.01092529297,0.000274658203125,0.000274658203125,0
8,split,6,oblique_2,projection,truth,12.5892753772,1.02211934156,0,0,115.055126886,0.00102880658436,0,0,0.997235082305,0.978909465021,1.02211934156,0.00480109739369,0,0,0.00205761316872,144.919,3,0,2,8.02211934156,0.00102880658436,0.00102880658436,0
8,split,7,axis_1,feasibility,family,5.46734570312,4.015625,1.5,0.578125,22.134765625,1.2109375,0.54296875,1.515625,0.375,0.01171875,17.0859375,0,1.5,1.5,1.9765625,10.506,11,6,2,13,2.5,0.90625,0.54296875
8,split,7,axis_1,feasibility,occupancy_balanced,4.58853018951,2.7177734375,0.75,0.330078125,19.1533203125,1.2666015625,0.318359375,0.9677734375,0.3125,0.0078125,26.79296875,0,0.75,0.75,1.984375,10.506,11,6,2,13.5,2.75,0.9736328125,0.318359375
8,split,7,axis_1,feasibility,truth,5.62023856882,4.05075445816,1.33333333333,0.529492455418,21.2606310014,1.52469135802,0.525377229081,1.71742112483,0.208333333333,0.000685871056241,33.3799725652,0,1.33333333333,1.33333333333,1.99862825789,10.506,11,6,2,14.3333333333,3.16666666667,0.981481481481,0.525377229081
8,split,7,axis_1,projection,family,22.1377578125,17.81640625,6,0.578125,108.123046875,5.0234375,2.09765625,5.06640625,0.375,0.01171875,17.0859375,0,1.5,1.5,1.9765625,78.008,61,30,2,13,2.5,0.90625,0.54296875
8,split,7,axis_1,projection,occupancy_balanced,20.629232132,14.2265625,3.5625,0.330078125,100.41796875,6.517578125,1.462890625,3.7890625,0.3125,0.0078125,26.79296875,0,0.75,0.75,1.984375,78.008,61,30,2,13.5,2.75,0.9736328125,0.318359375
8,split,7,axis_1,projection,truth,28.0024004915,22.244170096,6.81481481481,0.529492455418,123.787379973,7.88271604938,2.77503429355,7.42935528121,0.208333333333,0.000685871056241,33.3799725652,0,1.33333333333,1.33333333333,1.99862825789,78.008,61,30,2,14.3333333333,3.16666666667,0.981481481481,0.525377229081
8,split,7,axis_2,feasibility,family,4.28315875729,1.27235470765,0.23660130719,0.11568627451,28.2962462462,0.270588235294,0.0178767002296,0.0357534004593,0.83789745628,0.471294824236,2.74292527822,0.0135135135135,0.23660130719,0.23660130719,0.998021550963,75.535,7,4,4,9.29682034976,0.408956014838,0.270588235294,0.0178767002296
8,split,7,axis_2,feasibility,occupancy_balanced,4.22099636078,1.2236328125,0.1796875,0.088134765625,26.5373840332,0.4111328125,0.02197265625,0.0439453125,0.755859375,0.37109375,4.71398925781,0.015625,0.1796875,0.1796875,1.52886962891,75.535,7,4,4,9.953125,0.5546875,0.4111328125,0.02197265625
8,split,7,axis_2,feasibility,truth,4.87064906264,1.55555555556,0.407407407407,0.195473251029,28.6471193416,0.574302697759,0.0740740740741,0.148148148148,0.633487654321,0.172382258802,7.0438957476,0.0185185185185,0.407407407407,0.407407407407,2.19387288523,75.535,7,4,4,10.9320987654,0.895061728395,0.574302697759,0.0740740740741
8,split,7,axis_2,projection,family,7.59953959548,2.60660660661,0.40966260378,0.11568627451,58.693433139,0.394152976506,0.024960254372,0.049920508744,0.83789745628,0.471294824236,2.74292527822,0.0135135135135,0.23660130719,0.23660130719,0.998021550963,107.253,25,12,4,9.29682034976,0.408956014838,0.270588235294,0.0178767002296
8,split,7,axis_2,projection,occupancy_balanced,8.65194477844,2.93646240234,0.375244140625,0.088134765625,63.7859954834,0.767517089844,0.0337524414062,0.0675048828125,0.755859375,0.37109375,4.71398925781,0.015625,0.1796875,0.1796875,1.52886962891,107.253,25,12,4,9.953125,0.5546875,0.4111328125,0.02197265625
8,split,7,axis_2,projection,truth,11.786305727,4.54869684499,0.936899862826,0.195473251029,81.8992912666,1.33287608596,0.111568358482,0.223136716964,0.633487654321,0.172382258802,7.0438957476,0.0185185185185,0.407407407407,0.407407407407,2.19387288523,107.253,25,12,4,10.9320987654,0.895061728395,0.574302697759,0.0740740740741
8,split,7,axis_3,feasibility,family,5.04717695089,1.00236826525,0.00236826524571,0.00118413262285,38.2897284951,0.0295341174976,0,0,0.969367190519,0.819912703438,1.28484800324,0.0155388502317,0.00473653049142,0.00473653049142,0.0877622688961,25.529,3,2,8,8.24506247585,0.0307182501205,0.0295341174976,0
8,split,7,axis_3,feasibility,occupancy_balanced,4.80740372467,1.00109863281,0.0010986328125,0.00054931640625,36.3564987183,0.0515441894531,0,0,0.95690536499,0.793701171875,1.53860473633,0.0140380859375,0.002197265625,0.002197265625,0.17951965332,25.529,3,2,8,8.34475708008,0.0520935058594,0.0515441894531,0
8,split,7,axis_3,feasibility,truth,5.19856372885,1.00594421582,0.00594421582076,0.00297210791038,38.3377914952,0.113968907179,0,0,0.9146804984,0.638203017833,2.08184727938,0.0267489711934,0.0118884316415,0.0118884316415,0.4130086877,25.529,3,2,8,8.6825560128,0.116941015089,0.113968907179,0
8,split,7,axis_3,projection,family,7.43484746359,1.22840892835,0.00310834813499,0.00118413262285,64.2331083361,0.033059077726,0,0,0.969367190519,0.819912703438,1.28484800324,0.0155388502317,0.00473653049142,0.00473653049142,0.0877622688961,242.437,11,4,8,8.24506247585,0.0307182501205,0.0295341174976,0
8,split,7,axis_3,projection,occupancy_balanced,7.57091387177,1.30411529541,0.00172424316406,0.00054931640625,64.3950500488,0.0918731689453,0,0,0.95690536499,0.793701171875,1.53860473633,0.0140380859375,0.002197265625,0.002197265625,0.17951965332,242.437,11,4,8,8.34475708008,0.0520935058594,0.0515441894531,0
8,split,7,axis_3,projection,truth,8.66862717193,1.5803040695,0.00880201188843,0.00297210791038,72.755829904,0.188957475995,0,0,0.9146804984,0.638203017833,2.08184727938,0.0267489711934,0.0118884316415,0.0118884316415,0.4130086877,242.437,11,4,8,8.6825560128,0.116941015089,0.113968907179,0
8,split,7,axis_6,feasibility,family,7.27401491935,1,0,0,59.0498655914,0.0172043010753,0,0,0.980745967742,0.874731182796,1.17580645161,0.0115591397849,0,0,0.0408602150538,80.452,1,0,8,8.15403225806,0.0172043010753,0.0172043010753,0
8,split,7,axis_6,feasibility,occupancy_balanced,6.98488993835,1,0,0,56.8743286133,0.0272827148438,0,0,0.972717285156,0.855194091797,1.36898803711,0.010498046875,0,0,0.0958862304688,80.452,1,0,8,8.21826171875,0.0272827148438,0.0272827148438,0
8,split,7,axis_6,feasibility,truth,7.44995313214,1,0,0,59.333561957,0.063557384545,0,0,0.947245084591,0.743941472337,1.72153635117,0.0214906264289,0,0,0.212162780064,80.452,1,0,8,8.42203932327,0.063557384545,0.063557384545,0
8,split,7,axis_6,projection,family,11.3855204301,1.14919354839,0,0,106.292204301,0.0193548387097,0,0,0.980745967742,0.874731182796,1.17580645161,0.0115591397849,0,0,0.0408602150538,122.586,9,0,8,8.15403225806,0.0172043010753,0.0172043010753,0
8,split,7,axis_6,projection,occupancy_balanced,11.5165738297,1.20404052734,0,0,106.694847107,0.0634155273438,0,0,0.972717285156,0.855194091797,1.36898803711,0.010498046875,0,0,0.0958862304688,122.586,9,0,8,8.21826171875,0.0272827148438,0.0272827148438,0
8,split,7,axis_6,projection,truth,12.9651705533,1.38500228624,0,0,117.041952446,0.127572016461,0,0,0.947245084591,0.743941472337,1.72153635117,0.0214906264289,0,0,0.212162780064,122.586,9,0,8,8.42203932327,0.063557384545,0.063557384545,0
8,split,7,oblique_1,feasibility,family,5.44635864127,1.00640746593,0.00640746592766,0.00640746592766,42.2403028414,0,0,0,0.943606606028,0.617763331498,1.84497820462,0.286304524309,0,0.00640746592766,0.0133500625514,28.473,2,1,3,8.7224117157,0.00640746592766,0,0
8,split,7,oblique_1,feasibility,occupancy_balanced,5.40587605286,1.00869750977,0.00869750976562,0.00869750976562,41.8588867188,0,0,0,0.924007415771,0.531951904297,2.17431640625,0.343994140625,0,0.00869750976562,0.0179443359375,28.473,2,1,3,8.92181396484,0.00869750976562,0,0
8,split,7,oblique_1,feasibility,truth,5.57395787609,1.01754686786,0.0175468678555,0.0175468678555,42.4099222679,0,0,0,0.889546181984,0.335276634659,2.82830361225,0.585219478738,0,0.0175468678555,0.0370941929584,28.473,2,1,3,9.42261088249,0.0175468678555,0,0
8,split,7,oblique_1,projection,family,9.84888337674,1.72367713285,0.00767288307761,0.00640746592766,86.9402780799,0,0,0,0.943606606028,0.617763331498,1.84497820462,0.286304524309,0,0.00640746592766,0.0133500625514,415.959,6,2,3,8.7224117157,0.00640746592766,0,0
8,split,7,oblique_1,projection,occupancy_balanced,10.3790993958,1.92501831055,0.0119018554688,0.00869750976562,91.7497406006,0,0,0,0.924007415771,0.531951904297,2.17431640625,0.343994140625,0,0.00869750976562,0.0179443359375,415.959,6,2,3,8.92181396484,0.00869750976562,0,0
8,split,7,oblique_1,projection,truth,11.9963372199,2.42809785094,0.0230338363054,0.0175468678555,105.236739826,0,0,0,0.889546181984,0.335276634659,2.82830361225,0.585219478738,0,0.0175468678555,0.0370941929584,415.959,6,2,3,9.42261088249,0.0175468678555,0,0
8,split,7,oblique_2,feasibility,family,8.43425699968,1,0,0,67.7502730084,0.000231054301597,0,0,0.998671060602,0.989599539116,1.01063151519,0,0,0,0.000462108603194,123.777,1,0,2,8.01063151519,0.000231054301597,0.000231054301597,0
8,split,7,oblique_2,feasibility,occupancy_balanced,8.19310493469,1,0,0,66.2202835083,0.000152587890625,0,0,0.998840332031,0.990875244141,1.00927734375,0,0,0,0.00030517578125,123.777,1,0,2,8.00927734375,0.000152587890625,0.000152587890625,0
8,split,7,oblique_2,feasibility,truth,8.44096839278,1,0,0,67.7541723823,0.000685871056241,0,0,0.997313671696,0.979195244627,1.02149062643,0,0,0,0.00137174211248,123.777,1,0,2,8.02149062643,0.000685871056241,0.000685871056241,0
8,split,7,oblique_2,projection,family,12.6729506983,1.01063151519,0,0,115.254806362,0.000231054301597,0,0,0.998671060602,0.989599539116,1.01063151519,0,0,0,0.000462108603194,147.333,3,0,2,8.01063151519,0.000231054301597,0.000231054301597,0
8,split,7,oblique_2,projection,occupancy_balanced,12.4082640305,1.00927734375,0,0,113.65952301,0.000152587890625,0,0,0.998840332031,0.990875244141,1.00927734375,0,0,0,0.00030517578125,147.333,3,0,2,8.00927734375,0.000152587890625,0.000152587890625,0
8,split,7,oblique_2,projection,truth,12.7407675469,1.02149062643,0,0,115.778635117,0.000685871056241,0,0,0.997313671696,0.979195244627,1.02149062643,0,0,0,0.00137174211248,147.333,3,0,2,8.02149062643,0.000685871056241,0.000685871056241,0
8,split,8,axis_1,feasibility,family,6.41940625,5.140625,2,0.68359375,23.3046875,1.46875,0.66796875,2.140625,0.25,0.00390625,25.62890625,0,2,2,1.9921875,12.72,13,8,2,14,3,0.9375,0.66796875
8,split,8,axis_1,feasibility,occupancy_balanced,5.12969166565,3.3173828125,1,0.413818359375,19.6494140625,1.40747070312,0.406005859375,1.3173828125,0.25,0.00390625,31.8166503906,0,1,1,1.9921875,12.72,13,8,2,14,3,0.980224609375,0.406005859375
8,split,8,axis_1,feasibility,truth,6.47375918305,5.07742722146,1.77777777778,0.634049687548,22.4235634812,1.77777777778,0.632830361225,2.29964944368,0.111111111111,0.000152415790276,42.6521871666,0,1.77777777778,1.77777777778,1.99969516842,12.72,13,8,2,15.1111111111,3.55555555556,0.987654320988,0.632830361225
8,split,8,axis_1,projection,family,30.147125,26.4375,9.5,0.68359375,132.8125,6.78125,3.32421875,8.9375,0.25,0.00390625,25.62890625,0,2,2,1.9921875,100.603,61,32,2,14,3,0.9375,0.66796875
8,split,8,axis_1,projection,occupancy_balanced,24.3291107788,18.29296875,5.125,0.413818359375,112.791015625,7.42309570312,2.09252929688,5.66796875,0.25,0.00390625,31.8166503906,0,1,1,1.9921875,100.603,61,32,2,14,3,0.980224609375,0.406005859375
8,split,8,axis_1,projection,truth,35.3987407407,30.3869836915,10.0740740741,0.634049687548,146.456028045,9.61316872428,3.8762383783,11.3129096174,0.111111111111,0.000152415790276,42.6521871666,0,1.77777777778,1.77777777778,1.99969516842,100.603,61,32,2,15.1111111111,3.55555555556,0.987654320988,0.632830361225
8,split,8,axis_2,feasibility,family,4.79714518519,1.43456790123,0.355555555556,0.16987654321,29.6627160494,0.323950617284,0.0395061728395,0.079012345679,0.8,0.415308641975,3.24,0,0.355555555556,0.355555555556,1.26419753086,12.428,7,4,4,9.6,0.533333333333,0.323950617284,0.0395061728395
8,split,8,axis_2,feasibility,occupancy_balanced,4.59848730469,1.3203125,0.25,0.12109375,27.2998046875,0.4375,0.03515625,0.0703125,0.73046875,0.3525390625,5.2041015625,0,0.25,0.25,1.70886230469,12.428,7,4,4,10.15625,0.625,0.4375,0.03515625
8,split,8,axis_2,feasibility,truth,5.53705715592,1.87059899406,0.592592592593,0.274348422497,29.987654321,0.634049687548,0.139003200732,0.278006401463,0.567901234568,0.128181679622,8.56104252401,0,0.592592592593,0.592592592593,2.52156683432,12.428,7,4,4,11.4567901235,1.08641975309,0.634049687548,0.139003200732
8,split,8,axis_2,projection,family,8.53123061728,3.1649382716,0.634074074074,0.16987654321,64.9901234568,0.51950617284,0.0513580246914,0.102716049383,0.8,0.415308641975,3.24,0,0.355555555556,0.355555555556,1.26419753086,46.34,25,12,4,9.6,0.533333333333,0.323950617284,0.0395061728395
8,split,8,axis_2,projection,occupancy_balanced,9.21007846069,3.26135253906,0.5078125,0.12109375,67.7409667969,0.857055664062,0.0498046875,0.099609375,0.73046875,0.3525390625,5.2041015625,0,0.25,0.25,1.70886230469,46.34,25,12,4,10.15625,0.625,0.4375,0.03515625
8,split,8,axis_2,projection,truth,13.6717925621,5.66270385612,1.40466392318,0.274348422497,93.4842249657,1.65950312452,0.192653558909,0.385307117817,0.567901234568,0.128181679622,8.56104252401,0,0.592592592593,0.592592592593,2.52156683432,46.34,25,12,4,11.4567901235,1.08641975309,0.634049687548,0.139003200732
8,split,8,axis_3,feasibility,family,5.60804335437,1.00651333198,0.00651333197639,0.00325666598819,39.702625687,0.0358233258701,0,0,0.963769590881,0.797272542235,1.33543659678,0,0.0130266639528,0.0130266639528,0.117239975575,55.093,3,2,8,8.28984327295,0.0390799918583,0.0358233258701,0
8,split,8,axis_3,feasibility,occupancy_balanced,5.22387307739,1.00244140625,0.00244140625,0.001220703125,37.1285400391,0.0550537109375,0,0,0.954071044922,0.786254882812,1.58654785156,0,0.0048828125,0.0048828125,0.198974609375,55.093,3,2,8,8.36743164062,0.0562744140625,0.0550537109375,0
8,split,8,axis_3,feasibility,truth,5.81418350861,1.01585124219,0.0158512421887,0.00792562109435,39.7950007621,0.136564548087,0,0,0.897881420515,0.597012650511,2.31748209114,0,0.0317024843774,0.0317024843774,0.531626276482,55.093,3,2,8,8.81694863588,0.144490169182,0.136564548087,0
8,split,8,axis_3,projection,family,7.8133657643,1.27254223489,0.00773458172196,0.00325666598819,66.4850396906,0.0407083248524,0,0,0.963769590881,0.797272542235,1.33543659678,0,0.0130266639528,0.0130266639528,0.117239975575,86.591,11,4,8,8.28984327295,0.0390799918583,0.0358233258701,0
8,split,8,axis_3,projection,occupancy_balanced,7.70606816101,1.32513427734,0.00323486328125,0.001220703125,65.7102355957,0.10302734375,0,0,0.954071044922,0.786254882812,1.58654785156,0,0.0048828125,0.0048828125,0.198974609375,86.591,11,4,8,8.36743164062,0.0562744140625,0.0550537109375,0
8,split,8,axis_3,projection,truth,9.3590637098,1.69730224051,0.0201188843164,0.00792562109435,76.8187776254,0.236549306508,0,0,0.897881420515,0.597012650511,2.31748209114,0,0.0317024843774,0.0317024843774,0.531626276482,86.591,11,4,8,8.81694863588,0.144490169182,0.136564548087,0
8,split,8,axis_6,feasibility,family,7.92500660187,1,0,0,60.5081606455,0.0209059233449,0,0,0.9779937649,0.858793324775,1.20319090409,0,0,0,0.0498807995599,30.566,1,0,8,8.1760498808,0.0209059233449,0.0209059233449,0
8,split,8,axis_6,feasibility,occupancy_balanced,7.50034646606,1,0,0,57.6602783203,0.0289611816406,0,0,0.97119140625,0.849456787109,1.40362548828,0,0,0,0.1044921875,30.566,1,0,8,8.23046875,0.0289611816406,0.0289611816406,0
8,split,8,axis_6,feasibility,truth,8.14430909922,1,0,0,60.8545953361,0.0765127267185,0,0,0.938728852309,0.713763145862,1.87486663618,0,0,0,0.260935832952,30.566,1,0,8,8.49016918153,0.0765127267185,0.0765127267185,0
8,split,8,axis_6,projection,family,11.6535699615,1.17018155144,0,0,108.65175133,0.0238400880249,0,0,0.9779937649,0.858793324775,1.20319090409,0,0,0,0.0498807995599,78.769,9,0,8,8.1760498808,0.0209059233449,0.0209059233449,0
8,split,8,axis_6,projection,occupancy_balanced,11.5721220093,1.21630859375,0,0,108.099029541,0.0721740722656,0,0,0.97119140625,0.849456787109,1.40362548828,0,0,0,0.1044921875,78.769,9,0,8,8.23046875,0.0289611816406,0.0289611816406,0
8,split,8,axis_6,projection,truth,13.4456015851,1.44627343393,0,0,121.438500229,0.161865569273,0,0,0.938728852309,0.713763145862,1.87486663618,0,0,0,0.260935832952,78.769,9,0,8,8.49016918153,0.0765127267185,0.0765127267185,0
8,split,8,oblique_1,feasibility,family,5.83429111111,1.00583333333,0.00583333333333,0.00583333333333,42.8341666667,0,0,0,0.944548611111,0.615833333333,1.8225,0.267777777778,0,0.00583333333333,0.0125,11.408,2,1,3,8.71722222222,0.00583333333333,0,0
8,split,8,oblique_1,feasibility,occupancy_balanced,5.76159402466,1.00720214844,0.0072021484375,0.0072021484375,42.3642578125,0,0,0,0.928756713867,0.552856445312,2.09503173828,0.294921875,0,0.0072021484375,0.015380859375,11.408,2,1,3,8.8720703125,0.0072021484375,0,0
8,split,8,oblique_1,feasibility,truth,5.97420027435,1.01600365798,0.016003657979,0.016003657979,43.1201036427,0,0,0,0.893270842859,0.337905807042,2.74333180918,0.520804755373,0,0.016003657979,0.0352080475537,11.408,2,1,3,9.39064167048,0.016003657979,0,0
8,split,8,oblique_1,projection,family,9.98900194444,1.71805555556,0.00666666666667,0.00583333333333,87.4061111111,0,0,0,0.944548611111,0.615833333333,1.8225,0.267777777778,0,0.00583333333333,0.0125,69.736,6,2,3,8.71722222222,0.00583333333333,0,0
8,split,8,oblique_1,projection,occupancy_balanced,10.3434052734,1.87426757812,0.0093994140625,0.0072021484375,90.9701538086,0,0,0,0.928756713867,0.552856445312,2.09503173828,0.294921875,0,0.0072021484375,0.015380859375,69.736,6,2,3,8.8720703125,0.0072021484375,0,0
8,split,8,oblique_1,projection,truth,12.0976284103,2.39429964944,0.0196616369456,0.016003657979,105.118579485,0,0,0,0.893270842859,0.337905807042,2.74333180918,0.520804755373,0,0.016003657979,0.0352080475537,69.736,6,2,3,9.39064167048,0.016003657979,0,0
8,split,8,oblique_2,feasibility,family,9.04203825389,1,0,0,68.5159648311,0.000308499151627,0,0,0.998496066636,0.988277032238,1.01203146691,0,0,0,0.000616998303255,36.986,1,0,2,8.01203146691,0.000308499151627,0.000308499151627,0
8,split,8,oblique_2,feasibility,occupancy_balanced,8.75570527649,1,0,0,66.8548126221,0.000152587890625,0,0,0.998840332031,0.990875244141,1.00927734375,0,0,0,0.00030517578125,36.986,1,0,2,8.00927734375,0.000152587890625,0.000152587890625,0
8,split,8,oblique_2,feasibility,truth,9.05197485139,1,0,0,68.5275110501,0.000914494741655,0,0,0.996951684194,0.976527968298,1.02438652644,0,0,0,0.00182898948331,36.986,1,0,2,8.02438652644,0.000914494741655,0.000914494741655,0
8,split,8,oblique_2,projection,family,12.8142582138,1.01203146691,0,0,116.086534012,0.000308499151627,0,0,0.998496066636,0.988277032238,1.01203146691,0,0,0,0.000616998303255,87.012,3,0,2,8.01203146691,0.000308499151627,0.000308499151627,0
8,split,8,oblique_2,projection,occupancy_balanced,12.5301365204,1.00927734375,0,0,114.293365479,0.000152587890625,0,0,0.998840332031,0.990875244141,1.00927734375,0,0,0,0.00030517578125,87.012,3,0,2,8.00927734375,0.000152587890625,0.000152587890625,0
8,split,8,oblique_2,projection,truth,12.8898195397,1.02438652644,0,0,116.688766956,0.000914494741655,0,0,0.996951684194,0.976527968298,1.02438652644,0,0,0,0.00182898948331,87.012,3,0,2,8.02438652644,0.000914494741655,0.000914494741655,0
16,same,0,axis_1,feasibility,family,2.47216049383,1,0,0,24.3333333333,0,0,0,0.833333333333,0.197530864198,3.16049382716,1.33333333333,0,0,0,3.676,1,0,0,9.33333333333,0,0,0
16,same,0,axis_1,feasibility,occupancy_balanced,2.40903125,1,0,0,23.75,0,0,0,0.75,0.0625,5.0625,2,0,0,0,3.676,1,0,0,10,0,0,0
16,same,0,axis_1,feasibility,truth,2.40903125,1,0,0,23.75,0,0,0,0.75,0.0625,5.0625,2,0,0,0,3.676,1,0,0,10,0,0,0
16,same,0,axis_1,projection,family,5.90264197531,2.33333333333,0,0,64,0,0,0,0.833333333333,0.197530864198,3.16049382716,1.33333333333,0,0,0,9.945,5,0,0,9.33333333333,0,0,0
16,same,0,axis_1,projection,occupancy_balanced,6.8830546875,3,0,0,74.75,0,0,0,0.75,0.0625,5.0625,2,0,0,0,9.945,5,0,0,10,0,0,0
16,same,0,axis_1,projection,truth,6.8830546875,3,0,0,74.75,0,0,0,0.75,0.0625,5.0625,2,0,0,0,9.945,5,0,0,10,0,0,0
16,same,0,axis_2,feasibility,family,3.34627040816,1,0,0,34.6428571429,0,0,0,0.964285714286,0.734693877551,1.30612244898,0.285714285714,0,0,0,4.056,1,0,0,8.28571428571,0,0,0
16,same,0,axis_2,feasibility,occupancy_balanced,3.3315625,1,0,0,34.375,0,0,0,0.9375,0.5625,1.5625,0.5,0,0,0,4.056,1,0,0,8.5,0,0,0
16,same,0,axis_2,feasibility,truth,3.3315625,1,0,0,34.375,0,0,0,0.9375,0.5625,1.5625,0.5,0,0,0,4.056,1,0,0,8.5,0,0,0
16,same,0,axis_2,projection,family,5.63896938776,1.28571428571,0,0,64.2142857143,0,0,0,0.964285714286,0.734693877551,1.30612244898,0.285714285714,0,0,0,9.384,3,0,0,8.28571428571,0,0,0
16,same,0,axis_2,projection,occupancy_balanced,6.06571875,1.5,0,0,68.875,0,0,0,0.9375,0.5625,1.5625,0.5,0,0,0,9.384,3,0,0,8.5,0,0,0
16,same,0,axis_2,projection,truth,6.06571875,1.5,0,0,68.875,0,0,0,0.9375,0.5625,1.5625,0.5,0,0,0,9.384,3,0,0,8.5,0,0,0
16,same,0,axis_3,feasibility,family,4.54240416667,1,0,0,46.9833333333,0,0,0,0.991666666667,0.933333333333,1.06666666667,0.0666666666667,0,0,0,6.489,1,0,0,8.06666666667,0,0,0
16,same,0,axis_3,feasibility,occupancy_balanced,4.53994140625,1,0,0,46.90625,0,0,0,0.984375,0.875,1.125,0.125,0,0,0,6.489,1,0,0,8.125,0,0,0
16,same,0,axis_3,feasibility,truth,4.53994140625,1,0,0,46.90625,0,0,0,0.984375,0.875,1.125,0.125,0,0,0,6.489,1,0,0,8.125,0,0,0
16,same,0,axis_3,projection,family,7.340725,1.06666666667,0,0,83.25,0,0,0,0.991666666667,0.933333333333,1.06666666667,0.0666666666667,0,0,0,11.808,2,0,0,8.06666666667,0,0,0
16,same,0,axis_3,projection,occupancy_balanced,7.5183671875,1.125,0,0,85.15625,0,0,0,0.984375,0.875,1.125,0.125,0,0,0,11.808,2,0,0,8.125,0,0,0
16,same,0,axis_3,projection,truth,7.5183671875,1.125,0,0,85.15625,0,0,0,0.984375,0.875,1.125,0.125,0,0,0,11.808,2,0,0,8.125,0,0,0
16,same,0,axis_6,feasibility,family,6.592171875,1,0,0,70.4375,0,0,0,1,1,1,0,0,0,0,7.421,1,0,0,8,0,0,0
16,same,0,axis_6,feasibility,occupancy_balanced,6.592171875,1,0,0,70.4375,0,0,0,1,1,1,0,0,0,0,7.421,1,0,0,8,0,0,0
16,same,0,axis_6,feasibility,truth,6.592171875,1,0,0,70.4375,0,0,0,1,1,1,0,0,0,0,7.421,1,0,0,8,0,0,0
16,same,0,axis_6,projection,family,10.8522382812,1,0,0,127.4375,0,0,0,1,1,1,0,0,0,0,15.573,1,0,0,8,0,0,0
16,same,0,axis_6,projection,occupancy_balanced,10.8522382812,1,0,0,127.4375,0,0,0,1,1,1,0,0,0,0,15.573,1,0,0,8,0,0,0
16,same,0,axis_6,projection,truth,10.8522382812,1,0,0,127.4375,0,0,0,1,1,1,0,0,0,0,15.573,1,0,0,8,0,0,0
16,same,0,oblique_1,feasibility,family,9.54978181818,1,0,0,81.0454545455,0.00909090909091,0,0,0.979545454545,0.845454545455,1.16363636364,0.145454545455,0,0,0.0181818181818,13.511,1,0,2,8.16363636364,0.00909090909091,0.00909090909091,0
16,same,0,oblique_1,feasibility,occupancy_balanced,9.67160546875,1,0,0,81.1484375,0.0234375,0,0,0.962890625,0.7265625,1.296875,0.25,0,0,0.046875,13.511,1,0,2,8.296875,0.0234375,0.0234375,0
16,same,0,oblique_1,feasibility,truth,9.67160546875,1,0,0,81.1484375,0.0234375,0,0,0.962890625,0.7265625,1.296875,0.25,0,0,0.046875,13.511,1,0,2,8.296875,0.0234375,0.0234375,0
16,same,0,oblique_1,projection,family,16.3584772727,1.16363636364,0,0,151.063636364,0.00909090909091,0,0,0.979545454545,0.845454545455,1.16363636364,0.145454545455,0,0,0.0181818181818,43.526,3,0,2,8.16363636364,0.00909090909091,0.00909090909091,0
16,same,0,oblique_1,projection,occupancy_balanced,17.5399375,1.296875,0,0,159.4765625,0.0234375,0,0,0.962890625,0.7265625,1.296875,0.25,0,0,0.046875,43.526,3,0,2,8.296875,0.0234375,0.0234375,0
16,same,0,oblique_1,projection,truth,17.5399375,1.296875,0,0,159.4765625,0.0234375,0,0,0.962890625,0.7265625,1.296875,0.25,0,0,0.046875,43.526,3,0,2,8.296875,0.0234375,0.0234375,0
16,same,0,oblique_2,feasibility,family,16.5679637097,1,0,0,133.217741935,0.00403225806452,0,0,0.995967741935,0.971774193548,1.03225806452,0.0241935483871,0,0,0.00806451612903,24.076,1,0,2,8.03225806452,0.00403225806452,0.00403225806452,0
16,same,0,oblique_2,feasibility,occupancy_balanced,16.6443515625,1,0,0,133.125,0.01171875,0,0,0.9912109375,0.94140625,1.0703125,0.046875,0,0,0.0234375,24.076,1,0,2,8.0703125,0.01171875,0.01171875,0
16,same,0,oblique_2,feasibility,truth,16.6443515625,1,0,0,133.125,0.01171875,0,0,0.9912109375,0.94140625,1.0703125,0.046875,0,0,0.0234375,24.076,1,0,2,8.0703125,0.01171875,0.01171875,0
16,same,0,oblique_2,projection,family,27.8580040323,1.03225806452,0,0,243.758064516,0.00403225806452,0,0,0.995967741935,0.971774193548,1.03225806452,0.0241935483871,0,0,0.00806451612903,62.044,3,0,2,8.03225806452,0.00403225806452,0.00403225806452,0
16,same,0,oblique_2,projection,occupancy_balanced,28.5005859375,1.0703125,0,0,247.90625,0.01171875,0,0,0.9912109375,0.94140625,1.0703125,0.046875,0,0,0.0234375,62.044,3,0,2,8.0703125,0.01171875,0.01171875,0
16,same,0,oblique_2,projection,truth,28.5005859375,1.0703125,0,0,247.90625,0.01171875,0,0,0.9912109375,0.94140625,1.0703125,0.046875,0,0,0.0234375,62.044,3,0,2,8.0703125,0.01171875,0.01171875,0
16,same,4,axis_1,feasibility,family,3.097752,1,0,0,28.1,0,0,0,0.9,0.4096,2.0736,0.4,0,0,0,24.226,1,0,0,8.8,0,0,0
16,same,4,axis_1,feasibility,occupancy_balanced,3.09607910156,1,0,0,28,0,0,0,0.84375,0.227111816406,2.98101806641,0.5,0,0,0,24.226,1,0,0,9.25,0,0,0
16,same,4,axis_1,feasibility,truth,3.0574525463,1,0,0,27.6666666667,0,0,0,0.833333333333,0.197530864198,3.16049382716,0.666666666667,0,0,0,24.226,1,0,0,9.33333333333,0,0,0
16,same,4,axis_1,projection,family,5.6708504,1.8,0,0,58.7,0,0,0,0.9,0.4096,2.0736,0.4,0,0,0,32.579,5,0,0,8.8,0,0,0
16,same,4,axis_1,projection,occupancy_balanced,6.39570727539,2.25,0,0,66.25,0,0,0,0.84375,0.227111816406,2.98101806641,0.5,0,0,0,32.579,5,0,0,9.25,0,0,0
16,same,4,axis_1,projection,truth,6.48660725309,2.33333333333,0,0,67.3333333333,0,0,0,0.833333333333,0.197530864198,3.16049382716,0.666666666667,0,0,0,32.579,5,0,0,9.33333333333,0,0,0
16,same,4,axis_2,feasibility,family,3.88520074368,1,0,0,35.9706439394,0,0,0,0.971946022727,0.788287706612,1.23715134298,0.130681818182,0,0,0,9.995,1,0,0,8.22443181818,0,0,0
16,same,4,axis_2,feasibility,occupancy_balanced,3.87880444336,1,0,0,35.8671875,0,0,0,0.962890625,0.7255859375,1.3193359375,0.15625,0,0,0,9.995,1,0,0,8.296875,0,0,0
16,same,4,axis_2,feasibility,truth,3.86908468364,1,0,0,35.7361111111,0,0,0,0.949652777778,0.638117283951,1.44367283951,0.236111111111,0,0,0,9.995,1,0,0,8.40277777778,0,0,0
16,same,4,axis_2,projection,family,6.06929032983,1.22443181818,0,0,64.1325757576,0,0,0,0.971946022727,0.788287706612,1.23715134298,0.130681818182,0,0,0,49.445,3,0,0,8.22443181818,0,0,0
16,same,4,axis_2,projection,occupancy_balanced,6.24022753906,1.296875,0,0,65.6953125,0,0,0,0.962890625,0.7255859375,1.3193359375,0.15625,0,0,0,49.445,3,0,0,8.296875,0,0,0
16,same,4,axis_2,projection,truth,6.44824440586,1.40277777778,0,0,68,0,0,0,0.949652777778,0.638117283951,1.44367283951,0.236111111111,0,0,0,49.445,3,0,0,8.40277777778,0,0,0
16,same,4,axis_3,feasibility,family,4.89504961192,1,0,0,47.8973935449,0,0,0,0.993762910683,0.950103285461,1.04989671454,0.0255754475703,0,0,0,8.864,1,0,0,8.04989671454,0,0,0
16,same,4,axis_3,feasibility,occupancy_balanced,4.8849732666,1,0,0,47.6865234375,0,0,0,0.99169921875,0.93359375,1.06640625,0.03125,0,0,0,8.864,1,0,0,8.06640625,0,0,0
16,same,4,axis_3,feasibility,truth,4.89285339506,1,0,0,47.8333333333,0,0,0,0.988136574074,0.905092592593,1.09490740741,0.0486111111111,0,0,0,8.864,1,0,0,8.09490740741,0,0,0
16,same,4,axis_3,projection,family,7.64887049407,1.04989671454,0,0,83.5938818392,0,0,0,0.993762910683,0.950103285461,1.04989671454,0.0255754475703,0,0,0,23.265,2,0,0,8.04989671454,0,0,0
16,same,4,axis_3,projection,occupancy_balanced,7.69641955566,1.06640625,0,0,83.9443359375,0,0,0,0.99169921875,0.93359375,1.06640625,0.03125,0,0,0,23.265,2,0,0,8.06640625,0,0,0
16,same,4,axis_3,projection,truth,7.78898148148,1.09490740741,0,0,85.0601851852,0,0,0,0.988136574074,0.905092592593,1.09490740741,0.0486111111111,0,0,0,23.265,2,0,0,8.09490740741,0,0,0
16,same,4,axis_6,feasibility,family,7.11338078704,1,0,0,71.2175925926,0,0,0,1,1,1,0,0,0,0,33.12,1,0,0,8,0,0,0
16,same,4,axis_6,feasibility,occupancy_balanced,7.09525598145,1,0,0,70.94921875,0,0,0,1,1,1,0,0,0,0,33.12,1,0,0,8,0,0,0
16,same,4,axis_6,feasibility,truth,7.11338078704,1,0,0,71.2175925926,0,0,0,1,1,1,0,0,0,0,33.12,1,0,0,8,0,0,0
16,same,4,axis_6,projection,family,11.3882469136,1,0,0,128.217592593,0,0,0,1,1,1,0,0,0,0,57.016,1,0,0,8,0,0,0
16,same,4,axis_6,projection,occupancy_balanced,11.3756104126,1,0,0,127.94921875,0,0,0,1,1,1,0,0,0,0,57.016,1,0,0,8,0,0,0
16,same,4,axis_6,projection,truth,11.3882469136,1,0,0,128.217592593,0,0,0,1,1,1,0,0,0,0,57.016,1,0,0,8,0,0,0
16,same,4,oblique_1,feasibility,family,11.5922020882,1.00460693793,0.00460693792564,0.00431556263427,89.4051879097,0.0167369789115,0,0,0.966462987454,0.760409674264,1.36979400949,0.13167479692,0,0.00460693792564,0.0402170385734,52.039,3,2,3,8.338521867,0.0188731217363,0.0167369789115,0
16,same,4,oblique_1,feasibility,occupancy_balanced,11.6617201538,1.01428222656,0.0142822265625,0.0128173828125,88.9767456055,0.0355834960938,0,0,0.952995300293,0.686889648438,1.58111572266,0.1474609375,0,0.0142822265625,0.0906982421875,52.039,3,2,3,8.49114990234,0.0408325195312,0.0355834960938,0
16,same,4,oblique_1,feasibility,truth,12.170921875,1.02391975309,0.0239197530864,0.0223765432099,90.5775462963,0.0599922839506,0,0,0.931544174383,0.560185185185,1.91936728395,0.240547839506,0,0.0239197530864,0.150848765432,52.039,3,2,3,8.7388117284,0.0669367283951,0.0599922839506,0
16,same,4,oblique_1,projection,family,19.6755717444,1.33675765229,0.00489831321702,0.00431556263427,169.678319496,0.018916398721,0,0,0.966462987454,0.760409674264,1.36979400949,0.13167479692,0,0.00460693792564,0.0402170385734,74.002,7,3,3,8.338521867,0.0188731217363,0.0167369789115,0
16,same,4,oblique_1,projection,occupancy_balanced,20.9111637573,1.49066162109,0.0157470703125,0.0128173828125,178.27142334,0.0431518554688,0,0,0.952995300293,0.686889648438,1.58111572266,0.1474609375,0,0.0142822265625,0.0906982421875,74.002,7,3,3,8.49114990234,0.0408325195312,0.0355834960938,0
16,same,4,oblique_1,projection,truth,23.287169946,1.73321759259,0.025462962963,0.0223765432099,194.285686728,0.075424382716,0,0,0.931544174383,0.560185185185,1.91936728395,0.240547839506,0,0.0239197530864,0.150848765432,74.002,7,3,3,8.7388117284,0.0669367283951,0.0599922839506,0
16,same,4,oblique_2,feasibility,family,18.3200395883,1,0,0,141.083660971,0.00772521752571,0,0,0.989918712587,0.927932551155,1.1105674915,0.0271380134798,0,0,0.0154504350514,136.527,1,0,2,8.10130907464,0.00772521752571,0.00772521752571,0
16,same,4,oblique_2,feasibility,occupancy_balanced,18.0232668457,1,0,0,138.869873047,0.0176391601562,0,0,0.98477935791,0.897583007812,1.18792724609,0.034912109375,0,0,0.0352783203125,136.527,1,0,2,8.16302490234,0.0176391601562,0.0176391601562,0
16,same,4,oblique_2,feasibility,truth,18.5953852238,1,0,0,140.699652778,0.033950617284,0,0,0.974754050926,0.835841049383,1.32986111111,0.0626929012346,0,0,0.0679012345679,136.527,1,0,2,8.27758487654,0.033950617284,0.033950617284,0
16,same,4,oblique_2,projection,family,30.1828003083,1.09831164081,0,0,258.745754927,0.00772521752571,0,0,0.989918712587,0.927932551155,1.1105674915,0.0271380134798,0,0,0.0154504350514,158.31,4,0,2,8.10130907464,0.00772521752571,0.00772521752571,0
16,same,4,oblique_2,projection,occupancy_balanced,30.7213131104,1.15545654297,0,0,262.820861816,0.0176391601562,0,0,0.98477935791,0.897583007812,1.18792724609,0.034912109375,0,0,0.0352783203125,158.31,4,0,2,8.16302490234,0.0176391601562,0.0176391601562,0
16,same,4,oblique_2,projection,truth,32.948494213,1.2606095679,0,0,276.173032407,0.033950617284,0,0,0.974754050926,0.835841049383,1.32986111111,0.0626929012346,0,0,0.0679012345679,158.31,4,0,2,8.27758487654,0.033950617284,0.033950617284,0
16,same,8,axis_1,feasibility,family,3.55098292378,1,0,0,31.1428571429,0,0,0,0.857142857143,0.260308204915,2.73261141191,0,0,0,0,6.34,1,0,0,9.14285714286,0,0,0
16,same,8,axis_1,feasibility,occupancy_balanced,3.56470782471,1,0,0,31.125,0,0,0,0.8125,0.152587890625,3.57446289062,0,0,0,0,6.34,1,0,0,9.5,0,0,0
16,same,8,axis_1,feasibility,truth,3.54013305898,1,0,0,30.8888888889,0,0,0,0.777777777778,0.0952598689224,4.35314738607,0,0,0,0,6.34,1,0,0,9.77777777778,0,0,0
16,same,8,axis_1,projection,family,6.62095585173,2.14285714286,0,0,67.5714285714,0,0,0,0.857142857143,0.260308204915,2.73261141191,0,0,0,0,27.441,5,0,0,9.14285714286,0,0,0
16,same,8,axis_1,projection,occupancy_balanced,7.20408882141,2.5,0,0,73.625,0,0,0,0.8125,0.152587890625,3.57446289062,0,0,0,0,27.441,5,0,0,9.5,0,0,0
16,same,8,axis_1,projection,truth,7.63064898643,2.77777777778,0,0,78.1111111111,0,0,0,0.777777777778,0.0952598689224,4.35314738607,0,0,0,0,27.441,5,0,0,9.77777777778,0,0,0
16,same,8,axis_2,feasibility,family,4.43443537415,1,0,0,38.6349206349,0.0624842529604,0,0,0.928571428571,0.556563366087,1.65306122449,0,0,0,0.124968505921,101.303,1,0,2,8.57142857143,0.0634920634921,0.0624842529604,0
16,same,8,axis_2,feasibility,occupancy_balanced,4.42124612427,1,0,0,38.56640625,0.0765991210938,0,0,0.921875,0.527893066406,1.72265625,0,0,0,0.153198242188,101.303,1,0,2,8.625,0.078125,0.0765991210938,0
16,same,8,axis_2,feasibility,truth,4.50026185033,1,0,0,38.3580246914,0.142661179698,0,0,0.876543209877,0.336686480719,2.23151958543,0,0,0,0.285322359396,101.303,1,0,2,8.98765432099,0.148148148148,0.142661179698,0
16,same,8,axis_2,projection,family,7.582430839,1.55933484505,0,0,74.9123204837,0.0685311161502,0,0,0.928571428571,0.556563366087,1.65306122449,0,0,0,0.124968505921,68.334,5,0,2,8.57142857143,0.0634920634921,0.0624842529604,0
16,same,8,axis_2,projection,occupancy_balanced,7.68367105103,1.60943603516,0,0,76.0912475586,0.08544921875,0,0,0.921875,0.527893066406,1.72265625,0,0,0,0.153198242188,68.334,5,0,2,8.625,0.078125,0.0765991210938,0
16,same,8,axis_2,projection,truth,8.62003033074,1.94375857339,0,0,84.0274348422,0.171925011431,0,0,0.876543209877,0.336686480719,2.23151958543,0,0,0,0.285322359396,68.334,5,0,2,8.98765432099,0.148148148148,0.142661179698,0
16,same,8,axis_3,feasibility,family,5.63891209877,1,0,0,52.3708641975,0.00296296296296,0,0,0.99,0.922962962963,1.08,0,0,0,0.00592592592593,26.44,1,0,2,8.08,0.00296296296296,0.00296296296296,0
16,same,8,axis_3,feasibility,occupancy_balanced,5.57893153381,1,0,0,51.5050048828,0.00244140625,0,0,0.990966796875,0.93017578125,1.072265625,0,0,0,0.0048828125,26.44,1,0,2,8.072265625,0.00244140625,0.00244140625,0
16,same,8,axis_3,feasibility,truth,5.6467297668,1,0,0,52.3173296754,0.0082304526749,0,0,0.980795610425,0.854595336077,1.1536351166,0,0,0,0.0164609053498,26.44,1,0,2,8.1536351166,0.0082304526749,0.0082304526749,0
16,same,8,axis_3,projection,family,8.55366930041,1.08,0,0,89.1086419753,0.00296296296296,0,0,0.99,0.922962962963,1.08,0,0,0,0.00592592592593,25.839,3,0,2,8.08,0.00296296296296,0.00296296296296,0
16,same,8,axis_3,projection,occupancy_balanced,8.47351567078,1.072265625,0,0,87.9766845703,0.00244140625,0,0,0.990966796875,0.93017578125,1.072265625,0,0,0,0.0048828125,25.839,3,0,2,8.072265625,0.00244140625,0.00244140625,0
16,same,8,axis_3,projection,truth,8.80569714982,1.1536351166,0,0,91.5903063557,0.0082304526749,0,0,0.980795610425,0.854595336077,1.1536351166,0,0,0,0.0164609053498,25.839,3,0,2,8.1536351166,0.0082304526749,0.0082304526749,0
16,same,8,axis_6,feasibility,family,8.04317314434,1,0,0,76.0332266423,0,0,0,1,1,1,0,0,0,0,50.887,1,0,0,8,0,0,0
16,same,8,axis_6,feasibility,occupancy_balanced,7.93457839966,1,0,0,74.8520507812,0,0,0,1,1,1,0,0,0,0,50.887,1,0,0,8,0,0,0
16,same,8,axis_6,feasibility,truth,8.04317314434,1,0,0,76.0332266423,0,0,0,1,1,1,0,0,0,0,50.887,1,0,0,8,0,0,0
16,same,8,axis_6,projection,family,12.5662767871,1,0,0,133.033226642,0,0,0,1,1,1,0,0,0,0,81.593,1,0,0,8,0,0,0
16,same,8,axis_6,projection,occupancy_balanced,12.4584385223,1,0,0,131.852050781,0,0,0,1,1,1,0,0,0,0,81.593,1,0,0,8,0,0,0
16,same,8,axis_6,projection,truth,12.5662767871,1,0,0,133.033226642,0,0,0,1,1,1,0,0,0,0,81.593,1,0,0,8,0,0,0
16,same,8,oblique_1,feasibility,family,13.0097911953,1.01229709788,0.0122970978849,0.0118052139695,95.7688145598,0.0241023118544,0,0,0.955207820954,0.696999508116,1.61362518446,0.130595179538,0,0.017953762912,0.0703393999016,90.037,3,2,3,8.52434825381,0.0332021642892,0.0241023118544,0
16,same,8,oblique_1,feasibility,occupancy_balanced,12.5521625671,1.01379394531,0.0137939453125,0.0130615234375,93.4075317383,0.0255126953125,0,0,0.952087402344,0.675415039062,1.65423583984,0.130493164062,0,0.0189208984375,0.07373046875,90.037,3,2,3,8.55010986328,0.0338134765625,0.0255126953125,0
16,same,8,oblique_1,feasibility,truth,13.9418186252,1.05227861606,0.0522786160646,0.0498399634202,97.6919676879,0.0946502057613,0,0,0.902320530407,0.431946349642,2.73235787228,0.278920896205,0,0.0681298582533,0.268404206676,90.037,3,2,3,9.22633744856,0.119646395367,0.0946502057613,0
16,same,8,oblique_1,projection,family,22.5699648303,1.5191834727,0.0137727496311,0.0118052139695,186.7538121,0.0268076733891,0,0,0.955207820954,0.696999508116,1.61362518446,0.130595179538,0,0.017953762912,0.0703393999016,96.406,7,3,3,8.52434825381,0.0332021642892,0.0241023118544,0
16,same,8,oblique_1,projection,occupancy_balanced,22.3569654236,1.5478515625,0.0162353515625,0.0130615234375,186.039489746,0.0296020507812,0,0,0.952087402344,0.675415039062,1.65423583984,0.130493164062,0,0.0189208984375,0.07373046875,96.406,7,3,3,8.55010986328,0.0338134765625,0.0255126953125,0
16,same,8,oblique_1,projection,truth,28.9064869684,2.20454199055,0.0620332266423,0.0498399634202,228.724889499,0.115073921658,0,0,0.902320530407,0.431946349642,2.73235787228,0.278920896205,0,0.0681298582533,0.268404206676,96.406,7,3,3,9.22633744856,0.119646395367,0.0946502057613,0
16,same,8,oblique_2,feasibility,family,19.8900755847,1,0,0,148.788400374,0.0114125350795,0,0,0.98199251637,0.877081384471,1.22750233863,0.0340505144995,0,0,0.022825070159,70.687,1,0,2,8.19008419083,0.0114125350795,0.0114125350795,0
16,same,8,oblique_2,feasibility,occupancy_balanced,18.9205291443,1,0,0,143.949859619,0.0116577148438,0,0,0.984527587891,0.8974609375,1.20275878906,0.028076171875,0,0,0.0233154296875,70.687,1,0,2,8.16418457031,0.0116577148438,0.0116577148438,0
16,same,8,oblique_2,feasibility,truth,20.4333286084,1,0,0,147.84468831,0.0515165371132,0,0,0.951912818168,0.714525224813,1.79012345679,0.113397347965,0,0,0.103033074226,70.687,1,0,2,8.57155921353,0.0515165371132,0.0515165371132,0
16,same,8,oblique_2,projection,family,33.1041861553,1.18409728718,0,0,275.695229186,0.0114125350795,0,0,0.98199251637,0.877081384471,1.22750233863,0.0340505144995,0,0,0.022825070159,134.393,5,0,2,8.19008419083,0.0114125350795,0.0114125350795,0
16,same,8,oblique_2,projection,occupancy_balanced,31.6870295105,1.15802001953,0,0,268.068939209,0.0116577148438,0,0,0.984527587891,0.8974609375,1.20275878906,0.028076171875,0,0,0.0233154296875,134.393,5,0,2,8.16418457031,0.0116577148438,0.0116577148438,0
16,same,8,oblique_2,projection,truth,39.2627059899,1.53482700808,0,0,312.894071026,0.0515165371132,0,0,0.951912818168,0.714525224813,1.79012345679,0.113397347965,0,0,0.103033074226,134.393,5,0,2,8.57155921353,0.0515165371132,0.0515165371132,0
16,split,0,axis_1,feasibility,family,2.46014814815,1,0,0,24.3333333333,0,0,0,0.833333333333,0.197530864198,3.16049382716,1.33333333333,0,0,0,2.724,1,0,0,9.33333333333,0,0,0
16,split,0,axis_1,feasibility,occupancy_balanced,2.41133203125,1,0,0,23.75,0,0,0,0.75,0.0625,5.0625,2,0,0,0,2.724,1,0,0,10,0,0,0
16,split,0,axis_1,feasibility,truth,2.41133203125,1,0,0,23.75,0,0,0,0.75,0.0625,5.0625,2,0,0,0,2.724,1,0,0,10,0,0,0
16,split,0,axis_1,projection,family,5.86197530864,2.33333333333,0,0,64,0,0,0,0.833333333333,0.197530864198,3.16049382716,1.33333333333,0,0,0,10.075,5,0,0,9.33333333333,0,0,0
16,split,0,axis_1,projection,occupancy_balanced,6.8931640625,3,0,0,74.75,0,0,0,0.75,0.0625,5.0625,2,0,0,0,10.075,5,0,0,10,0,0,0
16,split,0,axis_1,projection,truth,6.8931640625,3,0,0,74.75,0,0,0,0.75,0.0625,5.0625,2,0,0,0,10.075,5,0,0,10,0,0,0
16,split,0,axis_2,feasibility,family,3.39043367347,1,0,0,34.6428571429,0,0,0,0.964285714286,0.734693877551,1.30612244898,0.285714285714,0,0,0,4.056,1,0,0,8.28571428571,0,0,0
16,split,0,axis_2,feasibility,occupancy_balanced,3.3779765625,1,0,0,34.375,0,0,0,0.9375,0.5625,1.5625,0.5,0,0,0,4.056,1,0,0,8.5,0,0,0
16,split,0,axis_2,feasibility,truth,3.3779765625,1,0,0,34.375,0,0,0,0.9375,0.5625,1.5625,0.5,0,0,0,4.056,1,0,0,8.5,0,0,0
16,split,0,axis_2,projection,family,5.81193877551,1.28571428571,0,0,64.2142857143,0,0,0,0.964285714286,0.734693877551,1.30612244898,0.285714285714,0,0,0,13.241,3,0,0,8.28571428571,0,0,0
16,split,0,axis_2,projection,occupancy_balanced,6.29232421875,1.5,0,0,68.875,0,0,0,0.9375,0.5625,1.5625,0.5,0,0,0,13.241,3,0,0,8.5,0,0,0
16,split,0,axis_2,projection,truth,6.29232421875,1.5,0,0,68.875,0,0,0,0.9375,0.5625,1.5625,0.5,0,0,0,13.241,3,0,0,8.5,0,0,0
16,split,0,axis_3,feasibility,family,4.53707916667,1,0,0,46.9833333333,0,0,0,0.991666666667,0.933333333333,1.06666666667,0.0666666666667,0,0,0,6.239,1,0,0,8.06666666667,0,0,0
16,split,0,axis_3,feasibility,occupancy_balanced,4.54258203125,1,0,0,46.90625,0,0,0,0.984375,0.875,1.125,0.125,0,0,0,6.239,1,0,0,8.125,0,0,0
16,split,0,axis_3,feasibility,truth,4.54258203125,1,0,0,46.90625,0,0,0,0.984375,0.875,1.125,0.125,0,0,0,6.239,1,0,0,8.125,0,0,0
16,split,0,axis_3,projection,family,7.384975,1.06666666667,0,0,83.25,0,0,0,0.991666666667,0.933333333333,1.06666666667,0.0666666666667,0,0,0,15.023,2,0,0,8.06666666667,0,0,0
16,split,0,axis_3,projection,occupancy_balanced,7.572046875,1.125,0,0,85.15625,0,0,0,0.984375,0.875,1.125,0.125,0,0,0,15.023,2,0,0,8.125,0,0,0
16,split,0,axis_3,projection,truth,7.572046875,1.125,0,0,85.15625,0,0,0,0.984375,0.875,1.125,0.125,0,0,0,15.023,2,0,0,8.125,0,0,0
16,split,0,axis_6,feasibility,family,6.87671875,1,0,0,70.4375,0,0,0,1,1,1,0,0,0,0,11.438,1,0,0,8,0,0,0
16,split,0,axis_6,feasibility,occupancy_balanced,6.87671875,1,0,0,70.4375,0,0,0,1,1,1,0,0,0,0,11.438,1,0,0,8,0,0,0
16,split,0,axis_6,feasibility,truth,6.87671875,1,0,0,70.4375,0,0,0,1,1,1,0,0,0,0,11.438,1,0,0,8,0,0,0
16,split,0,axis_6,projection,family,11.3328632812,1,0,0,127.4375,0,0,0,1,1,1,0,0,0,0,21.002,1,0,0,8,0,0,0
16,split,0,axis_6,projection,occupancy_balanced,11.3328632812,1,0,0,127.4375,0,0,0,1,1,1,0,0,0,0,21.002,1,0,0,8,0,0,0
16,split,0,axis_6,projection,truth,11.3328632812,1,0,0,127.4375,0,0,0,1,1,1,0,0,0,0,21.002,1,0,0,8,0,0,0
16,split,0,oblique_1,feasibility,family,9.66148636364,1,0,0,81.0454545455,0.00909090909091,0,0,0.979545454545,0.845454545455,1.16363636364,0.145454545455,0,0,0.0181818181818,13.741,1,0,2,8.16363636364,0.00909090909091,0.00909090909091,0
16,split,0,oblique_1,feasibility,occupancy_balanced,9.77929296875,1,0,0,81.1484375,0.0234375,0,0,0.962890625,0.7265625,1.296875,0.25,0,0,0.046875,13.741,1,0,2,8.296875,0.0234375,0.0234375,0
16,split,0,oblique_1,feasibility,truth,9.77929296875,1,0,0,81.1484375,0.0234375,0,0,0.962890625,0.7265625,1.296875,0.25,0,0,0.046875,13.741,1,0,2,8.296875,0.0234375,0.0234375,0
16,split,0,oblique_1,projection,family,16.4592181818,1.16363636364,0,0,151.063636364,0.00909090909091,0,0,0.979545454545,0.845454545455,1.16363636364,0.145454545455,0,0,0.0181818181818,36.605,3,0,2,8.16363636364,0.00909090909091,0.00909090909091,0
16,split,0,oblique_1,projection,occupancy_balanced,17.5977851562,1.296875,0,0,159.4765625,0.0234375,0,0,0.962890625,0.7265625,1.296875,0.25,0,0,0.046875,36.605,3,0,2,8.296875,0.0234375,0.0234375,0
16,split,0,oblique_1,projection,truth,17.5977851562,1.296875,0,0,159.4765625,0.0234375,0,0,0.962890625,0.7265625,1.296875,0.25,0,0,0.046875,36.605,3,0,2,8.296875,0.0234375,0.0234375,0
16,split,0,oblique_2,feasibility,family,16.2456653226,1,0,0,133.217741935,0.00403225806452,0,0,0.995967741935,0.971774193548,1.03225806452,0.0241935483871,0,0,0.00806451612903,22.114,1,0,2,8.03225806452,0.00403225806452,0.00403225806452,0
16,split,0,oblique_2,feasibility,occupancy_balanced,16.3117773438,1,0,0,133.125,0.01171875,0,0,0.9912109375,0.94140625,1.0703125,0.046875,0,0,0.0234375,22.114,1,0,2,8.0703125,0.01171875,0.01171875,0
16,split,0,oblique_2,feasibility,truth,16.3117773438,1,0,0,133.125,0.01171875,0,0,0.9912109375,0.94140625,1.0703125,0.046875,0,0,0.0234375,22.114,1,0,2,8.0703125,0.01171875,0.01171875,0
16,split,0,oblique_2,projection,family,27.3350967742,1.03225806452,0,0,243.758064516,0.00403225806452,0,0,0.995967741935,0.971774193548,1.03225806452,0.0241935483871,0,0,0.00806451612903,92.039,3,0,2,8.03225806452,0.00403225806452,0.00403225806452,0
16,split,0,oblique_2,projection,occupancy_balanced,28.18728125,1.0703125,0,0,247.90625,0.01171875,0,0,0.9912109375,0.94140625,1.0703125,0.046875,0,0,0.0234375,92.039,3,0,2,8.0703125,0.01171875,0.01171875,0
16,split,0,oblique_2,projection,truth,28.18728125,1.0703125,0,0,247.90625,0.01171875,0,0,0.9912109375,0.94140625,1.0703125,0.046875,0,0,0.0234375,92.039,3,0,2,8.0703125,0.01171875,0.01171875,0
16,split,4,axis_1,feasibility,family,3.0671408,1,0,0,28.1,0,0,0,0.9,0.4096,2.0736,0.4,0,0,0,34.322,1,0,0,8.8,0,0,0
16,split,4,axis_1,feasibility,occupancy_balanced,3.07254980469,1,0,0,28,0,0,0,0.84375,0.227111816406,2.98101806641,0.5,0,0,0,34.322,1,0,0,9.25,0,0,0
16,split,4,axis_1,feasibility,truth,3.03436477623,1,0,0,27.6666666667,0,0,0,0.833333333333,0.197530864198,3.16049382716,0.666666666667,0,0,0,34.322,1,0,0,9.33333333333,0,0,0
16,split,4,axis_1,projection,family,5.6218236,1.8,0,0,58.7,0,0,0,0.9,0.4096,2.0736,0.4,0,0,0,14.321,5,0,0,8.8,0,0,0
16,split,4,axis_1,projection,occupancy_balanced,6.34565002441,2.25,0,0,66.25,0,0,0,0.84375,0.227111816406,2.98101806641,0.5,0,0,0,14.321,5,0,0,9.25,0,0,0
16,split,4,axis_1,projection,truth,6.44774324846,2.33333333333,0,0,67.3333333333,0,0,0,0.833333333333,0.197530864198,3.16049382716,0.666666666667,0,0,0,14.321,5,0,0,9.33333333333,0,0,0
16,split,4,axis_2,feasibility,family,3.73828119081,1,0,0,35.9081439394,0,0,0,0.971946022727,0.788287706612,1.23715134298,0.130681818182,0,0,0,7.791,1,0,0,8.22443181818,0,0,0
16,split,4,axis_2,feasibility,occupancy_balanced,3.74123309326,1,0,0,35.8203125,0,0,0,0.962890625,0.7255859375,1.3193359375,0.15625,0,0,0,7.791,1,0,0,8.296875,0,0,0
16,split,4,axis_2,feasibility,truth,3.72507600309,1,0,0,35.6805555556,0,0,0,0.949652777778,0.638117283951,1.44367283951,0.236111111111,0,0,0,7.791,1,0,0,8.40277777778,0,0,0
16,split,4,axis_2,projection,family,6.02088337902,1.22443181818,0,0,64.0700757576,0,0,0,0.971946022727,0.788287706612,1.23715134298,0.130681818182,0,0,0,75.054,3,0,0,8.22443181818,0,0,0
16,split,4,axis_2,projection,occupancy_balanced,6.18327905273,1.296875,0,0,65.6484375,0,0,0,0.962890625,0.7255859375,1.3193359375,0.15625,0,0,0,75.054,3,0,0,8.296875,0,0,0
16,split,4,axis_2,projection,truth,6.40391049383,1.40277777778,0,0,67.9444444444,0,0,0,0.949652777778,0.638117283951,1.44367283951,0.236111111111,0,0,0,75.054,3,0,0,8.40277777778,0,0,0
16,split,4,axis_3,feasibility,family,4.90122631305,1,0,0,47.8391356264,0,0,0,0.993762910683,0.950103285461,1.04989671454,0.0255754475703,0,0,0,46.471,1,0,0,8.04989671454,0,0,0
16,split,4,axis_3,feasibility,occupancy_balanced,4.9084331665,1,0,0,47.6396484375,0,0,0,0.99169921875,0.93359375,1.06640625,0.03125,0,0,0,46.471,1,0,0,8.06640625,0,0,0
16,split,4,axis_3,feasibility,truth,4.89988966049,1,0,0,47.7777777778,0,0,0,0.988136574074,0.905092592593,1.09490740741,0.0486111111111,0,0,0,46.471,1,0,0,8.09490740741,0,0,0
16,split,4,axis_3,projection,family,7.70559282735,1.04989671454,0,0,83.5356239207,0,0,0,0.993762910683,0.950103285461,1.04989671454,0.0255754475703,0,0,0,69.495,2,0,0,8.04989671454,0,0,0
16,split,4,axis_3,projection,occupancy_balanced,7.77439373779,1.06640625,0,0,83.8974609375,0,0,0,0.99169921875,0.93359375,1.06640625,0.03125,0,0,0,69.495,2,0,0,8.06640625,0,0,0
16,split,4,axis_3,projection,truth,7.8601716821,1.09490740741,0,0,85.0046296296,0,0,0,0.988136574074,0.905092592593,1.09490740741,0.0486111111111,0,0,0,69.495,2,0,0,8.09490740741,0,0,0
16,split,4,axis_6,feasibility,family,7.21625,1,0,0,71.162037037,0,0,0,1,1,1,0,0,0,0,182.427,1,0,0,8,0,0,0
16,split,4,axis_6,feasibility,occupancy_balanced,7.19419329834,1,0,0,70.90234375,0,0,0,1,1,1,0,0,0,0,182.427,1,0,0,8,0,0,0
16,split,4,axis_6,feasibility,truth,7.21625,1,0,0,71.162037037,0,0,0,1,1,1,0,0,0,0,182.427,1,0,0,8,0,0,0
16,split,4,axis_6,projection,family,11.5661138117,1,0,0,128.162037037,0,0,0,1,1,1,0,0,0,0,81.894,1,0,0,8,0,0,0
16,split,4,axis_6,projection,occupancy_balanced,11.5442224121,1,0,0,127.90234375,0,0,0,1,1,1,0,0,0,0,81.894,1,0,0,8,0,0,0
16,split,4,axis_6,projection,truth,11.5661138117,1,0,0,128.162037037,0,0,0,1,1,1,0,0,0,0,81.894,1,0,0,8,0,0,0
16,split,4,oblique_1,feasibility,family,10.5078471629,1,0,0,83.9924082139,0.00344067625458,0,0,0.974483517812,0.799308818753,1.26591898827,0.134186864086,0,0,0.00688135250916,50.907,1,0,2,8.26591898827,0.00344067625458,0.00344067625458,0
16,split,4,oblique_1,feasibility,occupancy_balanced,10.543468811,1,0,0,83.8942260742,0.00482177734375,0,0,0.967475891113,0.74462890625,1.35076904297,0.152587890625,0,0,0.0096435546875,50.907,1,0,2,8.35076904297,0.00482177734375,0.00482177734375,0
16,split,4,oblique_1,feasibility,truth,10.6659770448,1,0,0,84.0572916667,0.00945216049383,0,0,0.953342013889,0.636188271605,1.52044753086,0.255594135802,0,0,0.0189043209877,50.907,1,0,2,8.52044753086,0.00945216049383,0.00945216049383,0
16,split,4,oblique_1,projection,family,18.2941540737,1.26591898827,0,0,160.042045345,0.00344067625458,0,0,0.974483517812,0.799308818753,1.26591898827,0.134186864086,0,0,0.00688135250916,139.942,4,0,2,8.26591898827,0.00344067625458,0.00344067625458,0
16,split,4,oblique_1,projection,occupancy_balanced,18.9146954956,1.35076904297,0,0,165.073303223,0.00482177734375,0,0,0.967475891113,0.74462890625,1.35076904297,0.152587890625,0,0,0.0096435546875,139.942,4,0,2,8.35076904297,0.00482177734375,0.00482177734375,0
16,split,4,oblique_1,projection,truth,20.3206138117,1.52044753086,0,0,175.55150463,0.00945216049383,0,0,0.953342013889,0.636188271605,1.52044753086,0.255594135802,0,0,0.0189043209877,139.942,4,0,2,8.52044753086,0.00945216049383,0.00945216049383,0
16,split,4,oblique_2,feasibility,family,17.227621112,1,0,0,136.574066874,0.000777604976672,0,0,0.999027993779,0.99300155521,1.00777604977,0.00155520995334,0,0,0.00155520995334,71.818,1,0,2,8.00777604977,0.000777604976672,0.000777604976672,0
16,split,4,oblique_2,feasibility,occupancy_balanced,16.9992839355,1,0,0,135.163452148,0.0010986328125,0,0,0.998718261719,0.990844726562,1.01025390625,0.00146484375,0,0,0.002197265625,71.818,1,0,2,8.01025390625,0.0010986328125,0.0010986328125,0
16,split,4,oblique_2,feasibility,truth,17.2504662423,1,0,0,136.591242284,0.00231481481481,0,0,0.99787808642,0.985339506173,1.01697530864,0.00308641975309,0,0,0.00462962962963,71.818,1,0,2,8.01697530864,0.00231481481481,0.00231481481481,0
16,split,4,oblique_2,projection,family,27.8657939347,1.00777604977,0,0,244.423211509,0.000777604976672,0,0,0.999027993779,0.99300155521,1.00777604977,0.00155520995334,0,0,0.00155520995334,94.933,3,0,2,8.00777604977,0.000777604976672,0.000777604976672,0
16,split,4,oblique_2,projection,occupancy_balanced,27.64662854,1.01025390625,0,0,243.284790039,0.0010986328125,0,0,0.998718261719,0.990844726562,1.01025390625,0.00146484375,0,0,0.002197265625,94.933,3,0,2,8.01025390625,0.0010986328125,0.0010986328125,0
16,split,4,oblique_2,projection,truth,28.0324205247,1.01697530864,0,0,245.458526235,0.00231481481481,0,0,0.99787808642,0.985339506173,1.01697530864,0.00308641975309,0,0,0.00462962962963,94.933,3,0,2,8.01697530864,0.00231481481481,0.00231481481481,0
16,split,8,axis_1,feasibility,family,3.56961474386,1,0,0,31.1428571429,0,0,0,0.857142857143,0.260308204915,2.73261141191,0,0,0,0,26.199,1,0,0,9.14285714286,0,0,0
16,split,8,axis_1,feasibility,occupancy_balanced,3.59899397278,1,0,0,31.125,0,0,0,0.8125,0.152587890625,3.57446289062,0,0,0,0,26.199,1,0,0,9.5,0,0,0
16,split,8,axis_1,feasibility,truth,3.55801127877,1,0,0,30.8888888889,0,0,0,0.777777777778,0.0952598689224,4.35314738607,0,0,0,0,26.199,1,0,0,9.77777777778,0,0,0
16,split,8,axis_1,projection,family,6.73460849646,2.14285714286,0,0,67.5714285714,0,0,0,0.857142857143,0.260308204915,2.73261141191,0,0,0,0,34.442,5,0,0,9.14285714286,0,0,0
16,split,8,axis_1,projection,occupancy_balanced,7.31796130371,2.5,0,0,73.625,0,0,0,0.8125,0.152587890625,3.57446289062,0,0,0,0,34.442,5,0,0,9.5,0,0,0
16,split,8,axis_1,projection,truth,7.75491083676,2.77777777778,0,0,78.1111111111,0,0,0,0.777777777778,0.0952598689224,4.35314738607,0,0,0,0,34.442,5,0,0,9.77777777778,0,0,0
16,split,8,axis_2,feasibility,family,4.26897589532,1,0,0,38.6515151515,0.0300734618916,0,0,0.943181818182,0.620752984389,1.50619834711,0,0,0,0.0601469237833,24.888,1,0,2,8.45454545455,0.030303030303,0.0300734618916,0
16,split,8,axis_2,feasibility,occupancy_balanced,4.26482371521,1,0,0,38.5,0.0386810302734,0,0,0.9375,0.592178344727,1.5625,0,0,0,0.0773620605469,24.888,1,0,2,8.5,0.0390625,0.0386810302734,0
16,split,8,axis_2,feasibility,truth,4.29486511203,1,0,0,38.4074074074,0.0727023319616,0,0,0.901234567901,0.412132296906,1.94619722603,0,0,0,0.145404663923,24.888,1,0,2,8.79012345679,0.0740740740741,0.0727023319616,0
16,split,8,axis_2,projection,family,6.98630325987,1.44903581267,0,0,72.1763085399,0.03145087236,0,0,0.943181818182,0.620752984389,1.50619834711,0,0,0,0.0601469237833,28.994,5,0,2,8.45454545455,0.030303030303,0.0300734618916,0
16,split,8,axis_2,projection,occupancy_balanced,7.08055223083,1.49244689941,0,0,73.0801849365,0.0408935546875,0,0,0.9375,0.592178344727,1.5625,0,0,0,0.0773620605469,28.994,5,0,2,8.5,0.0390625,0.0386810302734,0
16,split,8,axis_2,projection,truth,7.7256486816,1.76817558299,0,0,79.5569272977,0.0800182898948,0,0,0.901234567901,0.412132296906,1.94619722603,0,0,0,0.145404663923,28.994,5,0,2,8.79012345679,0.0740740740741,0.0727023319616,0
16,split,8,axis_3,feasibility,family,5.45792413905,1,0,0,51.7171864847,0.00146198830409,0,0,0.991776315789,0.93567251462,1.06578947368,0,0,0,0.00292397660819,65.358,1,0,2,8.06578947368,0.00146198830409,0.00146198830409,0
16,split,8,axis_3,feasibility,occupancy_balanced,5.37590086365,1,0,0,50.9714355469,0.001220703125,0,0,0.992553710938,0.941650390625,1.0595703125,0,0,0,0.00244140625,65.358,1,0,2,8.0595703125,0.001220703125,0.001220703125,0
16,split,8,axis_3,feasibility,truth,5.45818442311,1,0,0,51.6573693035,0.00411522633745,0,0,0.984224965706,0.877914951989,1.12620027435,0,0,0,0.0082304526749,65.358,1,0,2,8.12620027435,0.00411522633745,0.00411522633745,0
16,split,8,axis_3,projection,family,8.24021345029,1.06578947368,0,0,87.9628005198,0.00146198830409,0,0,0.991776315789,0.93567251462,1.06578947368,0,0,0,0.00292397660819,81.924,3,0,2,8.06578947368,0.00146198830409,0.00146198830409,0
16,split,8,axis_3,projection,occupancy_balanced,8.12202778625,1.0595703125,0,0,87.0041503906,0.001220703125,0,0,0.992553710938,0.941650390625,1.0595703125,0,0,0,0.00244140625,81.924,3,0,2,8.0595703125,0.001220703125,0.001220703125,0
16,split,8,axis_3,projection,truth,8.44139231824,1.12620027435,0,0,89.9728699893,0.00411522633745,0,0,0.984224965706,0.877914951989,1.12620027435,0,0,0,0.0082304526749,81.924,3,0,2,8.12620027435,0.00411522633745,0.00411522633745,0
16,split,8,axis_6,feasibility,family,7.77734385002,1,0,0,75.2469135802,0,0,0,1,1,1,0,0,0,0,74.322,1,0,0,8,0,0,0
16,split,8,axis_6,feasibility,occupancy_balanced,7.71948796082,1,0,0,74.258026123,0,0,0,1,1,1,0,0,0,0,74.322,1,0,0,8,0,0,0
16,split,8,axis_6,feasibility,truth,7.77734385002,1,0,0,75.2469135802,0,0,0,1,1,1,0,0,0,0,74.322,1,0,0,8,0,0,0
16,split,8,axis_6,projection,family,12.1397037037,1,0,0,132.24691358,0,0,0,1,1,1,0,0,0,0,95.314,1,0,0,8,0,0,0
16,split,8,axis_6,projection,occupancy_balanced,12.0821575775,1,0,0,131.258026123,0,0,0,1,1,1,0,0,0,0,95.314,1,0,0,8,0,0,0
16,split,8,axis_6,projection,truth,12.1397037037,1,0,0,132.24691358,0,0,0,1,1,1,0,0,0,0,95.314,1,0,0,8,0,0,0
16,split,8,oblique_1,feasibility,family,11.4318725261,1,0,0,87.9965950202,0.00170248989147,0,0,0.968849755267,0.752500532028,1.39625452224,0.14556288572,0,0,0.00340497978293,208.545,1,0,2,8.39625452224,0.00170248989147,0.00170248989147,0
16,split,8,oblique_1,feasibility,occupancy_balanced,11.3281693115,1,0,0,87.7404785156,0.0009765625,0,0,0.965698242188,0.7265625,1.41055297852,0.135314941406,0,0,0.001953125,208.545,1,0,2,8.41055297852,0.0009765625,0.0009765625,0
16,split,8,oblique_1,feasibility,truth,11.5790001524,1,0,0,87.845907636,0.00472488949855,0,0,0.941777168115,0.538942234415,1.78280749886,0.312757201646,0,0,0.0094497789971,208.545,1,0,2,8.78280749886,0.00472488949855,0.00472488949855,0
16,split,8,oblique_1,projection,family,20.0335252181,1.39582889977,0,0,171.796339647,0.00170248989147,0,0,0.968849755267,0.752500532028,1.39625452224,0.14556288572,0,0,0.00340497978293,100.462,4,0,2,8.39625452224,0.00170248989147,0.00170248989147,0
16,split,8,oblique_1,projection,occupancy_balanced,20.1158438721,1.41027832031,0,0,172.385253906,0.0009765625,0,0,0.965698242188,0.7265625,1.41055297852,0.135314941406,0,0,0.001953125,100.462,4,0,2,8.41055297852,0.0009765625,0.0009765625,0
16,split,8,oblique_1,projection,truth,23.0926380125,1.78158817253,0,0,194.881115684,0.00472488949855,0,0,0.941777168115,0.538942234415,1.78280749886,0.312757201646,0,0,0.0094497789971,100.462,4,0,2,8.78280749886,0.00472488949855,0.00472488949855,0
16,split,8,oblique_2,feasibility,family,18.1684286151,1,0,0,141.163580719,0.000306044376435,0,0,0.999502677888,0.996327467483,1.00397857689,0,0,0,0.000612088752869,71.849,1,0,2,8.00397857689,0.000306044376435,0.000306044376435,0
16,split,8,oblique_2,feasibility,occupancy_balanced,17.6308313293,1,0,0,138.329742432,0.000152587890625,0,0,0.999698638916,0.997741699219,1.00241088867,0,0,0,0.00030517578125,71.849,1,0,2,8.00241088867,0.000152587890625,0.000152587890625,0
16,split,8,oblique_2,feasibility,truth,18.1789472641,1,0,0,141.171772596,0.000914494741655,0,0,0.998933089468,0.992379210486,1.00853528426,0,0,0,0.00182898948331,71.849,1,0,2,8.00853528426,0.000914494741655,0.000914494741655,0
16,split,8,oblique_2,projection,family,28.7960498852,1.00397857689,0,0,248.596327467,0.000306044376435,0,0,0.999502677888,0.996327467483,1.00397857689,0,0,0,0.000612088752869,142.175,3,0,2,8.00397857689,0.000306044376435,0.000306044376435,0
16,split,8,oblique_2,projection,occupancy_balanced,28.2511943512,1.00241088867,0,0,245.591217041,0.000152587890625,0,0,0.999698638916,0.997741699219,1.00241088867,0,0,0,0.00030517578125,142.175,3,0,2,8.00241088867,0.000152587890625,0.000152587890625,0
16,split,8,oblique_2,projection,truth,28.8734250876,1.00853528426,0,0,249.10608139,0.000914494741655,0,0,0.998933089468,0.992379210486,1.00853528426,0,0,0,0.00182898948331,142.175,3,0,2,8.00853528426,0.000914494741655,0.000914494741655,0
