job,resolution,palette,k,mask,mode,operation,criterion,case_id,kind,suite,truth_id,answer,family_size,supported_literals,largest_component,residual_components,shape_variables,nodes,branches,us,raw_max_us
r8_m000_split,8,split,0,0,search,feasibility,nodes,15,camera,axis_1,40,SAT,81,16,2,4,0,5,4,8.433,9.785
r8_m000_split,8,split,0,0,search,feasibility,branches,15,camera,axis_1,40,SAT,81,16,2,4,0,5,4,8.433,9.785
r8_m000_split,8,split,0,0,search,feasibility,us,123,camera,axis_2,360,SAT,49,16,4,2,0,3,2,331.071,779.41
r8_m000_split,8,split,0,0,search,feasibility,raw_max_us,123,camera,axis_2,360,SAT,49,16,4,2,0,3,2,331.071,779.41
r8_m000_split,8,split,0,0,search,projection,nodes,15,camera,axis_1,40,SAT,81,16,2,4,0,21,16,35.063,36.064
r8_m000_split,8,split,0,0,search,projection,branches,15,camera,axis_1,40,SAT,81,16,2,4,0,21,16,35.063,36.064
r8_m000_split,8,split,0,0,search,projection,us,471,camera,axis_6,1000,SAT,35,16,8,1,0,10,6,72.76,520.588
r8_m000_split,8,split,0,0,search,projection,raw_max_us,60,camera,axis_2,117,SAT,7,12,4,1,0,5,2,12.649,905.73
r8_m000_split,8,split,0,0,search,query,nodes,23,perturb_7,axis_1,1000,SAT,54,15,2,3,0,4,3,6.389,6.389
r8_m000_split,8,split,0,0,search,query,branches,23,perturb_7,axis_1,1000,SAT,54,15,2,3,0,4,3,6.389,6.389
r8_m000_split,8,split,0,0,search,query,us,931,perturb_5,oblique_2,2952,UNSAT,0,0,0,0,0,1,0,496.922,496.922
r8_m000_split,8,split,0,0,search,query,raw_max_us,931,perturb_5,oblique_2,2952,UNSAT,0,0,0,0,0,1,0,496.922,496.922
r8_m000_split,8,split,0,0,decomposition,feasibility,nodes,15,camera,axis_1,40,SAT,81,16,2,4,0,9,4,6.38,6.54
r8_m000_split,8,split,0,0,decomposition,feasibility,branches,15,camera,axis_1,40,SAT,81,16,2,4,0,9,4,6.38,6.54
r8_m000_split,8,split,0,0,decomposition,feasibility,us,897,camera,oblique_2,2548,SAT,1,8,0,0,0,1,0,64.888,147.063
r8_m000_split,8,split,0,0,decomposition,feasibility,raw_max_us,897,camera,oblique_2,2548,SAT,1,8,0,0,0,1,0,64.888,147.063
r8_m000_split,8,split,0,0,decomposition,projection,nodes,15,camera,axis_1,40,SAT,81,16,2,4,0,37,16,28.002,28.162
r8_m000_split,8,split,0,0,decomposition,projection,branches,15,camera,axis_1,40,SAT,81,16,2,4,0,37,16,28.002,28.162
r8_m000_split,8,split,0,0,decomposition,projection,us,471,camera,axis_6,1000,SAT,35,16,8,1,0,10,6,69.115,70.818
r8_m000_split,8,split,0,0,decomposition,projection,raw_max_us,712,camera,oblique_2,2223,SAT,1,8,0,0,0,1,0,11.607,6253.515
r8_m000_split,8,split,0,0,decomposition,query,nodes,23,perturb_7,axis_1,1000,SAT,54,15,2,3,0,7,3,5.388,5.388
r8_m000_split,8,split,0,0,decomposition,query,branches,23,perturb_7,axis_1,1000,SAT,54,15,2,3,0,7,3,5.388,5.388
r8_m000_split,8,split,0,0,decomposition,query,us,298,perturb_0,axis_3,3279,UNSAT,26,15,7,1,0,1,0,175.145,175.145
r8_m000_split,8,split,0,0,decomposition,query,raw_max_us,298,perturb_0,axis_3,3279,UNSAT,26,15,7,1,0,1,0,175.145,175.145
r8_m000_split,8,split,0,0,fixed_hit,feasibility,nodes,0,camera,axis_1,0,SAT,1,8,0,0,0,1,0,1.683,1.842
r8_m000_split,8,split,0,0,fixed_hit,feasibility,branches,0,camera,axis_1,0,SAT,1,8,0,0,0,1,0,1.683,1.842
r8_m000_split,8,split,0,0,fixed_hit,feasibility,us,884,camera,oblique_2,1084,SAT,1,8,0,0,0,1,0,10.386,13.891
r8_m000_split,8,split,0,0,fixed_hit,feasibility,raw_max_us,92,camera,axis_2,4,SAT,1,8,0,0,0,1,0,2.905,236.538
r8_m000_split,8,split,0,0,fixed_hit,projection,nodes,15,camera,axis_1,40,SAT,81,16,2,4,0,9,0,20.09,20.27
r8_m000_split,8,split,0,0,fixed_hit,projection,branches,0,camera,axis_1,0,SAT,1,8,0,0,0,1,0,2.584,2.594
r8_m000_split,8,split,0,0,fixed_hit,projection,us,471,camera,axis_6,1000,SAT,35,16,8,1,0,9,0,77.097,109.075
r8_m000_split,8,split,0,0,fixed_hit,projection,raw_max_us,112,camera,axis_2,351,SAT,7,12,4,1,0,3,0,11.477,1577.202
r8_m000_split,8,split,0,0,fixed_hit,query,nodes,0,camera,axis_1,0,SAT,1,8,0,0,0,1,0,1.643,1.643
r8_m000_split,8,split,0,0,fixed_hit,query,branches,0,camera,axis_1,0,SAT,1,8,0,0,0,1,0,1.643,1.643
r8_m000_split,8,split,0,0,fixed_hit,query,us,403,camera,axis_6,244,SAT,1,8,0,0,0,1,0,2238.468,2238.468
r8_m000_split,8,split,0,0,fixed_hit,query,raw_max_us,403,camera,axis_6,244,SAT,1,8,0,0,0,1,0,2238.468,2238.468
r8_m000_split,8,split,0,0,both,feasibility,nodes,0,camera,axis_1,0,SAT,1,8,0,0,0,1,0,1.692,1.703
r8_m000_split,8,split,0,0,both,feasibility,branches,0,camera,axis_1,0,SAT,1,8,0,0,0,1,0,1.692,1.703
r8_m000_split,8,split,0,0,both,feasibility,us,923,camera,oblique_2,1012,SAT,2,9,0,0,0,1,0,9.565,10.095
r8_m000_split,8,split,0,0,both,feasibility,raw_max_us,887,camera,oblique_2,334,SAT,1,8,0,0,0,1,0,8.102,102.205
r8_m000_split,8,split,0,0,both,projection,nodes,15,camera,axis_1,40,SAT,81,16,2,4,0,9,0,19.89,21.362
r8_m000_split,8,split,0,0,both,projection,branches,0,camera,axis_1,0,SAT,1,8,0,0,0,1,0,2.504,2.534
r8_m000_split,8,split,0,0,both,projection,us,471,camera,axis_6,1000,SAT,35,16,8,1,0,9,0,76.185,79.57
r8_m000_split,8,split,0,0,both,projection,raw_max_us,117,camera,axis_2,2520,SAT,7,12,4,1,0,3,0,12.83,977.861
r8_m000_split,8,split,0,0,both,query,nodes,0,camera,axis_1,0,SAT,1,8,0,0,0,1,0,1.642,1.642
r8_m000_split,8,split,0,0,both,query,branches,0,camera,axis_1,0,SAT,1,8,0,0,0,1,0,1.642,1.642
r8_m000_split,8,split,0,0,both,query,us,298,perturb_0,axis_3,3279,SAT,26,15,7,1,0,1,0,954.215,954.215
r8_m000_split,8,split,0,0,both,query,raw_max_us,298,perturb_0,axis_3,3279,SAT,26,15,7,1,0,1,0,954.215,954.215
r8_m000_same,8,same,0,0,search,feasibility,nodes,15,camera,axis_1,40,SAT,81,16,2,4,0,5,4,8.393,9.414
r8_m000_same,8,same,0,0,search,feasibility,branches,15,camera,axis_1,40,SAT,81,16,2,4,0,5,4,8.393,9.414
r8_m000_same,8,same,0,0,search,feasibility,us,598,camera,oblique_1,1054,SAT,1,8,0,0,0,1,0,34.452,52.499
r8_m000_same,8,same,0,0,search,feasibility,raw_max_us,574,camera,oblique_1,39,SAT,2,9,0,0,0,1,0,5.348,987.214
r8_m000_same,8,same,0,0,search,projection,nodes,15,camera,axis_1,40,SAT,81,16,2,4,0,21,16,34.292,35.925
r8_m000_same,8,same,0,0,search,projection,branches,15,camera,axis_1,40,SAT,81,16,2,4,0,21,16,34.292,35.925
r8_m000_same,8,same,0,0,search,projection,us,471,camera,axis_6,1000,SAT,35,16,8,1,0,10,6,65.48,72.25
r8_m000_same,8,same,0,0,search,projection,raw_max_us,696,camera,oblique_2,810,SAT,1,8,0,0,0,1,0,10.917,294.737
r8_m000_same,8,same,0,0,search,query,nodes,23,perturb_7,axis_1,1000,SAT,54,15,2,3,0,4,3,6.339,6.339
r8_m000_same,8,same,0,0,search,query,branches,23,perturb_7,axis_1,1000,SAT,54,15,2,3,0,4,3,6.339,6.339
r8_m000_same,8,same,0,0,search,query,us,674,camera,oblique_1,2956,SAT,3,10,2,1,0,2,1,85.489,85.489
r8_m000_same,8,same,0,0,search,query,raw_max_us,674,camera,oblique_1,2956,SAT,3,10,2,1,0,2,1,85.489,85.489
r8_m000_same,8,same,0,0,decomposition,feasibility,nodes,15,camera,axis_1,40,SAT,81,16,2,4,0,9,4,6.409,6.49
r8_m000_same,8,same,0,0,decomposition,feasibility,branches,15,camera,axis_1,40,SAT,81,16,2,4,0,9,4,6.409,6.49
r8_m000_same,8,same,0,0,decomposition,feasibility,us,98,camera,axis_2,253,SAT,1,8,0,0,0,1,0,28.002,198.751
r8_m000_same,8,same,0,0,decomposition,feasibility,raw_max_us,695,camera,oblique_2,2268,SAT,1,8,0,0,0,1,0,6.43,654.491
r8_m000_same,8,same,0,0,decomposition,projection,nodes,15,camera,axis_1,40,SAT,81,16,2,4,0,37,16,27.983,28.143
r8_m000_same,8,same,0,0,decomposition,projection,branches,15,camera,axis_1,40,SAT,81,16,2,4,0,37,16,27.983,28.143
r8_m000_same,8,same,0,0,decomposition,projection,us,471,camera,axis_6,1000,SAT,35,16,8,1,0,10,6,66.25,88.704
r8_m000_same,8,same,0,0,decomposition,projection,raw_max_us,434,camera,axis_6,31,SAT,1,8,0,0,0,1,0,9.334,2395.856
r8_m000_same,8,same,0,0,decomposition,query,nodes,23,perturb_7,axis_1,1000,SAT,54,15,2,3,0,7,3,5.298,5.298
r8_m000_same,8,same,0,0,decomposition,query,branches,23,perturb_7,axis_1,1000,SAT,54,15,2,3,0,7,3,5.298,5.298
r8_m000_same,8,same,0,0,decomposition,query,us,403,camera,axis_6,244,SAT,1,8,0,0,0,1,0,213.523,213.523
r8_m000_same,8,same,0,0,decomposition,query,raw_max_us,403,camera,axis_6,244,SAT,1,8,0,0,0,1,0,213.523,213.523
r8_m000_same,8,same,0,0,fixed_hit,feasibility,nodes,0,camera,axis_1,0,SAT,1,8,0,0,0,1,0,1.672,1.682
r8_m000_same,8,same,0,0,fixed_hit,feasibility,branches,0,camera,axis_1,0,SAT,1,8,0,0,0,1,0,1.672,1.682
r8_m000_same,8,same,0,0,fixed_hit,feasibility,us,742,camera,oblique_2,37,SAT,1,8,0,0,0,1,0,10.436,10.937
r8_m000_same,8,same,0,0,fixed_hit,feasibility,raw_max_us,668,camera,oblique_1,40,SAT,2,9,0,0,0,1,0,5.408,623.484
r8_m000_same,8,same,0,0,fixed_hit,projection,nodes,15,camera,axis_1,40,SAT,81,16,2,4,0,9,0,20.2,20.301
r8_m000_same,8,same,0,0,fixed_hit,projection,branches,0,camera,axis_1,0,SAT,1,8,0,0,0,1,0,2.514,2.624
r8_m000_same,8,same,0,0,fixed_hit,projection,us,670,camera,oblique_1,283,SAT,2,9,0,0,0,2,0,90.437,110.377
r8_m000_same,8,same,0,0,fixed_hit,projection,raw_max_us,578,camera,oblique_1,822,SAT,1,8,0,0,0,1,0,8.623,645.306
r8_m000_same,8,same,0,0,fixed_hit,query,nodes,0,camera,axis_1,0,SAT,1,8,0,0,0,1,0,1.652,1.652
r8_m000_same,8,same,0,0,fixed_hit,query,branches,0,camera,axis_1,0,SAT,1,8,0,0,0,1,0,1.652,1.652
r8_m000_same,8,same,0,0,fixed_hit,query,us,21,perturb_5,axis_1,985,UNSAT,0,0,0,0,0,1,0,46.53,46.53
r8_m000_same,8,same,0,0,fixed_hit,query,raw_max_us,21,perturb_5,axis_1,985,UNSAT,0,0,0,0,0,1,0,46.53,46.53
r8_m000_same,8,same,0,0,both,feasibility,nodes,0,camera,axis_1,0,SAT,1,8,0,0,0,1,0,1.683,1.702
r8_m000_same,8,same,0,0,both,feasibility,branches,0,camera,axis_1,0,SAT,1,8,0,0,0,1,0,1.683,1.702
r8_m000_same,8,same,0,0,both,feasibility,us,802,camera,oblique_2,2514,SAT,2,9,0,0,0,1,0,9.795,9.815
r8_m000_same,8,same,0,0,both,feasibility,raw_max_us,61,camera,axis_2,3024,SAT,1,8,0,0,0,1,0,3.135,1776.559
r8_m000_same,8,same,0,0,both,projection,nodes,15,camera,axis_1,40,SAT,81,16,2,4,0,9,0,19.62,21.302
r8_m000_same,8,same,0,0,both,projection,branches,0,camera,axis_1,0,SAT,1,8,0,0,0,1,0,2.484,2.574
r8_m000_same,8,same,0,0,both,projection,us,99,camera,axis_2,333,SAT,7,12,4,1,0,3,0,119.271,179.101
r8_m000_same,8,same,0,0,both,projection,raw_max_us,442,camera,axis_6,2218,SAT,1,8,0,0,0,1,0,9.475,2078.145
r8_m000_same,8,same,0,0,both,query,nodes,0,camera,axis_1,0,SAT,1,8,0,0,0,1,0,1.623,1.623
r8_m000_same,8,same,0,0,both,query,branches,0,camera,axis_1,0,SAT,1,8,0,0,0,1,0,1.623,1.623
r8_m000_same,8,same,0,0,both,query,us,674,camera,oblique_1,2956,SAT,3,10,2,1,0,1,0,7893.432,7893.432
r8_m000_same,8,same,0,0,both,query,raw_max_us,674,camera,oblique_1,2956,SAT,3,10,2,1,0,1,0,7893.432,7893.432
r16_m000_split,16,split,0,0,search,feasibility,nodes,1021,camera,oblique_1,2470,SAT,3,10,2,1,0,2,1,20.221,20.591
r16_m000_split,16,split,0,0,search,feasibility,branches,1021,camera,oblique_1,2470,SAT,3,10,2,1,0,2,1,20.221,20.591
r16_m000_split,16,split,0,0,search,feasibility,us,1280,camera,oblique_2,3199,SAT,3,10,2,1,0,2,1,37.557,234.255
r16_m000_split,16,split,0,0,search,feasibility,raw_max_us,260,camera,axis_2,2281,SAT,2,9,0,0,0,1,0,3.756,528.58
r16_m000_split,16,split,0,0,search,projection,nodes,80,camera,axis_1,40,SAT,16,12,0,0,0,5,0,10.165,10.977
r16_m000_split,16,split,0,0,search,projection,branches,1021,camera,oblique_1,2470,SAT,3,10,2,1,0,3,1,34.042,34.142
r16_m000_split,16,split,0,0,search,projection,us,1040,camera,oblique_2,837,SAT,1,8,0,0,0,1,0,77.898,83.447
r16_m000_split,16,split,0,0,search,projection,raw_max_us,251,camera,axis_2,2272,SAT,1,8,0,0,0,1,0,5.268,305.242
r16_m000_split,16,split,0,0,search,query,nodes,0,camera,axis_1,0,SAT,1,8,0,0,0,1,0,2.684,2.684
r16_m000_split,16,split,0,0,search,query,branches,0,camera,axis_1,0,SAT,1,8,0,0,0,1,0,2.684,2.684
r16_m000_split,16,split,0,0,search,query,us,283,camera,axis_2,1012,SAT,2,9,0,0,0,1,0,70.967,70.967
r16_m000_split,16,split,0,0,search,query,raw_max_us,283,camera,axis_2,1012,SAT,2,9,0,0,0,1,0,70.967,70.967
r16_m000_split,16,split,0,0,decomposition,feasibility,nodes,1021,camera,oblique_1,2470,SAT,3,10,2,1,0,2,1,24.347,34.202
r16_m000_split,16,split,0,0,decomposition,feasibility,branches,1021,camera,oblique_1,2470,SAT,3,10,2,1,0,2,1,24.347,34.202
r16_m000_split,16,split,0,0,decomposition,feasibility,us,1130,camera,oblique_2,973,SAT,1,8,0,0,0,1,0,35.935,66.862
r16_m000_split,16,split,0,0,decomposition,feasibility,raw_max_us,1185,camera,oblique_2,2514,SAT,1,8,0,0,0,1,0,14.793,320.165
r16_m000_split,16,split,0,0,decomposition,projection,nodes,80,camera,axis_1,40,SAT,16,12,0,0,0,5,0,10.256,10.456
r16_m000_split,16,split,0,0,decomposition,projection,branches,1021,camera,oblique_1,2470,SAT,3,10,2,1,0,3,1,35.103,36.315
r16_m000_split,16,split,0,0,decomposition,projection,us,1281,perturb_0,oblique_2,2953,SAT,2,9,0,0,0,2,0,86.04,181.465
r16_m000_split,16,split,0,0,decomposition,projection,raw_max_us,1036,camera,oblique_2,810,SAT,1,8,0,0,0,1,0,27.021,817.457
r16_m000_split,16,split,0,0,decomposition,query,nodes,0,camera,axis_1,0,SAT,1,8,0,0,0,1,0,2.314,2.314
r16_m000_split,16,split,0,0,decomposition,query,branches,0,camera,axis_1,0,SAT,1,8,0,0,0,1,0,2.314,2.314
r16_m000_split,16,split,0,0,decomposition,query,us,1285,perturb_4,oblique_2,252,UNSAT,0,0,0,0,0,1,0,42.044,42.044
r16_m000_split,16,split,0,0,decomposition,query,raw_max_us,1285,perturb_4,oblique_2,252,UNSAT,0,0,0,0,0,1,0,42.044,42.044
r16_m000_split,16,split,0,0,fixed_hit,feasibility,nodes,0,camera,axis_1,0,SAT,1,8,0,0,0,1,0,2.363,2.404
r16_m000_split,16,split,0,0,fixed_hit,feasibility,branches,0,camera,axis_1,0,SAT,1,8,0,0,0,1,0,2.363,2.404
r16_m000_split,16,split,0,0,fixed_hit,feasibility,us,840,camera,oblique_1,1080,SAT,1,8,0,0,0,1,0,61.894,518.755
r16_m000_split,16,split,0,0,fixed_hit,feasibility,raw_max_us,1185,camera,oblique_2,2514,SAT,1,8,0,0,0,1,0,14.261,886.231
r16_m000_split,16,split,0,0,fixed_hit,projection,nodes,80,camera,axis_1,40,SAT,16,12,0,0,0,5,0,10.336,10.426
r16_m000_split,16,split,0,0,fixed_hit,projection,branches,0,camera,axis_1,0,SAT,1,8,0,0,0,1,0,3.766,7.321
r16_m000_split,16,split,0,0,fixed_hit,projection,us,1209,camera,oblique_2,336,SAT,1,8,0,0,0,1,0,94.373,277.781
r16_m000_split,16,split,0,0,fixed_hit,projection,raw_max_us,1209,camera,oblique_2,336,SAT,1,8,0,0,0,1,0,94.373,277.781
r16_m000_split,16,split,0,0,fixed_hit,query,nodes,0,camera,axis_1,0,SAT,1,8,0,0,0,1,0,2.304,2.304
r16_m000_split,16,split,0,0,fixed_hit,query,branches,0,camera,axis_1,0,SAT,1,8,0,0,0,1,0,2.304,2.304
r16_m000_split,16,split,0,0,fixed_hit,query,us,0,camera,axis_1,0,UNSAT,1,8,0,0,0,1,0,290.971,290.971
r16_m000_split,16,split,0,0,fixed_hit,query,raw_max_us,0,camera,axis_1,0,UNSAT,1,8,0,0,0,1,0,290.971,290.971
r16_m000_split,16,split,0,0,both,feasibility,nodes,0,camera,axis_1,0,SAT,1,8,0,0,0,1,0,2.514,3.495
r16_m000_split,16,split,0,0,both,feasibility,branches,0,camera,axis_1,0,SAT,1,8,0,0,0,1,0,2.514,3.495
r16_m000_split,16,split,0,0,both,feasibility,us,1275,camera,oblique_2,1093,SAT,1,8,0,0,0,1,0,22.114,24.317
r16_m000_split,16,split,0,0,both,feasibility,raw_max_us,1137,camera,oblique_2,2458,SAT,1,8,0,0,0,1,0,15.724,199.992
r16_m000_split,16,split,0,0,both,projection,nodes,80,camera,axis_1,40,SAT,16,12,0,0,0,5,0,10.075,10.225
r16_m000_split,16,split,0,0,both,projection,branches,0,camera,axis_1,0,SAT,1,8,0,0,0,1,0,4.126,82.675
r16_m000_split,16,split,0,0,both,projection,us,1280,camera,oblique_2,3199,SAT,3,10,2,1,0,3,0,92.039,154.674
r16_m000_split,16,split,0,0,both,projection,raw_max_us,396,camera,axis_3,3169,SAT,1,8,0,0,0,1,0,7.581,1094.617
r16_m000_split,16,split,0,0,both,query,nodes,0,camera,axis_1,0,SAT,1,8,0,0,0,1,0,2.384,2.384
r16_m000_split,16,split,0,0,both,query,branches,0,camera,axis_1,0,SAT,1,8,0,0,0,1,0,2.384,2.384
r16_m000_split,16,split,0,0,both,query,us,1033,camera,oblique_2,0,SAT,1,8,0,0,0,1,0,937.529,937.529
r16_m000_split,16,split,0,0,both,query,raw_max_us,1033,camera,oblique_2,0,SAT,1,8,0,0,0,1,0,937.529,937.529
r16_m000_same,16,same,0,0,search,feasibility,nodes,1021,camera,oblique_1,2470,SAT,3,10,2,1,0,2,1,19.67,19.76
r16_m000_same,16,same,0,0,search,feasibility,branches,1021,camera,oblique_1,2470,SAT,3,10,2,1,0,2,1,19.67,19.76
r16_m000_same,16,same,0,0,search,feasibility,us,1281,perturb_0,oblique_2,2953,SAT,2,9,0,0,0,1,0,74.813,99.841
r16_m000_same,16,same,0,0,search,feasibility,raw_max_us,453,camera,axis_3,2271,SAT,1,8,0,0,0,1,0,7.681,1077.852
r16_m000_same,16,same,0,0,search,projection,nodes,80,camera,axis_1,40,SAT,16,12,0,0,0,5,0,9.965,10.586
r16_m000_same,16,same,0,0,search,projection,branches,1021,camera,oblique_1,2470,SAT,3,10,2,1,0,3,1,33.561,33.721
r16_m000_same,16,same,0,0,search,projection,us,1280,camera,oblique_2,3199,SAT,3,10,2,1,0,3,1,59.23,62.815
r16_m000_same,16,same,0,0,search,projection,raw_max_us,1204,camera,oblique_2,2307,SAT,1,8,0,0,0,1,0,28.904,1807.696
r16_m000_same,16,same,0,0,search,query,nodes,0,camera,axis_1,0,SAT,1,8,0,0,0,1,0,2.674,2.674
r16_m000_same,16,same,0,0,search,query,branches,0,camera,axis_1,0,SAT,1,8,0,0,0,1,0,2.674,2.674
r16_m000_same,16,same,0,0,search,query,us,0,camera,axis_1,0,SAT,1,8,0,0,0,1,0,201.835,201.835
r16_m000_same,16,same,0,0,search,query,raw_max_us,0,camera,axis_1,0,SAT,1,8,0,0,0,1,0,201.835,201.835
r16_m000_same,16,same,0,0,decomposition,feasibility,nodes,1021,camera,oblique_1,2470,SAT,3,10,2,1,0,2,1,19.67,26.15
r16_m000_same,16,same,0,0,decomposition,feasibility,branches,1021,camera,oblique_1,2470,SAT,3,10,2,1,0,2,1,19.67,26.15
r16_m000_same,16,same,0,0,decomposition,feasibility,us,1280,camera,oblique_2,3199,SAT,3,10,2,1,0,2,1,33.521,179.251
r16_m000_same,16,same,0,0,decomposition,feasibility,raw_max_us,608,camera,axis_6,811,SAT,1,8,0,0,0,1,0,6.52,2720.408
r16_m000_same,16,same,0,0,decomposition,projection,nodes,80,camera,axis_1,40,SAT,16,12,0,0,0,5,0,10.116,232.071
r16_m000_same,16,same,0,0,decomposition,projection,branches,1021,camera,oblique_1,2470,SAT,3,10,2,1,0,3,1,33.751,37.337
r16_m000_same,16,same,0,0,decomposition,projection,us,1280,camera,oblique_2,3199,SAT,3,10,2,1,0,3,1,60.091,60.592
r16_m000_same,16,same,0,0,decomposition,projection,raw_max_us,1199,camera,oblique_2,2199,SAT,1,8,0,0,0,1,0,26.13,998.141
r16_m000_same,16,same,0,0,decomposition,query,nodes,0,camera,axis_1,0,SAT,1,8,0,0,0,1,0,2.714,2.714
r16_m000_same,16,same,0,0,decomposition,query,branches,0,camera,axis_1,0,SAT,1,8,0,0,0,1,0,2.714,2.714
r16_m000_same,16,same,0,0,decomposition,query,us,1025,perturb_0,oblique_1,91,SAT,1,8,0,0,0,1,0,92.78,92.78
r16_m000_same,16,same,0,0,decomposition,query,raw_max_us,1025,perturb_0,oblique_1,91,SAT,1,8,0,0,0,1,0,92.78,92.78
r16_m000_same,16,same,0,0,fixed_hit,feasibility,nodes,0,camera,axis_1,0,SAT,1,8,0,0,0,1,0,2.414,2.424
r16_m000_same,16,same,0,0,fixed_hit,feasibility,branches,0,camera,axis_1,0,SAT,1,8,0,0,0,1,0,2.414,2.424
r16_m000_same,16,same,0,0,fixed_hit,feasibility,us,988,camera,oblique_1,1084,SAT,1,8,0,0,0,1,0,36.986,184.499
r16_m000_same,16,same,0,0,fixed_hit,feasibility,raw_max_us,1219,camera,oblique_2,2469,SAT,1,8,0,0,0,1,0,17.777,1268.42
r16_m000_same,16,same,0,0,fixed_hit,projection,nodes,80,camera,axis_1,40,SAT,16,12,0,0,0,5,0,9.946,10.045
r16_m000_same,16,same,0,0,fixed_hit,projection,branches,0,camera,axis_1,0,SAT,1,8,0,0,0,1,0,3.725,3.856
r16_m000_same,16,same,0,0,fixed_hit,projection,us,661,camera,axis_6,280,SAT,1,8,0,0,0,1,0,139.942,279.964
r16_m000_same,16,same,0,0,fixed_hit,projection,raw_max_us,1281,perturb_0,oblique_2,2953,SAT,2,9,0,0,0,2,0,41.183,788.504
r16_m000_same,16,same,0,0,fixed_hit,query,nodes,0,camera,axis_1,0,SAT,1,8,0,0,0,1,0,2.294,2.294
r16_m000_same,16,same,0,0,fixed_hit,query,branches,0,camera,axis_1,0,SAT,1,8,0,0,0,1,0,2.294,2.294
r16_m000_same,16,same,0,0,fixed_hit,query,us,289,perturb_4,axis_2,12,UNSAT,0,0,0,0,0,1,0,48.343,48.343
r16_m000_same,16,same,0,0,fixed_hit,query,raw_max_us,289,perturb_4,axis_2,12,UNSAT,0,0,0,0,0,1,0,48.343,48.343
r16_m000_same,16,same,0,0,both,feasibility,nodes,0,camera,axis_1,0,SAT,1,8,0,0,0,1,0,2.383,2.394
r16_m000_same,16,same,0,0,both,feasibility,branches,0,camera,axis_1,0,SAT,1,8,0,0,0,1,0,2.383,2.394
r16_m000_same,16,same,0,0,both,feasibility,us,1093,camera,oblique_2,2466,SAT,1,8,0,0,0,1,0,24.076,25.139
r16_m000_same,16,same,0,0,both,feasibility,raw_max_us,1224,camera,oblique_2,31,SAT,1,8,0,0,0,1,0,16.425,1089.389
r16_m000_same,16,same,0,0,both,projection,nodes,80,camera,axis_1,40,SAT,16,12,0,0,0,5,0,9.945,10.035
r16_m000_same,16,same,0,0,both,projection,branches,0,camera,axis_1,0,SAT,1,8,0,0,0,1,0,3.726,3.736
r16_m000_same,16,same,0,0,both,projection,us,1280,camera,oblique_2,3199,SAT,3,10,2,1,0,3,0,62.044,63.255
r16_m000_same,16,same,0,0,both,projection,raw_max_us,1201,camera,oblique_2,2280,SAT,1,8,0,0,0,1,0,26.23,1628.675
r16_m000_same,16,same,0,0,both,query,nodes,0,camera,axis_1,0,SAT,1,8,0,0,0,1,0,2.294,2.294
r16_m000_same,16,same,0,0,both,query,branches,0,camera,axis_1,0,SAT,1,8,0,0,0,1,0,2.294,2.294
r16_m000_same,16,same,0,0,both,query,us,1285,perturb_4,oblique_2,252,UNSAT,0,0,0,0,0,1,0,89.816,89.816
r16_m000_same,16,same,0,0,both,query,raw_max_us,1285,perturb_4,oblique_2,252,UNSAT,0,0,0,0,0,1,0,89.816,89.816
r8_m001_same,8,same,1,1,search,feasibility,nodes,27,camera,axis_1,40,SAT,81,16,2,4,0,5,4,8.563,9.574
r8_m001_same,8,same,1,1,search,feasibility,branches,27,camera,axis_1,40,SAT,81,16,2,4,0,5,4,8.563,9.574
r8_m001_same,8,same,1,1,search,feasibility,us,314,camera,axis_3,2466,SAT,1,8,0,0,0,1,0,28.664,186.522
r8_m001_same,8,same,1,1,search,feasibility,raw_max_us,644,camera,axis_6,256,SAT,1,8,0,0,0,1,0,6.56,254.685
r8_m001_same,8,same,1,1,search,projection,nodes,27,camera,axis_1,40,SAT,81,16,2,4,0,21,16,35.534,117.488
r8_m001_same,8,same,1,1,search,projection,branches,27,camera,axis_1,40,SAT,81,16,2,4,0,21,16,35.534,117.488
r8_m001_same,8,same,1,1,search,projection,us,1272,camera,oblique_2,2219,SAT,1,8,0,0,0,1,0,73.341,179.662
r8_m001_same,8,same,1,1,search,projection,raw_max_us,1081,camera,oblique_2,2215,SAT,1,8,0,0,0,1,0,10.626,321.226
r8_m001_same,8,same,1,1,search,query,nodes,32,perturb_0,axis_1,2470,SAT,18,13,2,2,0,3,2,4.457,4.457
r8_m001_same,8,same,1,1,search,query,branches,32,perturb_0,axis_1,2470,SAT,18,13,2,2,0,3,2,4.457,4.457
r8_m001_same,8,same,1,1,search,query,us,726,camera,oblique_1,0,SAT,1,8,0,0,0,1,0,21.723,21.723
r8_m001_same,8,same,1,1,search,query,raw_max_us,726,camera,oblique_1,0,SAT,1,8,0,0,0,1,0,21.723,21.723
r8_m001_same,8,same,1,1,decomposition,feasibility,nodes,27,camera,axis_1,40,SAT,81,16,2,4,0,9,4,6.61,6.811
r8_m001_same,8,same,1,1,decomposition,feasibility,branches,27,camera,axis_1,40,SAT,81,16,2,4,0,9,4,6.61,6.811
r8_m001_same,8,same,1,1,decomposition,feasibility,us,1357,camera,oblique_2,3199,SAT,3,10,2,1,0,2,1,21.753,32.82
r8_m001_same,8,same,1,1,decomposition,feasibility,raw_max_us,353,camera,axis_3,1001,SAT,4,10,0,0,0,1,0,4.807,921.254
r8_m001_same,8,same,1,1,decomposition,projection,nodes,27,camera,axis_1,40,SAT,81,16,2,4,0,37,16,28.002,54.953
r8_m001_same,8,same,1,1,decomposition,projection,branches,27,camera,axis_1,40,SAT,81,16,2,4,0,37,16,28.002,54.953
r8_m001_same,8,same,1,1,decomposition,projection,us,689,camera,axis_6,1000,SAT,35,16,8,1,0,10,6,65.539,71.768
r8_m001_same,8,same,1,1,decomposition,projection,raw_max_us,442,camera,axis_3,356,SAT,1,8,0,0,0,1,0,6.21,1525.419
r8_m001_same,8,same,1,1,decomposition,query,nodes,32,perturb_0,axis_1,2470,SAT,18,13,2,2,0,5,2,3.936,3.936
r8_m001_same,8,same,1,1,decomposition,query,branches,32,perturb_0,axis_1,2470,SAT,18,13,2,2,0,5,2,3.936,3.936
r8_m001_same,8,same,1,1,decomposition,query,us,190,perturb_0,axis_2,3240,UNSAT,1,8,0,0,0,1,0,14.102,14.102
r8_m001_same,8,same,1,1,decomposition,query,raw_max_us,190,perturb_0,axis_2,3240,UNSAT,1,8,0,0,0,1,0,14.102,14.102
r8_m001_same,8,same,1,1,fixed_hit,feasibility,nodes,0,camera,axis_1,0,SAT,1,8,0,0,0,1,0,1.793,1.803
r8_m001_same,8,same,1,1,fixed_hit,feasibility,branches,0,camera,axis_1,0,SAT,1,8,0,0,0,1,0,1.793,1.803
r8_m001_same,8,same,1,1,fixed_hit,feasibility,us,1333,camera,oblique_2,2309,SAT,1,8,0,0,0,1,0,10.816,31.007
r8_m001_same,8,same,1,1,fixed_hit,feasibility,raw_max_us,1271,camera,oblique_2,32,SAT,1,8,0,0,0,1,0,9.244,322.178
r8_m001_same,8,same,1,1,fixed_hit,projection,nodes,27,camera,axis_1,40,SAT,81,16,2,4,0,9,0,19.77,20.16
r8_m001_same,8,same,1,1,fixed_hit,projection,branches,0,camera,axis_1,0,SAT,1,8,0,0,0,1,0,2.604,2.644
r8_m001_same,8,same,1,1,fixed_hit,projection,us,452,camera,axis_3,3002,SAT,2,9,0,0,0,2,0,86.43,1255.12
r8_m001_same,8,same,1,1,fixed_hit,projection,raw_max_us,452,camera,axis_3,3002,SAT,2,9,0,0,0,2,0,86.43,1255.12
r8_m001_same,8,same,1,1,fixed_hit,query,nodes,0,camera,axis_1,0,SAT,1,8,0,0,0,1,0,1.633,1.633
r8_m001_same,8,same,1,1,fixed_hit,query,branches,0,camera,axis_1,0,SAT,1,8,0,0,0,1,0,1.633,1.633
r8_m001_same,8,same,1,1,fixed_hit,query,us,459,perturb_5,axis_3,362,UNSAT,0,0,0,0,0,1,0,2061.991,2061.991
r8_m001_same,8,same,1,1,fixed_hit,query,raw_max_us,459,perturb_5,axis_3,362,UNSAT,0,0,0,0,0,1,0,2061.991,2061.991
r8_m001_same,8,same,1,1,both,feasibility,nodes,0,camera,axis_1,0,SAT,1,8,0,0,0,1,0,1.813,1.823
r8_m001_same,8,same,1,1,both,feasibility,branches,0,camera,axis_1,0,SAT,1,8,0,0,0,1,0,1.813,1.823
r8_m001_same,8,same,1,1,both,feasibility,us,1357,camera,oblique_2,3199,SAT,3,10,2,1,0,1,0,10.216,10.266
r8_m001_same,8,same,1,1,both,feasibility,raw_max_us,655,camera,axis_6,2538,SAT,1,8,0,0,0,1,0,6.44,72.71
r8_m001_same,8,same,1,1,both,projection,nodes,27,camera,axis_1,40,SAT,81,16,2,4,0,9,0,19.51,21.423
r8_m001_same,8,same,1,1,both,projection,branches,0,camera,axis_1,0,SAT,1,8,0,0,0,1,0,2.584,2.604
r8_m001_same,8,same,1,1,both,projection,us,689,camera,axis_6,1000,SAT,35,16,8,1,0,9,0,72.519,73.091
r8_m001_same,8,same,1,1,both,projection,raw_max_us,1282,camera,oblique_2,86,SAT,1,8,0,0,0,1,0,11.777,952.182
r8_m001_same,8,same,1,1,both,query,nodes,0,camera,axis_1,0,SAT,1,8,0,0,0,1,0,1.623,1.623
r8_m001_same,8,same,1,1,both,query,branches,0,camera,axis_1,0,SAT,1,8,0,0,0,1,0,1.623,1.623
r8_m001_same,8,same,1,1,both,query,us,726,camera,oblique_1,0,SAT,1,8,0,0,0,1,0,58.869,58.869
r8_m001_same,8,same,1,1,both,query,raw_max_us,726,camera,oblique_1,0,SAT,1,8,0,0,0,1,0,58.869,58.869
r8_m001_split,8,split,1,1,search,feasibility,nodes,27,camera,axis_1,40,SAT,81,16,2,4,0,5,4,8.703,9.234
r8_m001_split,8,split,1,1,search,feasibility,branches,27,camera,axis_1,40,SAT,81,16,2,4,0,5,4,8.703,9.234
r8_m001_split,8,split,1,1,search,feasibility,us,697,camera,axis_6,1000,SAT,35,16,8,1,0,3,2,19.529,19.88
r8_m001_split,8,split,1,1,search,feasibility,raw_max_us,953,camera,oblique_1,82,SAT,1,8,0,0,0,1,0,4.337,2274.312
r8_m001_split,8,split,1,1,search,projection,nodes,27,camera,axis_1,40,SAT,81,16,2,4,0,21,16,33.902,39.07
r8_m001_split,8,split,1,1,search,projection,branches,27,camera,axis_1,40,SAT,81,16,2,4,0,21,16,33.902,39.07
r8_m001_split,8,split,1,1,search,projection,us,576,camera,axis_6,2946,SAT,1,8,0,0,0,1,0,71.118,137.138
r8_m001_split,8,split,1,1,search,projection,raw_max_us,530,camera,axis_6,2224,SAT,1,8,0,0,0,1,0,9.454,347.917
r8_m001_split,8,split,1,1,search,query,nodes,32,perturb_0,axis_1,2470,SAT,18,13,2,2,0,3,2,4.336,4.336
r8_m001_split,8,split,1,1,search,query,branches,32,perturb_0,axis_1,2470,SAT,18,13,2,2,0,3,2,4.336,4.336
r8_m001_split,8,split,1,1,search,query,us,931,camera,oblique_1,2282,UNSAT,1,8,0,0,0,1,0,31.447,31.447
r8_m001_split,8,split,1,1,search,query,raw_max_us,931,camera,oblique_1,2282,UNSAT,1,8,0,0,0,1,0,31.447,31.447
r8_m001_split,8,split,1,1,decomposition,feasibility,nodes,27,camera,axis_1,40,SAT,81,16,2,4,0,9,4,6.64,6.84
r8_m001_split,8,split,1,1,decomposition,feasibility,branches,27,camera,axis_1,40,SAT,81,16,2,4,0,9,4,6.64,6.84
r8_m001_split,8,split,1,1,decomposition,feasibility,us,1100,camera,oblique_2,2279,SAT,1,8,0,0,0,1,0,34.282,85.319
r8_m001_split,8,split,1,1,decomposition,feasibility,raw_max_us,552,camera,axis_6,252,SAT,1,8,0,0,0,1,0,5.759,902.055
r8_m001_split,8,split,1,1,decomposition,projection,nodes,27,camera,axis_1,40,SAT,81,16,2,4,0,37,16,27.411,27.992
r8_m001_split,8,split,1,1,decomposition,projection,branches,27,camera,axis_1,40,SAT,81,16,2,4,0,37,16,27.411,27.992
r8_m001_split,8,split,1,1,decomposition,projection,us,1242,camera,oblique_2,3171,SAT,1,8,0,0,0,1,0,78.919,152.05
r8_m001_split,8,split,1,1,decomposition,projection,raw_max_us,751,camera,oblique_1,999,SAT,1,8,0,0,0,1,0,8.943,883.643
r8_m001_split,8,split,1,1,decomposition,query,nodes,32,perturb_0,axis_1,2470,SAT,18,13,2,2,0,5,2,3.886,3.886
r8_m001_split,8,split,1,1,decomposition,query,branches,32,perturb_0,axis_1,2470,SAT,18,13,2,2,0,5,2,3.886,3.886
r8_m001_split,8,split,1,1,decomposition,query,us,1416,perturb_1,oblique_2,245,SAT,1,8,0,0,0,1,0,154.945,154.945
r8_m001_split,8,split,1,1,decomposition,query,raw_max_us,1416,perturb_1,oblique_2,245,SAT,1,8,0,0,0,1,0,154.945,154.945
r8_m001_split,8,split,1,1,fixed_hit,feasibility,nodes,0,camera,axis_1,0,SAT,1,8,0,0,0,1,0,1.863,1.883
r8_m001_split,8,split,1,1,fixed_hit,feasibility,branches,0,camera,axis_1,0,SAT,1,8,0,0,0,1,0,1.863,1.883
r8_m001_split,8,split,1,1,fixed_hit,feasibility,us,1303,camera,oblique_2,338,SAT,1,8,0,0,0,1,0,12.088,60.201
r8_m001_split,8,split,1,1,fixed_hit,feasibility,raw_max_us,1217,camera,oblique_2,759,SAT,1,8,0,0,0,1,0,7.281,205.16
r8_m001_split,8,split,1,1,fixed_hit,projection,nodes,27,camera,axis_1,40,SAT,81,16,2,4,0,9,0,19.78,20.421
r8_m001_split,8,split,1,1,fixed_hit,projection,branches,0,camera,axis_1,0,SAT,1,8,0,0,0,1,0,2.634,2.715
r8_m001_split,8,split,1,1,fixed_hit,projection,us,697,camera,axis_6,1000,SAT,35,16,8,1,0,9,0,72.099,76.465
r8_m001_split,8,split,1,1,fixed_hit,projection,raw_max_us,934,camera,oblique_1,3011,SAT,1,8,0,0,0,1,0,29.755,1854.517
r8_m001_split,8,split,1,1,fixed_hit,query,nodes,0,camera,axis_1,0,SAT,1,8,0,0,0,1,0,1.682,1.682
r8_m001_split,8,split,1,1,fixed_hit,query,branches,0,camera,axis_1,0,SAT,1,8,0,0,0,1,0,1.682,1.682
r8_m001_split,8,split,1,1,fixed_hit,query,us,1039,perturb_0,oblique_1,765,SAT,1,8,0,0,0,1,0,206.924,206.924
r8_m001_split,8,split,1,1,fixed_hit,query,raw_max_us,1039,perturb_0,oblique_1,765,SAT,1,8,0,0,0,1,0,206.924,206.924
r8_m001_split,8,split,1,1,both,feasibility,nodes,0,camera,axis_1,0,SAT,1,8,0,0,0,1,0,1.853,1.893
r8_m001_split,8,split,1,1,both,feasibility,branches,0,camera,axis_1,0,SAT,1,8,0,0,0,1,0,1.853,1.893
r8_m001_split,8,split,1,1,both,feasibility,us,1050,camera,oblique_2,2916,SAT,1,8,0,0,0,1,0,24.467,55.565
r8_m001_split,8,split,1,1,both,feasibility,raw_max_us,943,camera,oblique_1,1013,SAT,2,9,0,0,0,1,0,5.048,1032.082
r8_m001_split,8,split,1,1,both,projection,nodes,27,camera,axis_1,40,SAT,81,16,2,4,0,9,0,19.69,21.712
r8_m001_split,8,split,1,1,both,projection,branches,0,camera,axis_1,0,SAT,1,8,0,0,0,1,0,2.614,2.644
r8_m001_split,8,split,1,1,both,projection,us,930,camera,oblique_1,257,SAT,2,9,0,0,0,2,0,264.841,1014.857
r8_m001_split,8,split,1,1,both,projection,raw_max_us,964,camera,oblique_1,2458,SAT,1,8,0,0,0,1,0,6.991,1191.363
r8_m001_split,8,split,1,1,both,query,nodes,0,camera,axis_1,0,SAT,1,8,0,0,0,1,0,1.693,1.693
r8_m001_split,8,split,1,1,both,query,branches,0,camera,axis_1,0,SAT,1,8,0,0,0,1,0,1.693,1.693
r8_m001_split,8,split,1,1,both,query,us,1044,perturb_5,oblique_1,245,UNSAT,0,0,0,0,0,1,0,104.989,104.989
r8_m001_split,8,split,1,1,both,query,raw_max_us,1044,perturb_5,oblique_1,245,UNSAT,0,0,0,0,0,1,0,104.989,104.989
r8_m128_split,8,split,1,128,search,feasibility,nodes,30,camera,axis_1,40,SAT,81,16,2,4,0,5,4,8.643,9.364
r8_m128_split,8,split,1,128,search,feasibility,branches,30,camera,axis_1,40,SAT,81,16,2,4,0,5,4,8.643,9.364
r8_m128_split,8,split,1,128,search,feasibility,us,747,camera,axis_6,1000,SAT,35,16,8,1,0,3,2,21.253,44.227
r8_m128_split,8,split,1,128,search,feasibility,raw_max_us,1132,camera,oblique_2,739,SAT,1,8,0,0,0,1,0,7.241,829.74
r8_m128_split,8,split,1,128,search,projection,nodes,30,camera,axis_1,40,SAT,81,16,2,4,0,21,16,36.005,41.834
r8_m128_split,8,split,1,128,search,projection,branches,30,camera,axis_1,40,SAT,81,16,2,4,0,21,16,36.005,41.834
r8_m128_split,8,split,1,128,search,projection,us,747,camera,axis_6,1000,SAT,35,16,8,1,0,10,6,69.555,70.176
r8_m128_split,8,split,1,128,search,projection,raw_max_us,740,camera,axis_6,2443,SAT,3,10,2,1,0,3,1,20.261,1115.509
r8_m128_split,8,split,1,128,search,query,nodes,39,perturb_7,axis_1,3000,SAT,54,15,2,3,0,4,3,6.43,6.43
r8_m128_split,8,split,1,128,search,query,branches,39,perturb_7,axis_1,3000,SAT,54,15,2,3,0,4,3,6.43,6.43
r8_m128_split,8,split,1,128,search,query,us,137,camera,axis_2,1008,SAT,7,12,4,1,0,1,0,108.665,108.665
r8_m128_split,8,split,1,128,search,query,raw_max_us,137,camera,axis_2,1008,SAT,7,12,4,1,0,1,0,108.665,108.665
r8_m128_split,8,split,1,128,decomposition,feasibility,nodes,30,camera,axis_1,40,SAT,81,16,2,4,0,9,4,6.911,49.165
r8_m128_split,8,split,1,128,decomposition,feasibility,branches,30,camera,axis_1,40,SAT,81,16,2,4,0,9,4,6.911,49.165
r8_m128_split,8,split,1,128,decomposition,feasibility,us,747,camera,axis_6,1000,SAT,35,16,8,1,0,3,2,19.92,20.361
r8_m128_split,8,split,1,128,decomposition,feasibility,raw_max_us,585,camera,axis_6,972,SAT,1,8,0,0,0,1,0,6.029,988.826
r8_m128_split,8,split,1,128,decomposition,projection,nodes,30,camera,axis_1,40,SAT,81,16,2,4,0,37,16,27.672,28.543
r8_m128_split,8,split,1,128,decomposition,projection,branches,30,camera,axis_1,40,SAT,81,16,2,4,0,37,16,27.672,28.543
r8_m128_split,8,split,1,128,decomposition,projection,us,747,camera,axis_6,1000,SAT,35,16,8,1,0,10,6,67.372,71.829
r8_m128_split,8,split,1,128,decomposition,projection,raw_max_us,361,camera,axis_3,5142,SAT,1,8,0,0,0,1,0,5.959,340.355
r8_m128_split,8,split,1,128,decomposition,query,nodes,39,perturb_7,axis_1,3000,SAT,54,15,2,3,0,7,3,5.629,5.629
r8_m128_split,8,split,1,128,decomposition,query,branches,39,perturb_7,axis_1,3000,SAT,54,15,2,3,0,7,3,5.629,5.629
r8_m128_split,8,split,1,128,decomposition,query,us,1074,perturb_0,oblique_1,2281,SAT,1,8,0,0,0,1,0,113.211,113.211
r8_m128_split,8,split,1,128,decomposition,query,raw_max_us,1074,perturb_0,oblique_1,2281,SAT,1,8,0,0,0,1,0,113.211,113.211
r8_m128_split,8,split,1,128,fixed_hit,feasibility,nodes,0,camera,axis_1,0,SAT,1,8,0,0,0,1,0,1.823,1.953
r8_m128_split,8,split,1,128,fixed_hit,feasibility,branches,0,camera,axis_1,0,SAT,1,8,0,0,0,1,0,1.823,1.953
r8_m128_split,8,split,1,128,fixed_hit,feasibility,us,1127,camera,oblique_2,2296,SAT,1,8,0,0,0,1,0,157.478,565.275
r8_m128_split,8,split,1,128,fixed_hit,feasibility,raw_max_us,1127,camera,oblique_2,2296,SAT,1,8,0,0,0,1,0,157.478,565.275
r8_m128_split,8,split,1,128,fixed_hit,projection,nodes,30,camera,axis_1,40,SAT,81,16,2,4,0,9,0,20.281,22.294
r8_m128_split,8,split,1,128,fixed_hit,projection,branches,0,camera,axis_1,0,SAT,1,8,0,0,0,1,0,2.744,2.904
r8_m128_split,8,split,1,128,fixed_hit,projection,us,747,camera,axis_6,1000,SAT,35,16,8,1,0,9,0,75.274,85.159
r8_m128_split,8,split,1,128,fixed_hit,projection,raw_max_us,362,camera,axis_3,5373,SAT,1,8,0,0,0,1,0,6.279,297.68
r8_m128_split,8,split,1,128,fixed_hit,query,nodes,0,camera,axis_1,0,SAT,1,8,0,0,0,1,0,1.763,1.763
r8_m128_split,8,split,1,128,fixed_hit,query,branches,0,camera,axis_1,0,SAT,1,8,0,0,0,1,0,1.763,1.763
r8_m128_split,8,split,1,128,fixed_hit,query,us,212,perturb_2,axis_2,5187,UNSAT,0,0,0,0,0,1,0,94.083,94.083
r8_m128_split,8,split,1,128,fixed_hit,query,raw_max_us,212,perturb_2,axis_2,5187,UNSAT,0,0,0,0,0,1,0,94.083,94.083
r8_m128_split,8,split,1,128,both,feasibility,nodes,0,camera,axis_1,0,SAT,1,8,0,0,0,1,0,1.803,1.863
r8_m128_split,8,split,1,128,both,feasibility,branches,0,camera,axis_1,0,SAT,1,8,0,0,0,1,0,1.803,1.863
r8_m128_split,8,split,1,128,both,feasibility,us,1319,camera,oblique_2,1012,SAT,2,9,0,0,0,1,0,9.665,9.754
r8_m128_split,8,split,1,128,both,feasibility,raw_max_us,862,camera,oblique_1,39,SAT,2,9,0,0,0,1,0,5.428,251.691
r8_m128_split,8,split,1,128,both,projection,nodes,30,camera,axis_1,40,SAT,81,16,2,4,0,9,0,20.3,20.601
r8_m128_split,8,split,1,128,both,projection,branches,0,camera,axis_1,0,SAT,1,8,0,0,0,1,0,2.684,2.764
r8_m128_split,8,split,1,128,both,projection,us,747,camera,axis_6,1000,SAT,35,16,8,1,0,9,0,74.453,81.333
r8_m128_split,8,split,1,128,both,projection,raw_max_us,701,camera,axis_6,2512,SAT,1,8,0,0,0,1,0,66.751,268.446
r8_m128_split,8,split,1,128,both,query,nodes,0,camera,axis_1,0,SAT,1,8,0,0,0,1,0,1.773,1.773
r8_m128_split,8,split,1,128,both,query,branches,0,camera,axis_1,0,SAT,1,8,0,0,0,1,0,1.773,1.773
r8_m128_split,8,split,1,128,both,query,us,0,camera,axis_1,0,SAT,1,8,0,0,0,1,0,38.738,38.738
r8_m128_split,8,split,1,128,both,query,raw_max_us,0,camera,axis_1,0,SAT,1,8,0,0,0,1,0,38.738,38.738
r8_m128_same,8,same,1,128,search,feasibility,nodes,30,camera,axis_1,40,SAT,81,16,2,4,0,5,4,9.063,9.424
r8_m128_same,8,same,1,128,search,feasibility,branches,30,camera,axis_1,40,SAT,81,16,2,4,0,5,4,9.063,9.424
r8_m128_same,8,same,1,128,search,feasibility,us,708,camera,axis_6,1000,SAT,35,16,8,1,0,3,2,19.991,23.675
r8_m128_same,8,same,1,128,search,feasibility,raw_max_us,442,camera,axis_3,361,SAT,3,10,2,1,0,2,1,8.493,2091.936
r8_m128_same,8,same,1,128,search,projection,nodes,30,camera,axis_1,40,SAT,81,16,2,4,0,21,16,35.213,40.602
r8_m128_same,8,same,1,128,search,projection,branches,30,camera,axis_1,40,SAT,81,16,2,4,0,21,16,35.213,40.602
r8_m128_same,8,same,1,128,search,projection,us,708,camera,axis_6,1000,SAT,35,16,8,1,0,10,6,73.121,96.095
r8_m128_same,8,same,1,128,search,projection,raw_max_us,434,camera,axis_3,1083,SAT,3,10,2,1,0,3,1,20.642,2097.565
r8_m128_same,8,same,1,128,search,query,nodes,39,perturb_7,axis_1,3000,SAT,54,15,2,3,0,4,3,6.5,6.5
r8_m128_same,8,same,1,128,search,query,branches,39,perturb_7,axis_1,3000,SAT,54,15,2,3,0,4,3,6.5,6.5
r8_m128_same,8,same,1,128,search,query,us,455,perturb_1,axis_3,3249,SAT,2,9,0,0,0,1,0,2156.073,2156.073
r8_m128_same,8,same,1,128,search,query,raw_max_us,455,perturb_1,axis_3,3249,SAT,2,9,0,0,0,1,0,2156.073,2156.073
r8_m128_same,8,same,1,128,decomposition,feasibility,nodes,30,camera,axis_1,40,SAT,81,16,2,4,0,9,4,6.79,7.592
r8_m128_same,8,same,1,128,decomposition,feasibility,branches,30,camera,axis_1,40,SAT,81,16,2,4,0,9,4,6.79,7.592
r8_m128_same,8,same,1,128,decomposition,feasibility,us,708,camera,axis_6,1000,SAT,35,16,8,1,0,3,2,19.619,20.491
r8_m128_same,8,same,1,128,decomposition,feasibility,raw_max_us,1011,camera,oblique_1,5458,SAT,1,8,0,0,0,1,0,5.698,2080.749
r8_m128_same,8,same,1,128,decomposition,projection,nodes,30,camera,axis_1,40,SAT,81,16,2,4,0,37,16,27.522,29.855
r8_m128_same,8,same,1,128,decomposition,projection,branches,30,camera,axis_1,40,SAT,81,16,2,4,0,37,16,27.522,29.855
r8_m128_same,8,same,1,128,decomposition,projection,us,708,camera,axis_6,1000,SAT,35,16,8,1,0,10,6,66.09,66.731
r8_m128_same,8,same,1,128,decomposition,projection,raw_max_us,1262,camera,oblique_2,121,SAT,1,8,0,0,0,1,0,12.889,3087.013
r8_m128_same,8,same,1,128,decomposition,query,nodes,39,perturb_7,axis_1,3000,SAT,54,15,2,3,0,7,3,5.628,5.628
r8_m128_same,8,same,1,128,decomposition,query,branches,39,perturb_7,axis_1,3000,SAT,54,15,2,3,0,7,3,5.628,5.628
r8_m128_same,8,same,1,128,decomposition,query,us,1037,perturb_5,oblique_1,3001,UNSAT,0,0,0,0,0,1,0,31.968,31.968
r8_m128_same,8,same,1,128,decomposition,query,raw_max_us,1037,perturb_5,oblique_1,3001,UNSAT,0,0,0,0,0,1,0,31.968,31.968
r8_m128_same,8,same,1,128,fixed_hit,feasibility,nodes,0,camera,axis_1,0,SAT,1,8,0,0,0,1,0,1.872,1.913
r8_m128_same,8,same,1,128,fixed_hit,feasibility,branches,0,camera,axis_1,0,SAT,1,8,0,0,0,1,0,1.872,1.913
r8_m128_same,8,same,1,128,fixed_hit,feasibility,us,1154,camera,oblique_2,2298,SAT,1,8,0,0,0,1,0,14.492,14.743
r8_m128_same,8,same,1,128,fixed_hit,feasibility,raw_max_us,1371,camera,oblique_2,5107,SAT,1,8,0,0,0,1,0,7.09,2076.243
r8_m128_same,8,same,1,128,fixed_hit,projection,nodes,30,camera,axis_1,40,SAT,81,16,2,4,0,9,0,20.271,21.953
r8_m128_same,8,same,1,128,fixed_hit,projection,branches,0,camera,axis_1,0,SAT,1,8,0,0,0,1,0,2.604,2.704
r8_m128_same,8,same,1,128,fixed_hit,projection,us,708,camera,axis_6,1000,SAT,35,16,8,1,0,9,0,71.909,76.076
r8_m128_same,8,same,1,128,fixed_hit,projection,raw_max_us,448,camera,axis_3,4654,SAT,2,9,0,0,0,2,0,9.134,2102.733
r8_m128_same,8,same,1,128,fixed_hit,query,nodes,0,camera,axis_1,0,SAT,1,8,0,0,0,1,0,1.813,1.813
r8_m128_same,8,same,1,128,fixed_hit,query,branches,0,camera,axis_1,0,SAT,1,8,0,0,0,1,0,1.813,1.813
r8_m128_same,8,same,1,128,fixed_hit,query,us,656,camera,axis_6,4630,SAT,1,8,0,0,0,1,0,74.933,74.933
r8_m128_same,8,same,1,128,fixed_hit,query,raw_max_us,656,camera,axis_6,4630,SAT,1,8,0,0,0,1,0,74.933,74.933
r8_m128_same,8,same,1,128,both,feasibility,nodes,0,camera,axis_1,0,SAT,1,8,0,0,0,1,0,1.863,1.883
r8_m128_same,8,same,1,128,both,feasibility,branches,0,camera,axis_1,0,SAT,1,8,0,0,0,1,0,1.863,1.883
r8_m128_same,8,same,1,128,both,feasibility,us,588,camera,axis_6,39,SAT,1,8,0,0,0,1,0,16.335,18.578
r8_m128_same,8,same,1,128,both,feasibility,raw_max_us,1392,camera,oblique_2,4468,SAT,1,8,0,0,0,1,0,10.295,2061.63
r8_m128_same,8,same,1,128,both,projection,nodes,30,camera,axis_1,40,SAT,81,16,2,4,0,9,0,21.513,21.813
r8_m128_same,8,same,1,128,both,projection,branches,0,camera,axis_1,0,SAT,1,8,0,0,0,1,0,2.624,2.654
r8_m128_same,8,same,1,128,both,projection,us,708,camera,axis_6,1000,SAT,35,16,8,1,0,9,0,72.079,72.821
r8_m128_same,8,same,1,128,both,projection,raw_max_us,465,camera,axis_6,9,SAT,1,8,0,0,0,1,0,8.563,723.71
r8_m128_same,8,same,1,128,both,query,nodes,0,camera,axis_1,0,SAT,1,8,0,0,0,1,0,1.792,1.792
r8_m128_same,8,same,1,128,both,query,branches,0,camera,axis_1,0,SAT,1,8,0,0,0,1,0,1.792,1.792
r8_m128_same,8,same,1,128,both,query,us,725,perturb_7,axis_6,5377,SAT,8,12,4,1,0,1,0,74.833,74.833
r8_m128_same,8,same,1,128,both,query,raw_max_us,725,perturb_7,axis_6,5377,SAT,8,12,4,1,0,1,0,74.833,74.833
r8_m002_same,8,same,1,2,search,feasibility,nodes,27,camera,axis_1,40,SAT,81,16,2,4,0,5,4,9.535,9.855
r8_m002_same,8,same,1,2,search,feasibility,branches,27,camera,axis_1,40,SAT,81,16,2,4,0,5,4,9.535,9.855
r8_m002_same,8,same,1,2,search,feasibility,us,1149,camera,oblique_2,276,SAT,1,8,0,0,0,1,0,51.588,133.332
r8_m002_same,8,same,1,2,search,feasibility,raw_max_us,985,camera,oblique_1,2446,SAT,4,10,0,0,0,1,0,5.568,941.966
r8_m002_same,8,same,1,2,search,projection,nodes,27,camera,axis_1,40,SAT,81,16,2,4,0,21,16,36.855,37.246
r8_m002_same,8,same,1,2,search,projection,branches,27,camera,axis_1,40,SAT,81,16,2,4,0,21,16,36.855,37.246
r8_m002_same,8,same,1,2,search,projection,us,689,camera,axis_6,1000,SAT,35,16,8,1,0,10,6,70.767,72.229
r8_m002_same,8,same,1,2,search,projection,raw_max_us,358,camera,axis_3,325,SAT,1,8,0,0,0,1,0,5.398,3020.972
r8_m002_same,8,same,1,2,search,query,nodes,39,perturb_7,axis_1,1095,SAT,9,12,2,2,0,3,2,4.777,4.777
r8_m002_same,8,same,1,2,search,query,branches,39,perturb_7,axis_1,1095,SAT,9,12,2,2,0,3,2,4.777,4.777
r8_m002_same,8,same,1,2,search,query,us,1355,perturb_0,oblique_2,3024,SAT,1,8,0,0,0,1,0,810.998,810.998
r8_m002_same,8,same,1,2,search,query,raw_max_us,1355,perturb_0,oblique_2,3024,SAT,1,8,0,0,0,1,0,810.998,810.998
r8_m002_same,8,same,1,2,decomposition,feasibility,nodes,27,camera,axis_1,40,SAT,81,16,2,4,0,9,4,6.94,8.563
r8_m002_same,8,same,1,2,decomposition,feasibility,branches,27,camera,axis_1,40,SAT,81,16,2,4,0,9,4,6.94,8.563
r8_m002_same,8,same,1,2,decomposition,feasibility,us,689,camera,axis_6,1000,SAT,35,16,8,1,0,3,2,20.801,23.956
r8_m002_same,8,same,1,2,decomposition,feasibility,raw_max_us,1032,camera,oblique_2,6,SAT,1,8,0,0,0,1,0,8.102,301.847
r8_m002_same,8,same,1,2,decomposition,projection,nodes,27,camera,axis_1,40,SAT,81,16,2,4,0,37,16,31.027,31.868
r8_m002_same,8,same,1,2,decomposition,projection,branches,27,camera,axis_1,40,SAT,81,16,2,4,0,37,16,31.027,31.868
r8_m002_same,8,same,1,2,decomposition,projection,us,689,camera,axis_6,1000,SAT,35,16,8,1,0,10,6,88.584,140.593
r8_m002_same,8,same,1,2,decomposition,projection,raw_max_us,346,camera,axis_3,258,SAT,1,8,0,0,0,1,0,5.188,1088.177
r8_m002_same,8,same,1,2,decomposition,query,nodes,39,perturb_7,axis_1,1095,SAT,9,12,2,2,0,5,2,4.376,4.376
r8_m002_same,8,same,1,2,decomposition,query,branches,39,perturb_7,axis_1,1095,SAT,9,12,2,2,0,5,2,4.376,4.376
r8_m002_same,8,same,1,2,decomposition,query,us,36,perturb_4,axis_1,999,UNSAT,0,0,0,0,0,1,0,184.88,184.88
r8_m002_same,8,same,1,2,decomposition,query,raw_max_us,36,perturb_4,axis_1,999,UNSAT,0,0,0,0,0,1,0,184.88,184.88
r8_m002_same,8,same,1,2,fixed_hit,feasibility,nodes,0,camera,axis_1,0,SAT,1,8,0,0,0,1,0,1.822,1.872
r8_m002_same,8,same,1,2,fixed_hit,feasibility,branches,0,camera,axis_1,0,SAT,1,8,0,0,0,1,0,1.822,1.872
r8_m002_same,8,same,1,2,fixed_hit,feasibility,us,525,camera,axis_6,118,SAT,1,8,0,0,0,1,0,10.616,115.795
r8_m002_same,8,same,1,2,fixed_hit,feasibility,raw_max_us,961,camera,oblique_1,2278,SAT,1,8,0,0,0,1,0,5.058,192.221
r8_m002_same,8,same,1,2,fixed_hit,projection,nodes,27,camera,axis_1,40,SAT,81,16,2,4,0,9,0,22.254,527.218
r8_m002_same,8,same,1,2,fixed_hit,projection,branches,0,camera,axis_1,0,SAT,1,8,0,0,0,1,0,2.705,2.754
r8_m002_same,8,same,1,2,fixed_hit,projection,us,689,camera,axis_6,1000,SAT,35,16,8,1,0,9,0,79.611,81.253
r8_m002_same,8,same,1,2,fixed_hit,projection,raw_max_us,339,camera,axis_3,282,SAT,1,8,0,0,0,1,0,6.25,2807.499
r8_m002_same,8,same,1,2,fixed_hit,query,nodes,0,camera,axis_1,0,SAT,1,8,0,0,0,1,0,1.783,1.783
r8_m002_same,8,same,1,2,fixed_hit,query,branches,0,camera,axis_1,0,SAT,1,8,0,0,0,1,0,1.783,1.783
r8_m002_same,8,same,1,2,fixed_hit,query,us,1355,perturb_0,oblique_2,3024,SAT,1,8,0,0,0,1,0,841.304,841.304
r8_m002_same,8,same,1,2,fixed_hit,query,raw_max_us,1355,perturb_0,oblique_2,3024,SAT,1,8,0,0,0,1,0,841.304,841.304
r8_m002_same,8,same,1,2,both,feasibility,nodes,0,camera,axis_1,0,SAT,1,8,0,0,0,1,0,1.802,1.852
r8_m002_same,8,same,1,2,both,feasibility,branches,0,camera,axis_1,0,SAT,1,8,0,0,0,1,0,1.802,1.852
r8_m002_same,8,same,1,2,both,feasibility,us,607,camera,axis_6,1011,SAT,3,10,2,1,0,1,0,11.567,27.221
r8_m002_same,8,same,1,2,both,feasibility,raw_max_us,315,camera,axis_3,984,SAT,1,8,0,0,0,1,0,4.827,1885.994
r8_m002_same,8,same,1,2,both,projection,nodes,27,camera,axis_1,40,SAT,81,16,2,4,0,9,0,22.645,23.165
r8_m002_same,8,same,1,2,both,projection,branches,0,camera,axis_1,0,SAT,1,8,0,0,0,1,0,2.695,2.725
r8_m002_same,8,same,1,2,both,projection,us,689,camera,axis_6,1000,SAT,35,16,8,1,0,9,0,80.512,87.493
r8_m002_same,8,same,1,2,both,projection,raw_max_us,883,camera,oblique_1,2512,SAT,1,8,0,0,0,1,0,6.911,1175.189
r8_m002_same,8,same,1,2,both,query,nodes,0,camera,axis_1,0,SAT,1,8,0,0,0,1,0,1.752,1.752
r8_m002_same,8,same,1,2,both,query,branches,0,camera,axis_1,0,SAT,1,8,0,0,0,1,0,1.752,1.752
r8_m002_same,8,same,1,2,both,query,us,1307,camera,oblique_2,334,SAT,1,8,0,0,0,1,0,83.556,83.556
r8_m002_same,8,same,1,2,both,query,raw_max_us,1307,camera,oblique_2,334,SAT,1,8,0,0,0,1,0,83.556,83.556
r8_m002_split,8,split,1,2,search,feasibility,nodes,27,camera,axis_1,40,SAT,81,16,2,4,0,5,4,8.493,9.384
r8_m002_split,8,split,1,2,search,feasibility,branches,27,camera,axis_1,40,SAT,81,16,2,4,0,5,4,8.493,9.384
r8_m002_split,8,split,1,2,search,feasibility,us,697,camera,axis_6,1000,SAT,35,16,8,1,0,3,2,20.32,20.441
r8_m002_split,8,split,1,2,search,feasibility,raw_max_us,491,camera,axis_6,2229,SAT,1,8,0,0,0,1,0,9.124,228.887
r8_m002_split,8,split,1,2,search,projection,nodes,27,camera,axis_1,40,SAT,81,16,2,4,0,21,16,33.601,35.674
r8_m002_split,8,split,1,2,search,projection,branches,27,camera,axis_1,40,SAT,81,16,2,4,0,21,16,33.601,35.674
r8_m002_split,8,split,1,2,search,projection,us,697,camera,axis_6,1000,SAT,35,16,8,1,0,10,6,68.904,111.8
r8_m002_split,8,split,1,2,search,projection,raw_max_us,177,camera,axis_2,360,SAT,49,16,4,2,0,13,8,35.243,184.599
r8_m002_split,8,split,1,2,search,query,nodes,39,perturb_7,axis_1,1095,SAT,9,12,2,2,0,3,2,4.397,4.397
r8_m002_split,8,split,1,2,search,query,branches,39,perturb_7,axis_1,1095,SAT,9,12,2,2,0,3,2,4.397,4.397
r8_m002_split,8,split,1,2,search,query,us,1420,perturb_5,oblique_2,2548,UNSAT,0,0,0,0,0,1,0,307.966,307.966
r8_m002_split,8,split,1,2,search,query,raw_max_us,1420,perturb_5,oblique_2,2548,UNSAT,0,0,0,0,0,1,0,307.966,307.966
r8_m002_split,8,split,1,2,decomposition,feasibility,nodes,27,camera,axis_1,40,SAT,81,16,2,4,0,9,4,6.62,6.641
r8_m002_split,8,split,1,2,decomposition,feasibility,branches,27,camera,axis_1,40,SAT,81,16,2,4,0,9,4,6.62,6.641
r8_m002_split,8,split,1,2,decomposition,feasibility,us,697,camera,axis_6,1000,SAT,35,16,8,1,0,3,2,24.157,74.072
r8_m002_split,8,split,1,2,decomposition,feasibility,raw_max_us,934,camera,oblique_1,2269,SAT,1,8,0,0,0,1,0,4.517,215.266
r8_m002_split,8,split,1,2,decomposition,projection,nodes,27,camera,axis_1,40,SAT,81,16,2,4,0,37,16,27.111,27.842
r8_m002_split,8,split,1,2,decomposition,projection,branches,27,camera,axis_1,40,SAT,81,16,2,4,0,37,16,27.111,27.842
r8_m002_split,8,split,1,2,decomposition,projection,us,697,camera,axis_6,1000,SAT,35,16,8,1,0,10,6,69.976,122.025
r8_m002_split,8,split,1,2,decomposition,projection,raw_max_us,1410,camera,oblique_2,985,SAT,1,8,0,0,0,1,0,12.619,910.618
r8_m002_split,8,split,1,2,decomposition,query,nodes,39,perturb_7,axis_1,1095,SAT,9,12,2,2,0,5,2,4.157,4.157
r8_m002_split,8,split,1,2,decomposition,query,branches,39,perturb_7,axis_1,1095,SAT,9,12,2,2,0,5,2,4.157,4.157
r8_m002_split,8,split,1,2,decomposition,query,us,1338,camera,oblique_2,2920,SAT,1,8,0,0,0,1,0,43.987,43.987
r8_m002_split,8,split,1,2,decomposition,query,raw_max_us,1338,camera,oblique_2,2920,SAT,1,8,0,0,0,1,0,43.987,43.987
r8_m002_split,8,split,1,2,fixed_hit,feasibility,nodes,0,camera,axis_1,0,SAT,1,8,0,0,0,1,0,1.833,1.833
r8_m002_split,8,split,1,2,fixed_hit,feasibility,branches,0,camera,axis_1,0,SAT,1,8,0,0,0,1,0,1.833,1.833
r8_m002_split,8,split,1,2,fixed_hit,feasibility,us,1404,camera,oblique_2,2470,SAT,1,8,0,0,0,1,0,10.175,43.156
r8_m002_split,8,split,1,2,fixed_hit,feasibility,raw_max_us,1215,camera,oblique_2,2466,SAT,1,8,0,0,0,1,0,8.062,3469.381
r8_m002_split,8,split,1,2,fixed_hit,projection,nodes,27,camera,axis_1,40,SAT,81,16,2,4,0,9,0,19.84,20.05
r8_m002_split,8,split,1,2,fixed_hit,projection,branches,0,camera,axis_1,0,SAT,1,8,0,0,0,1,0,2.644,2.704
r8_m002_split,8,split,1,2,fixed_hit,projection,us,697,camera,axis_6,1000,SAT,35,16,8,1,0,9,0,76.205,78.448
r8_m002_split,8,split,1,2,fixed_hit,projection,raw_max_us,1407,camera,oblique_2,769,SAT,2,9,0,0,0,2,0,18.789,622.201
r8_m002_split,8,split,1,2,fixed_hit,query,nodes,0,camera,axis_1,0,SAT,1,8,0,0,0,1,0,1.773,1.773
r8_m002_split,8,split,1,2,fixed_hit,query,branches,0,camera,axis_1,0,SAT,1,8,0,0,0,1,0,1.773,1.773
r8_m002_split,8,split,1,2,fixed_hit,query,us,1047,camera,oblique_2,0,UNSAT,1,8,0,0,0,1,0,23.385,23.385
r8_m002_split,8,split,1,2,fixed_hit,query,raw_max_us,1047,camera,oblique_2,0,UNSAT,1,8,0,0,0,1,0,23.385,23.385
r8_m002_split,8,split,1,2,both,feasibility,nodes,0,camera,axis_1,0,SAT,1,8,0,0,0,1,0,1.813,1.833
r8_m002_split,8,split,1,2,both,feasibility,branches,0,camera,axis_1,0,SAT,1,8,0,0,0,1,0,1.813,1.833
r8_m002_split,8,split,1,2,both,feasibility,us,955,camera,oblique_1,1081,SAT,1,8,0,0,0,1,0,26.27,60.552
r8_m002_split,8,split,1,2,both,feasibility,raw_max_us,499,camera,axis_6,730,SAT,1,8,0,0,0,1,0,6.419,886.111
r8_m002_split,8,split,1,2,both,projection,nodes,27,camera,axis_1,40,SAT,81,16,2,4,0,9,0,19.87,21.583
r8_m002_split,8,split,1,2,both,projection,branches,0,camera,axis_1,0,SAT,1,8,0,0,0,1,0,2.614,2.654
r8_m002_split,8,split,1,2,both,projection,us,697,camera,axis_6,1000,SAT,35,16,8,1,0,9,0,75.424,76.315
r8_m002_split,8,split,1,2,both,projection,raw_max_us,280,camera,axis_3,114,SAT,1,8,0,0,0,1,0,5.738,208.886
r8_m002_split,8,split,1,2,both,query,nodes,0,camera,axis_1,0,SAT,1,8,0,0,0,1,0,1.773,1.773
r8_m002_split,8,split,1,2,both,query,branches,0,camera,axis_1,0,SAT,1,8,0,0,0,1,0,1.773,1.773
r8_m002_split,8,split,1,2,both,query,us,392,camera,axis_3,354,SAT,1,8,0,0,0,1,0,96.205,96.205
r8_m002_split,8,split,1,2,both,query,raw_max_us,392,camera,axis_3,354,SAT,1,8,0,0,0,1,0,96.205,96.205
r8_m004_split,8,split,1,4,search,feasibility,nodes,30,camera,axis_1,40,SAT,81,16,2,4,0,5,4,9.664,11.797
r8_m004_split,8,split,1,4,search,feasibility,branches,30,camera,axis_1,40,SAT,81,16,2,4,0,5,4,9.664,11.797
r8_m004_split,8,split,1,4,search,feasibility,us,1384,camera,oblique_2,373,SAT,1,8,0,0,0,1,0,53.431,124.588
r8_m004_split,8,split,1,4,search,feasibility,raw_max_us,465,camera,axis_3,2443,SAT,3,10,2,1,0,2,1,8.552,230.539
r8_m004_split,8,split,1,4,search,projection,nodes,30,camera,axis_1,40,SAT,81,16,2,4,0,21,16,36.485,46.551
r8_m004_split,8,split,1,4,search,projection,branches,30,camera,axis_1,40,SAT,81,16,2,4,0,21,16,36.485,46.551
r8_m004_split,8,split,1,4,search,projection,us,747,camera,axis_6,1000,SAT,35,16,8,1,0,10,6,68.253,70.907
r8_m004_split,8,split,1,4,search,projection,raw_max_us,98,camera,axis_2,117,SAT,7,12,4,1,0,5,2,12.81,270.229
r8_m004_split,8,split,1,4,search,query,nodes,33,perturb_1,axis_1,823,SAT,12,12,2,1,0,2,1,3.075,3.075
r8_m004_split,8,split,1,4,search,query,branches,33,perturb_1,axis_1,823,SAT,12,12,2,1,0,2,1,3.075,3.075
r8_m004_split,8,split,1,4,search,query,us,1392,perturb_0,oblique_2,3285,SAT,1,8,0,0,0,1,0,97.267,97.267
r8_m004_split,8,split,1,4,search,query,raw_max_us,1392,perturb_0,oblique_2,3285,SAT,1,8,0,0,0,1,0,97.267,97.267
r8_m004_split,8,split,1,4,decomposition,feasibility,nodes,30,camera,axis_1,40,SAT,81,16,2,4,0,9,4,7.131,9.114
r8_m004_split,8,split,1,4,decomposition,feasibility,branches,30,camera,axis_1,40,SAT,81,16,2,4,0,9,4,7.131,9.114
r8_m004_split,8,split,1,4,decomposition,feasibility,us,412,camera,axis_3,2511,SAT,1,8,0,0,0,1,0,35.053,72.339
r8_m004_split,8,split,1,4,decomposition,feasibility,raw_max_us,455,camera,axis_3,840,SAT,1,8,0,0,0,1,0,4.657,211.911
r8_m004_split,8,split,1,4,decomposition,projection,nodes,30,camera,axis_1,40,SAT,81,16,2,4,0,37,16,40.691,45.88
r8_m004_split,8,split,1,4,decomposition,projection,branches,30,camera,axis_1,40,SAT,81,16,2,4,0,37,16,40.691,45.88
r8_m004_split,8,split,1,4,decomposition,projection,us,1109,camera,oblique_2,3168,SAT,1,8,0,0,0,1,0,180.994,192.081
r8_m004_split,8,split,1,4,decomposition,projection,raw_max_us,1316,camera,oblique_2,21,SAT,1,8,0,0,0,1,0,11.057,939.412
r8_m004_split,8,split,1,4,decomposition,query,nodes,33,perturb_1,axis_1,823,SAT,12,12,2,1,0,2,1,3.065,3.065
r8_m004_split,8,split,1,4,decomposition,query,branches,33,perturb_1,axis_1,823,SAT,12,12,2,1,0,2,1,3.065,3.065
r8_m004_split,8,split,1,4,decomposition,query,us,214,perturb_4,axis_2,121,UNSAT,0,0,0,0,0,1,0,53.28,53.28
r8_m004_split,8,split,1,4,decomposition,query,raw_max_us,214,perturb_4,axis_2,121,UNSAT,0,0,0,0,0,1,0,53.28,53.28
r8_m004_split,8,split,1,4,fixed_hit,feasibility,nodes,0,camera,axis_1,0,SAT,1,8,0,0,0,1,0,1.803,1.893
r8_m004_split,8,split,1,4,fixed_hit,feasibility,branches,0,camera,axis_1,0,SAT,1,8,0,0,0,1,0,1.803,1.893
r8_m004_split,8,split,1,4,fixed_hit,feasibility,us,706,camera,axis_6,2529,SAT,1,8,0,0,0,1,0,45.098,63.456
r8_m004_split,8,split,1,4,fixed_hit,feasibility,raw_max_us,180,camera,axis_2,111,SAT,1,8,0,0,0,1,0,3.866,221.696
r8_m004_split,8,split,1,4,fixed_hit,projection,nodes,30,camera,axis_1,40,SAT,81,16,2,4,0,9,0,26.53,28.423
r8_m004_split,8,split,1,4,fixed_hit,projection,branches,0,camera,axis_1,0,SAT,1,8,0,0,0,1,0,2.624,2.684
r8_m004_split,8,split,1,4,fixed_hit,projection,us,710,camera,axis_6,49,SAT,1,8,0,0,0,1,0,89.465,181.895
r8_m004_split,8,split,1,4,fixed_hit,projection,raw_max_us,819,camera,oblique_1,2271,SAT,2,9,0,0,0,2,0,10.786,879.021
r8_m004_split,8,split,1,4,fixed_hit,query,nodes,0,camera,axis_1,0,SAT,1,8,0,0,0,1,0,1.793,1.793
r8_m004_split,8,split,1,4,fixed_hit,query,branches,0,camera,axis_1,0,SAT,1,8,0,0,0,1,0,1.793,1.793
r8_m004_split,8,split,1,4,fixed_hit,query,us,1020,perturb_0,oblique_1,4,SAT,1,8,0,0,0,1,0,212.902,212.902
r8_m004_split,8,split,1,4,fixed_hit,query,raw_max_us,1020,perturb_0,oblique_1,4,SAT,1,8,0,0,0,1,0,212.902,212.902
r8_m004_split,8,split,1,4,both,feasibility,nodes,0,camera,axis_1,0,SAT,1,8,0,0,0,1,0,1.812,1.853
r8_m004_split,8,split,1,4,both,feasibility,branches,0,camera,axis_1,0,SAT,1,8,0,0,0,1,0,1.812,1.853
r8_m004_split,8,split,1,4,both,feasibility,us,1261,camera,oblique_2,3010,SAT,1,8,0,0,0,1,0,9.745,12.719
r8_m004_split,8,split,1,4,both,feasibility,raw_max_us,1240,camera,oblique_2,1009,SAT,2,9,0,0,0,1,0,7.662,262.007
r8_m004_split,8,split,1,4,both,projection,nodes,30,camera,axis_1,40,SAT,81,16,2,4,0,9,0,20.802,29.024
r8_m004_split,8,split,1,4,both,projection,branches,0,camera,axis_1,0,SAT,1,8,0,0,0,1,0,2.604,2.624
r8_m004_split,8,split,1,4,both,projection,us,747,camera,axis_6,1000,SAT,35,16,8,1,0,9,0,76.216,80.752
r8_m004_split,8,split,1,4,both,projection,raw_max_us,968,camera,oblique_1,2205,SAT,2,9,0,0,0,2,0,9.434,300.224
r8_m004_split,8,split,1,4,both,query,nodes,0,camera,axis_1,0,SAT,1,8,0,0,0,1,0,1.773,1.773
r8_m004_split,8,split,1,4,both,query,branches,0,camera,axis_1,0,SAT,1,8,0,0,0,1,0,1.773,1.773
r8_m004_split,8,split,1,4,both,query,us,1392,perturb_0,oblique_2,3285,SAT,1,8,0,0,0,1,0,12.93,12.93
r8_m004_split,8,split,1,4,both,query,raw_max_us,1392,perturb_0,oblique_2,3285,SAT,1,8,0,0,0,1,0,12.93,12.93
r8_m004_same,8,same,1,4,search,feasibility,nodes,30,camera,axis_1,40,SAT,81,16,2,4,0,5,4,9.084,9.414
r8_m004_same,8,same,1,4,search,feasibility,branches,30,camera,axis_1,40,SAT,81,16,2,4,0,5,4,9.084,9.414
r8_m004_same,8,same,1,4,search,feasibility,us,708,camera,axis_6,1000,SAT,35,16,8,1,0,3,2,19.78,69.826
r8_m004_same,8,same,1,4,search,feasibility,raw_max_us,305,camera,axis_3,30,SAT,1,8,0,0,0,1,0,4.166,733.47
r8_m004_same,8,same,1,4,search,projection,nodes,30,camera,axis_1,40,SAT,81,16,2,4,0,21,16,35.995,36.034
r8_m004_same,8,same,1,4,search,projection,branches,30,camera,axis_1,40,SAT,81,16,2,4,0,21,16,35.995,36.034
r8_m004_same,8,same,1,4,search,projection,us,708,camera,axis_6,1000,SAT,35,16,8,1,0,10,6,71.829,87.893
r8_m004_same,8,same,1,4,search,projection,raw_max_us,951,camera,oblique_1,1074,SAT,1,8,0,0,0,1,0,7.722,2384.549
r8_m004_same,8,same,1,4,search,query,nodes,197,perturb_7,axis_2,3019,SAT,15,13,3,2,0,3,2,6.76,6.76
r8_m004_same,8,same,1,4,search,query,branches,197,perturb_7,axis_2,3019,SAT,15,13,3,2,0,3,2,6.76,6.76
r8_m004_same,8,same,1,4,search,query,us,983,perturb_5,oblique_1,2439,UNSAT,0,0,0,0,0,1,0,18.017,18.017
r8_m004_same,8,same,1,4,search,query,raw_max_us,983,perturb_5,oblique_1,2439,UNSAT,0,0,0,0,0,1,0,18.017,18.017
r8_m004_same,8,same,1,4,decomposition,feasibility,nodes,30,camera,axis_1,40,SAT,81,16,2,4,0,9,4,6.76,7.561
r8_m004_same,8,same,1,4,decomposition,feasibility,branches,30,camera,axis_1,40,SAT,81,16,2,4,0,9,4,6.76,7.561
r8_m004_same,8,same,1,4,decomposition,feasibility,us,504,camera,axis_6,2268,SAT,1,8,0,0,0,1,0,65.519,358.112
r8_m004_same,8,same,1,4,decomposition,feasibility,raw_max_us,551,camera,axis_6,3,SAT,1,8,0,0,0,1,0,5.759,2346.722
r8_m004_same,8,same,1,4,decomposition,projection,nodes,30,camera,axis_1,40,SAT,81,16,2,4,0,37,16,28.273,29.525
r8_m004_same,8,same,1,4,decomposition,projection,branches,30,camera,axis_1,40,SAT,81,16,2,4,0,37,16,28.273,29.525
r8_m004_same,8,same,1,4,decomposition,projection,us,708,camera,axis_6,1000,SAT,35,16,8,1,0,10,6,66.63,70.596
r8_m004_same,8,same,1,4,decomposition,projection,raw_max_us,528,camera,axis_6,2278,SAT,2,9,0,0,0,2,0,18.638,356.139
r8_m004_same,8,same,1,4,decomposition,query,nodes,197,perturb_7,axis_2,3019,SAT,15,13,3,2,0,5,2,5.919,5.919
r8_m004_same,8,same,1,4,decomposition,query,branches,197,perturb_7,axis_2,3019,SAT,15,13,3,2,0,5,2,5.919,5.919
r8_m004_same,8,same,1,4,decomposition,query,us,1277,camera,oblique_2,2937,SAT,1,8,0,0,0,1,0,28.604,28.604
r8_m004_same,8,same,1,4,decomposition,query,raw_max_us,1277,camera,oblique_2,2937,SAT,1,8,0,0,0,1,0,28.604,28.604
r8_m004_same,8,same,1,4,fixed_hit,feasibility,nodes,0,camera,axis_1,0,SAT,1,8,0,0,0,1,0,1.803,1.843
r8_m004_same,8,same,1,4,fixed_hit,feasibility,branches,0,camera,axis_1,0,SAT,1,8,0,0,0,1,0,1.803,1.843
r8_m004_same,8,same,1,4,fixed_hit,feasibility,us,950,camera,oblique_1,2235,SAT,6,11,2,1,0,1,0,10.095,133.512
r8_m004_same,8,same,1,4,fixed_hit,feasibility,raw_max_us,947,camera,oblique_1,345,SAT,1,8,0,0,0,1,0,5.027,285.122
r8_m004_same,8,same,1,4,fixed_hit,projection,nodes,30,camera,axis_1,40,SAT,81,16,2,4,0,9,0,20.851,21.683
r8_m004_same,8,same,1,4,fixed_hit,projection,branches,0,camera,axis_1,0,SAT,1,8,0,0,0,1,0,2.714,2.725
r8_m004_same,8,same,1,4,fixed_hit,projection,us,708,camera,axis_6,1000,SAT,35,16,8,1,0,9,0,72.289,75.975
r8_m004_same,8,same,1,4,fixed_hit,projection,raw_max_us,98,camera,axis_2,775,SAT,3,10,2,1,0,3,0,8.523,436.891
r8_m004_same,8,same,1,4,fixed_hit,query,nodes,0,camera,axis_1,0,SAT,1,8,0,0,0,1,0,1.792,1.792
r8_m004_same,8,same,1,4,fixed_hit,query,branches,0,camera,axis_1,0,SAT,1,8,0,0,0,1,0,1.792,1.792
r8_m004_same,8,same,1,4,fixed_hit,query,us,559,camera,axis_6,732,SAT,1,8,0,0,0,1,0,29.054,29.054
r8_m004_same,8,same,1,4,fixed_hit,query,raw_max_us,559,camera,axis_6,732,SAT,1,8,0,0,0,1,0,29.054,29.054
r8_m004_same,8,same,1,4,both,feasibility,nodes,0,camera,axis_1,0,SAT,1,8,0,0,0,1,0,1.833,1.853
r8_m004_same,8,same,1,4,both,feasibility,branches,0,camera,axis_1,0,SAT,1,8,0,0,0,1,0,1.833,1.853
r8_m004_same,8,same,1,4,both,feasibility,us,1299,camera,oblique_2,1101,SAT,1,8,0,0,0,1,0,16.314,256.318
r8_m004_same,8,same,1,4,both,feasibility,raw_max_us,540,camera,axis_6,2305,SAT,3,10,2,1,0,1,0,7.381,1113.054
r8_m004_same,8,same,1,4,both,projection,nodes,30,camera,axis_1,40,SAT,81,16,2,4,0,9,0,20.431,21.483
r8_m004_same,8,same,1,4,both,projection,branches,0,camera,axis_1,0,SAT,1,8,0,0,0,1,0,2.644,2.664
r8_m004_same,8,same,1,4,both,projection,us,665,camera,axis_6,271,SAT,2,9,0,0,0,2,0,101.734,114.713
r8_m004_same,8,same,1,4,both,projection,raw_max_us,950,camera,oblique_1,2235,SAT,6,11,2,1,0,3,0,14.832,981.305
r8_m004_same,8,same,1,4,both,query,nodes,0,camera,axis_1,0,SAT,1,8,0,0,0,1,0,1.793,1.793
r8_m004_same,8,same,1,4,both,query,branches,0,camera,axis_1,0,SAT,1,8,0,0,0,1,0,1.793,1.793
r8_m004_same,8,same,1,4,both,query,us,1357,perturb_7,oblique_2,3019,UNSAT,0,0,0,0,0,1,0,29.875,29.875
r8_m004_same,8,same,1,4,both,query,raw_max_us,1357,perturb_7,oblique_2,3019,UNSAT,0,0,0,0,0,1,0,29.875,29.875
r8_m003_same,8,same,2,3,search,feasibility,nodes,51,camera,axis_1,40,SAT,81,16,2,4,0,5,4,9.684,9.925
r8_m003_same,8,same,2,3,search,feasibility,branches,51,camera,axis_1,40,SAT,81,16,2,4,0,5,4,9.684,9.925
r8_m003_same,8,same,2,3,search,feasibility,us,1379,camera,oblique_1,116,SAT,1,8,0,0,0,1,0,24.647,228.496
r8_m003_same,8,same,2,3,search,feasibility,raw_max_us,718,camera,axis_6,2952,SAT,1,8,0,0,0,1,0,6.019,2104.125
r8_m003_same,8,same,2,3,search,projection,nodes,51,camera,axis_1,40,SAT,81,16,2,4,0,21,16,35.904,36.345
r8_m003_same,8,same,2,3,search,projection,branches,51,camera,axis_1,40,SAT,81,16,2,4,0,21,16,35.904,36.345
r8_m003_same,8,same,2,3,search,projection,us,1469,camera,oblique_1,1015,SAT,4,10,0,0,0,3,0,69.255,173.443
r8_m003_same,8,same,2,3,search,projection,raw_max_us,704,camera,axis_6,729,SAT,1,8,0,0,0,1,0,9.354,2927.07
r8_m003_same,8,same,2,3,search,query,nodes,71,perturb_7,axis_1,3036,SAT,27,14,2,3,0,4,3,6.86,6.86
r8_m003_same,8,same,2,3,search,query,branches,71,perturb_7,axis_1,3036,SAT,27,14,2,3,0,4,3,6.86,6.86
r8_m003_same,8,same,2,3,search,query,us,1592,camera,oblique_2,3008,UNSAT,1,8,0,0,0,1,0,783.676,783.676
r8_m003_same,8,same,2,3,search,query,raw_max_us,1592,camera,oblique_2,3008,UNSAT,1,8,0,0,0,1,0,783.676,783.676
r8_m003_same,8,same,2,3,decomposition,feasibility,nodes,51,camera,axis_1,40,SAT,81,16,2,4,0,9,4,7.001,7.481
r8_m003_same,8,same,2,3,decomposition,feasibility,branches,51,camera,axis_1,40,SAT,81,16,2,4,0,9,4,7.001,7.481
r8_m003_same,8,same,2,3,decomposition,feasibility,us,1026,camera,axis_6,1000,SAT,35,16,8,1,0,3,2,19.67,26.26
r8_m003_same,8,same,2,3,decomposition,feasibility,raw_max_us,140,camera,axis_2,37,SAT,1,8,0,0,0,1,0,3.435,6977.962
r8_m003_same,8,same,2,3,decomposition,projection,nodes,51,camera,axis_1,40,SAT,81,16,2,4,0,37,16,103.747,210.358
r8_m003_same,8,same,2,3,decomposition,projection,branches,51,camera,axis_1,40,SAT,81,16,2,4,0,37,16,103.747,210.358
r8_m003_same,8,same,2,3,decomposition,projection,us,51,camera,axis_1,40,SAT,81,16,2,4,0,37,16,103.747,210.358
r8_m003_same,8,same,2,3,decomposition,projection,raw_max_us,1524,camera,oblique_2,3003,SAT,2,9,0,0,0,2,0,18.007,3324.963
r8_m003_same,8,same,2,3,decomposition,query,nodes,71,perturb_7,axis_1,3036,SAT,27,14,2,3,0,7,3,5.849,5.849
r8_m003_same,8,same,2,3,decomposition,query,branches,71,perturb_7,axis_1,3036,SAT,27,14,2,3,0,7,3,5.849,5.849
r8_m003_same,8,same,2,3,decomposition,query,us,693,camera,axis_3,3248,UNSAT,1,8,0,0,0,1,0,1522.154,1522.154
r8_m003_same,8,same,2,3,decomposition,query,raw_max_us,693,camera,axis_3,3248,UNSAT,1,8,0,0,0,1,0,1522.154,1522.154
r8_m003_same,8,same,2,3,fixed_hit,feasibility,nodes,0,camera,axis_1,0,SAT,1,8,0,0,0,1,0,3.095,44.207
r8_m003_same,8,same,2,3,fixed_hit,feasibility,branches,0,camera,axis_1,0,SAT,1,8,0,0,0,1,0,3.095,44.207
r8_m003_same,8,same,2,3,fixed_hit,feasibility,us,1931,camera,oblique_2,3196,SAT,2,9,0,0,0,1,0,14.732,14.863
r8_m003_same,8,same,2,3,fixed_hit,feasibility,raw_max_us,1165,camera,oblique_1,975,SAT,1,8,0,0,0,1,0,4.487,2070.884
r8_m003_same,8,same,2,3,fixed_hit,projection,nodes,51,camera,axis_1,40,SAT,81,16,2,4,0,9,0,20.832,23.095
r8_m003_same,8,same,2,3,fixed_hit,projection,branches,0,camera,axis_1,0,SAT,1,8,0,0,0,1,0,3.084,44.567
r8_m003_same,8,same,2,3,fixed_hit,projection,us,23,camera,axis_1,119,SAT,9,12,2,2,0,5,0,134.223,189.988
r8_m003_same,8,same,2,3,fixed_hit,projection,raw_max_us,772,camera,axis_6,2188,SAT,1,8,0,0,0,1,0,10.356,713.47
r8_m003_same,8,same,2,3,fixed_hit,query,nodes,0,camera,axis_1,0,SAT,1,8,0,0,0,1,0,1.792,1.792
r8_m003_same,8,same,2,3,fixed_hit,query,branches,0,camera,axis_1,0,SAT,1,8,0,0,0,1,0,1.792,1.792
r8_m003_same,8,same,2,3,fixed_hit,query,us,1786,camera,oblique_2,1002,SAT,1,8,0,0,0,1,0,68.604,68.604
r8_m003_same,8,same,2,3,fixed_hit,query,raw_max_us,1786,camera,oblique_2,1002,SAT,1,8,0,0,0,1,0,68.604,68.604
r8_m003_same,8,same,2,3,both,feasibility,nodes,0,camera,axis_1,0,SAT,1,8,0,0,0,1,0,1.993,2.133
r8_m003_same,8,same,2,3,both,feasibility,branches,0,camera,axis_1,0,SAT,1,8,0,0,0,1,0,1.993,2.133
r8_m003_same,8,same,2,3,both,feasibility,us,1939,camera,oblique_2,1015,SAT,2,9,0,0,0,1,0,14.732,15.113
r8_m003_same,8,same,2,3,both,feasibility,raw_max_us,751,camera,axis_6,35,SAT,1,8,0,0,0,1,0,6.41,985.902
r8_m003_same,8,same,2,3,both,projection,nodes,51,camera,axis_1,40,SAT,81,16,2,4,0,9,0,20.821,21.763
r8_m003_same,8,same,2,3,both,projection,branches,0,camera,axis_1,0,SAT,1,8,0,0,0,1,0,2.804,2.814
r8_m003_same,8,same,2,3,both,projection,us,550,camera,axis_3,980,SAT,1,8,0,0,0,1,0,164.088,264.691
r8_m003_same,8,same,2,3,both,projection,raw_max_us,1223,camera,oblique_1,2958,SAT,3,10,2,1,0,3,0,16.865,2080.529
r8_m003_same,8,same,2,3,both,query,nodes,0,camera,axis_1,0,SAT,1,8,0,0,0,1,0,1.753,1.753
r8_m003_same,8,same,2,3,both,query,branches,0,camera,axis_1,0,SAT,1,8,0,0,0,1,0,1.753,1.753
r8_m003_same,8,same,2,3,both,query,us,65,perturb_1,axis_1,2553,SAT,9,12,2,2,0,1,0,107.242,107.242
r8_m003_same,8,same,2,3,both,query,raw_max_us,65,perturb_1,axis_1,2553,SAT,9,12,2,2,0,1,0,107.242,107.242
r8_m003_split,8,split,2,3,search,feasibility,nodes,51,camera,axis_1,40,SAT,81,16,2,4,0,5,4,8.924,9.814
r8_m003_split,8,split,2,3,search,feasibility,branches,51,camera,axis_1,40,SAT,81,16,2,4,0,5,4,8.924,9.814
r8_m003_split,8,split,2,3,search,feasibility,us,2160,camera,oblique_2,3199,SAT,3,10,2,1,0,2,1,27.842,34.803
r8_m003_split,8,split,2,3,search,feasibility,raw_max_us,1916,camera,oblique_2,1097,SAT,1,8,0,0,0,1,0,8.213,275.908
r8_m003_split,8,split,2,3,search,projection,nodes,51,camera,axis_1,40,SAT,81,16,2,4,0,21,16,33.891,35.984
r8_m003_split,8,split,2,3,search,projection,branches,51,camera,axis_1,40,SAT,81,16,2,4,0,21,16,33.891,35.984
r8_m003_split,8,split,2,3,search,projection,us,1052,camera,axis_6,1000,SAT,35,16,8,1,0,10,6,65.78,72.119
r8_m003_split,8,split,2,3,search,projection,raw_max_us,1577,camera,oblique_1,13,SAT,1,8,0,0,0,1,0,6.85,312.283
r8_m003_split,8,split,2,3,search,query,nodes,71,perturb_7,axis_1,3036,SAT,27,14,2,3,0,4,3,6.71,6.71
r8_m003_split,8,split,2,3,search,query,branches,71,perturb_7,axis_1,3036,SAT,27,14,2,3,0,4,3,6.71,6.71
r8_m003_split,8,split,2,3,search,query,us,1795,camera,oblique_2,270,SAT,1,8,0,0,0,1,0,54.433,54.433
r8_m003_split,8,split,2,3,search,query,raw_max_us,1795,camera,oblique_2,270,SAT,1,8,0,0,0,1,0,54.433,54.433
r8_m003_split,8,split,2,3,decomposition,feasibility,nodes,51,camera,axis_1,40,SAT,81,16,2,4,0,9,4,6.96,7.141
r8_m003_split,8,split,2,3,decomposition,feasibility,branches,51,camera,axis_1,40,SAT,81,16,2,4,0,9,4,6.96,7.141
r8_m003_split,8,split,2,3,decomposition,feasibility,us,1052,camera,axis_6,1000,SAT,35,16,8,1,0,3,2,20.091,20.741
r8_m003_split,8,split,2,3,decomposition,feasibility,raw_max_us,2020,camera,oblique_2,2525,SAT,1,8,0,0,0,1,0,8.693,6179.274
r8_m003_split,8,split,2,3,decomposition,projection,nodes,51,camera,axis_1,40,SAT,81,16,2,4,0,37,16,27.412,28.213
r8_m003_split,8,split,2,3,decomposition,projection,branches,51,camera,axis_1,40,SAT,81,16,2,4,0,37,16,27.412,28.213
r8_m003_split,8,split,2,3,decomposition,projection,us,1052,camera,axis_6,1000,SAT,35,16,8,1,0,10,6,66.27,66.671
r8_m003_split,8,split,2,3,decomposition,projection,raw_max_us,947,camera,axis_6,2921,SAT,1,8,0,0,0,1,0,9.775,1215.92
r8_m003_split,8,split,2,3,decomposition,query,nodes,71,perturb_7,axis_1,3036,SAT,27,14,2,3,0,7,3,5.869,5.869
r8_m003_split,8,split,2,3,decomposition,query,branches,71,perturb_7,axis_1,3036,SAT,27,14,2,3,0,7,3,5.869,5.869
r8_m003_split,8,split,2,3,decomposition,query,us,297,perturb_0,axis_2,2277,SAT,2,9,0,0,0,1,0,56.646,56.646
r8_m003_split,8,split,2,3,decomposition,query,raw_max_us,297,perturb_0,axis_2,2277,SAT,2,9,0,0,0,1,0,56.646,56.646
r8_m003_split,8,split,2,3,fixed_hit,feasibility,nodes,0,camera,axis_1,0,SAT,1,8,0,0,0,1,0,2.013,2.023
r8_m003_split,8,split,2,3,fixed_hit,feasibility,branches,0,camera,axis_1,0,SAT,1,8,0,0,0,1,0,2.013,2.023
r8_m003_split,8,split,2,3,fixed_hit,feasibility,us,1583,camera,oblique_1,40,SAT,2,9,0,0,0,1,0,33.41,37.817
r8_m003_split,8,split,2,3,fixed_hit,feasibility,raw_max_us,2003,camera,oblique_2,113,SAT,1,8,0,0,0,1,0,8.663,1229.932
r8_m003_split,8,split,2,3,fixed_hit,projection,nodes,51,camera,axis_1,40,SAT,81,16,2,4,0,9,0,20.05,20.491
r8_m003_split,8,split,2,3,fixed_hit,projection,branches,0,camera,axis_1,0,SAT,1,8,0,0,0,1,0,2.825,2.845
r8_m003_split,8,split,2,3,fixed_hit,projection,us,1052,camera,axis_6,1000,SAT,35,16,8,1,0,9,0,72.239,97.087
r8_m003_split,8,split,2,3,fixed_hit,projection,raw_max_us,939,camera,axis_6,41,SAT,1,8,0,0,0,1,0,9.725,280.244
r8_m003_split,8,split,2,3,fixed_hit,query,nodes,0,camera,axis_1,0,SAT,1,8,0,0,0,1,0,1.772,1.772
r8_m003_split,8,split,2,3,fixed_hit,query,branches,0,camera,axis_1,0,SAT,1,8,0,0,0,1,0,1.772,1.772
r8_m003_split,8,split,2,3,fixed_hit,query,us,994,camera,axis_6,333,SAT,1,8,0,0,0,1,0,63.476,63.476
r8_m003_split,8,split,2,3,fixed_hit,query,raw_max_us,994,camera,axis_6,333,SAT,1,8,0,0,0,1,0,63.476,63.476
r8_m003_split,8,split,2,3,both,feasibility,nodes,0,camera,axis_1,0,SAT,1,8,0,0,0,1,0,1.983,2.013
r8_m003_split,8,split,2,3,both,feasibility,branches,0,camera,axis_1,0,SAT,1,8,0,0,0,1,0,1.983,2.013
r8_m003_split,8,split,2,3,both,feasibility,us,2134,camera,oblique_2,3196,SAT,2,9,0,0,0,1,0,71.488,103.768
r8_m003_split,8,split,2,3,both,feasibility,raw_max_us,1943,camera,oblique_2,840,SAT,1,8,0,0,0,1,0,9.294,279.984
r8_m003_split,8,split,2,3,both,projection,nodes,51,camera,axis_1,40,SAT,81,16,2,4,0,9,0,19.97,21.643
r8_m003_split,8,split,2,3,both,projection,branches,0,camera,axis_1,0,SAT,1,8,0,0,0,1,0,2.815,2.914
r8_m003_split,8,split,2,3,both,projection,us,1052,camera,axis_6,1000,SAT,35,16,8,1,0,9,0,72.64,72.97
r8_m003_split,8,split,2,3,both,projection,raw_max_us,1996,camera,oblique_2,2219,SAT,1,8,0,0,0,1,0,12.169,4071.632
r8_m003_split,8,split,2,3,both,query,nodes,0,camera,axis_1,0,SAT,1,8,0,0,0,1,0,1.782,1.782
r8_m003_split,8,split,2,3,both,query,branches,0,camera,axis_1,0,SAT,1,8,0,0,0,1,0,1.782,1.782
r8_m003_split,8,split,2,3,both,query,us,2165,perturb_4,oblique_2,1053,UNSAT,0,0,0,0,0,1,0,74.653,74.653
r8_m003_split,8,split,2,3,both,query,raw_max_us,2165,perturb_4,oblique_2,1053,UNSAT,0,0,0,0,0,1,0,74.653,74.653
r8_m192_split,8,split,2,192,search,feasibility,nodes,60,camera,axis_1,40,SAT,81,16,2,4,0,5,4,9.234,10.256
r8_m192_split,8,split,2,192,search,feasibility,branches,60,camera,axis_1,40,SAT,81,16,2,4,0,5,4,9.234,10.256
r8_m192_split,8,split,2,192,search,feasibility,us,1195,camera,axis_6,1000,SAT,35,16,8,1,0,3,2,19.95,23.085
r8_m192_split,8,split,2,192,search,feasibility,raw_max_us,2223,camera,oblique_2,1738,SAT,1,8,0,0,0,1,0,8.053,363.019
r8_m192_split,8,split,2,192,search,projection,nodes,60,camera,axis_1,40,SAT,81,16,2,4,0,21,16,34.423,37.286
r8_m192_split,8,split,2,192,search,projection,branches,60,camera,axis_1,40,SAT,81,16,2,4,0,21,16,34.423,37.286
r8_m192_split,8,split,2,192,search,projection,us,1195,camera,axis_6,1000,SAT,35,16,8,1,0,10,6,66.08,70.386
r8_m192_split,8,split,2,192,search,projection,raw_max_us,1265,camera,oblique_1,3,SAT,1,8,0,0,0,1,0,7.111,1038.852
r8_m192_split,8,split,2,192,search,query,nodes,68,perturb_4,axis_1,334,SAT,9,12,2,2,0,3,2,5.308,5.308
r8_m192_split,8,split,2,192,search,query,branches,68,perturb_4,axis_1,334,SAT,9,12,2,2,0,3,2,5.308,5.308
r8_m192_split,8,split,2,192,search,query,us,365,perturb_4,axis_2,117,UNSAT,1,8,0,0,0,1,0,22.153,22.153
r8_m192_split,8,split,2,192,search,query,raw_max_us,365,perturb_4,axis_2,117,UNSAT,1,8,0,0,0,1,0,22.153,22.153
r8_m192_split,8,split,2,192,decomposition,feasibility,nodes,60,camera,axis_1,40,SAT,81,16,2,4,0,9,4,7.01,7.271
r8_m192_split,8,split,2,192,decomposition,feasibility,branches,60,camera,axis_1,40,SAT,81,16,2,4,0,9,4,7.01,7.271
r8_m192_split,8,split,2,192,decomposition,feasibility,us,983,camera,axis_6,3675,SAT,1,8,0,0,0,1,0,183.268,269.558
r8_m192_split,8,split,2,192,decomposition,feasibility,raw_max_us,983,camera,axis_6,3675,SAT,1,8,0,0,0,1,0,183.268,269.558
r8_m192_split,8,split,2,192,decomposition,projection,nodes,60,camera,axis_1,40,SAT,81,16,2,4,0,37,16,27.662,28.723
r8_m192_split,8,split,2,192,decomposition,projection,branches,60,camera,axis_1,40,SAT,81,16,2,4,0,37,16,27.662,28.723
r8_m192_split,8,split,2,192,decomposition,projection,us,1195,camera,axis_6,1000,SAT,35,16,8,1,0,10,6,66.32,68.203
r8_m192_split,8,split,2,192,decomposition,projection,raw_max_us,686,camera,axis_3,5925,SAT,2,9,0,0,0,2,0,7.952,255.908
r8_m192_split,8,split,2,192,decomposition,query,nodes,68,perturb_4,axis_1,334,SAT,9,12,2,2,0,5,2,5.118,5.118
r8_m192_split,8,split,2,192,decomposition,query,branches,68,perturb_4,axis_1,334,SAT,9,12,2,2,0,5,2,5.118,5.118
r8_m192_split,8,split,2,192,decomposition,query,us,71,perturb_7,axis_1,1057,SAT,9,12,2,2,0,2,1,51.478,51.478
r8_m192_split,8,split,2,192,decomposition,query,raw_max_us,71,perturb_7,axis_1,1057,SAT,9,12,2,2,0,2,1,51.478,51.478
r8_m192_split,8,split,2,192,fixed_hit,feasibility,nodes,0,camera,axis_1,0,SAT,1,8,0,0,0,1,0,1.963,1.983
r8_m192_split,8,split,2,192,fixed_hit,feasibility,branches,0,camera,axis_1,0,SAT,1,8,0,0,0,1,0,1.963,1.983
r8_m192_split,8,split,2,192,fixed_hit,feasibility,us,2012,camera,oblique_2,4737,SAT,1,8,0,0,0,1,0,50.096,138.47
r8_m192_split,8,split,2,192,fixed_hit,feasibility,raw_max_us,1985,camera,oblique_2,5382,SAT,1,8,0,0,0,1,0,7.521,222.897
r8_m192_split,8,split,2,192,fixed_hit,projection,nodes,60,camera,axis_1,40,SAT,81,16,2,4,0,9,0,20.611,21.853
r8_m192_split,8,split,2,192,fixed_hit,projection,branches,0,camera,axis_1,0,SAT,1,8,0,0,0,1,0,2.795,2.895
r8_m192_split,8,split,2,192,fixed_hit,projection,us,1195,camera,axis_6,1000,SAT,35,16,8,1,0,9,0,72.5,87.572
r8_m192_split,8,split,2,192,fixed_hit,projection,raw_max_us,920,camera,axis_6,1575,SAT,1,8,0,0,0,1,0,9.294,296.689
r8_m192_split,8,split,2,192,fixed_hit,query,nodes,0,camera,axis_1,0,SAT,1,8,0,0,0,1,0,1.923,1.923
r8_m192_split,8,split,2,192,fixed_hit,query,branches,0,camera,axis_1,0,SAT,1,8,0,0,0,1,0,1.923,1.923
r8_m192_split,8,split,2,192,fixed_hit,query,us,995,camera,axis_6,3159,SAT,1,8,0,0,0,1,0,74.813,74.813
r8_m192_split,8,split,2,192,fixed_hit,query,raw_max_us,995,camera,axis_6,3159,SAT,1,8,0,0,0,1,0,74.813,74.813
r8_m192_split,8,split,2,192,both,feasibility,nodes,0,camera,axis_1,0,SAT,1,8,0,0,0,1,0,1.953,1.963
r8_m192_split,8,split,2,192,both,feasibility,branches,0,camera,axis_1,0,SAT,1,8,0,0,0,1,0,1.953,1.963
r8_m192_split,8,split,2,192,both,feasibility,us,1907,camera,oblique_2,3250,SAT,1,8,0,0,0,1,0,9.695,10.466
r8_m192_split,8,split,2,192,both,feasibility,raw_max_us,1526,camera,oblique_1,4654,SAT,2,9,0,0,0,1,0,4.596,246.333
r8_m192_split,8,split,2,192,both,projection,nodes,60,camera,axis_1,40,SAT,81,16,2,4,0,9,0,20.15,20.321
r8_m192_split,8,split,2,192,both,projection,branches,0,camera,axis_1,0,SAT,1,8,0,0,0,1,0,2.784,2.784
r8_m192_split,8,split,2,192,both,projection,us,1195,camera,axis_6,1000,SAT,35,16,8,1,0,9,0,72.399,80.542
r8_m192_split,8,split,2,192,both,projection,raw_max_us,1381,camera,oblique_1,1003,SAT,1,8,0,0,0,1,0,8.102,227.625
r8_m192_split,8,split,2,192,both,query,nodes,0,camera,axis_1,0,SAT,1,8,0,0,0,1,0,1.903,1.903
r8_m192_split,8,split,2,192,both,query,branches,0,camera,axis_1,0,SAT,1,8,0,0,0,1,0,1.903,1.903
r8_m192_split,8,split,2,192,both,query,us,1189,camera,axis_6,2920,SAT,1,8,0,0,0,1,0,141.695,141.695
r8_m192_split,8,split,2,192,both,query,raw_max_us,1189,camera,axis_6,2920,SAT,1,8,0,0,0,1,0,141.695,141.695
r8_m192_same,8,same,2,192,search,feasibility,nodes,60,camera,axis_1,40,SAT,81,16,2,4,0,5,4,9.344,10.275
r8_m192_same,8,same,2,192,search,feasibility,branches,60,camera,axis_1,40,SAT,81,16,2,4,0,5,4,9.344,10.275
r8_m192_same,8,same,2,192,search,feasibility,us,1071,camera,axis_6,1000,SAT,35,16,8,1,0,3,2,20.732,23.405
r8_m192_same,8,same,2,192,search,feasibility,raw_max_us,1893,camera,oblique_2,4726,SAT,1,8,0,0,0,1,0,7.12,250.138
r8_m192_same,8,same,2,192,search,projection,nodes,60,camera,axis_1,40,SAT,81,16,2,4,0,21,16,35.804,37.076
r8_m192_same,8,same,2,192,search,projection,branches,60,camera,axis_1,40,SAT,81,16,2,4,0,21,16,35.804,37.076
r8_m192_same,8,same,2,192,search,projection,us,1071,camera,axis_6,1000,SAT,35,16,8,1,0,10,6,69.345,72.359
r8_m192_same,8,same,2,192,search,projection,raw_max_us,815,camera,axis_6,2944,SAT,2,9,0,0,0,2,0,14.773,300.635
r8_m192_same,8,same,2,192,search,query,nodes,71,perturb_7,axis_1,1057,SAT,9,12,2,2,0,3,2,4.978,4.978
r8_m192_same,8,same,2,192,search,query,branches,71,perturb_7,axis_1,1057,SAT,9,12,2,2,0,3,2,4.978,4.978
r8_m192_same,8,same,2,192,search,query,us,301,perturb_4,axis_2,117,SAT,1,8,0,0,0,1,0,88.474,88.474
r8_m192_same,8,same,2,192,search,query,raw_max_us,301,perturb_4,axis_2,117,SAT,1,8,0,0,0,1,0,88.474,88.474
r8_m192_same,8,same,2,192,decomposition,feasibility,nodes,60,camera,axis_1,40,SAT,81,16,2,4,0,9,4,7.211,7.231
r8_m192_same,8,same,2,192,decomposition,feasibility,branches,60,camera,axis_1,40,SAT,81,16,2,4,0,9,4,7.211,7.231
r8_m192_same,8,same,2,192,decomposition,feasibility,us,1071,camera,axis_6,1000,SAT,35,16,8,1,0,3,2,20.211,20.972
r8_m192_same,8,same,2,192,decomposition,feasibility,raw_max_us,2109,camera,oblique_2,6115,SAT,2,9,0,0,0,1,0,10.776,290.751
r8_m192_same,8,same,2,192,decomposition,projection,nodes,60,camera,axis_1,40,SAT,81,16,2,4,0,37,16,28.814,52.169
r8_m192_same,8,same,2,192,decomposition,projection,branches,60,camera,axis_1,40,SAT,81,16,2,4,0,37,16,28.814,52.169
r8_m192_same,8,same,2,192,decomposition,projection,us,1071,camera,axis_6,1000,SAT,35,16,8,1,0,10,6,68.885,80.722
r8_m192_same,8,same,2,192,decomposition,projection,raw_max_us,2111,camera,oblique_2,3928,SAT,3,10,2,1,0,3,1,26.34,275.507
r8_m192_same,8,same,2,192,decomposition,query,nodes,71,perturb_7,axis_1,1057,SAT,9,12,2,2,0,5,2,4.567,4.567
r8_m192_same,8,same,2,192,decomposition,query,branches,71,perturb_7,axis_1,1057,SAT,9,12,2,2,0,5,2,4.567,4.567
r8_m192_same,8,same,2,192,decomposition,query,us,1198,camera,oblique_1,2469,SAT,3,10,2,1,0,2,1,70.216,70.216
r8_m192_same,8,same,2,192,decomposition,query,raw_max_us,1198,camera,oblique_1,2469,SAT,3,10,2,1,0,2,1,70.216,70.216
r8_m192_same,8,same,2,192,fixed_hit,feasibility,nodes,0,camera,axis_1,0,SAT,1,8,0,0,0,1,0,2.023,2.023
r8_m192_same,8,same,2,192,fixed_hit,feasibility,branches,0,camera,axis_1,0,SAT,1,8,0,0,0,1,0,2.023,2.023
r8_m192_same,8,same,2,192,fixed_hit,feasibility,us,2047,camera,oblique_2,3981,SAT,2,9,0,0,0,1,0,11.368,12.579
r8_m192_same,8,same,2,192,fixed_hit,feasibility,raw_max_us,1155,camera,oblique_1,813,SAT,1,8,0,0,0,1,0,4.938,373.666
r8_m192_same,8,same,2,192,fixed_hit,projection,nodes,60,camera,axis_1,40,SAT,81,16,2,4,0,9,0,21.002,21.643
r8_m192_same,8,same,2,192,fixed_hit,projection,branches,0,camera,axis_1,0,SAT,1,8,0,0,0,1,0,2.835,2.944
r8_m192_same,8,same,2,192,fixed_hit,projection,us,1071,camera,axis_6,1000,SAT,35,16,8,1,0,9,0,74.964,87.953
r8_m192_same,8,same,2,192,fixed_hit,projection,raw_max_us,1005,camera,axis_6,5925,SAT,5,11,3,1,0,3,0,21.673,435.118
r8_m192_same,8,same,2,192,fixed_hit,query,nodes,0,camera,axis_1,0,SAT,1,8,0,0,0,1,0,1.922,1.922
r8_m192_same,8,same,2,192,fixed_hit,query,branches,0,camera,axis_1,0,SAT,1,8,0,0,0,1,0,1.922,1.922
r8_m192_same,8,same,2,192,fixed_hit,query,us,693,camera,axis_3,6192,UNSAT,1,8,0,0,0,1,0,69.926,69.926
r8_m192_same,8,same,2,192,fixed_hit,query,raw_max_us,693,camera,axis_3,6192,UNSAT,1,8,0,0,0,1,0,69.926,69.926
r8_m192_same,8,same,2,192,both,feasibility,nodes,0,camera,axis_1,0,SAT,1,8,0,0,0,1,0,1.983,2.003
r8_m192_same,8,same,2,192,both,feasibility,branches,0,camera,axis_1,0,SAT,1,8,0,0,0,1,0,1.983,2.003
r8_m192_same,8,same,2,192,both,feasibility,us,1894,camera,oblique_2,5455,SAT,1,8,0,0,0,1,0,34.392,66.22
r8_m192_same,8,same,2,192,both,feasibility,raw_max_us,2038,camera,oblique_2,5952,SAT,1,8,0,0,0,1,0,8.723,1317.234
r8_m192_same,8,same,2,192,both,projection,nodes,60,camera,axis_1,40,SAT,81,16,2,4,0,9,0,20.992,75.875
r8_m192_same,8,same,2,192,both,projection,branches,0,camera,axis_1,0,SAT,1,8,0,0,0,1,0,2.814,2.844
r8_m192_same,8,same,2,192,both,projection,us,1071,camera,axis_6,1000,SAT,35,16,8,1,0,9,0,81.533,130.428
r8_m192_same,8,same,2,192,both,projection,raw_max_us,1968,camera,oblique_2,1468,SAT,1,8,0,0,0,1,0,11.447,265.582
r8_m192_same,8,same,2,192,both,query,nodes,0,camera,axis_1,0,SAT,1,8,0,0,0,1,0,1.923,1.923
r8_m192_same,8,same,2,192,both,query,branches,0,camera,axis_1,0,SAT,1,8,0,0,0,1,0,1.923,1.923
r8_m192_same,8,same,2,192,both,query,us,2112,perturb_0,oblique_2,1063,SAT,1,8,0,0,0,1,0,261.976,261.976
r8_m192_same,8,same,2,192,both,query,raw_max_us,2112,perturb_0,oblique_2,1063,SAT,1,8,0,0,0,1,0,261.976,261.976
r8_m024_same,8,same,2,24,search,feasibility,nodes,54,camera,axis_1,40,SAT,81,16,2,4,0,5,4,8.933,10.116
r8_m024_same,8,same,2,24,search,feasibility,branches,54,camera,axis_1,40,SAT,81,16,2,4,0,5,4,8.933,10.116
r8_m024_same,8,same,2,24,search,feasibility,us,1051,camera,axis_6,1000,SAT,35,16,8,1,0,3,2,22.073,34.612
r8_m024_same,8,same,2,24,search,feasibility,raw_max_us,1450,camera,oblique_2,2241,SAT,1,8,0,0,0,1,0,7.161,405.513
r8_m024_same,8,same,2,24,search,projection,nodes,54,camera,axis_1,40,SAT,81,16,2,4,0,21,16,34.683,36.605
r8_m024_same,8,same,2,24,search,projection,branches,54,camera,axis_1,40,SAT,81,16,2,4,0,21,16,34.683,36.605
r8_m024_same,8,same,2,24,search,projection,us,1051,camera,axis_6,1000,SAT,35,16,8,1,0,10,6,66.5,70.517
r8_m024_same,8,same,2,24,search,projection,raw_max_us,1866,camera,oblique_2,3196,SAT,3,10,0,0,0,3,0,22.064,278.321
r8_m024_same,8,same,2,24,search,query,nodes,68,perturb_4,axis_1,3330,SAT,9,12,2,2,0,3,2,5.238,5.238
r8_m024_same,8,same,2,24,search,query,branches,68,perturb_4,axis_1,3330,SAT,9,12,2,2,0,3,2,5.238,5.238
r8_m024_same,8,same,2,24,search,query,us,1916,perturb_1,oblique_2,3376,SAT,4,10,0,0,0,1,0,36.966,36.966
r8_m024_same,8,same,2,24,search,query,raw_max_us,1916,perturb_1,oblique_2,3376,SAT,4,10,0,0,0,1,0,36.966,36.966
r8_m024_same,8,same,2,24,decomposition,feasibility,nodes,54,camera,axis_1,40,SAT,81,16,2,4,0,9,4,6.851,7.16
r8_m024_same,8,same,2,24,decomposition,feasibility,branches,54,camera,axis_1,40,SAT,81,16,2,4,0,9,4,6.851,7.16
r8_m024_same,8,same,2,24,decomposition,feasibility,us,1051,camera,axis_6,1000,SAT,35,16,8,1,0,3,2,20.1,20.511
r8_m024_same,8,same,2,24,decomposition,feasibility,raw_max_us,618,camera,axis_3,352,SAT,2,9,0,0,0,1,0,6.88,107.333
r8_m024_same,8,same,2,24,decomposition,projection,nodes,54,camera,axis_1,40,SAT,81,16,2,4,0,37,16,27.842,28.663
r8_m024_same,8,same,2,24,decomposition,projection,branches,54,camera,axis_1,40,SAT,81,16,2,4,0,37,16,27.842,28.663
r8_m024_same,8,same,2,24,decomposition,projection,us,1051,camera,axis_6,1000,SAT,35,16,8,1,0,10,6,66.59,68.003
r8_m024_same,8,same,2,24,decomposition,projection,raw_max_us,1155,camera,oblique_1,81,SAT,1,8,0,0,0,1,0,6.56,278.621
r8_m024_same,8,same,2,24,decomposition,query,nodes,68,perturb_4,axis_1,3330,SAT,9,12,2,2,0,5,2,4.748,4.748
r8_m024_same,8,same,2,24,decomposition,query,branches,68,perturb_4,axis_1,3330,SAT,9,12,2,2,0,5,2,4.748,4.748
r8_m024_same,8,same,2,24,decomposition,query,us,708,camera,axis_6,0,UNSAT,1,8,0,0,0,1,0,238.04,238.04
r8_m024_same,8,same,2,24,decomposition,query,raw_max_us,708,camera,axis_6,0,UNSAT,1,8,0,0,0,1,0,238.04,238.04
r8_m024_same,8,same,2,24,fixed_hit,feasibility,nodes,1213,camera,oblique_1,2973,SAT,3,10,2,1,1,2,1,9.013,9.384
r8_m024_same,8,same,2,24,fixed_hit,feasibility,branches,1213,camera,oblique_1,2973,SAT,3,10,2,1,1,2,1,9.013,9.384
r8_m024_same,8,same,2,24,fixed_hit,feasibility,us,1887,camera,oblique_2,2308,SAT,1,8,0,0,0,1,0,29.024,31.568
r8_m024_same,8,same,2,24,fixed_hit,feasibility,raw_max_us,1888,camera,oblique_2,2416,SAT,1,8,0,0,0,1,0,11.026,5539.384
r8_m024_same,8,same,2,24,fixed_hit,projection,nodes,54,camera,axis_1,40,SAT,81,16,2,4,0,9,0,20.29,22.073
r8_m024_same,8,same,2,24,fixed_hit,projection,branches,1213,camera,oblique_1,2973,SAT,3,10,2,1,1,3,1,14.271,14.412
r8_m024_same,8,same,2,24,fixed_hit,projection,us,1051,camera,axis_6,1000,SAT,35,16,8,1,0,9,0,74.152,271.311
r8_m024_same,8,same,2,24,fixed_hit,projection,raw_max_us,1847,camera,oblique_2,307,SAT,1,8,0,0,0,1,0,12.92,335.698
r8_m024_same,8,same,2,24,fixed_hit,query,nodes,0,camera,axis_1,0,SAT,1,8,0,0,0,1,0,2.944,2.944
r8_m024_same,8,same,2,24,fixed_hit,query,branches,0,camera,axis_1,0,SAT,1,8,0,0,0,1,0,2.944,2.944
r8_m024_same,8,same,2,24,fixed_hit,query,us,68,perturb_4,axis_1,3330,SAT,9,12,2,2,0,1,0,51.278,51.278
r8_m024_same,8,same,2,24,fixed_hit,query,raw_max_us,68,perturb_4,axis_1,3330,SAT,9,12,2,2,0,1,0,51.278,51.278
r8_m024_same,8,same,2,24,both,feasibility,nodes,1213,camera,oblique_1,2973,SAT,3,10,2,1,1,2,1,8.954,9.014
r8_m024_same,8,same,2,24,both,feasibility,branches,1213,camera,oblique_1,2973,SAT,3,10,2,1,1,2,1,8.954,9.014
r8_m024_same,8,same,2,24,both,feasibility,us,1914,camera,oblique_2,3199,SAT,7,12,2,1,1,2,1,16.445,16.776
r8_m024_same,8,same,2,24,both,feasibility,raw_max_us,89,camera,axis_2,765,SAT,1,8,0,0,0,1,0,3.074,267.145
r8_m024_same,8,same,2,24,both,projection,nodes,54,camera,axis_1,40,SAT,81,16,2,4,0,9,0,20.36,20.772
r8_m024_same,8,same,2,24,both,projection,branches,1213,camera,oblique_1,2973,SAT,3,10,2,1,1,3,1,14.242,14.242
r8_m024_same,8,same,2,24,both,projection,us,1051,camera,axis_6,1000,SAT,35,16,8,1,0,9,0,74.723,80.501
r8_m024_same,8,same,2,24,both,projection,raw_max_us,516,camera,axis_3,1197,SAT,1,8,0,0,0,1,0,31.698,875.185
r8_m024_same,8,same,2,24,both,query,nodes,0,camera,axis_1,0,SAT,1,8,0,0,0,1,0,2.744,2.744
r8_m024_same,8,same,2,24,both,query,branches,0,camera,axis_1,0,SAT,1,8,0,0,0,1,0,2.744,2.744
r8_m024_same,8,same,2,24,both,query,us,1916,perturb_1,oblique_2,3376,SAT,4,10,0,0,0,1,0,32.259,32.259
r8_m024_same,8,same,2,24,both,query,raw_max_us,1916,perturb_1,oblique_2,3376,SAT,4,10,0,0,0,1,0,32.259,32.259
r8_m024_split,8,split,2,24,search,feasibility,nodes,54,camera,axis_1,40,SAT,81,16,2,4,0,5,4,9.595,9.765
r8_m024_split,8,split,2,24,search,feasibility,branches,54,camera,axis_1,40,SAT,81,16,2,4,0,5,4,9.595,9.765
r8_m024_split,8,split,2,24,search,feasibility,us,959,camera,axis_6,414,SAT,1,8,0,0,0,1,0,37.847,304.27
r8_m024_split,8,split,2,24,search,feasibility,raw_max_us,2050,camera,oblique_2,442,SAT,1,8,0,0,0,1,0,7.721,2523.59
r8_m024_split,8,split,2,24,search,projection,nodes,54,camera,axis_1,40,SAT,81,16,2,4,0,21,16,36.185,36.335
r8_m024_split,8,split,2,24,search,projection,branches,54,camera,axis_1,40,SAT,81,16,2,4,0,21,16,36.185,36.335
r8_m024_split,8,split,2,24,search,projection,us,1120,camera,axis_6,1000,SAT,35,16,8,1,0,10,6,66.481,71.859
r8_m024_split,8,split,2,24,search,projection,raw_max_us,742,camera,axis_3,3376,SAT,1,8,0,0,0,1,0,6.44,842.816
r8_m024_split,8,split,2,24,search,query,nodes,68,perturb_4,axis_1,3330,SAT,9,12,2,2,0,3,2,5.529,5.529
r8_m024_split,8,split,2,24,search,query,branches,68,perturb_4,axis_1,3330,SAT,9,12,2,2,0,3,2,5.529,5.529
r8_m024_split,8,split,2,24,search,query,us,2124,perturb_0,oblique_2,472,SAT,1,8,0,0,0,1,0,155.045,155.045
r8_m024_split,8,split,2,24,search,query,raw_max_us,2124,perturb_0,oblique_2,472,SAT,1,8,0,0,0,1,0,155.045,155.045
r8_m024_split,8,split,2,24,decomposition,feasibility,nodes,54,camera,axis_1,40,SAT,81,16,2,4,0,9,4,7.301,7.672
r8_m024_split,8,split,2,24,decomposition,feasibility,branches,54,camera,axis_1,40,SAT,81,16,2,4,0,9,4,7.301,7.672
r8_m024_split,8,split,2,24,decomposition,feasibility,us,1120,camera,axis_6,1000,SAT,35,16,8,1,0,3,2,20.181,20.671
r8_m024_split,8,split,2,24,decomposition,feasibility,raw_max_us,1687,camera,oblique_2,3061,SAT,1,8,0,0,0,1,0,8.112,280.995
r8_m024_split,8,split,2,24,decomposition,projection,nodes,54,camera,axis_1,40,SAT,81,16,2,4,0,37,16,28.663,30.026
r8_m024_split,8,split,2,24,decomposition,projection,branches,54,camera,axis_1,40,SAT,81,16,2,4,0,37,16,28.663,30.026
r8_m024_split,8,split,2,24,decomposition,projection,us,1120,camera,axis_6,1000,SAT,35,16,8,1,0,10,6,67.081,67.282
r8_m024_split,8,split,2,24,decomposition,projection,raw_max_us,1946,camera,oblique_2,271,SAT,1,8,0,0,0,1,0,12.989,239.242
r8_m024_split,8,split,2,24,decomposition,query,nodes,68,perturb_4,axis_1,3330,SAT,9,12,2,2,0,5,2,4.627,4.627
r8_m024_split,8,split,2,24,decomposition,query,branches,68,perturb_4,axis_1,3330,SAT,9,12,2,2,0,5,2,4.627,4.627
r8_m024_split,8,split,2,24,decomposition,query,us,1195,perturb_7,axis_6,93,UNSAT,0,0,0,0,0,1,0,52.179,52.179
r8_m024_split,8,split,2,24,decomposition,query,raw_max_us,1195,perturb_7,axis_6,93,UNSAT,0,0,0,0,0,1,0,52.179,52.179
r8_m024_split,8,split,2,24,fixed_hit,feasibility,nodes,1383,camera,oblique_1,2226,SAT,4,11,2,1,1,2,1,8.973,9.614
r8_m024_split,8,split,2,24,fixed_hit,feasibility,branches,1383,camera,oblique_1,2226,SAT,4,11,2,1,1,2,1,8.973,9.614
r8_m024_split,8,split,2,24,fixed_hit,feasibility,us,1894,camera,oblique_2,201,SAT,1,8,0,0,0,1,0,30.847,60.692
r8_m024_split,8,split,2,24,fixed_hit,feasibility,raw_max_us,1792,camera,oblique_2,408,SAT,1,8,0,0,0,1,0,7.21,257.009
r8_m024_split,8,split,2,24,fixed_hit,projection,nodes,54,camera,axis_1,40,SAT,81,16,2,4,0,9,0,21.943,21.953
r8_m024_split,8,split,2,24,fixed_hit,projection,branches,1383,camera,oblique_1,2226,SAT,4,11,2,1,1,4,1,17.537,17.948
r8_m024_split,8,split,2,24,fixed_hit,projection,us,1120,camera,axis_6,1000,SAT,35,16,8,1,0,9,0,72.57,77.076
r8_m024_split,8,split,2,24,fixed_hit,projection,raw_max_us,1452,camera,oblique_1,58,SAT,2,9,0,0,0,2,0,10.146,206.162
r8_m024_split,8,split,2,24,fixed_hit,query,nodes,0,camera,axis_1,0,SAT,1,8,0,0,0,1,0,2.804,2.804
r8_m024_split,8,split,2,24,fixed_hit,query,branches,0,camera,axis_1,0,SAT,1,8,0,0,0,1,0,2.804,2.804
r8_m024_split,8,split,2,24,fixed_hit,query,us,1293,camera,oblique_1,2217,SAT,1,8,0,0,0,1,0,64.107,64.107
r8_m024_split,8,split,2,24,fixed_hit,query,raw_max_us,1293,camera,oblique_1,2217,SAT,1,8,0,0,0,1,0,64.107,64.107
r8_m024_split,8,split,2,24,both,feasibility,nodes,1383,camera,oblique_1,2226,SAT,4,11,2,1,1,2,1,8.974,13.32
r8_m024_split,8,split,2,24,both,feasibility,branches,1383,camera,oblique_1,2226,SAT,4,11,2,1,1,2,1,8.974,13.32
r8_m024_split,8,split,2,24,both,feasibility,us,1365,camera,oblique_1,741,SAT,2,9,0,0,0,1,0,52.5,146.011
r8_m024_split,8,split,2,24,both,feasibility,raw_max_us,1409,camera,oblique_1,2917,SAT,1,8,0,0,0,1,0,4.577,226.963
r8_m024_split,8,split,2,24,both,projection,nodes,54,camera,axis_1,40,SAT,81,16,2,4,0,9,0,20.35,20.421
r8_m024_split,8,split,2,24,both,projection,branches,1383,camera,oblique_1,2226,SAT,4,11,2,1,1,4,1,17.577,19.93
r8_m024_split,8,split,2,24,both,projection,us,1120,camera,axis_6,1000,SAT,35,16,8,1,0,9,0,73.912,74.943
r8_m024_split,8,split,2,24,both,projection,raw_max_us,1108,camera,axis_6,1080,SAT,2,9,0,0,0,2,0,15.453,242.767
r8_m024_split,8,split,2,24,both,query,nodes,0,camera,axis_1,0,SAT,1,8,0,0,0,1,0,2.734,2.734
r8_m024_split,8,split,2,24,both,query,branches,0,camera,axis_1,0,SAT,1,8,0,0,0,1,0,2.734,2.734
r8_m024_split,8,split,2,24,both,query,us,1293,camera,oblique_1,2217,SAT,1,8,0,0,0,1,0,29.004,29.004
r8_m024_split,8,split,2,24,both,query,raw_max_us,1293,camera,oblique_1,2217,SAT,1,8,0,0,0,1,0,29.004,29.004
r8_m036_split,8,split,2,36,search,feasibility,nodes,54,camera,axis_1,40,SAT,81,16,2,4,0,5,4,9.174,9.745
r8_m036_split,8,split,2,36,search,feasibility,branches,54,camera,axis_1,40,SAT,81,16,2,4,0,5,4,9.174,9.745
r8_m036_split,8,split,2,36,search,feasibility,us,1120,camera,axis_6,1000,SAT,35,16,8,1,0,3,2,20.671,25.458
r8_m036_split,8,split,2,36,search,feasibility,raw_max_us,287,camera,axis_2,369,SAT,7,12,4,1,0,2,1,5.469,196.478
r8_m036_split,8,split,2,36,search,projection,nodes,54,camera,axis_1,40,SAT,81,16,2,4,0,21,16,87.783,1031.822
r8_m036_split,8,split,2,36,search,projection,branches,54,camera,axis_1,40,SAT,81,16,2,4,0,21,16,87.783,1031.822
r8_m036_split,8,split,2,36,search,projection,us,54,camera,axis_1,40,SAT,81,16,2,4,0,21,16,87.783,1031.822
r8_m036_split,8,split,2,36,search,projection,raw_max_us,54,camera,axis_1,40,SAT,81,16,2,4,0,21,16,87.783,1031.822
r8_m036_split,8,split,2,36,search,query,nodes,64,perturb_0,axis_1,1216,SAT,9,12,2,2,0,3,2,5.197,5.197
r8_m036_split,8,split,2,36,search,query,branches,64,perturb_0,axis_1,1216,SAT,9,12,2,2,0,3,2,5.197,5.197
r8_m036_split,8,split,2,36,search,query,us,1192,perturb_4,axis_6,3252,UNSAT,0,0,0,0,0,1,0,54.372,54.372
r8_m036_split,8,split,2,36,search,query,raw_max_us,1192,perturb_4,axis_6,3252,UNSAT,0,0,0,0,0,1,0,54.372,54.372
r8_m036_split,8,split,2,36,decomposition,feasibility,nodes,54,camera,axis_1,40,SAT,81,16,2,4,0,9,4,7.592,10.676
r8_m036_split,8,split,2,36,decomposition,feasibility,branches,54,camera,axis_1,40,SAT,81,16,2,4,0,9,4,7.592,10.676
r8_m036_split,8,split,2,36,decomposition,feasibility,us,1120,camera,axis_6,1000,SAT,35,16,8,1,0,3,2,21.302,21.413
r8_m036_split,8,split,2,36,decomposition,feasibility,raw_max_us,1483,camera,oblique_1,256,SAT,2,9,0,0,0,1,0,4.947,878.5
r8_m036_split,8,split,2,36,decomposition,projection,nodes,54,camera,axis_1,40,SAT,81,16,2,4,0,37,16,29.435,31.989
r8_m036_split,8,split,2,36,decomposition,projection,branches,54,camera,axis_1,40,SAT,81,16,2,4,0,37,16,29.435,31.989
r8_m036_split,8,split,2,36,decomposition,projection,us,342,camera,axis_3,27,SAT,1,8,0,0,0,1,0,357.982,482.551
r8_m036_split,8,split,2,36,decomposition,projection,raw_max_us,342,camera,axis_3,27,SAT,1,8,0,0,0,1,0,357.982,482.551
r8_m036_split,8,split,2,36,decomposition,query,nodes,64,perturb_0,axis_1,1216,SAT,9,12,2,2,0,5,2,4.577,4.577
r8_m036_split,8,split,2,36,decomposition,query,branches,64,perturb_0,axis_1,1216,SAT,9,12,2,2,0,5,2,4.577,4.577
r8_m036_split,8,split,2,36,decomposition,query,us,1188,perturb_0,axis_6,279,SAT,1,8,0,0,0,1,0,67.221,67.221
r8_m036_split,8,split,2,36,decomposition,query,raw_max_us,1188,perturb_0,axis_6,279,SAT,1,8,0,0,0,1,0,67.221,67.221
r8_m036_split,8,split,2,36,fixed_hit,feasibility,nodes,0,camera,axis_1,0,SAT,1,8,0,0,0,1,0,2.123,2.193
r8_m036_split,8,split,2,36,fixed_hit,feasibility,branches,0,camera,axis_1,0,SAT,1,8,0,0,0,1,0,2.123,2.193
r8_m036_split,8,split,2,36,fixed_hit,feasibility,us,1225,camera,oblique_1,2511,SAT,1,8,0,0,0,1,0,26.19,41.693
r8_m036_split,8,split,2,36,fixed_hit,feasibility,raw_max_us,1014,camera,axis_6,1263,SAT,1,8,0,0,0,1,0,6.53,234.595
r8_m036_split,8,split,2,36,fixed_hit,projection,nodes,54,camera,axis_1,40,SAT,81,16,2,4,0,9,0,22.183,23.095
r8_m036_split,8,split,2,36,fixed_hit,projection,branches,0,camera,axis_1,0,SAT,1,8,0,0,0,1,0,3.455,3.626
r8_m036_split,8,split,2,36,fixed_hit,projection,us,1120,camera,axis_6,1000,SAT,35,16,8,1,0,9,0,75.475,79.22
r8_m036_split,8,split,2,36,fixed_hit,projection,raw_max_us,1494,camera,oblique_1,3442,SAT,2,9,0,0,0,2,0,11.397,362.839
r8_m036_split,8,split,2,36,fixed_hit,query,nodes,0,camera,axis_1,0,SAT,1,8,0,0,0,1,0,2.324,2.324
r8_m036_split,8,split,2,36,fixed_hit,query,branches,0,camera,axis_1,0,SAT,1,8,0,0,0,1,0,2.324,2.324
r8_m036_split,8,split,2,36,fixed_hit,query,us,1293,camera,oblique_1,2682,SAT,1,8,0,0,0,1,0,44.096,44.096
r8_m036_split,8,split,2,36,fixed_hit,query,raw_max_us,1293,camera,oblique_1,2682,SAT,1,8,0,0,0,1,0,44.096,44.096
r8_m036_split,8,split,2,36,both,feasibility,nodes,0,camera,axis_1,0,SAT,1,8,0,0,0,1,0,2.144,2.253
r8_m036_split,8,split,2,36,both,feasibility,branches,0,camera,axis_1,0,SAT,1,8,0,0,0,1,0,2.144,2.253
r8_m036_split,8,split,2,36,both,feasibility,us,1132,camera,axis_6,1018,SAT,9,12,4,1,0,1,0,13.2,15.614
r8_m036_split,8,split,2,36,both,feasibility,raw_max_us,743,camera,axis_3,1344,SAT,2,9,0,0,0,1,0,4.978,209.577
r8_m036_split,8,split,2,36,both,projection,nodes,54,camera,axis_1,40,SAT,81,16,2,4,0,9,0,21.473,44.817
r8_m036_split,8,split,2,36,both,projection,branches,0,camera,axis_1,0,SAT,1,8,0,0,0,1,0,3.165,3.455
r8_m036_split,8,split,2,36,both,projection,us,1120,camera,axis_6,1000,SAT,35,16,8,1,0,9,0,76.005,87.402
r8_m036_split,8,split,2,36,both,projection,raw_max_us,1844,camera,oblique_2,271,SAT,1,8,0,0,0,1,0,11.608,345.944
r8_m036_split,8,split,2,36,both,query,nodes,0,camera,axis_1,0,SAT,1,8,0,0,0,1,0,2.364,2.364
r8_m036_split,8,split,2,36,both,query,branches,0,camera,axis_1,0,SAT,1,8,0,0,0,1,0,2.364,2.364
r8_m036_split,8,split,2,36,both,query,us,1780,camera,oblique_2,3486,SAT,1,8,0,0,0,1,0,192.862,192.862
r8_m036_split,8,split,2,36,both,query,raw_max_us,1780,camera,oblique_2,3486,SAT,1,8,0,0,0,1,0,192.862,192.862
r8_m036_same,8,same,2,36,search,feasibility,nodes,54,camera,axis_1,40,SAT,81,16,2,4,0,5,4,9.224,10.075
r8_m036_same,8,same,2,36,search,feasibility,branches,54,camera,axis_1,40,SAT,81,16,2,4,0,5,4,9.224,10.075
r8_m036_same,8,same,2,36,search,feasibility,us,1051,camera,axis_6,1000,SAT,35,16,8,1,0,3,2,20.771,23.616
r8_m036_same,8,same,2,36,search,feasibility,raw_max_us,1570,camera,oblique_2,360,SAT,1,8,0,0,0,1,0,8.193,2079.097
r8_m036_same,8,same,2,36,search,projection,nodes,54,camera,axis_1,40,SAT,81,16,2,4,0,21,16,35.915,37.637
r8_m036_same,8,same,2,36,search,projection,branches,54,camera,axis_1,40,SAT,81,16,2,4,0,21,16,35.915,37.637
r8_m036_same,8,same,2,36,search,projection,us,38,camera,axis_1,39,SAT,27,14,2,3,0,13,9,96.816,441.658
r8_m036_same,8,same,2,36,search,projection,raw_max_us,1609,camera,oblique_2,2757,SAT,2,9,0,0,0,2,0,18.097,2089.672
r8_m036_same,8,same,2,36,search,query,nodes,64,perturb_0,axis_1,1216,SAT,9,12,2,2,0,3,2,5.078,5.078
r8_m036_same,8,same,2,36,search,query,branches,64,perturb_0,axis_1,1216,SAT,9,12,2,2,0,3,2,5.078,5.078
r8_m036_same,8,same,2,36,search,query,us,1906,camera,oblique_2,370,UNSAT,1,8,0,0,0,1,0,17.567,17.567
r8_m036_same,8,same,2,36,search,query,raw_max_us,1906,camera,oblique_2,370,UNSAT,1,8,0,0,0,1,0,17.567,17.567
r8_m036_same,8,same,2,36,decomposition,feasibility,nodes,54,camera,axis_1,40,SAT,81,16,2,4,0,9,4,7.101,7.301
r8_m036_same,8,same,2,36,decomposition,feasibility,branches,54,camera,axis_1,40,SAT,81,16,2,4,0,9,4,7.101,7.301
r8_m036_same,8,same,2,36,decomposition,feasibility,us,1051,camera,axis_6,1000,SAT,35,16,8,1,0,3,2,20.38,21.042
r8_m036_same,8,same,2,36,decomposition,feasibility,raw_max_us,1603,camera,oblique_2,570,SAT,1,8,0,0,0,1,0,7.632,2092.136
r8_m036_same,8,same,2,36,decomposition,projection,nodes,54,camera,axis_1,40,SAT,81,16,2,4,0,37,16,29.355,29.926
r8_m036_same,8,same,2,36,decomposition,projection,branches,54,camera,axis_1,40,SAT,81,16,2,4,0,37,16,29.355,29.926
r8_m036_same,8,same,2,36,decomposition,projection,us,1051,camera,axis_6,1000,SAT,35,16,8,1,0,10,6,68.563,69.726
r8_m036_same,8,same,2,36,decomposition,projection,raw_max_us,1639,camera,oblique_2,2307,SAT,1,8,0,0,0,1,0,18.157,2100.469
r8_m036_same,8,same,2,36,decomposition,query,nodes,64,perturb_0,axis_1,1216,SAT,9,12,2,2,0,5,2,4.727,4.727
r8_m036_same,8,same,2,36,decomposition,query,branches,64,perturb_0,axis_1,1216,SAT,9,12,2,2,0,5,2,4.727,4.727
r8_m036_same,8,same,2,36,decomposition,query,us,72,camera,axis_2,0,UNSAT,1,8,0,0,0,1,0,124.649,124.649
r8_m036_same,8,same,2,36,decomposition,query,raw_max_us,72,camera,axis_2,0,UNSAT,1,8,0,0,0,1,0,124.649,124.649
r8_m036_same,8,same,2,36,fixed_hit,feasibility,nodes,1180,camera,oblique_1,1083,SAT,3,10,2,1,1,2,1,9.614,9.685
r8_m036_same,8,same,2,36,fixed_hit,feasibility,branches,1180,camera,oblique_1,1083,SAT,3,10,2,1,1,2,1,9.614,9.685
r8_m036_same,8,same,2,36,fixed_hit,feasibility,us,1639,camera,oblique_2,2307,SAT,1,8,0,0,0,1,0,13.29,16.845
r8_m036_same,8,same,2,36,fixed_hit,feasibility,raw_max_us,1589,camera,oblique_2,30,SAT,1,8,0,0,0,1,0,7.782,2082.291
r8_m036_same,8,same,2,36,fixed_hit,projection,nodes,54,camera,axis_1,40,SAT,81,16,2,4,0,9,0,21.032,22.224
r8_m036_same,8,same,2,36,fixed_hit,projection,branches,1344,camera,oblique_1,1012,SAT,6,11,2,1,1,5,2,22.975,23.286
r8_m036_same,8,same,2,36,fixed_hit,projection,us,1051,camera,axis_6,1000,SAT,35,16,8,1,0,9,0,75.775,77.337
r8_m036_same,8,same,2,36,fixed_hit,projection,raw_max_us,1626,camera,oblique_2,2685,SAT,1,8,0,0,0,1,0,12.71,2083.283
r8_m036_same,8,same,2,36,fixed_hit,query,nodes,0,camera,axis_1,0,SAT,1,8,0,0,0,1,0,2.374,2.374
r8_m036_same,8,same,2,36,fixed_hit,query,branches,0,camera,axis_1,0,SAT,1,8,0,0,0,1,0,2.374,2.374
r8_m036_same,8,same,2,36,fixed_hit,query,us,1104,perturb_1,axis_6,3288,SAT,5,11,3,1,0,1,0,19.019,19.019
r8_m036_same,8,same,2,36,fixed_hit,query,raw_max_us,1104,perturb_1,axis_6,3288,SAT,5,11,3,1,0,1,0,19.019,19.019
r8_m036_same,8,same,2,36,both,feasibility,nodes,1180,camera,oblique_1,1083,SAT,3,10,2,1,1,2,1,9.405,9.454
r8_m036_same,8,same,2,36,both,feasibility,branches,1180,camera,oblique_1,1083,SAT,3,10,2,1,1,2,1,9.405,9.454
r8_m036_same,8,same,2,36,both,feasibility,us,708,camera,axis_6,0,SAT,1,8,0,0,0,1,0,22.233,62.585
r8_m036_same,8,same,2,36,both,feasibility,raw_max_us,1576,camera,oblique_2,3276,SAT,1,8,0,0,0,1,0,10.747,2088.591
r8_m036_same,8,same,2,36,both,projection,nodes,54,camera,axis_1,40,SAT,81,16,2,4,0,9,0,21.232,21.462
r8_m036_same,8,same,2,36,both,projection,branches,1344,camera,oblique_1,1012,SAT,6,11,2,1,1,5,2,23.035,71.629
r8_m036_same,8,same,2,36,both,projection,us,1051,camera,axis_6,1000,SAT,35,16,8,1,0,9,0,75.103,80.983
r8_m036_same,8,same,2,36,both,projection,raw_max_us,1596,camera,oblique_2,2946,SAT,1,8,0,0,0,1,0,11.568,2087.929
r8_m036_same,8,same,2,36,both,query,nodes,0,camera,axis_1,0,SAT,1,8,0,0,0,1,0,2.294,2.294
r8_m036_same,8,same,2,36,both,query,branches,0,camera,axis_1,0,SAT,1,8,0,0,0,1,0,2.294,2.294
r8_m036_same,8,same,2,36,both,query,us,705,perturb_5,axis_3,576,UNSAT,0,0,0,0,0,1,0,48.473,48.473
r8_m036_same,8,same,2,36,both,query,raw_max_us,705,perturb_5,axis_3,576,UNSAT,0,0,0,0,0,1,0,48.473,48.473
r8_m007_same,8,same,3,7,search,feasibility,nodes,102,camera,axis_1,40,SAT,81,16,2,4,0,5,4,9.394,10.406
r8_m007_same,8,same,3,7,search,feasibility,branches,102,camera,axis_1,40,SAT,81,16,2,4,0,5,4,9.394,10.406
r8_m007_same,8,same,3,7,search,feasibility,us,2342,camera,oblique_2,2945,SAT,1,8,0,0,0,1,0,30.336,31.488
r8_m007_same,8,same,3,7,search,feasibility,raw_max_us,2625,camera,oblique_2,277,SAT,1,8,0,0,0,1,0,10.226,128.515
r8_m007_same,8,same,3,7,search,projection,nodes,102,camera,axis_1,40,SAT,81,16,2,4,0,21,16,35.514,37.637
r8_m007_same,8,same,3,7,search,projection,branches,102,camera,axis_1,40,SAT,81,16,2,4,0,21,16,35.514,37.637
r8_m007_same,8,same,3,7,search,projection,us,1639,camera,axis_6,1000,SAT,35,16,8,1,0,10,6,68.033,70.296
r8_m007_same,8,same,3,7,search,projection,raw_max_us,1995,camera,oblique_1,3244,SAT,2,9,0,0,0,2,0,10.316,221.896
r8_m007_same,8,same,3,7,search,query,nodes,97,camera,axis_1,22,SAT,9,12,2,2,0,3,2,15.915,15.915
r8_m007_same,8,same,3,7,search,query,branches,97,camera,axis_1,22,SAT,9,12,2,2,0,3,2,15.915,15.915
r8_m007_same,8,same,3,7,search,query,us,1620,camera,axis_6,3160,UNSAT,2,9,0,0,0,1,0,45.118,45.118
r8_m007_same,8,same,3,7,search,query,raw_max_us,1620,camera,axis_6,3160,UNSAT,2,9,0,0,0,1,0,45.118,45.118
r8_m007_same,8,same,3,7,decomposition,feasibility,nodes,102,camera,axis_1,40,SAT,81,16,2,4,0,9,4,7.381,7.672
r8_m007_same,8,same,3,7,decomposition,feasibility,branches,102,camera,axis_1,40,SAT,81,16,2,4,0,9,4,7.381,7.672
r8_m007_same,8,same,3,7,decomposition,feasibility,us,2990,camera,oblique_2,347,SAT,1,8,0,0,0,1,0,28.864,57.397
r8_m007_same,8,same,3,7,decomposition,feasibility,raw_max_us,2854,camera,oblique_2,342,SAT,1,8,0,0,0,1,0,7.151,216.218
r8_m007_same,8,same,3,7,decomposition,projection,nodes,102,camera,axis_1,40,SAT,81,16,2,4,0,37,16,28.704,29.555
r8_m007_same,8,same,3,7,decomposition,projection,branches,102,camera,axis_1,40,SAT,81,16,2,4,0,37,16,28.704,29.555
r8_m007_same,8,same,3,7,decomposition,projection,us,1639,camera,axis_6,1000,SAT,35,16,8,1,0,10,6,66.881,67.743
r8_m007_same,8,same,3,7,decomposition,projection,raw_max_us,1227,camera,axis_6,99,SAT,1,8,0,0,0,1,0,8.814,215.937
r8_m007_same,8,same,3,7,decomposition,query,nodes,97,camera,axis_1,22,SAT,9,12,2,2,0,5,2,4.957,4.957
r8_m007_same,8,same,3,7,decomposition,query,branches,97,camera,axis_1,22,SAT,9,12,2,2,0,5,2,4.957,4.957
r8_m007_same,8,same,3,7,decomposition,query,us,1523,camera,axis_6,3183,SAT,1,8,0,0,0,1,0,42.405,42.405
r8_m007_same,8,same,3,7,decomposition,query,raw_max_us,1523,camera,axis_6,3183,SAT,1,8,0,0,0,1,0,42.405,42.405
r8_m007_same,8,same,3,7,fixed_hit,feasibility,nodes,0,camera,axis_1,0,SAT,1,8,0,0,0,1,0,2.113,2.163
r8_m007_same,8,same,3,7,fixed_hit,feasibility,branches,0,camera,axis_1,0,SAT,1,8,0,0,0,1,0,2.113,2.163
r8_m007_same,8,same,3,7,fixed_hit,feasibility,us,2490,camera,oblique_2,366,SAT,1,8,0,0,0,1,0,28.052,34.953
r8_m007_same,8,same,3,7,fixed_hit,feasibility,raw_max_us,48,camera,axis_1,7,SAT,3,10,2,1,0,1,0,2.704,237.509
r8_m007_same,8,same,3,7,fixed_hit,projection,nodes,102,camera,axis_1,40,SAT,81,16,2,4,0,9,0,20.611,22.354
r8_m007_same,8,same,3,7,fixed_hit,projection,branches,0,camera,axis_1,0,SAT,1,8,0,0,0,1,0,2.885,2.945
r8_m007_same,8,same,3,7,fixed_hit,projection,us,1639,camera,axis_6,1000,SAT,35,16,8,1,0,9,0,74.302,101.624
r8_m007_same,8,same,3,7,fixed_hit,projection,raw_max_us,1357,camera,axis_6,2284,SAT,5,11,3,1,0,3,0,23.796,660.73
r8_m007_same,8,same,3,7,fixed_hit,query,nodes,0,camera,axis_1,0,SAT,1,8,0,0,0,1,0,1.923,1.923
r8_m007_same,8,same,3,7,fixed_hit,query,branches,0,camera,axis_1,0,SAT,1,8,0,0,0,1,0,1.923,1.923
r8_m007_same,8,same,3,7,fixed_hit,query,us,2659,camera,oblique_2,814,SAT,1,8,0,0,0,1,0,58.198,58.198
r8_m007_same,8,same,3,7,fixed_hit,query,raw_max_us,2659,camera,oblique_2,814,SAT,1,8,0,0,0,1,0,58.198,58.198
r8_m007_same,8,same,3,7,both,feasibility,nodes,0,camera,axis_1,0,SAT,1,8,0,0,0,1,0,2.103,2.133
r8_m007_same,8,same,3,7,both,feasibility,branches,0,camera,axis_1,0,SAT,1,8,0,0,0,1,0,2.103,2.133
r8_m007_same,8,same,3,7,both,feasibility,us,2331,camera,oblique_2,2,SAT,1,8,0,0,0,1,0,34.202,67.983
r8_m007_same,8,same,3,7,both,feasibility,raw_max_us,2461,camera,oblique_2,2436,SAT,2,9,0,0,0,1,0,7.732,865.159
r8_m007_same,8,same,3,7,both,projection,nodes,102,camera,axis_1,40,SAT,81,16,2,4,0,9,0,20.721,20.882
r8_m007_same,8,same,3,7,both,projection,branches,0,camera,axis_1,0,SAT,1,8,0,0,0,1,0,2.894,2.894
r8_m007_same,8,same,3,7,both,projection,us,2626,camera,oblique_2,2437,SAT,2,9,0,0,0,2,0,99.451,136.857
r8_m007_same,8,same,3,7,both,projection,raw_max_us,1272,camera,axis_6,838,SAT,2,9,0,0,0,2,0,25.438,237.96
r8_m007_same,8,same,3,7,both,query,nodes,0,camera,axis_1,0,SAT,1,8,0,0,0,1,0,1.943,1.943
r8_m007_same,8,same,3,7,both,query,branches,0,camera,axis_1,0,SAT,1,8,0,0,0,1,0,1.943,1.943
r8_m007_same,8,same,3,7,both,query,us,2251,camera,oblique_1,2456,SAT,8,11,0,0,0,1,0,210.188,210.188
r8_m007_same,8,same,3,7,both,query,raw_max_us,2251,camera,oblique_1,2456,SAT,8,11,0,0,0,1,0,210.188,210.188
r8_m007_split,8,split,3,7,search,feasibility,nodes,102,camera,axis_1,40,SAT,81,16,2,4,0,5,4,9.424,10.205
r8_m007_split,8,split,3,7,search,feasibility,branches,102,camera,axis_1,40,SAT,81,16,2,4,0,5,4,9.424,10.205
r8_m007_split,8,split,3,7,search,feasibility,us,1714,camera,axis_6,1000,SAT,35,16,8,1,0,3,2,20.821,24.267
r8_m007_split,8,split,3,7,search,feasibility,raw_max_us,1625,camera,axis_6,345,SAT,1,8,0,0,0,1,0,6.129,421.898
r8_m007_split,8,split,3,7,search,projection,nodes,102,camera,axis_1,40,SAT,81,16,2,4,0,21,16,35.544,36.685
r8_m007_split,8,split,3,7,search,projection,branches,102,camera,axis_1,40,SAT,81,16,2,4,0,21,16,35.544,36.685
r8_m007_split,8,split,3,7,search,projection,us,1363,camera,axis_6,106,SAT,1,8,0,0,0,1,0,172.341,214.294
r8_m007_split,8,split,3,7,search,projection,raw_max_us,2883,camera,oblique_2,331,SAT,1,8,0,0,0,1,0,27.652,1028.416
r8_m007_split,8,split,3,7,search,query,nodes,97,camera,axis_1,22,SAT,9,12,2,2,0,3,2,5.047,5.047
r8_m007_split,8,split,3,7,search,query,branches,97,camera,axis_1,22,SAT,9,12,2,2,0,3,2,5.047,5.047
r8_m007_split,8,split,3,7,search,query,us,1852,camera,oblique_1,0,SAT,1,8,0,0,0,1,0,174.113,174.113
r8_m007_split,8,split,3,7,search,query,raw_max_us,1852,camera,oblique_1,0,SAT,1,8,0,0,0,1,0,174.113,174.113
r8_m007_split,8,split,3,7,decomposition,feasibility,nodes,102,camera,axis_1,40,SAT,81,16,2,4,0,9,4,7.381,7.702
r8_m007_split,8,split,3,7,decomposition,feasibility,branches,102,camera,axis_1,40,SAT,81,16,2,4,0,9,4,7.381,7.702
r8_m007_split,8,split,3,7,decomposition,feasibility,us,2689,camera,oblique_2,3201,SAT,1,8,0,0,0,1,0,30.086,181.164
r8_m007_split,8,split,3,7,decomposition,feasibility,raw_max_us,2458,camera,oblique_2,2220,SAT,1,8,0,0,0,1,0,7.471,299.934
r8_m007_split,8,split,3,7,decomposition,projection,nodes,102,camera,axis_1,40,SAT,81,16,2,4,0,37,16,28.473,29.214
r8_m007_split,8,split,3,7,decomposition,projection,branches,102,camera,axis_1,40,SAT,81,16,2,4,0,37,16,28.473,29.214
r8_m007_split,8,split,3,7,decomposition,projection,us,1714,camera,axis_6,1000,SAT,35,16,8,1,0,10,6,69.735,142.035
r8_m007_split,8,split,3,7,decomposition,projection,raw_max_us,1615,camera,axis_6,85,SAT,1,8,0,0,0,1,0,9.625,783.386
r8_m007_split,8,split,3,7,decomposition,query,nodes,97,camera,axis_1,22,SAT,9,12,2,2,0,5,2,4.997,4.997
r8_m007_split,8,split,3,7,decomposition,query,branches,97,camera,axis_1,22,SAT,9,12,2,2,0,5,2,4.997,4.997
r8_m007_split,8,split,3,7,decomposition,query,us,3213,camera,oblique_2,374,UNSAT,1,8,0,0,0,1,0,140.463,140.463
r8_m007_split,8,split,3,7,decomposition,query,raw_max_us,3213,camera,oblique_2,374,UNSAT,1,8,0,0,0,1,0,140.463,140.463
r8_m007_split,8,split,3,7,fixed_hit,feasibility,nodes,0,camera,axis_1,0,SAT,1,8,0,0,0,1,0,2.153,2.153
r8_m007_split,8,split,3,7,fixed_hit,feasibility,branches,0,camera,axis_1,0,SAT,1,8,0,0,0,1,0,2.153,2.153
r8_m007_split,8,split,3,7,fixed_hit,feasibility,us,1702,camera,axis_6,1080,SAT,2,9,0,0,0,1,0,15.693,26.781
r8_m007_split,8,split,3,7,fixed_hit,feasibility,raw_max_us,2961,camera,oblique_2,982,SAT,1,8,0,0,0,1,0,8.193,241.114
r8_m007_split,8,split,3,7,fixed_hit,projection,nodes,102,camera,axis_1,40,SAT,81,16,2,4,0,9,0,21.252,22.363
r8_m007_split,8,split,3,7,fixed_hit,projection,branches,0,camera,axis_1,0,SAT,1,8,0,0,0,1,0,2.954,3.094
r8_m007_split,8,split,3,7,fixed_hit,projection,us,1714,camera,axis_6,1000,SAT,35,16,8,1,0,9,0,76.245,81.663
r8_m007_split,8,split,3,7,fixed_hit,projection,raw_max_us,110,camera,axis_1,122,SAT,27,14,2,3,0,7,0,16.495,338.322
r8_m007_split,8,split,3,7,fixed_hit,query,nodes,0,camera,axis_1,0,SAT,1,8,0,0,0,1,0,1.993,1.993
r8_m007_split,8,split,3,7,fixed_hit,query,branches,0,camera,axis_1,0,SAT,1,8,0,0,0,1,0,1.993,1.993
r8_m007_split,8,split,3,7,fixed_hit,query,us,728,camera,axis_3,2301,SAT,1,8,0,0,0,1,0,61.433,61.433
r8_m007_split,8,split,3,7,fixed_hit,query,raw_max_us,728,camera,axis_3,2301,SAT,1,8,0,0,0,1,0,61.433,61.433
r8_m007_split,8,split,3,7,both,feasibility,nodes,0,camera,axis_1,0,SAT,1,8,0,0,0,1,0,2.133,2.133
r8_m007_split,8,split,3,7,both,feasibility,branches,0,camera,axis_1,0,SAT,1,8,0,0,0,1,0,2.133,2.133
r8_m007_split,8,split,3,7,both,feasibility,us,1678,camera,axis_6,130,SAT,1,8,0,0,0,1,0,19.98,30.246
r8_m007_split,8,split,3,7,both,feasibility,raw_max_us,2639,camera,oblique_2,351,SAT,1,8,0,0,0,1,0,8.733,256.839
r8_m007_split,8,split,3,7,both,projection,nodes,102,camera,axis_1,40,SAT,81,16,2,4,0,9,0,21.002,21.142
r8_m007_split,8,split,3,7,both,projection,branches,0,camera,axis_1,0,SAT,1,8,0,0,0,1,0,2.954,7.141
r8_m007_split,8,split,3,7,both,projection,us,2831,camera,oblique_2,32,SAT,1,8,0,0,0,1,0,120.503,287.235
r8_m007_split,8,split,3,7,both,projection,raw_max_us,1064,camera,axis_3,347,SAT,1,8,0,0,0,1,0,55.704,929.477
r8_m007_split,8,split,3,7,both,query,nodes,0,camera,axis_1,0,SAT,1,8,0,0,0,1,0,1.983,1.983
r8_m007_split,8,split,3,7,both,query,branches,0,camera,axis_1,0,SAT,1,8,0,0,0,1,0,1.983,1.983
r8_m007_split,8,split,3,7,both,query,us,1467,camera,axis_6,2457,SAT,1,8,0,0,0,1,0,36.525,36.525
r8_m007_split,8,split,3,7,both,query,raw_max_us,1467,camera,axis_6,2457,SAT,1,8,0,0,0,1,0,36.525,36.525
r8_m224_split,8,split,3,224,search,feasibility,nodes,108,camera,axis_1,40,SAT,81,16,2,4,0,5,4,9.635,11.778
r8_m224_split,8,split,3,224,search,feasibility,branches,108,camera,axis_1,40,SAT,81,16,2,4,0,5,4,9.635,11.778
r8_m224_split,8,split,3,224,search,feasibility,us,3407,camera,oblique_2,1543,SAT,1,8,0,0,0,1,0,21.282,23.615
r8_m224_split,8,split,3,224,search,feasibility,raw_max_us,2722,camera,oblique_2,1324,SAT,1,8,0,0,0,1,0,7.221,5110.816
r8_m224_split,8,split,3,224,search,projection,nodes,108,camera,axis_1,40,SAT,81,16,2,4,0,21,16,35.273,37.677
r8_m224_split,8,split,3,224,search,projection,branches,108,camera,axis_1,40,SAT,81,16,2,4,0,21,16,35.273,37.677
r8_m224_split,8,split,3,224,search,projection,us,1812,camera,axis_6,1000,SAT,35,16,8,1,0,10,6,69.035,72.059
r8_m224_split,8,split,3,224,search,projection,raw_max_us,2912,camera,oblique_2,1246,SAT,1,8,0,0,0,1,0,14.031,421.398
r8_m224_split,8,split,3,224,search,query,nodes,97,camera,axis_1,1462,SAT,9,12,2,2,0,3,2,5.017,5.017
r8_m224_split,8,split,3,224,search,query,branches,97,camera,axis_1,1462,SAT,9,12,2,2,0,3,2,5.017,5.017
r8_m224_split,8,split,3,224,search,query,us,1736,camera,axis_6,6088,UNSAT,1,8,0,0,0,1,0,21.222,21.222
r8_m224_split,8,split,3,224,search,query,raw_max_us,1736,camera,axis_6,6088,UNSAT,1,8,0,0,0,1,0,21.222,21.222
r8_m224_split,8,split,3,224,decomposition,feasibility,nodes,108,camera,axis_1,40,SAT,81,16,2,4,0,9,4,7.391,7.792
r8_m224_split,8,split,3,224,decomposition,feasibility,branches,108,camera,axis_1,40,SAT,81,16,2,4,0,9,4,7.391,7.792
r8_m224_split,8,split,3,224,decomposition,feasibility,us,1812,camera,axis_6,1000,SAT,35,16,8,1,0,3,2,20.882,21.673
r8_m224_split,8,split,3,224,decomposition,feasibility,raw_max_us,3095,camera,oblique_2,5214,SAT,1,8,0,0,0,1,0,7.461,1172.689
r8_m224_split,8,split,3,224,decomposition,projection,nodes,108,camera,axis_1,40,SAT,81,16,2,4,0,37,16,28.463,29.625
r8_m224_split,8,split,3,224,decomposition,projection,branches,108,camera,axis_1,40,SAT,81,16,2,4,0,37,16,28.463,29.625
r8_m224_split,8,split,3,224,decomposition,projection,us,1812,camera,axis_6,1000,SAT,35,16,8,1,0,10,6,67.372,69.886
r8_m224_split,8,split,3,224,decomposition,projection,raw_max_us,3088,camera,oblique_2,4458,SAT,1,8,0,0,0,1,0,17.026,288.326
r8_m224_split,8,split,3,224,decomposition,query,nodes,97,camera,axis_1,1462,SAT,9,12,2,2,0,5,2,4.928,4.928
r8_m224_split,8,split,3,224,decomposition,query,branches,97,camera,axis_1,1462,SAT,9,12,2,2,0,5,2,4.928,4.928
r8_m224_split,8,split,3,224,decomposition,query,us,3113,camera,oblique_2,4656,SAT,1,8,0,0,0,1,0,52.69,52.69
r8_m224_split,8,split,3,224,decomposition,query,raw_max_us,3113,camera,oblique_2,4656,SAT,1,8,0,0,0,1,0,52.69,52.69
r8_m224_split,8,split,3,224,fixed_hit,feasibility,nodes,0,camera,axis_1,0,SAT,1,8,0,0,0,1,0,2.123,2.154
r8_m224_split,8,split,3,224,fixed_hit,feasibility,branches,0,camera,axis_1,0,SAT,1,8,0,0,0,1,0,2.123,2.154
r8_m224_split,8,split,3,224,fixed_hit,feasibility,us,3002,camera,oblique_2,5130,SAT,1,8,0,0,0,1,0,15.844,69.054
r8_m224_split,8,split,3,224,fixed_hit,feasibility,raw_max_us,2411,camera,oblique_1,5913,SAT,1,8,0,0,0,1,0,5.128,914.925
r8_m224_split,8,split,3,224,fixed_hit,projection,nodes,108,camera,axis_1,40,SAT,81,16,2,4,0,9,0,20.802,22.604
r8_m224_split,8,split,3,224,fixed_hit,projection,branches,0,camera,axis_1,0,SAT,1,8,0,0,0,1,0,2.934,3.145
r8_m224_split,8,split,3,224,fixed_hit,projection,us,1812,camera,axis_6,1000,SAT,35,16,8,1,0,9,0,74.213,76.977
r8_m224_split,8,split,3,224,fixed_hit,projection,raw_max_us,3050,camera,oblique_2,4465,SAT,1,8,0,0,0,1,0,11.557,150.968
r8_m224_split,8,split,3,224,fixed_hit,query,nodes,0,camera,axis_1,0,SAT,1,8,0,0,0,1,0,2.314,2.314
r8_m224_split,8,split,3,224,fixed_hit,query,branches,0,camera,axis_1,0,SAT,1,8,0,0,0,1,0,2.314,2.314
r8_m224_split,8,split,3,224,fixed_hit,query,us,3404,camera,oblique_2,2029,SAT,1,8,0,0,0,1,0,84.307,84.307
r8_m224_split,8,split,3,224,fixed_hit,query,raw_max_us,3404,camera,oblique_2,2029,SAT,1,8,0,0,0,1,0,84.307,84.307
r8_m224_split,8,split,3,224,both,feasibility,nodes,0,camera,axis_1,0,SAT,1,8,0,0,0,1,0,2.133,2.164
r8_m224_split,8,split,3,224,both,feasibility,branches,0,camera,axis_1,0,SAT,1,8,0,0,0,1,0,2.133,2.164
r8_m224_split,8,split,3,224,both,feasibility,us,3058,camera,oblique_2,5707,SAT,1,8,0,0,0,1,0,56.035,62.124
r8_m224_split,8,split,3,224,both,feasibility,raw_max_us,2640,camera,oblique_2,756,SAT,1,8,0,0,0,1,0,6.96,793.712
r8_m224_split,8,split,3,224,both,projection,nodes,108,camera,axis_1,40,SAT,81,16,2,4,0,9,0,20.661,21.192
r8_m224_split,8,split,3,224,both,projection,branches,0,camera,axis_1,0,SAT,1,8,0,0,0,1,0,2.935,3.035
r8_m224_split,8,split,3,224,both,projection,us,2984,camera,oblique_2,769,SAT,2,9,0,0,0,2,0,128.284,217.199
r8_m224_split,8,split,3,224,both,projection,raw_max_us,943,camera,axis_3,5871,SAT,1,8,0,0,0,1,0,6.209,1198.674
r8_m224_split,8,split,3,224,both,query,nodes,0,camera,axis_1,0,SAT,1,8,0,0,0,1,0,2.113,2.113
r8_m224_split,8,split,3,224,both,query,branches,0,camera,axis_1,0,SAT,1,8,0,0,0,1,0,2.113,2.113
r8_m224_split,8,split,3,224,both,query,us,974,camera,axis_3,4899,SAT,1,8,0,0,0,1,0,25.198,25.198
r8_m224_split,8,split,3,224,both,query,raw_max_us,974,camera,axis_3,4899,SAT,1,8,0,0,0,1,0,25.198,25.198
r8_m224_same,8,same,3,224,search,feasibility,nodes,108,camera,axis_1,40,SAT,81,16,2,4,0,5,4,9.344,10.956
r8_m224_same,8,same,3,224,search,feasibility,branches,108,camera,axis_1,40,SAT,81,16,2,4,0,5,4,9.344,10.956
r8_m224_same,8,same,3,224,search,feasibility,us,1662,camera,axis_6,1000,SAT,35,16,8,1,0,3,2,20.651,22.695
r8_m224_same,8,same,3,224,search,feasibility,raw_max_us,1188,camera,axis_6,4158,SAT,1,8,0,0,0,1,0,6.82,586.577
r8_m224_same,8,same,3,224,search,projection,nodes,108,camera,axis_1,40,SAT,81,16,2,4,0,21,16,34.923,41.443
r8_m224_same,8,same,3,224,search,projection,branches,108,camera,axis_1,40,SAT,81,16,2,4,0,21,16,34.923,41.443
r8_m224_same,8,same,3,224,search,projection,us,1662,camera,axis_6,1000,SAT,35,16,8,1,0,10,6,68.003,70.307
r8_m224_same,8,same,3,224,search,projection,raw_max_us,2406,camera,oblique_2,1297,SAT,1,8,0,0,0,1,0,11.257,753.41
r8_m224_same,8,same,3,224,search,query,nodes,97,camera,axis_1,1462,SAT,9,12,2,2,0,3,2,4.968,4.968
r8_m224_same,8,same,3,224,search,query,branches,97,camera,axis_1,1462,SAT,9,12,2,2,0,3,2,4.968,4.968
r8_m224_same,8,same,3,224,search,query,us,97,camera,axis_1,1462,UNSAT,9,12,2,2,0,1,0,96.526,96.526
r8_m224_same,8,same,3,224,search,query,raw_max_us,97,camera,axis_1,1462,UNSAT,9,12,2,2,0,1,0,96.526,96.526
r8_m224_same,8,same,3,224,decomposition,feasibility,nodes,108,camera,axis_1,40,SAT,81,16,2,4,0,9,4,7.401,7.751
r8_m224_same,8,same,3,224,decomposition,feasibility,branches,108,camera,axis_1,40,SAT,81,16,2,4,0,9,4,7.401,7.751
r8_m224_same,8,same,3,224,decomposition,feasibility,us,2663,camera,oblique_2,2713,SAT,1,8,0,0,0,1,0,31.347,51.859
r8_m224_same,8,same,3,224,decomposition,feasibility,raw_max_us,1210,camera,axis_6,1540,SAT,1,8,0,0,0,1,0,5.618,274.826
r8_m224_same,8,same,3,224,decomposition,projection,nodes,108,camera,axis_1,40,SAT,81,16,2,4,0,37,16,28.724,29.245
r8_m224_same,8,same,3,224,decomposition,projection,branches,108,camera,axis_1,40,SAT,81,16,2,4,0,37,16,28.724,29.245
r8_m224_same,8,same,3,224,decomposition,projection,us,1662,camera,axis_6,1000,SAT,35,16,8,1,0,10,6,67.202,67.442
r8_m224_same,8,same,3,224,decomposition,projection,raw_max_us,1582,camera,axis_6,4708,SAT,1,8,0,0,0,1,0,10.456,975.477
r8_m224_same,8,same,3,224,decomposition,query,nodes,97,camera,axis_1,1462,SAT,9,12,2,2,0,5,2,4.937,4.937
r8_m224_same,8,same,3,224,decomposition,query,branches,97,camera,axis_1,1462,SAT,9,12,2,2,0,5,2,4.937,4.937
r8_m224_same,8,same,3,224,decomposition,query,us,2328,camera,oblique_2,0,SAT,1,8,0,0,0,1,0,228.846,228.846
r8_m224_same,8,same,3,224,decomposition,query,raw_max_us,2328,camera,oblique_2,0,SAT,1,8,0,0,0,1,0,228.846,228.846
r8_m224_same,8,same,3,224,fixed_hit,feasibility,nodes,1835,camera,oblique_1,1083,SAT,3,10,2,1,1,2,1,9.784,14.152
r8_m224_same,8,same,3,224,fixed_hit,feasibility,branches,1835,camera,oblique_1,1083,SAT,3,10,2,1,1,2,1,9.784,14.152
r8_m224_same,8,same,3,224,fixed_hit,feasibility,us,1883,camera,oblique_1,2226,SAT,3,10,2,1,0,1,0,54.994,61.203
r8_m224_same,8,same,3,224,fixed_hit,feasibility,raw_max_us,980,camera,axis_3,2434,SAT,1,8,0,0,0,1,0,5.298,236.998
r8_m224_same,8,same,3,224,fixed_hit,projection,nodes,108,camera,axis_1,40,SAT,81,16,2,4,0,9,0,20.731,22.243
r8_m224_same,8,same,3,224,fixed_hit,projection,branches,1999,camera,oblique_1,1012,SAT,6,11,2,1,1,5,2,22.905,22.925
r8_m224_same,8,same,3,224,fixed_hit,projection,us,1662,camera,axis_6,1000,SAT,35,16,8,1,0,9,0,125.039,144.078
r8_m224_same,8,same,3,224,fixed_hit,projection,raw_max_us,804,camera,axis_3,2190,SAT,1,8,0,0,0,1,0,6.36,358.743
r8_m224_same,8,same,3,224,fixed_hit,query,nodes,0,camera,axis_1,0,SAT,1,8,0,0,0,1,0,2.173,2.173
r8_m224_same,8,same,3,224,fixed_hit,query,branches,0,camera,axis_1,0,SAT,1,8,0,0,0,1,0,2.173,2.173
r8_m224_same,8,same,3,224,fixed_hit,query,us,1523,camera,axis_6,4899,SAT,1,8,0,0,0,1,0,36.104,36.104
r8_m224_same,8,same,3,224,fixed_hit,query,raw_max_us,1523,camera,axis_6,4899,SAT,1,8,0,0,0,1,0,36.104,36.104
r8_m224_same,8,same,3,224,both,feasibility,nodes,1835,camera,oblique_1,1083,SAT,3,10,2,1,1,2,1,9.524,12.639
r8_m224_same,8,same,3,224,both,feasibility,branches,1835,camera,oblique_1,1083,SAT,3,10,2,1,1,2,1,9.524,12.639
r8_m224_same,8,same,3,224,both,feasibility,us,2907,camera,oblique_2,6435,SAT,1,8,0,0,0,1,0,51.569,57.768
r8_m224_same,8,same,3,224,both,feasibility,raw_max_us,2552,camera,oblique_2,2469,SAT,1,8,0,0,0,1,0,9.415,229.597
r8_m224_same,8,same,3,224,both,projection,nodes,108,camera,axis_1,40,SAT,81,16,2,4,0,9,0,20.551,20.721
r8_m224_same,8,same,3,224,both,projection,branches,1999,camera,oblique_1,1012,SAT,6,11,2,1,1,5,2,22.935,23.906
r8_m224_same,8,same,3,224,both,projection,us,1662,camera,axis_6,1000,SAT,35,16,8,1,0,9,0,74.573,75.925
r8_m224_same,8,same,3,224,both,projection,raw_max_us,609,camera,axis_3,5923,SAT,1,8,0,0,0,1,0,5.749,938.531
r8_m224_same,8,same,3,224,both,query,nodes,0,camera,axis_1,0,SAT,1,8,0,0,0,1,0,2.163,2.163
r8_m224_same,8,same,3,224,both,query,branches,0,camera,axis_1,0,SAT,1,8,0,0,0,1,0,2.163,2.163
r8_m224_same,8,same,3,224,both,query,us,496,perturb_0,axis_2,2191,SAT,5,11,3,1,0,1,0,125.51,125.51
r8_m224_same,8,same,3,224,both,query,raw_max_us,496,perturb_0,axis_2,2191,SAT,5,11,3,1,0,1,0,125.51,125.51
r8_m025_same,8,same,3,25,search,feasibility,nodes,62,camera,axis_1,122,SAT,54,16,2,4,2,6,5,12.128,76.686
r8_m025_same,8,same,3,25,search,feasibility,branches,62,camera,axis_1,122,SAT,54,16,2,4,2,6,5,12.128,76.686
r8_m025_same,8,same,3,25,search,feasibility,us,1488,camera,axis_6,1000,SAT,35,16,8,1,0,3,2,20.611,25.609
r8_m025_same,8,same,3,25,search,feasibility,raw_max_us,2252,camera,oblique_2,432,SAT,1,8,0,0,0,1,0,11.277,1546.591
r8_m025_same,8,same,3,25,search,projection,nodes,62,camera,axis_1,122,SAT,54,16,2,4,2,27,20,46.6,47.793
r8_m025_same,8,same,3,25,search,projection,branches,62,camera,axis_1,122,SAT,54,16,2,4,2,27,20,46.6,47.793
r8_m025_same,8,same,3,25,search,projection,us,1488,camera,axis_6,1000,SAT,35,16,8,1,0,10,6,69.956,72.68
r8_m025_same,8,same,3,25,search,projection,raw_max_us,488,camera,axis_3,2944,SAT,2,9,0,0,0,2,0,9.083,788.914
r8_m025_same,8,same,3,25,search,query,nodes,68,perturb_4,axis_1,3161,SAT,27,14,2,3,0,4,3,7.432,7.432
r8_m025_same,8,same,3,25,search,query,branches,68,perturb_4,axis_1,3161,SAT,27,14,2,3,0,4,3,7.432,7.432
r8_m025_same,8,same,3,25,search,query,us,1587,perturb_1,axis_6,327,SAT,1,8,0,0,0,1,0,44.027,44.027
r8_m025_same,8,same,3,25,search,query,raw_max_us,1587,perturb_1,axis_6,327,SAT,1,8,0,0,0,1,0,44.027,44.027
r8_m025_same,8,same,3,25,decomposition,feasibility,nodes,62,camera,axis_1,122,SAT,54,16,2,4,2,10,5,8.663,9.414
r8_m025_same,8,same,3,25,decomposition,feasibility,branches,62,camera,axis_1,122,SAT,54,16,2,4,2,10,5,8.663,9.414
r8_m025_same,8,same,3,25,decomposition,feasibility,us,1488,camera,axis_6,1000,SAT,35,16,8,1,0,3,2,20.992,22.904
r8_m025_same,8,same,3,25,decomposition,feasibility,raw_max_us,2218,camera,oblique_2,2332,SAT,1,8,0,0,0,1,0,8.373,218.621
r8_m025_same,8,same,3,25,decomposition,projection,nodes,62,camera,axis_1,122,SAT,54,16,2,4,2,43,20,36.304,37.327
r8_m025_same,8,same,3,25,decomposition,projection,branches,62,camera,axis_1,122,SAT,54,16,2,4,2,43,20,36.304,37.327
r8_m025_same,8,same,3,25,decomposition,projection,us,1488,camera,axis_6,1000,SAT,35,16,8,1,0,10,6,67.562,180.433
r8_m025_same,8,same,3,25,decomposition,projection,raw_max_us,2217,camera,oblique_2,2251,SAT,1,8,0,0,0,1,0,11.988,877.588
r8_m025_same,8,same,3,25,decomposition,query,nodes,68,perturb_4,axis_1,3161,SAT,27,14,2,3,0,7,3,6.07,6.07
r8_m025_same,8,same,3,25,decomposition,query,branches,68,perturb_4,axis_1,3161,SAT,27,14,2,3,0,7,3,6.07,6.07
r8_m025_same,8,same,3,25,decomposition,query,us,65,perturb_1,axis_1,2430,UNSAT,6,11,2,1,0,1,0,59.82,59.82
r8_m025_same,8,same,3,25,decomposition,query,raw_max_us,65,perturb_1,axis_1,2430,UNSAT,6,11,2,1,0,1,0,59.82,59.82
r8_m025_same,8,same,3,25,fixed_hit,feasibility,nodes,24,camera,axis_1,83,SAT,2,10,2,1,2,3,2,4.277,20.912
r8_m025_same,8,same,3,25,fixed_hit,feasibility,branches,24,camera,axis_1,83,SAT,2,10,2,1,2,3,2,4.277,20.912
r8_m025_same,8,same,3,25,fixed_hit,feasibility,us,2705,camera,oblique_2,3199,SAT,7,12,2,1,1,2,1,17.427,19.239
r8_m025_same,8,same,3,25,fixed_hit,feasibility,raw_max_us,62,camera,axis_1,122,SAT,54,16,2,4,2,3,2,5.999,763.315
r8_m025_same,8,same,3,25,fixed_hit,projection,nodes,62,camera,axis_1,122,SAT,54,16,2,4,2,24,14,47.663,64.508
r8_m025_same,8,same,3,25,fixed_hit,projection,branches,62,camera,axis_1,122,SAT,54,16,2,4,2,24,14,47.663,64.508
r8_m025_same,8,same,3,25,fixed_hit,projection,us,1488,camera,axis_6,1000,SAT,35,16,8,1,0,9,0,78.138,79.351
r8_m025_same,8,same,3,25,fixed_hit,projection,raw_max_us,461,camera,axis_3,2188,SAT,1,8,0,0,0,1,0,5.659,1105.513
r8_m025_same,8,same,3,25,fixed_hit,query,nodes,169,camera,axis_2,137,SAT,2,10,2,1,2,2,1,5.087,5.087
r8_m025_same,8,same,3,25,fixed_hit,query,branches,169,camera,axis_2,137,SAT,2,10,2,1,2,2,1,5.087,5.087
r8_m025_same,8,same,3,25,fixed_hit,query,us,1982,camera,oblique_1,767,SAT,3,10,0,0,0,1,0,19.179,19.179
r8_m025_same,8,same,3,25,fixed_hit,query,raw_max_us,1982,camera,oblique_1,767,SAT,3,10,0,0,0,1,0,19.179,19.179
r8_m025_same,8,same,3,25,both,feasibility,nodes,62,camera,axis_1,122,SAT,54,16,2,4,2,7,2,7.582,9.454
r8_m025_same,8,same,3,25,both,feasibility,branches,24,camera,axis_1,83,SAT,2,10,2,1,2,3,2,4.116,4.117
r8_m025_same,8,same,3,25,both,feasibility,us,2590,camera,oblique_2,2975,SAT,4,11,2,1,1,2,1,17.436,17.887
r8_m025_same,8,same,3,25,both,feasibility,raw_max_us,2619,camera,oblique_2,13,SAT,1,8,0,0,0,1,0,7.781,1001.015
r8_m025_same,8,same,3,25,both,projection,nodes,62,camera,axis_1,122,SAT,54,16,2,4,2,46,14,48.754,51.147
r8_m025_same,8,same,3,25,both,projection,branches,62,camera,axis_1,122,SAT,54,16,2,4,2,46,14,48.754,51.147
r8_m025_same,8,same,3,25,both,projection,us,1488,camera,axis_6,1000,SAT,35,16,8,1,0,9,0,128.465,250.679
r8_m025_same,8,same,3,25,both,projection,raw_max_us,1859,camera,oblique_1,841,SAT,2,9,0,0,0,2,0,14.352,379.835
r8_m025_same,8,same,3,25,both,query,nodes,169,camera,axis_2,137,SAT,2,10,2,1,2,2,1,4.968,4.968
r8_m025_same,8,same,3,25,both,query,branches,169,camera,axis_2,137,SAT,2,10,2,1,2,2,1,4.968,4.968
r8_m025_same,8,same,3,25,both,query,us,2039,perturb_3,oblique_1,32,UNSAT,0,0,0,0,0,1,0,36.025,36.025
r8_m025_same,8,same,3,25,both,query,raw_max_us,2039,perturb_3,oblique_1,32,UNSAT,0,0,0,0,0,1,0,36.025,36.025
r8_m025_split,8,split,3,25,search,feasibility,nodes,62,camera,axis_1,122,SAT,54,16,2,4,2,6,5,10.526,11.277
r8_m025_split,8,split,3,25,search,feasibility,branches,62,camera,axis_1,122,SAT,54,16,2,4,2,6,5,10.526,11.277
r8_m025_split,8,split,3,25,search,feasibility,us,2302,camera,oblique_1,796,SAT,3,10,0,0,0,1,0,98.179,139.061
r8_m025_split,8,split,3,25,search,feasibility,raw_max_us,46,camera,axis_1,41,SAT,81,16,2,4,0,5,4,12.418,332.964
r8_m025_split,8,split,3,25,search,projection,nodes,62,camera,axis_1,122,SAT,54,16,2,4,2,27,20,42.625,44.928
r8_m025_split,8,split,3,25,search,projection,branches,62,camera,axis_1,122,SAT,54,16,2,4,2,27,20,42.625,44.928
r8_m025_split,8,split,3,25,search,projection,us,1655,camera,axis_6,1000,SAT,35,16,8,1,0,10,6,67.241,83.176
r8_m025_split,8,split,3,25,search,projection,raw_max_us,2587,camera,oblique_2,981,SAT,1,8,0,0,0,1,0,11.507,718.087
r8_m025_split,8,split,3,25,search,query,nodes,68,perturb_4,axis_1,3161,SAT,27,14,2,3,0,4,3,6.97,6.97
r8_m025_split,8,split,3,25,search,query,branches,68,perturb_4,axis_1,3161,SAT,27,14,2,3,0,4,3,6.97,6.97
r8_m025_split,8,split,3,25,search,query,us,1579,camera,axis_6,742,SAT,1,8,0,0,0,1,0,225.611,225.611
r8_m025_split,8,split,3,25,search,query,raw_max_us,1579,camera,axis_6,742,SAT,1,8,0,0,0,1,0,225.611,225.611
r8_m025_split,8,split,3,25,decomposition,feasibility,nodes,62,camera,axis_1,122,SAT,54,16,2,4,2,10,5,8.042,8.483
r8_m025_split,8,split,3,25,decomposition,feasibility,branches,62,camera,axis_1,122,SAT,54,16,2,4,2,10,5,8.042,8.483
r8_m025_split,8,split,3,25,decomposition,feasibility,us,1642,camera,axis_6,841,SAT,3,10,2,1,0,2,1,39.951,103.838
r8_m025_split,8,split,3,25,decomposition,feasibility,raw_max_us,1614,camera,axis_6,2538,SAT,1,8,0,0,0,1,0,6.53,1687.665
r8_m025_split,8,split,3,25,decomposition,projection,nodes,62,camera,axis_1,122,SAT,54,16,2,4,2,43,20,35.053,35.283
r8_m025_split,8,split,3,25,decomposition,projection,branches,62,camera,axis_1,122,SAT,54,16,2,4,2,43,20,35.053,35.283
r8_m025_split,8,split,3,25,decomposition,projection,us,1655,camera,axis_6,1000,SAT,35,16,8,1,0,10,6,66.3,67.953
r8_m025_split,8,split,3,25,decomposition,projection,raw_max_us,3026,camera,oblique_2,3136,SAT,1,8,0,0,0,1,0,45.198,768.903
r8_m025_split,8,split,3,25,decomposition,query,nodes,68,perturb_4,axis_1,3161,SAT,27,14,2,3,0,7,3,5.769,5.769
r8_m025_split,8,split,3,25,decomposition,query,branches,68,perturb_4,axis_1,3161,SAT,27,14,2,3,0,7,3,5.769,5.769
r8_m025_split,8,split,3,25,decomposition,query,us,2526,camera,oblique_2,2359,SAT,1,8,0,0,0,1,0,117.217,117.217
r8_m025_split,8,split,3,25,decomposition,query,raw_max_us,2526,camera,oblique_2,2359,SAT,1,8,0,0,0,1,0,117.217,117.217
r8_m025_split,8,split,3,25,fixed_hit,feasibility,nodes,24,camera,axis_1,83,SAT,2,10,2,1,2,3,2,3.936,4.036
r8_m025_split,8,split,3,25,fixed_hit,feasibility,branches,24,camera,axis_1,83,SAT,2,10,2,1,2,3,2,3.936,4.036
r8_m025_split,8,split,3,25,fixed_hit,feasibility,us,1738,camera,axis_6,2602,SAT,1,8,0,0,0,1,0,23.896,127.072
r8_m025_split,8,split,3,25,fixed_hit,feasibility,raw_max_us,2363,camera,oblique_2,2997,SAT,1,8,0,0,0,1,0,6.681,1681.405
r8_m025_split,8,split,3,25,fixed_hit,projection,nodes,62,camera,axis_1,122,SAT,54,16,2,4,2,24,14,38.608,42.544
r8_m025_split,8,split,3,25,fixed_hit,projection,branches,62,camera,axis_1,122,SAT,54,16,2,4,2,24,14,38.608,42.544
r8_m025_split,8,split,3,25,fixed_hit,projection,us,1655,camera,axis_6,1000,SAT,35,16,8,1,0,9,0,73.131,74.372
r8_m025_split,8,split,3,25,fixed_hit,projection,raw_max_us,2720,camera,oblique_2,3216,SAT,1,8,0,0,0,1,0,13.551,926.192
r8_m025_split,8,split,3,25,fixed_hit,query,nodes,0,camera,axis_1,0,SAT,1,8,0,0,0,1,0,1.903,1.903
r8_m025_split,8,split,3,25,fixed_hit,query,branches,0,camera,axis_1,0,SAT,1,8,0,0,0,1,0,1.903,1.903
r8_m025_split,8,split,3,25,fixed_hit,query,us,2429,camera,oblique_2,2216,UNSAT,1,8,0,0,0,1,0,50.707,50.707
r8_m025_split,8,split,3,25,fixed_hit,query,raw_max_us,2429,camera,oblique_2,2216,UNSAT,1,8,0,0,0,1,0,50.707,50.707
r8_m025_split,8,split,3,25,both,feasibility,nodes,62,camera,axis_1,122,SAT,54,16,2,4,2,7,2,7.04,8.132
r8_m025_split,8,split,3,25,both,feasibility,branches,24,camera,axis_1,83,SAT,2,10,2,1,2,3,2,3.946,4.037
r8_m025_split,8,split,3,25,both,feasibility,us,2374,camera,oblique_2,3087,SAT,1,8,0,0,0,1,0,27.431,63.376
r8_m025_split,8,split,3,25,both,feasibility,raw_max_us,3130,camera,oblique_2,1201,SAT,1,8,0,0,0,1,0,13,210.939
r8_m025_split,8,split,3,25,both,projection,nodes,62,camera,axis_1,122,SAT,54,16,2,4,2,46,14,46.69,48.453
r8_m025_split,8,split,3,25,both,projection,branches,62,camera,axis_1,122,SAT,54,16,2,4,2,46,14,46.69,48.453
r8_m025_split,8,split,3,25,both,projection,us,1655,camera,axis_6,1000,SAT,35,16,8,1,0,9,0,73.311,81.383
r8_m025_split,8,split,3,25,both,projection,raw_max_us,2524,camera,oblique_2,10,SAT,1,8,0,0,0,1,0,11.367,761.332
r8_m025_split,8,split,3,25,both,query,nodes,0,camera,axis_1,0,SAT,1,8,0,0,0,1,0,1.903,1.903
r8_m025_split,8,split,3,25,both,query,branches,0,camera,axis_1,0,SAT,1,8,0,0,0,1,0,1.903,1.903
r8_m025_split,8,split,3,25,both,query,us,2168,camera,oblique_1,1,SAT,1,8,0,0,0,1,0,193.162,193.162
r8_m025_split,8,split,3,25,both,query,raw_max_us,2168,camera,oblique_1,1,SAT,1,8,0,0,0,1,0,193.162,193.162
r8_m044_split,8,split,3,44,search,feasibility,nodes,108,camera,axis_1,40,SAT,81,16,2,4,0,5,4,9.514,11.006
r8_m044_split,8,split,3,44,search,feasibility,branches,108,camera,axis_1,40,SAT,81,16,2,4,0,5,4,9.514,11.006
r8_m044_split,8,split,3,44,search,feasibility,us,2792,camera,oblique_2,3171,SAT,1,8,0,0,0,1,0,24.607,27.481
r8_m044_split,8,split,3,44,search,feasibility,raw_max_us,827,camera,axis_3,1324,SAT,5,11,3,1,0,2,1,8.012,314.746
r8_m044_split,8,split,3,44,search,projection,nodes,108,camera,axis_1,40,SAT,81,16,2,4,0,21,16,35.765,37.276
r8_m044_split,8,split,3,44,search,projection,branches,108,camera,axis_1,40,SAT,81,16,2,4,0,21,16,35.765,37.276
r8_m044_split,8,split,3,44,search,projection,us,1815,camera,axis_6,1000,SAT,35,16,8,1,0,10,6,66.371,73.872
r8_m044_split,8,split,3,44,search,projection,raw_max_us,1295,camera,axis_6,1224,SAT,1,8,0,0,0,1,0,9.444,2067.128
r8_m044_split,8,split,3,44,search,query,nodes,97,camera,axis_1,22,SAT,9,12,2,2,0,3,2,4.857,4.857
r8_m044_split,8,split,3,44,search,query,branches,97,camera,axis_1,22,SAT,9,12,2,2,0,3,2,4.857,4.857
r8_m044_split,8,split,3,44,search,query,us,3249,camera,oblique_2,157,SAT,1,8,0,0,0,1,0,29.755,29.755
r8_m044_split,8,split,3,44,search,query,raw_max_us,3249,camera,oblique_2,157,SAT,1,8,0,0,0,1,0,29.755,29.755
r8_m044_split,8,split,3,44,decomposition,feasibility,nodes,108,camera,axis_1,40,SAT,81,16,2,4,0,9,4,7.401,7.652
r8_m044_split,8,split,3,44,decomposition,feasibility,branches,108,camera,axis_1,40,SAT,81,16,2,4,0,9,4,7.401,7.652
r8_m044_split,8,split,3,44,decomposition,feasibility,us,1145,camera,axis_3,2965,SAT,1,8,0,0,0,1,0,34.032,48.193
r8_m044_split,8,split,3,44,decomposition,feasibility,raw_max_us,1726,camera,axis_6,147,SAT,2,9,0,0,0,1,0,6.61,780.301
r8_m044_split,8,split,3,44,decomposition,projection,nodes,108,camera,axis_1,40,SAT,81,16,2,4,0,37,16,28.804,29.244
r8_m044_split,8,split,3,44,decomposition,projection,branches,108,camera,axis_1,40,SAT,81,16,2,4,0,37,16,28.804,29.244
r8_m044_split,8,split,3,44,decomposition,projection,us,1894,camera,axis_6,2803,SAT,1,8,0,0,0,1,0,168.595,377.041
r8_m044_split,8,split,3,44,decomposition,projection,raw_max_us,1295,camera,axis_6,1224,SAT,1,8,0,0,0,1,0,9.344,1961.539
r8_m044_split,8,split,3,44,decomposition,query,nodes,97,camera,axis_1,22,SAT,9,12,2,2,0,5,2,4.817,4.817
r8_m044_split,8,split,3,44,decomposition,query,branches,97,camera,axis_1,22,SAT,9,12,2,2,0,5,2,4.817,4.817
r8_m044_split,8,split,3,44,decomposition,query,us,2036,camera,oblique_1,2217,SAT,1,8,0,0,0,1,0,223.908,223.908
r8_m044_split,8,split,3,44,decomposition,query,raw_max_us,2036,camera,oblique_1,2217,SAT,1,8,0,0,0,1,0,223.908,223.908
r8_m044_split,8,split,3,44,fixed_hit,feasibility,nodes,0,camera,axis_1,0,SAT,1,8,0,0,0,1,0,2.114,2.184
r8_m044_split,8,split,3,44,fixed_hit,feasibility,branches,0,camera,axis_1,0,SAT,1,8,0,0,0,1,0,2.114,2.184
r8_m044_split,8,split,3,44,fixed_hit,feasibility,us,1838,camera,axis_6,3055,SAT,3,10,2,1,0,1,0,11.508,13.059
r8_m044_split,8,split,3,44,fixed_hit,feasibility,raw_max_us,1971,camera,oblique_1,1242,SAT,1,8,0,0,0,1,0,5.258,450.962
r8_m044_split,8,split,3,44,fixed_hit,projection,nodes,108,camera,axis_1,40,SAT,81,16,2,4,0,9,0,21.182,22.253
r8_m044_split,8,split,3,44,fixed_hit,projection,branches,0,camera,axis_1,0,SAT,1,8,0,0,0,1,0,3.025,3.775
r8_m044_split,8,split,3,44,fixed_hit,projection,us,1815,camera,axis_6,1000,SAT,35,16,8,1,0,9,0,73.241,74.623
r8_m044_split,8,split,3,44,fixed_hit,projection,raw_max_us,1286,camera,axis_6,2250,SAT,1,8,0,0,0,1,0,8.853,3078.339
r8_m044_split,8,split,3,44,fixed_hit,query,nodes,0,camera,axis_1,0,SAT,1,8,0,0,0,1,0,2.143,2.143
r8_m044_split,8,split,3,44,fixed_hit,query,branches,0,camera,axis_1,0,SAT,1,8,0,0,0,1,0,2.143,2.143
r8_m044_split,8,split,3,44,fixed_hit,query,us,1933,perturb_2,axis_6,103,UNSAT,0,0,0,0,0,1,0,56.365,56.365
r8_m044_split,8,split,3,44,fixed_hit,query,raw_max_us,1933,perturb_2,axis_6,103,UNSAT,0,0,0,0,0,1,0,56.365,56.365
r8_m044_split,8,split,3,44,both,feasibility,nodes,0,camera,axis_1,0,SAT,1,8,0,0,0,1,0,2.113,2.114
r8_m044_split,8,split,3,44,both,feasibility,branches,0,camera,axis_1,0,SAT,1,8,0,0,0,1,0,2.113,2.114
r8_m044_split,8,split,3,44,both,feasibility,us,1823,camera,axis_6,1101,SAT,3,10,2,1,0,1,0,10.806,70.947
r8_m044_split,8,split,3,44,both,feasibility,raw_max_us,2795,camera,oblique_2,2253,SAT,1,8,0,0,0,1,0,7.982,1150.08
r8_m044_split,8,split,3,44,both,projection,nodes,108,camera,axis_1,40,SAT,81,16,2,4,0,9,0,21.132,21.192
r8_m044_split,8,split,3,44,both,projection,branches,0,camera,axis_1,0,SAT,1,8,0,0,0,1,0,2.944,3.124
r8_m044_split,8,split,3,44,both,projection,us,1815,camera,axis_6,1000,SAT,35,16,8,1,0,9,0,73.18,82.444
r8_m044_split,8,split,3,44,both,projection,raw_max_us,1277,camera,axis_6,36,SAT,1,8,0,0,0,1,0,9.103,2122.382
r8_m044_split,8,split,3,44,both,query,nodes,0,camera,axis_1,0,SAT,1,8,0,0,0,1,0,2.093,2.093
r8_m044_split,8,split,3,44,both,query,branches,0,camera,axis_1,0,SAT,1,8,0,0,0,1,0,2.093,2.093
r8_m044_split,8,split,3,44,both,query,us,1350,camera,axis_6,64,UNSAT,1,8,0,0,0,1,0,263.158,263.158
r8_m044_split,8,split,3,44,both,query,raw_max_us,1350,camera,axis_6,64,UNSAT,1,8,0,0,0,1,0,263.158,263.158
r8_m044_same,8,same,3,44,search,feasibility,nodes,108,camera,axis_1,40,SAT,81,16,2,4,0,5,4,11.177,13.881
r8_m044_same,8,same,3,44,search,feasibility,branches,108,camera,axis_1,40,SAT,81,16,2,4,0,5,4,11.177,13.881
r8_m044_same,8,same,3,44,search,feasibility,us,1649,camera,axis_6,1000,SAT,35,16,8,1,0,3,2,20.241,20.722
r8_m044_same,8,same,3,44,search,feasibility,raw_max_us,1541,camera,axis_6,1053,SAT,1,8,0,0,0,1,0,6.28,822.265
r8_m044_same,8,same,3,44,search,projection,nodes,108,camera,axis_1,40,SAT,81,16,2,4,0,21,16,35.744,37.707
r8_m044_same,8,same,3,44,search,projection,branches,108,camera,axis_1,40,SAT,81,16,2,4,0,21,16,35.744,37.707
r8_m044_same,8,same,3,44,search,projection,us,1649,camera,axis_6,1000,SAT,35,16,8,1,0,10,6,66.721,68.574
r8_m044_same,8,same,3,44,search,projection,raw_max_us,1963,camera,oblique_1,2434,SAT,4,10,0,0,0,3,0,13.661,143.688
r8_m044_same,8,same,3,44,search,query,nodes,97,camera,axis_1,22,SAT,9,12,2,2,0,3,2,4.887,4.887
r8_m044_same,8,same,3,44,search,query,branches,97,camera,axis_1,22,SAT,9,12,2,2,0,3,2,4.887,4.887
r8_m044_same,8,same,3,44,search,query,us,1741,perturb_1,axis_6,373,SAT,2,9,0,0,0,1,0,35.284,35.284
r8_m044_same,8,same,3,44,search,query,raw_max_us,1741,perturb_1,axis_6,373,SAT,2,9,0,0,0,1,0,35.284,35.284
r8_m044_same,8,same,3,44,decomposition,feasibility,nodes,108,camera,axis_1,40,SAT,81,16,2,4,0,9,4,7.221,7.661
r8_m044_same,8,same,3,44,decomposition,feasibility,branches,108,camera,axis_1,40,SAT,81,16,2,4,0,9,4,7.221,7.661
r8_m044_same,8,same,3,44,decomposition,feasibility,us,1649,camera,axis_6,1000,SAT,35,16,8,1,0,3,2,20.02,25.729
r8_m044_same,8,same,3,44,decomposition,feasibility,raw_max_us,151,camera,axis_2,2205,SAT,1,8,0,0,0,1,0,2.784,848.675
r8_m044_same,8,same,3,44,decomposition,projection,nodes,108,camera,axis_1,40,SAT,81,16,2,4,0,37,16,27.882,28.944
r8_m044_same,8,same,3,44,decomposition,projection,branches,108,camera,axis_1,40,SAT,81,16,2,4,0,37,16,27.882,28.944
r8_m044_same,8,same,3,44,decomposition,projection,us,1649,camera,axis_6,1000,SAT,35,16,8,1,0,10,6,66.11,73.131
r8_m044_same,8,same,3,44,decomposition,projection,raw_max_us,1229,camera,axis_6,882,SAT,1,8,0,0,0,1,0,9.474,250.619
r8_m044_same,8,same,3,44,decomposition,query,nodes,97,camera,axis_1,22,SAT,9,12,2,2,0,5,2,5.138,5.138
r8_m044_same,8,same,3,44,decomposition,query,branches,97,camera,axis_1,22,SAT,9,12,2,2,0,5,2,5.138,5.138
r8_m044_same,8,same,3,44,decomposition,query,us,427,camera,axis_2,111,SAT,1,8,0,0,0,1,0,39.911,39.911
r8_m044_same,8,same,3,44,decomposition,query,raw_max_us,427,camera,axis_2,111,SAT,1,8,0,0,0,1,0,39.911,39.911
r8_m044_same,8,same,3,44,fixed_hit,feasibility,nodes,1842,camera,oblique_1,1083,SAT,3,10,2,1,1,2,1,13.68,67.572
r8_m044_same,8,same,3,44,fixed_hit,feasibility,branches,1842,camera,oblique_1,1083,SAT,3,10,2,1,1,2,1,13.68,67.572
r8_m044_same,8,same,3,44,fixed_hit,feasibility,us,2583,camera,oblique_2,94,SAT,1,8,0,0,0,1,0,33.551,90.787
r8_m044_same,8,same,3,44,fixed_hit,feasibility,raw_max_us,634,camera,axis_3,2197,SAT,1,8,0,0,0,1,0,4.156,868.675
r8_m044_same,8,same,3,44,fixed_hit,projection,nodes,108,camera,axis_1,40,SAT,81,16,2,4,0,9,0,20.501,21.963
r8_m044_same,8,same,3,44,fixed_hit,projection,branches,1979,camera,oblique_1,2488,SAT,8,12,2,1,1,6,2,24.828,24.867
r8_m044_same,8,same,3,44,fixed_hit,projection,us,1649,camera,axis_6,1000,SAT,35,16,8,1,0,9,0,77.888,84.207
r8_m044_same,8,same,3,44,fixed_hit,projection,raw_max_us,2666,camera,oblique_2,2232,SAT,1,8,0,0,0,1,0,12.069,2306.22
r8_m044_same,8,same,3,44,fixed_hit,query,nodes,0,camera,axis_1,0,SAT,1,8,0,0,0,1,0,2.484,2.484
r8_m044_same,8,same,3,44,fixed_hit,query,branches,0,camera,axis_1,0,SAT,1,8,0,0,0,1,0,2.484,2.484
r8_m044_same,8,same,3,44,fixed_hit,query,us,1122,perturb_4,axis_3,603,UNSAT,0,0,0,0,0,1,0,109.726,109.726
r8_m044_same,8,same,3,44,fixed_hit,query,raw_max_us,1122,perturb_4,axis_3,603,UNSAT,0,0,0,0,0,1,0,109.726,109.726
r8_m044_same,8,same,3,44,both,feasibility,nodes,1842,camera,oblique_1,1083,SAT,3,10,2,1,1,2,1,9.935,10.396
r8_m044_same,8,same,3,44,both,feasibility,branches,1842,camera,oblique_1,1083,SAT,3,10,2,1,1,2,1,9.935,10.396
r8_m044_same,8,same,3,44,both,feasibility,us,2578,camera,oblique_2,3196,SAT,2,9,0,0,0,1,0,25.629,26.63
r8_m044_same,8,same,3,44,both,feasibility,raw_max_us,2686,camera,oblique_2,2287,SAT,1,8,0,0,0,1,0,7.832,2058.946
r8_m044_same,8,same,3,44,both,projection,nodes,108,camera,axis_1,40,SAT,81,16,2,4,0,9,0,20.601,42.795
r8_m044_same,8,same,3,44,both,projection,branches,1979,camera,oblique_1,2488,SAT,8,12,2,1,1,6,2,24.778,25.498
r8_m044_same,8,same,3,44,both,projection,us,1649,camera,axis_6,1000,SAT,35,16,8,1,0,9,0,72.65,74.203
r8_m044_same,8,same,3,44,both,projection,raw_max_us,1767,camera,oblique_1,3213,SAT,2,9,0,0,0,2,0,9.795,360.095
r8_m044_same,8,same,3,44,both,query,nodes,0,camera,axis_1,0,SAT,1,8,0,0,0,1,0,2.094,2.094
r8_m044_same,8,same,3,44,both,query,branches,0,camera,axis_1,0,SAT,1,8,0,0,0,1,0,2.094,2.094
r8_m044_same,8,same,3,44,both,query,us,1125,perturb_7,axis_3,3270,UNSAT,0,0,0,0,0,1,0,48.904,48.904
r8_m044_same,8,same,3,44,both,query,raw_max_us,1125,perturb_7,axis_3,3270,UNSAT,0,0,0,0,0,1,0,48.904,48.904
r8_m015_same,8,same,4,15,search,feasibility,nodes,204,camera,axis_1,40,SAT,81,16,2,4,0,5,4,9.825,16.995
r8_m015_same,8,same,4,15,search,feasibility,branches,204,camera,axis_1,40,SAT,81,16,2,4,0,5,4,9.825,16.995
r8_m015_same,8,same,4,15,search,feasibility,us,434,camera,axis_2,2962,SAT,3,10,2,1,0,2,1,60.331,165.421
r8_m015_same,8,same,4,15,search,feasibility,raw_max_us,4003,camera,oblique_2,1004,SAT,1,8,0,0,0,1,0,10.025,274.546
r8_m015_same,8,same,4,15,search,projection,nodes,204,camera,axis_1,40,SAT,81,16,2,4,0,21,16,35.454,39.239
r8_m015_same,8,same,4,15,search,projection,branches,204,camera,axis_1,40,SAT,81,16,2,4,0,21,16,35.454,39.239
r8_m015_same,8,same,4,15,search,projection,us,2610,camera,axis_6,1000,SAT,35,16,8,1,0,10,6,68.704,71.618
r8_m015_same,8,same,4,15,search,projection,raw_max_us,1643,camera,axis_3,3055,SAT,5,11,3,1,0,3,1,12.91,715.924
r8_m015_same,8,same,4,15,search,query,nodes,194,camera,axis_1,58,SAT,9,12,2,2,0,3,2,5.107,5.107
r8_m015_same,8,same,4,15,search,query,branches,194,camera,axis_1,58,SAT,9,12,2,2,0,3,2,5.107,5.107
r8_m015_same,8,same,4,15,search,query,us,2802,camera,axis_6,1088,SAT,7,12,4,1,0,2,1,90.297,90.297
r8_m015_same,8,same,4,15,search,query,raw_max_us,2802,camera,axis_6,1088,SAT,7,12,4,1,0,2,1,90.297,90.297
r8_m015_same,8,same,4,15,decomposition,feasibility,nodes,204,camera,axis_1,40,SAT,81,16,2,4,0,9,4,7.752,8.163
r8_m015_same,8,same,4,15,decomposition,feasibility,branches,204,camera,axis_1,40,SAT,81,16,2,4,0,9,4,7.752,8.163
r8_m015_same,8,same,4,15,decomposition,feasibility,us,3773,camera,oblique_2,3215,SAT,3,10,2,1,0,2,1,23.546,37.006
r8_m015_same,8,same,4,15,decomposition,feasibility,raw_max_us,4006,camera,oblique_2,329,SAT,1,8,0,0,0,1,0,8.443,229.908
r8_m015_same,8,same,4,15,decomposition,projection,nodes,204,camera,axis_1,40,SAT,81,16,2,4,0,37,16,29.925,45.068
r8_m015_same,8,same,4,15,decomposition,projection,branches,204,camera,axis_1,40,SAT,81,16,2,4,0,37,16,29.925,45.068
r8_m015_same,8,same,4,15,decomposition,projection,us,3701,camera,oblique_2,3240,SAT,2,9,0,0,0,2,0,67.822,73.772
r8_m015_same,8,same,4,15,decomposition,projection,raw_max_us,1623,camera,axis_3,1089,SAT,3,10,2,1,0,3,1,13.841,372.353
r8_m015_same,8,same,4,15,decomposition,query,nodes,194,camera,axis_1,58,SAT,9,12,2,2,0,5,2,4.827,4.827
r8_m015_same,8,same,4,15,decomposition,query,branches,194,camera,axis_1,58,SAT,9,12,2,2,0,5,2,4.827,4.827
r8_m015_same,8,same,4,15,decomposition,query,us,1826,perturb_2,axis_3,1044,UNSAT,0,0,0,0,0,1,0,20.882,20.882
r8_m015_same,8,same,4,15,decomposition,query,raw_max_us,1826,perturb_2,axis_3,1044,UNSAT,0,0,0,0,0,1,0,20.882,20.882
r8_m015_same,8,same,4,15,fixed_hit,feasibility,nodes,3070,camera,oblique_1,2248,SAT,4,11,2,1,1,2,1,9.625,25.609
r8_m015_same,8,same,4,15,fixed_hit,feasibility,branches,3070,camera,oblique_1,2248,SAT,4,11,2,1,1,2,1,9.625,25.609
r8_m015_same,8,same,4,15,fixed_hit,feasibility,us,3183,camera,oblique_1,32,SAT,1,8,0,0,0,1,0,22.554,48.724
r8_m015_same,8,same,4,15,fixed_hit,feasibility,raw_max_us,1016,camera,axis_3,874,SAT,1,8,0,0,0,1,0,5.358,1613.512
r8_m015_same,8,same,4,15,fixed_hit,projection,nodes,204,camera,axis_1,40,SAT,81,16,2,4,0,9,0,21.152,22.904
r8_m015_same,8,same,4,15,fixed_hit,projection,branches,3070,camera,oblique_1,2248,SAT,4,11,2,1,1,4,1,18.187,19.51
r8_m015_same,8,same,4,15,fixed_hit,projection,us,2610,camera,axis_6,1000,SAT,35,16,8,1,0,9,0,75.064,81.003
r8_m015_same,8,same,4,15,fixed_hit,projection,raw_max_us,3129,camera,oblique_1,785,SAT,2,9,0,0,0,2,0,11.438,262.497
r8_m015_same,8,same,4,15,fixed_hit,query,nodes,3107,camera,oblique_1,2974,SAT,4,11,2,1,1,2,1,8.973,8.973
r8_m015_same,8,same,4,15,fixed_hit,query,branches,3107,camera,oblique_1,2974,SAT,4,11,2,1,1,2,1,8.973,8.973
r8_m015_same,8,same,4,15,fixed_hit,query,us,2809,perturb_1,axis_6,46,SAT,1,8,0,0,0,1,0,227.364,227.364
r8_m015_same,8,same,4,15,fixed_hit,query,raw_max_us,2809,perturb_1,axis_6,46,SAT,1,8,0,0,0,1,0,227.364,227.364
r8_m015_same,8,same,4,15,both,feasibility,nodes,3070,camera,oblique_1,2248,SAT,4,11,2,1,1,2,1,9.595,10.185
r8_m015_same,8,same,4,15,both,feasibility,branches,3070,camera,oblique_1,2248,SAT,4,11,2,1,1,2,1,9.595,10.185
r8_m015_same,8,same,4,15,both,feasibility,us,3772,camera,oblique_2,1028,SAT,2,9,0,0,0,1,0,34.022,108.625
r8_m015_same,8,same,4,15,both,feasibility,raw_max_us,2569,camera,axis_6,2209,SAT,1,8,0,0,0,1,0,6.791,1013.704
r8_m015_same,8,same,4,15,both,projection,nodes,204,camera,axis_1,40,SAT,81,16,2,4,0,9,0,20.881,21.553
r8_m015_same,8,same,4,15,both,projection,branches,3070,camera,oblique_1,2248,SAT,4,11,2,1,1,4,1,18.108,19.059
r8_m015_same,8,same,4,15,both,projection,us,3760,camera,oblique_2,3174,SAT,3,10,0,0,0,3,0,114.534,208.125
r8_m015_same,8,same,4,15,both,projection,raw_max_us,853,camera,axis_3,9,SAT,1,8,0,0,0,1,0,7.542,4893.441
r8_m015_same,8,same,4,15,both,query,nodes,3107,camera,oblique_1,2974,SAT,4,11,2,1,1,2,1,9.414,9.414
r8_m015_same,8,same,4,15,both,query,branches,3107,camera,oblique_1,2974,SAT,4,11,2,1,1,2,1,9.414,9.414
r8_m015_same,8,same,4,15,both,query,us,3442,camera,oblique_2,0,UNSAT,1,8,0,0,0,1,0,69.575,69.575
r8_m015_same,8,same,4,15,both,query,raw_max_us,3442,camera,oblique_2,0,UNSAT,1,8,0,0,0,1,0,69.575,69.575
r8_m015_split,8,split,4,15,search,feasibility,nodes,204,camera,axis_1,40,SAT,81,16,2,4,0,5,4,10.025,17.166
r8_m015_split,8,split,4,15,search,feasibility,branches,204,camera,axis_1,40,SAT,81,16,2,4,0,5,4,10.025,17.166
r8_m015_split,8,split,4,15,search,feasibility,us,4923,camera,oblique_2,777,SAT,1,8,0,0,0,1,0,35.984,39.429
r8_m015_split,8,split,4,15,search,feasibility,raw_max_us,1715,camera,axis_3,2317,SAT,3,10,2,1,0,2,1,7.331,3068.605
r8_m015_split,8,split,4,15,search,projection,nodes,204,camera,axis_1,40,SAT,81,16,2,4,0,21,16,36.856,39.86
r8_m015_split,8,split,4,15,search,projection,branches,204,camera,axis_1,40,SAT,81,16,2,4,0,21,16,36.856,39.86
r8_m015_split,8,split,4,15,search,projection,us,1915,camera,axis_3,1095,SAT,5,11,3,1,0,3,1,716.044,795.053
r8_m015_split,8,split,4,15,search,projection,raw_max_us,2608,camera,axis_6,998,SAT,1,8,0,0,0,1,0,8.933,2091.835
r8_m015_split,8,split,4,15,search,query,nodes,194,camera,axis_1,58,SAT,9,12,2,2,0,3,2,5.268,5.268
r8_m015_split,8,split,4,15,search,query,branches,194,camera,axis_1,58,SAT,9,12,2,2,0,3,2,5.268,5.268
r8_m015_split,8,split,4,15,search,query,us,5088,perturb_5,oblique_2,2339,UNSAT,0,0,0,0,0,1,0,117.818,117.818
r8_m015_split,8,split,4,15,search,query,raw_max_us,5088,perturb_5,oblique_2,2339,UNSAT,0,0,0,0,0,1,0,117.818,117.818
r8_m015_split,8,split,4,15,decomposition,feasibility,nodes,204,camera,axis_1,40,SAT,81,16,2,4,0,9,4,7.832,8.302
r8_m015_split,8,split,4,15,decomposition,feasibility,branches,204,camera,axis_1,40,SAT,81,16,2,4,0,9,4,7.832,8.302
r8_m015_split,8,split,4,15,decomposition,feasibility,us,4182,camera,oblique_2,366,SAT,1,8,0,0,0,1,0,40.742,215.416
r8_m015_split,8,split,4,15,decomposition,feasibility,raw_max_us,326,camera,axis_2,2963,SAT,1,8,0,0,0,1,0,3.145,354.256
r8_m015_split,8,split,4,15,decomposition,projection,nodes,204,camera,axis_1,40,SAT,81,16,2,4,0,37,16,29.545,30.456
r8_m015_split,8,split,4,15,decomposition,projection,branches,204,camera,axis_1,40,SAT,81,16,2,4,0,37,16,29.545,30.456
r8_m015_split,8,split,4,15,decomposition,projection,us,1468,camera,axis_3,1046,SAT,1,8,0,0,0,1,0,97.037,149.346
r8_m015_split,8,split,4,15,decomposition,projection,raw_max_us,2571,camera,axis_6,321,SAT,1,8,0,0,0,1,0,58.649,923.978
r8_m015_split,8,split,4,15,decomposition,query,nodes,194,camera,axis_1,58,SAT,9,12,2,2,0,5,2,4.987,4.987
r8_m015_split,8,split,4,15,decomposition,query,branches,194,camera,axis_1,58,SAT,9,12,2,2,0,5,2,4.987,4.987
r8_m015_split,8,split,4,15,decomposition,query,us,3503,camera,oblique_1,2917,UNSAT,1,8,0,0,0,1,0,244.941,244.941
r8_m015_split,8,split,4,15,decomposition,query,raw_max_us,3503,camera,oblique_1,2917,UNSAT,1,8,0,0,0,1,0,244.941,244.941
r8_m015_split,8,split,4,15,fixed_hit,feasibility,nodes,0,camera,axis_1,0,SAT,1,8,0,0,0,1,0,2.333,2.403
r8_m015_split,8,split,4,15,fixed_hit,feasibility,branches,0,camera,axis_1,0,SAT,1,8,0,0,0,1,0,2.333,2.403
r8_m015_split,8,split,4,15,fixed_hit,feasibility,us,2156,camera,axis_6,2206,SAT,1,8,0,0,0,1,0,48.784,137.038
r8_m015_split,8,split,4,15,fixed_hit,feasibility,raw_max_us,5032,camera,oblique_2,1099,SAT,1,8,0,0,0,1,0,11.498,948.736
r8_m015_split,8,split,4,15,fixed_hit,projection,nodes,204,camera,axis_1,40,SAT,81,16,2,4,0,9,0,21.743,22.885
r8_m015_split,8,split,4,15,fixed_hit,projection,branches,0,camera,axis_1,0,SAT,1,8,0,0,0,1,0,3.205,3.215
r8_m015_split,8,split,4,15,fixed_hit,projection,us,2796,camera,axis_6,1000,SAT,35,16,8,1,0,9,0,74.543,130.367
r8_m015_split,8,split,4,15,fixed_hit,projection,raw_max_us,2595,camera,axis_6,3183,SAT,1,8,0,0,0,1,0,9.745,2063.272
r8_m015_split,8,split,4,15,fixed_hit,query,nodes,0,camera,axis_1,0,SAT,1,8,0,0,0,1,0,2.124,2.124
r8_m015_split,8,split,4,15,fixed_hit,query,branches,0,camera,axis_1,0,SAT,1,8,0,0,0,1,0,2.124,2.124
r8_m015_split,8,split,4,15,fixed_hit,query,us,4874,camera,oblique_2,1133,SAT,1,8,0,0,0,1,0,192.502,192.502
r8_m015_split,8,split,4,15,fixed_hit,query,raw_max_us,4874,camera,oblique_2,1133,SAT,1,8,0,0,0,1,0,192.502,192.502
r8_m015_split,8,split,4,15,both,feasibility,nodes,0,camera,axis_1,0,SAT,1,8,0,0,0,1,0,2.274,43.286
r8_m015_split,8,split,4,15,both,feasibility,branches,0,camera,axis_1,0,SAT,1,8,0,0,0,1,0,2.274,43.286
r8_m015_split,8,split,4,15,both,feasibility,us,2726,camera,axis_6,31,SAT,1,8,0,0,0,1,0,24.898,26.741
r8_m015_split,8,split,4,15,both,feasibility,raw_max_us,2616,camera,axis_6,296,SAT,1,8,0,0,0,1,0,6.55,2047.359
r8_m015_split,8,split,4,15,both,projection,nodes,204,camera,axis_1,40,SAT,81,16,2,4,0,9,0,21.463,21.973
r8_m015_split,8,split,4,15,both,projection,branches,0,camera,axis_1,0,SAT,1,8,0,0,0,1,0,3.094,3.285
r8_m015_split,8,split,4,15,both,projection,us,2796,camera,axis_6,1000,SAT,35,16,8,1,0,9,0,75.435,127.673
r8_m015_split,8,split,4,15,both,projection,raw_max_us,5038,camera,oblique_2,805,SAT,1,8,0,0,0,1,0,12.479,1017.22
r8_m015_split,8,split,4,15,both,query,nodes,0,camera,axis_1,0,SAT,1,8,0,0,0,1,0,2.104,2.104
r8_m015_split,8,split,4,15,both,query,branches,0,camera,axis_1,0,SAT,1,8,0,0,0,1,0,2.104,2.104
r8_m015_split,8,split,4,15,both,query,us,4777,camera,oblique_2,154,SAT,1,8,0,0,0,1,0,174.995,174.995
r8_m015_split,8,split,4,15,both,query,raw_max_us,4777,camera,oblique_2,154,SAT,1,8,0,0,0,1,0,174.995,174.995
r16_m015_same,16,same,4,15,search,feasibility,nodes,4589,camera,oblique_1,2481,SAT,3,10,2,1,0,2,1,22.374,22.765
r16_m015_same,16,same,4,15,search,feasibility,branches,4589,camera,oblique_1,2481,SAT,3,10,2,1,0,2,1,22.374,22.765
r16_m015_same,16,same,4,15,search,feasibility,us,6297,camera,oblique_2,3200,SAT,5,11,2,1,0,2,1,292.874,1740.845
r16_m015_same,16,same,4,15,search,feasibility,raw_max_us,5816,camera,oblique_2,19,SAT,1,8,0,0,0,1,0,41.813,2012.175
r16_m015_same,16,same,4,15,search,projection,nodes,624,camera,axis_1,40,SAT,16,12,0,0,0,5,0,10.175,11.097
r16_m015_same,16,same,4,15,search,projection,branches,4589,camera,oblique_1,2481,SAT,3,10,2,1,0,3,1,36.816,37.246
r16_m015_same,16,same,4,15,search,projection,us,6304,camera,oblique_2,58,SAT,1,8,0,0,0,1,0,100.472,752.289
r16_m015_same,16,same,4,15,search,projection,raw_max_us,5717,camera,oblique_2,3260,SAT,2,9,0,0,0,2,0,46.501,1938.004
r16_m015_same,16,same,4,15,search,query,nodes,0,camera,axis_1,0,SAT,1,8,0,0,0,1,0,3.134,3.134
r16_m015_same,16,same,4,15,search,query,branches,0,camera,axis_1,0,SAT,1,8,0,0,0,1,0,3.134,3.134
r16_m015_same,16,same,4,15,search,query,us,4241,camera,axis_6,2479,SAT,1,8,0,0,0,1,0,115.355,115.355
r16_m015_same,16,same,4,15,search,query,raw_max_us,4241,camera,axis_6,2479,SAT,1,8,0,0,0,1,0,115.355,115.355
r16_m015_same,16,same,4,15,decomposition,feasibility,nodes,4589,camera,oblique_1,2481,SAT,3,10,2,1,0,2,1,22.414,26.36
r16_m015_same,16,same,4,15,decomposition,feasibility,branches,4589,camera,oblique_1,2481,SAT,3,10,2,1,0,2,1,22.414,26.36
r16_m015_same,16,same,4,15,decomposition,feasibility,us,6417,camera,oblique_2,391,SAT,1,8,0,0,0,1,0,97.728,213.734
r16_m015_same,16,same,4,15,decomposition,feasibility,raw_max_us,6054,camera,oblique_2,2217,SAT,1,8,0,0,0,1,0,38.808,2926.45
r16_m015_same,16,same,4,15,decomposition,projection,nodes,624,camera,axis_1,40,SAT,16,12,0,0,0,5,0,10.325,10.496
r16_m015_same,16,same,4,15,decomposition,projection,branches,4589,camera,oblique_1,2481,SAT,3,10,2,1,0,3,1,40.702,66.12
r16_m015_same,16,same,4,15,decomposition,projection,us,6295,camera,oblique_2,2579,SAT,1,8,0,0,0,1,0,334.957,445.274
r16_m015_same,16,same,4,15,decomposition,projection,raw_max_us,6256,camera,oblique_2,3209,SAT,5,11,2,1,0,4,1,78.88,2877.325
r16_m015_same,16,same,4,15,decomposition,query,nodes,0,camera,axis_1,0,SAT,1,8,0,0,0,1,0,2.884,2.884
r16_m015_same,16,same,4,15,decomposition,query,branches,0,camera,axis_1,0,SAT,1,8,0,0,0,1,0,2.884,2.884
r16_m015_same,16,same,4,15,decomposition,query,us,6205,camera,oblique_2,302,SAT,1,8,0,0,0,1,0,355.648,355.648
r16_m015_same,16,same,4,15,decomposition,query,raw_max_us,6205,camera,oblique_2,302,SAT,1,8,0,0,0,1,0,355.648,355.648
r16_m015_same,16,same,4,15,fixed_hit,feasibility,nodes,4591,camera,oblique_1,3210,SAT,4,11,2,1,1,2,1,22.154,31.998
r16_m015_same,16,same,4,15,fixed_hit,feasibility,branches,4591,camera,oblique_1,3210,SAT,4,11,2,1,1,2,1,22.154,31.998
r16_m015_same,16,same,4,15,fixed_hit,feasibility,us,5783,camera,oblique_2,763,SAT,1,8,0,0,0,1,0,131.969,215.036
r16_m015_same,16,same,4,15,fixed_hit,feasibility,raw_max_us,6304,camera,oblique_2,58,SAT,1,8,0,0,0,1,0,18.548,1990.102
r16_m015_same,16,same,4,15,fixed_hit,projection,nodes,624,camera,axis_1,40,SAT,16,12,0,0,0,5,0,10.155,10.316
r16_m015_same,16,same,4,15,fixed_hit,projection,branches,4591,camera,oblique_1,3210,SAT,4,11,2,1,1,4,1,41.392,42.454
r16_m015_same,16,same,4,15,fixed_hit,projection,us,5939,camera,oblique_2,2539,SAT,1,8,0,0,0,1,0,180.663,282.468
r16_m015_same,16,same,4,15,fixed_hit,projection,raw_max_us,6109,camera,oblique_2,345,SAT,1,8,0,0,0,1,0,28.533,3645.848
r16_m015_same,16,same,4,15,fixed_hit,query,nodes,0,camera,axis_1,0,SAT,1,8,0,0,0,1,0,2.855,2.855
r16_m015_same,16,same,4,15,fixed_hit,query,branches,0,camera,axis_1,0,SAT,1,8,0,0,0,1,0,2.855,2.855
r16_m015_same,16,same,4,15,fixed_hit,query,us,6433,perturb_4,oblique_2,2925,UNSAT,0,0,0,0,0,1,0,193.703,193.703
r16_m015_same,16,same,4,15,fixed_hit,query,raw_max_us,6433,perturb_4,oblique_2,2925,UNSAT,0,0,0,0,0,1,0,193.703,193.703
r16_m015_same,16,same,4,15,both,feasibility,nodes,4591,camera,oblique_1,3210,SAT,4,11,2,1,1,2,1,20.662,21.773
r16_m015_same,16,same,4,15,both,feasibility,branches,4591,camera,oblique_1,3210,SAT,4,11,2,1,1,2,1,20.662,21.773
r16_m015_same,16,same,4,15,both,feasibility,us,5956,camera,oblique_2,397,SAT,1,8,0,0,0,1,0,136.527,515.55
r16_m015_same,16,same,4,15,both,feasibility,raw_max_us,6078,camera,oblique_2,3189,SAT,1,8,0,0,0,1,0,14.783,2341.454
r16_m015_same,16,same,4,15,both,projection,nodes,624,camera,axis_1,40,SAT,16,12,0,0,0,5,0,10.185,10.226
r16_m015_same,16,same,4,15,both,projection,branches,4591,camera,oblique_1,3210,SAT,4,11,2,1,1,4,1,43.606,44.838
r16_m015_same,16,same,4,15,both,projection,us,5812,camera,oblique_2,3004,SAT,1,8,0,0,0,1,0,158.31,839.991
r16_m015_same,16,same,4,15,both,projection,raw_max_us,6167,camera,oblique_2,3225,SAT,1,8,0,0,0,1,0,27.061,4453.921
r16_m015_same,16,same,4,15,both,query,nodes,0,camera,axis_1,0,SAT,1,8,0,0,0,1,0,2.805,2.805
r16_m015_same,16,same,4,15,both,query,branches,0,camera,axis_1,0,SAT,1,8,0,0,0,1,0,2.805,2.805
r16_m015_same,16,same,4,15,both,query,us,6302,camera,oblique_2,85,SAT,1,8,0,0,0,1,0,2298.619,2298.619
r16_m015_same,16,same,4,15,both,query,raw_max_us,6302,camera,oblique_2,85,SAT,1,8,0,0,0,1,0,2298.619,2298.619
r16_m015_split,16,split,4,15,search,feasibility,nodes,5245,camera,oblique_1,2479,SAT,3,10,2,1,0,2,1,22.664,29.995
r16_m015_split,16,split,4,15,search,feasibility,branches,5245,camera,oblique_1,2479,SAT,3,10,2,1,0,2,1,22.664,29.995
r16_m015_split,16,split,4,15,search,feasibility,us,6561,camera,oblique_2,1012,SAT,1,8,0,0,0,1,0,102.615,770.987
r16_m015_split,16,split,4,15,search,feasibility,raw_max_us,6341,camera,oblique_2,158,SAT,1,8,0,0,0,1,0,27.371,1640.062
r16_m015_split,16,split,4,15,search,projection,nodes,624,camera,axis_1,40,SAT,16,12,0,0,0,5,0,10.236,10.967
r16_m015_split,16,split,4,15,search,projection,branches,5245,camera,oblique_1,2479,SAT,3,10,2,1,0,3,1,37.016,39.83
r16_m015_split,16,split,4,15,search,projection,us,6140,camera,oblique_2,2446,SAT,1,8,0,0,0,1,0,79.761,137.118
r16_m015_split,16,split,4,15,search,projection,raw_max_us,2307,camera,axis_3,2269,SAT,1,8,0,0,0,1,0,7.321,1586.581
r16_m015_split,16,split,4,15,search,query,nodes,0,camera,axis_1,0,SAT,1,8,0,0,0,1,0,3.095,3.095
r16_m015_split,16,split,4,15,search,query,branches,0,camera,axis_1,0,SAT,1,8,0,0,0,1,0,3.095,3.095
r16_m015_split,16,split,4,15,search,query,us,1827,camera,axis_3,2220,SAT,1,8,0,0,0,1,0,363.59,363.59
r16_m015_split,16,split,4,15,search,query,raw_max_us,1827,camera,axis_3,2220,SAT,1,8,0,0,0,1,0,363.59,363.59
r16_m015_split,16,split,4,15,decomposition,feasibility,nodes,5245,camera,oblique_1,2479,SAT,3,10,2,1,0,2,1,27.552,42.684
r16_m015_split,16,split,4,15,decomposition,feasibility,branches,5245,camera,oblique_1,2479,SAT,3,10,2,1,0,2,1,27.552,42.684
r16_m015_split,16,split,4,15,decomposition,feasibility,us,6565,camera,oblique_2,3226,SAT,1,8,0,0,0,1,0,48.393,62.204
r16_m015_split,16,split,4,15,decomposition,feasibility,raw_max_us,2576,camera,axis_3,255,SAT,1,8,0,0,0,1,0,4.767,1151.483
r16_m015_split,16,split,4,15,decomposition,projection,nodes,624,camera,axis_1,40,SAT,16,12,0,0,0,5,0,10.255,10.596
r16_m015_split,16,split,4,15,decomposition,projection,branches,5245,camera,oblique_1,2479,SAT,3,10,2,1,0,3,1,39.099,41.172
r16_m015_split,16,split,4,15,decomposition,projection,us,6228,camera,oblique_2,291,SAT,1,8,0,0,0,1,0,83.196,600.529
r16_m015_split,16,split,4,15,decomposition,projection,raw_max_us,6295,camera,oblique_2,140,SAT,1,8,0,0,0,1,0,30.126,1831.693
r16_m015_split,16,split,4,15,decomposition,query,nodes,0,camera,axis_1,0,SAT,1,8,0,0,0,1,0,2.904,2.904
r16_m015_split,16,split,4,15,decomposition,query,branches,0,camera,axis_1,0,SAT,1,8,0,0,0,1,0,2.904,2.904
r16_m015_split,16,split,4,15,decomposition,query,us,1924,camera,axis_3,3017,SAT,1,8,0,0,0,1,0,489.02,489.02
r16_m015_split,16,split,4,15,decomposition,query,raw_max_us,1924,camera,axis_3,3017,SAT,1,8,0,0,0,1,0,489.02,489.02
r16_m015_split,16,split,4,15,fixed_hit,feasibility,nodes,0,camera,axis_1,0,SAT,1,8,0,0,0,1,0,3.165,3.225
r16_m015_split,16,split,4,15,fixed_hit,feasibility,branches,0,camera,axis_1,0,SAT,1,8,0,0,0,1,0,3.165,3.225
r16_m015_split,16,split,4,15,fixed_hit,feasibility,us,6454,camera,oblique_2,2920,SAT,1,8,0,0,0,1,0,70.747,102.425
r16_m015_split,16,split,4,15,fixed_hit,feasibility,raw_max_us,6388,camera,oblique_2,68,SAT,1,8,0,0,0,1,0,17.697,1670.548
r16_m015_split,16,split,4,15,fixed_hit,projection,nodes,624,camera,axis_1,40,SAT,16,12,0,0,0,5,0,10.265,10.366
r16_m015_split,16,split,4,15,fixed_hit,projection,branches,0,camera,axis_1,0,SAT,1,8,0,0,0,1,0,4.537,4.747
r16_m015_split,16,split,4,15,fixed_hit,projection,us,6563,camera,oblique_2,2497,SAT,1,8,0,0,0,1,0,80.362,81.723
r16_m015_split,16,split,4,15,fixed_hit,projection,raw_max_us,6516,camera,oblique_2,1021,SAT,1,8,0,0,0,1,0,29.645,1813.895
r16_m015_split,16,split,4,15,fixed_hit,query,nodes,0,camera,axis_1,0,SAT,1,8,0,0,0,1,0,2.835,2.835
r16_m015_split,16,split,4,15,fixed_hit,query,branches,0,camera,axis_1,0,SAT,1,8,0,0,0,1,0,2.835,2.835
r16_m015_split,16,split,4,15,fixed_hit,query,us,2118,camera,axis_3,980,SAT,1,8,0,0,0,1,0,425.224,425.224
r16_m015_split,16,split,4,15,fixed_hit,query,raw_max_us,2118,camera,axis_3,980,SAT,1,8,0,0,0,1,0,425.224,425.224
r16_m015_split,16,split,4,15,both,feasibility,nodes,0,camera,axis_1,0,SAT,1,8,0,0,0,1,0,3.125,3.185
r16_m015_split,16,split,4,15,both,feasibility,branches,0,camera,axis_1,0,SAT,1,8,0,0,0,1,0,3.125,3.185
r16_m015_split,16,split,4,15,both,feasibility,us,3881,camera,axis_6,3216,SAT,1,8,0,0,0,1,0,182.427,237.86
r16_m015_split,16,split,4,15,both,feasibility,raw_max_us,6452,camera,oblique_2,2191,SAT,1,8,0,0,0,1,0,17.336,2342.996
r16_m015_split,16,split,4,15,both,projection,nodes,624,camera,axis_1,40,SAT,16,12,0,0,0,5,0,10.166,10.215
r16_m015_split,16,split,4,15,both,projection,branches,0,camera,axis_1,0,SAT,1,8,0,0,0,1,0,4.347,4.427
r16_m015_split,16,split,4,15,both,projection,us,6231,camera,oblique_2,1101,SAT,1,8,0,0,0,1,0,90.997,103.707
r16_m015_split,16,split,4,15,both,projection,raw_max_us,6432,camera,oblique_2,2471,SAT,1,8,0,0,0,1,0,28.363,2099.738
r16_m015_split,16,split,4,15,both,query,nodes,0,camera,axis_1,0,SAT,1,8,0,0,0,1,0,2.844,2.844
r16_m015_split,16,split,4,15,both,query,branches,0,camera,axis_1,0,SAT,1,8,0,0,0,1,0,2.844,2.844
r16_m015_split,16,split,4,15,both,query,us,6256,camera,oblique_2,2253,UNSAT,1,8,0,0,0,1,0,105.659,105.659
r16_m015_split,16,split,4,15,both,query,raw_max_us,6256,camera,oblique_2,2253,UNSAT,1,8,0,0,0,1,0,105.659,105.659
r8_m240_split,8,split,4,240,search,feasibility,nodes,204,camera,axis_1,40,SAT,81,16,2,4,0,5,4,9.855,10.917
r8_m240_split,8,split,4,240,search,feasibility,branches,204,camera,axis_1,40,SAT,81,16,2,4,0,5,4,9.855,10.917
r8_m240_split,8,split,4,240,search,feasibility,us,2796,camera,axis_6,1000,SAT,35,16,8,1,0,3,2,21.312,26.54
r8_m240_split,8,split,4,240,search,feasibility,raw_max_us,3895,camera,oblique_1,1651,SAT,1,8,0,0,0,1,0,5.748,313.495
r8_m240_split,8,split,4,240,search,projection,nodes,204,camera,axis_1,40,SAT,81,16,2,4,0,21,16,36.465,38.198
r8_m240_split,8,split,4,240,search,projection,branches,204,camera,axis_1,40,SAT,81,16,2,4,0,21,16,36.465,38.198
r8_m240_split,8,split,4,240,search,projection,us,2796,camera,axis_6,1000,SAT,35,16,8,1,0,10,6,69.565,73.892
r8_m240_split,8,split,4,240,search,projection,raw_max_us,1501,camera,axis_3,3108,SAT,1,8,0,0,0,1,0,6.941,3768.314
r8_m240_split,8,split,4,240,search,query,nodes,194,camera,axis_1,4378,SAT,9,12,2,2,0,3,2,5.478,5.478
r8_m240_split,8,split,4,240,search,query,branches,194,camera,axis_1,4378,SAT,9,12,2,2,0,3,2,5.478,5.478
r8_m240_split,8,split,4,240,search,query,us,3979,perturb_7,oblique_1,1404,UNSAT,0,0,0,0,0,1,0,85.82,85.82
r8_m240_split,8,split,4,240,search,query,raw_max_us,3979,perturb_7,oblique_1,1404,UNSAT,0,0,0,0,0,1,0,85.82,85.82
r8_m240_split,8,split,4,240,decomposition,feasibility,nodes,204,camera,axis_1,40,SAT,81,16,2,4,0,9,4,7.872,7.972
r8_m240_split,8,split,4,240,decomposition,feasibility,branches,204,camera,axis_1,40,SAT,81,16,2,4,0,9,4,7.872,7.972
r8_m240_split,8,split,4,240,decomposition,feasibility,us,2796,camera,axis_6,1000,SAT,35,16,8,1,0,3,2,21.172,35.824
r8_m240_split,8,split,4,240,decomposition,feasibility,raw_max_us,5226,camera,oblique_2,3766,SAT,1,8,0,0,0,1,0,8.984,738.938
r8_m240_split,8,split,4,240,decomposition,projection,nodes,204,camera,axis_1,40,SAT,81,16,2,4,0,37,16,29.654,29.815
r8_m240_split,8,split,4,240,decomposition,projection,branches,204,camera,axis_1,40,SAT,81,16,2,4,0,37,16,29.654,29.815
r8_m240_split,8,split,4,240,decomposition,projection,us,2796,camera,axis_6,1000,SAT,35,16,8,1,0,10,6,70.276,70.287
r8_m240_split,8,split,4,240,decomposition,projection,raw_max_us,5213,camera,oblique_2,6088,SAT,1,8,0,0,0,1,0,13.16,375.758
r8_m240_split,8,split,4,240,decomposition,query,nodes,194,camera,axis_1,4378,SAT,9,12,2,2,0,5,2,5.268,5.268
r8_m240_split,8,split,4,240,decomposition,query,branches,194,camera,axis_1,4378,SAT,9,12,2,2,0,5,2,5.268,5.268
r8_m240_split,8,split,4,240,decomposition,query,us,2936,camera,axis_6,517,SAT,1,8,0,0,0,1,0,60.021,60.021
r8_m240_split,8,split,4,240,decomposition,query,raw_max_us,2936,camera,axis_6,517,SAT,1,8,0,0,0,1,0,60.021,60.021
r8_m240_split,8,split,4,240,fixed_hit,feasibility,nodes,3219,camera,oblique_1,2226,SAT,4,11,2,1,1,2,1,8.794,8.913
r8_m240_split,8,split,4,240,fixed_hit,feasibility,branches,3219,camera,oblique_1,2226,SAT,4,11,2,1,1,2,1,8.794,8.913
r8_m240_split,8,split,4,240,fixed_hit,feasibility,us,4807,camera,oblique_2,4657,SAT,1,8,0,0,0,1,0,12.349,14.362
r8_m240_split,8,split,4,240,fixed_hit,feasibility,raw_max_us,5103,camera,oblique_2,4089,SAT,1,8,0,0,0,1,0,9.976,683.084
r8_m240_split,8,split,4,240,fixed_hit,projection,nodes,204,camera,axis_1,40,SAT,81,16,2,4,0,9,0,21.503,22.684
r8_m240_split,8,split,4,240,fixed_hit,projection,branches,3219,camera,oblique_1,2226,SAT,4,11,2,1,1,4,1,17.597,17.647
r8_m240_split,8,split,4,240,fixed_hit,projection,us,2796,camera,axis_6,1000,SAT,35,16,8,1,0,9,0,76.035,78.539
r8_m240_split,8,split,4,240,fixed_hit,projection,raw_max_us,2820,camera,axis_6,5374,SAT,9,12,4,1,0,3,0,23.425,849.176
r8_m240_split,8,split,4,240,fixed_hit,query,nodes,0,camera,axis_1,0,SAT,1,8,0,0,0,1,0,2.233,2.233
r8_m240_split,8,split,4,240,fixed_hit,query,branches,0,camera,axis_1,0,SAT,1,8,0,0,0,1,0,2.233,2.233
r8_m240_split,8,split,4,240,fixed_hit,query,us,3697,camera,oblique_1,1809,SAT,1,8,0,0,0,1,0,231.711,231.711
r8_m240_split,8,split,4,240,fixed_hit,query,raw_max_us,3697,camera,oblique_1,1809,SAT,1,8,0,0,0,1,0,231.711,231.711
r8_m240_split,8,split,4,240,both,feasibility,nodes,3219,camera,oblique_1,2226,SAT,4,11,2,1,1,2,1,8.994,13.02
r8_m240_split,8,split,4,240,both,feasibility,branches,3219,camera,oblique_1,2226,SAT,4,11,2,1,1,2,1,8.994,13.02
r8_m240_split,8,split,4,240,both,feasibility,us,5235,camera,oblique_2,4252,SAT,1,8,0,0,0,1,0,11.537,11.547
r8_m240_split,8,split,4,240,both,feasibility,raw_max_us,3907,camera,oblique_1,1543,SAT,1,8,0,0,0,1,0,5.258,509.601
r8_m240_split,8,split,4,240,both,projection,nodes,204,camera,axis_1,40,SAT,81,16,2,4,0,9,0,21.383,21.712
r8_m240_split,8,split,4,240,both,projection,branches,3219,camera,oblique_1,2226,SAT,4,11,2,1,1,4,1,17.467,19.039
r8_m240_split,8,split,4,240,both,projection,us,4126,camera,oblique_2,2359,SAT,1,8,0,0,0,1,0,85.339,142.827
r8_m240_split,8,split,4,240,both,projection,raw_max_us,2883,camera,axis_6,202,SAT,1,8,0,0,0,1,0,11.487,1019.403
r8_m240_split,8,split,4,240,both,query,nodes,0,camera,axis_1,0,SAT,1,8,0,0,0,1,0,2.243,2.243
r8_m240_split,8,split,4,240,both,query,branches,0,camera,axis_1,0,SAT,1,8,0,0,0,1,0,2.243,2.243
r8_m240_split,8,split,4,240,both,query,us,3972,perturb_0,oblique_1,1539,SAT,1,8,0,0,0,1,0,251.511,251.511
r8_m240_split,8,split,4,240,both,query,raw_max_us,3972,perturb_0,oblique_1,1539,SAT,1,8,0,0,0,1,0,251.511,251.511
r8_m240_same,8,same,4,240,search,feasibility,nodes,204,camera,axis_1,40,SAT,81,16,2,4,0,5,4,9.845,10.996
r8_m240_same,8,same,4,240,search,feasibility,branches,204,camera,axis_1,40,SAT,81,16,2,4,0,5,4,9.845,10.996
r8_m240_same,8,same,4,240,search,feasibility,us,886,camera,axis_3,4536,SAT,1,8,0,0,0,1,0,50.486,122.445
r8_m240_same,8,same,4,240,search,feasibility,raw_max_us,3854,camera,oblique_2,2199,SAT,1,8,0,0,0,1,0,7.902,2255.464
r8_m240_same,8,same,4,240,search,projection,nodes,204,camera,axis_1,40,SAT,81,16,2,4,0,21,16,36.215,43.445
r8_m240_same,8,same,4,240,search,projection,branches,204,camera,axis_1,40,SAT,81,16,2,4,0,21,16,36.215,43.445
r8_m240_same,8,same,4,240,search,projection,us,2610,camera,axis_6,1000,SAT,35,16,8,1,0,10,6,74.613,118.409
r8_m240_same,8,same,4,240,search,projection,raw_max_us,2397,camera,axis_6,1899,SAT,1,8,0,0,0,1,0,10.906,290.079
r8_m240_same,8,same,4,240,search,query,nodes,194,camera,axis_1,4378,SAT,9,12,2,2,0,3,2,5.398,5.398
r8_m240_same,8,same,4,240,search,query,branches,194,camera,axis_1,4378,SAT,9,12,2,2,0,3,2,5.398,5.398
r8_m240_same,8,same,4,240,search,query,us,945,camera,axis_3,4140,UNSAT,1,8,0,0,0,1,0,28.663,28.663
r8_m240_same,8,same,4,240,search,query,raw_max_us,945,camera,axis_3,4140,UNSAT,1,8,0,0,0,1,0,28.663,28.663
r8_m240_same,8,same,4,240,decomposition,feasibility,nodes,204,camera,axis_1,40,SAT,81,16,2,4,0,9,4,8.012,8.072
r8_m240_same,8,same,4,240,decomposition,feasibility,branches,204,camera,axis_1,40,SAT,81,16,2,4,0,9,4,8.012,8.072
r8_m240_same,8,same,4,240,decomposition,feasibility,us,2610,camera,axis_6,1000,SAT,35,16,8,1,0,3,2,21.362,21.883
r8_m240_same,8,same,4,240,decomposition,feasibility,raw_max_us,3616,camera,oblique_2,171,SAT,1,8,0,0,0,1,0,8.473,1823.44
r8_m240_same,8,same,4,240,decomposition,projection,nodes,204,camera,axis_1,40,SAT,81,16,2,4,0,37,16,29.525,29.805
r8_m240_same,8,same,4,240,decomposition,projection,branches,204,camera,axis_1,40,SAT,81,16,2,4,0,37,16,29.525,29.805
r8_m240_same,8,same,4,240,decomposition,projection,us,2610,camera,axis_6,1000,SAT,35,16,8,1,0,10,6,69.195,70.147
r8_m240_same,8,same,4,240,decomposition,projection,raw_max_us,3384,camera,oblique_1,1953,SAT,1,8,0,0,0,1,0,7.1,1532.329
r8_m240_same,8,same,4,240,decomposition,query,nodes,194,camera,axis_1,4378,SAT,9,12,2,2,0,5,2,5.168,5.168
r8_m240_same,8,same,4,240,decomposition,query,branches,194,camera,axis_1,4378,SAT,9,12,2,2,0,5,2,5.168,5.168
r8_m240_same,8,same,4,240,decomposition,query,us,3567,camera,oblique_2,0,SAT,1,8,0,0,0,1,0,64.768,64.768
r8_m240_same,8,same,4,240,decomposition,query,raw_max_us,3567,camera,oblique_2,0,SAT,1,8,0,0,0,1,0,64.768,64.768
r8_m240_same,8,same,4,240,fixed_hit,feasibility,nodes,2923,camera,oblique_1,1083,SAT,3,10,2,1,1,2,1,9.535,9.584
r8_m240_same,8,same,4,240,fixed_hit,feasibility,branches,2923,camera,oblique_1,1083,SAT,3,10,2,1,1,2,1,9.535,9.584
r8_m240_same,8,same,4,240,fixed_hit,feasibility,us,2791,camera,axis_6,6493,SAT,1,8,0,0,0,1,0,42.615,52.63
r8_m240_same,8,same,4,240,fixed_hit,feasibility,raw_max_us,3179,camera,oblique_1,5457,SAT,3,10,2,1,1,2,1,9.184,1993.427
r8_m240_same,8,same,4,240,fixed_hit,projection,nodes,204,camera,axis_1,40,SAT,81,16,2,4,0,9,0,21.463,22.694
r8_m240_same,8,same,4,240,fixed_hit,projection,branches,3119,camera,oblique_1,1012,SAT,9,12,2,1,1,7,3,30.726,31.027
r8_m240_same,8,same,4,240,fixed_hit,projection,us,2610,camera,axis_6,1000,SAT,35,16,8,1,0,9,0,76.155,81.794
r8_m240_same,8,same,4,240,fixed_hit,projection,raw_max_us,3664,camera,oblique_2,2917,SAT,1,8,0,0,0,1,0,11.388,2083.263
r8_m240_same,8,same,4,240,fixed_hit,query,nodes,0,camera,axis_1,0,SAT,1,8,0,0,0,1,0,2.293,2.293
r8_m240_same,8,same,4,240,fixed_hit,query,branches,0,camera,axis_1,0,SAT,1,8,0,0,0,1,0,2.293,2.293
r8_m240_same,8,same,4,240,fixed_hit,query,us,2608,camera,axis_6,361,SAT,3,10,2,1,0,1,0,104.599,104.599
r8_m240_same,8,same,4,240,fixed_hit,query,raw_max_us,2608,camera,axis_6,361,SAT,3,10,2,1,0,1,0,104.599,104.599
r8_m240_same,8,same,4,240,both,feasibility,nodes,2923,camera,oblique_1,1083,SAT,3,10,2,1,1,2,1,9.484,13.43
r8_m240_same,8,same,4,240,both,feasibility,branches,2923,camera,oblique_1,1083,SAT,3,10,2,1,1,2,1,9.484,13.43
r8_m240_same,8,same,4,240,both,feasibility,us,4300,camera,oblique_2,5602,SAT,1,8,0,0,0,1,0,31.358,68.554
r8_m240_same,8,same,4,240,both,feasibility,raw_max_us,3308,camera,oblique_1,4293,SAT,1,8,0,0,0,1,0,6.23,1646.482
r8_m240_same,8,same,4,240,both,projection,nodes,204,camera,axis_1,40,SAT,81,16,2,4,0,9,0,21.383,21.543
r8_m240_same,8,same,4,240,both,projection,branches,3119,camera,oblique_1,1012,SAT,9,12,2,1,1,7,3,30.817,31.908
r8_m240_same,8,same,4,240,both,projection,us,1626,camera,axis_3,1000,SAT,35,16,8,1,0,9,0,186.592,975.857
r8_m240_same,8,same,4,240,both,projection,raw_max_us,3245,camera,oblique_1,4864,SAT,1,8,0,0,0,1,0,7.191,1795.698
r8_m240_same,8,same,4,240,both,query,nodes,0,camera,axis_1,0,SAT,1,8,0,0,0,1,0,2.233,2.233
r8_m240_same,8,same,4,240,both,query,branches,0,camera,axis_1,0,SAT,1,8,0,0,0,1,0,2.233,2.233
r8_m240_same,8,same,4,240,both,query,us,2705,camera,axis_6,6274,SAT,2,9,0,0,0,1,0,140.713,140.713
r8_m240_same,8,same,4,240,both,query,raw_max_us,2705,camera,axis_6,6274,SAT,2,9,0,0,0,1,0,140.713,140.713
r16_m240_split,16,split,4,240,search,feasibility,nodes,5300,camera,oblique_1,2470,SAT,3,10,2,1,0,2,1,22.875,30.316
r16_m240_split,16,split,4,240,search,feasibility,branches,5300,camera,oblique_1,2470,SAT,3,10,2,1,0,2,1,22.875,30.316
r16_m240_split,16,split,4,240,search,feasibility,us,6587,camera,oblique_2,3199,SAT,3,10,2,1,0,2,1,35.844,36.385
r16_m240_split,16,split,4,240,search,feasibility,raw_max_us,6610,camera,oblique_2,2065,SAT,1,8,0,0,0,1,0,19.97,875.895
r16_m240_split,16,split,4,240,search,projection,nodes,546,camera,axis_1,40,SAT,16,12,0,0,0,5,0,11.067,11.147
r16_m240_split,16,split,4,240,search,projection,branches,5300,camera,oblique_1,2470,SAT,3,10,2,1,0,3,1,36.695,40.682
r16_m240_split,16,split,4,240,search,projection,us,6099,camera,oblique_2,2595,SAT,1,8,0,0,0,1,0,80.281,134.433
r16_m240_split,16,split,4,240,search,projection,raw_max_us,920,camera,axis_2,3655,SAT,1,8,0,0,0,1,0,5.558,2337.287
r16_m240_split,16,split,4,240,search,query,nodes,0,camera,axis_1,0,SAT,1,8,0,0,0,1,0,3.125,3.125
r16_m240_split,16,split,4,240,search,query,branches,0,camera,axis_1,0,SAT,1,8,0,0,0,1,0,3.125,3.125
r16_m240_split,16,split,4,240,search,query,us,4710,camera,oblique_1,5374,SAT,1,8,0,0,0,1,0,59.721,59.721
r16_m240_split,16,split,4,240,search,query,raw_max_us,4710,camera,oblique_1,5374,SAT,1,8,0,0,0,1,0,59.721,59.721
r16_m240_split,16,split,4,240,decomposition,feasibility,nodes,5300,camera,oblique_1,2470,SAT,3,10,2,1,0,2,1,22.744,24.928
r16_m240_split,16,split,4,240,decomposition,feasibility,branches,5300,camera,oblique_1,2470,SAT,3,10,2,1,0,2,1,22.744,24.928
r16_m240_split,16,split,4,240,decomposition,feasibility,us,2021,camera,axis_3,4483,SAT,1,8,0,0,0,1,0,137.137,227.334
r16_m240_split,16,split,4,240,decomposition,feasibility,raw_max_us,2208,camera,axis_3,6166,SAT,1,8,0,0,0,1,0,4.607,1528.133
r16_m240_split,16,split,4,240,decomposition,projection,nodes,546,camera,axis_1,40,SAT,16,12,0,0,0,5,0,11.177,14.322
r16_m240_split,16,split,4,240,decomposition,projection,branches,5300,camera,oblique_1,2470,SAT,3,10,2,1,0,3,1,36.976,37.347
r16_m240_split,16,split,4,240,decomposition,projection,us,5821,camera,oblique_2,2953,SAT,2,9,0,0,0,2,0,75.644,86.982
r16_m240_split,16,split,4,240,decomposition,projection,raw_max_us,945,camera,axis_2,2305,SAT,2,9,0,0,0,2,0,7.963,2107.689
r16_m240_split,16,split,4,240,decomposition,query,nodes,0,camera,axis_1,0,SAT,1,8,0,0,0,1,0,2.905,2.905
r16_m240_split,16,split,4,240,decomposition,query,branches,0,camera,axis_1,0,SAT,1,8,0,0,0,1,0,2.905,2.905
r16_m240_split,16,split,4,240,decomposition,query,us,5840,camera,oblique_2,4897,SAT,1,8,0,0,0,1,0,88.695,88.695
r16_m240_split,16,split,4,240,decomposition,query,raw_max_us,5840,camera,oblique_2,4897,SAT,1,8,0,0,0,1,0,88.695,88.695
r16_m240_split,16,split,4,240,fixed_hit,feasibility,nodes,0,camera,axis_1,0,SAT,1,8,0,0,0,1,0,2.944,2.985
r16_m240_split,16,split,4,240,fixed_hit,feasibility,branches,0,camera,axis_1,0,SAT,1,8,0,0,0,1,0,2.944,2.985
r16_m240_split,16,split,4,240,fixed_hit,feasibility,us,5376,camera,oblique_2,5292,SAT,1,8,0,0,0,1,0,58.158,76.756
r16_m240_split,16,split,4,240,fixed_hit,feasibility,raw_max_us,2050,camera,axis_3,5995,SAT,1,8,0,0,0,1,0,5.839,1559.18
r16_m240_split,16,split,4,240,fixed_hit,projection,nodes,546,camera,axis_1,40,SAT,16,12,0,0,0,5,0,11.056,11.728
r16_m240_split,16,split,4,240,fixed_hit,projection,branches,0,camera,axis_1,0,SAT,1,8,0,0,0,1,0,4.236,4.326
r16_m240_split,16,split,4,240,fixed_hit,projection,us,6126,camera,oblique_2,3756,SAT,1,8,0,0,0,1,0,91.719,111.038
r16_m240_split,16,split,4,240,fixed_hit,projection,raw_max_us,6165,camera,oblique_2,174,SAT,1,8,0,0,0,1,0,65.499,2063.353
r16_m240_split,16,split,4,240,fixed_hit,query,nodes,0,camera,axis_1,0,SAT,1,8,0,0,0,1,0,2.905,2.905
r16_m240_split,16,split,4,240,fixed_hit,query,branches,0,camera,axis_1,0,SAT,1,8,0,0,0,1,0,2.905,2.905
r16_m240_split,16,split,4,240,fixed_hit,query,us,1859,camera,axis_3,4239,SAT,1,8,0,0,0,1,0,419.495,419.495
r16_m240_split,16,split,4,240,fixed_hit,query,raw_max_us,1859,camera,axis_3,4239,SAT,1,8,0,0,0,1,0,419.495,419.495
r16_m240_split,16,split,4,240,both,feasibility,nodes,0,camera,axis_1,0,SAT,1,8,0,0,0,1,0,2.974,3.205
r16_m240_split,16,split,4,240,both,feasibility,branches,0,camera,axis_1,0,SAT,1,8,0,0,0,1,0,2.974,3.205
r16_m240_split,16,split,4,240,both,feasibility,us,5891,camera,oblique_2,4330,SAT,1,8,0,0,0,1,0,51.318,61.152
r16_m240_split,16,split,4,240,both,feasibility,raw_max_us,6059,camera,oblique_2,4971,SAT,1,8,0,0,0,1,0,14.872,290.43
r16_m240_split,16,split,4,240,both,projection,nodes,546,camera,axis_1,40,SAT,16,12,0,0,0,5,0,11.057,11.498
r16_m240_split,16,split,4,240,both,projection,branches,0,camera,axis_1,0,SAT,1,8,0,0,0,1,0,4.267,4.597
r16_m240_split,16,split,4,240,both,projection,us,4341,camera,oblique_1,90,SAT,1,8,0,0,0,1,0,87.762,192.802
r16_m240_split,16,split,4,240,both,projection,raw_max_us,932,camera,axis_2,5860,SAT,1,8,0,0,0,1,0,5.358,2080.589
r16_m240_split,16,split,4,240,both,query,nodes,0,camera,axis_1,0,SAT,1,8,0,0,0,1,0,2.874,2.874
r16_m240_split,16,split,4,240,both,query,branches,0,camera,axis_1,0,SAT,1,8,0,0,0,1,0,2.874,2.874
r16_m240_split,16,split,4,240,both,query,us,3309,camera,axis_6,3682,SAT,1,8,0,0,0,1,0,304.291,304.291
r16_m240_split,16,split,4,240,both,query,raw_max_us,3309,camera,axis_6,3682,SAT,1,8,0,0,0,1,0,304.291,304.291
r16_m240_same,16,same,4,240,search,feasibility,nodes,5184,camera,oblique_1,526,SAT,3,10,2,1,0,2,1,24.067,30.046
r16_m240_same,16,same,4,240,search,feasibility,branches,5184,camera,oblique_1,526,SAT,3,10,2,1,0,2,1,24.067,30.046
r16_m240_same,16,same,4,240,search,feasibility,us,6375,camera,oblique_2,3442,SAT,5,11,2,1,0,2,1,36.976,41.593
r16_m240_same,16,same,4,240,search,feasibility,raw_max_us,58,camera,axis_1,4869,SAT,2,9,0,0,0,1,0,3.245,1683.678
r16_m240_same,16,same,4,240,search,projection,nodes,5233,camera,oblique_1,3199,SAT,10,12,3,1,1,6,2,62.925,63.937
r16_m240_same,16,same,4,240,search,projection,branches,5228,camera,oblique_1,2470,SAT,6,11,3,1,1,5,2,59.531,99.671
r16_m240_same,16,same,4,240,search,projection,us,6422,camera,oblique_2,6358,SAT,5,11,2,1,0,4,1,78.95,81.033
r16_m240_same,16,same,4,240,search,projection,raw_max_us,802,camera,axis_2,6426,SAT,1,8,0,0,0,1,0,7.782,1250.853
r16_m240_same,16,same,4,240,search,query,nodes,5195,camera,oblique_1,1255,SAT,5,11,2,1,0,2,1,22.153,22.153
r16_m240_same,16,same,4,240,search,query,branches,5195,camera,oblique_1,1255,SAT,5,11,2,1,0,2,1,22.153,22.153
r16_m240_same,16,same,4,240,search,query,us,5562,camera,oblique_2,2547,SAT,1,8,0,0,0,1,0,61.313,61.313
r16_m240_same,16,same,4,240,search,query,raw_max_us,5562,camera,oblique_2,2547,SAT,1,8,0,0,0,1,0,61.313,61.313
r16_m240_same,16,same,4,240,decomposition,feasibility,nodes,5184,camera,oblique_1,526,SAT,3,10,2,1,0,2,1,24.147,24.337
r16_m240_same,16,same,4,240,decomposition,feasibility,branches,5184,camera,oblique_1,526,SAT,3,10,2,1,0,2,1,24.147,24.337
r16_m240_same,16,same,4,240,decomposition,feasibility,us,6363,camera,oblique_2,1255,SAT,5,11,2,1,0,2,1,35.103,35.133
r16_m240_same,16,same,4,240,decomposition,feasibility,raw_max_us,4031,camera,axis_6,4738,SAT,1,8,0,0,0,1,0,7.231,701.261
r16_m240_same,16,same,4,240,decomposition,projection,nodes,5233,camera,oblique_1,3199,SAT,10,12,3,1,1,6,2,66.07,113.201
r16_m240_same,16,same,4,240,decomposition,projection,branches,5228,camera,oblique_1,2470,SAT,6,11,3,1,1,5,2,54.943,55.214
r16_m240_same,16,same,4,240,decomposition,projection,us,5227,camera,oblique_1,2227,SAT,2,9,0,0,0,2,0,81.624,176.968
r16_m240_same,16,same,4,240,decomposition,projection,raw_max_us,2352,camera,axis_3,3684,SAT,1,8,0,0,0,1,0,7.992,5084.374
r16_m240_same,16,same,4,240,decomposition,query,nodes,5195,camera,oblique_1,1255,SAT,5,11,2,1,0,2,1,23.776,23.776
r16_m240_same,16,same,4,240,decomposition,query,branches,5195,camera,oblique_1,1255,SAT,5,11,2,1,0,2,1,23.776,23.776
r16_m240_same,16,same,4,240,decomposition,query,us,5659,camera,oblique_2,1648,SAT,1,8,0,0,0,1,0,39.009,39.009
r16_m240_same,16,same,4,240,decomposition,query,raw_max_us,5659,camera,oblique_2,1648,SAT,1,8,0,0,0,1,0,39.009,39.009
r16_m240_same,16,same,4,240,fixed_hit,feasibility,nodes,5228,camera,oblique_1,2470,SAT,6,11,3,1,1,2,1,25.168,25.418
r16_m240_same,16,same,4,240,fixed_hit,feasibility,branches,5228,camera,oblique_1,2470,SAT,6,11,3,1,1,2,1,25.168,25.418
r16_m240_same,16,same,4,240,fixed_hit,feasibility,us,6387,camera,oblique_2,1174,SAT,1,8,0,0,0,1,0,47.712,149.336
r16_m240_same,16,same,4,240,fixed_hit,feasibility,raw_max_us,6109,camera,oblique_2,1146,SAT,1,8,0,0,0,1,0,16.385,723.124
r16_m240_same,16,same,4,240,fixed_hit,projection,nodes,5233,camera,oblique_1,3199,SAT,10,12,3,1,1,6,1,67.272,117.939
r16_m240_same,16,same,4,240,fixed_hit,projection,branches,5228,camera,oblique_1,2470,SAT,6,11,3,1,1,5,1,58.629,65.909
r16_m240_same,16,same,4,240,fixed_hit,projection,us,3370,camera,axis_6,2035,SAT,1,8,0,0,0,1,0,288.137,913.162
r16_m240_same,16,same,4,240,fixed_hit,projection,raw_max_us,3370,camera,axis_6,2035,SAT,1,8,0,0,0,1,0,288.137,913.162
r16_m240_same,16,same,4,240,fixed_hit,query,nodes,0,camera,axis_1,0,SAT,1,8,0,0,0,1,0,3.055,3.055
r16_m240_same,16,same,4,240,fixed_hit,query,branches,0,camera,axis_1,0,SAT,1,8,0,0,0,1,0,3.055,3.055
r16_m240_same,16,same,4,240,fixed_hit,query,us,5562,camera,oblique_2,2547,SAT,1,8,0,0,0,1,0,102.986,102.986
r16_m240_same,16,same,4,240,fixed_hit,query,raw_max_us,5562,camera,oblique_2,2547,SAT,1,8,0,0,0,1,0,102.986,102.986
r16_m240_same,16,same,4,240,both,feasibility,nodes,5228,camera,oblique_1,2470,SAT,6,11,3,1,1,2,1,24.848,34.542
r16_m240_same,16,same,4,240,both,feasibility,branches,5228,camera,oblique_1,2470,SAT,6,11,3,1,1,2,1,24.848,34.542
r16_m240_same,16,same,4,240,both,feasibility,us,5194,camera,oblique_1,1012,SAT,3,10,0,0,0,1,0,42.134,80.262
r16_m240_same,16,same,4,240,both,feasibility,raw_max_us,4138,camera,axis_6,3487,SAT,1,8,0,0,0,1,0,33.12,846.13
r16_m240_same,16,same,4,240,both,projection,nodes,5233,camera,oblique_1,3199,SAT,10,12,3,1,1,6,1,66.571,150.889
r16_m240_same,16,same,4,240,both,projection,branches,5228,camera,oblique_1,2470,SAT,6,11,3,1,1,5,1,58.639,59.96
r16_m240_same,16,same,4,240,both,projection,us,6403,camera,oblique_2,3199,SAT,5,11,2,1,0,4,0,83.186,91.94
r16_m240_same,16,same,4,240,both,projection,raw_max_us,2701,camera,axis_3,1084,SAT,1,8,0,0,0,1,0,8.443,938.931
r16_m240_same,16,same,4,240,both,query,nodes,0,camera,axis_1,0,SAT,1,8,0,0,0,1,0,2.905,2.905
r16_m240_same,16,same,4,240,both,query,branches,0,camera,axis_1,0,SAT,1,8,0,0,0,1,0,2.905,2.905
r16_m240_same,16,same,4,240,both,query,us,5263,perturb_0,oblique_1,1713,SAT,1,8,0,0,0,1,0,791.668,791.668
r16_m240_same,16,same,4,240,both,query,raw_max_us,5263,perturb_0,oblique_1,1713,SAT,1,8,0,0,0,1,0,791.668,791.668
r8_m060_same,8,same,4,60,search,feasibility,nodes,204,camera,axis_1,40,SAT,81,16,2,4,0,5,4,9.995,15.704
r8_m060_same,8,same,4,60,search,feasibility,branches,204,camera,axis_1,40,SAT,81,16,2,4,0,5,4,9.995,15.704
r8_m060_same,8,same,4,60,search,feasibility,us,2576,camera,axis_6,1000,SAT,35,16,8,1,0,3,2,21.202,24.147
r8_m060_same,8,same,4,60,search,feasibility,raw_max_us,3885,camera,oblique_2,283,SAT,1,8,0,0,0,1,0,9.695,213.253
r8_m060_same,8,same,4,60,search,projection,nodes,204,camera,axis_1,40,SAT,81,16,2,4,0,21,16,36.885,42.565
r8_m060_same,8,same,4,60,search,projection,branches,204,camera,axis_1,40,SAT,81,16,2,4,0,21,16,36.885,42.565
r8_m060_same,8,same,4,60,search,projection,us,2576,camera,axis_6,1000,SAT,35,16,8,1,0,10,6,69.395,77.358
r8_m060_same,8,same,4,60,search,projection,raw_max_us,730,camera,axis_2,369,SAT,14,13,4,1,0,7,3,18.448,938.611
r8_m060_same,8,same,4,60,search,query,nodes,194,camera,axis_1,58,SAT,9,12,2,2,0,3,2,5.339,5.339
r8_m060_same,8,same,4,60,search,query,branches,194,camera,axis_1,58,SAT,9,12,2,2,0,3,2,5.339,5.339
r8_m060_same,8,same,4,60,search,query,us,3324,camera,oblique_2,225,UNSAT,1,8,0,0,0,1,0,94.303,94.303
r8_m060_same,8,same,4,60,search,query,raw_max_us,3324,camera,oblique_2,225,UNSAT,1,8,0,0,0,1,0,94.303,94.303
r8_m060_same,8,same,4,60,decomposition,feasibility,nodes,204,camera,axis_1,40,SAT,81,16,2,4,0,9,4,7.852,8.343
r8_m060_same,8,same,4,60,decomposition,feasibility,branches,204,camera,axis_1,40,SAT,81,16,2,4,0,9,4,7.852,8.343
r8_m060_same,8,same,4,60,decomposition,feasibility,us,2576,camera,axis_6,1000,SAT,35,16,8,1,0,3,2,21.413,21.983
r8_m060_same,8,same,4,60,decomposition,feasibility,raw_max_us,4268,camera,oblique_2,1372,SAT,2,9,0,0,0,1,0,11.337,2138.036
r8_m060_same,8,same,4,60,decomposition,projection,nodes,204,camera,axis_1,40,SAT,81,16,2,4,0,37,16,30.206,43.946
r8_m060_same,8,same,4,60,decomposition,projection,branches,204,camera,axis_1,40,SAT,81,16,2,4,0,37,16,30.206,43.946
r8_m060_same,8,same,4,60,decomposition,projection,us,3085,camera,oblique_1,3217,SAT,14,13,2,1,1,7,2,90.186,119.03
r8_m060_same,8,same,4,60,decomposition,projection,raw_max_us,3261,camera,oblique_2,513,SAT,1,8,0,0,0,1,0,12.93,927.233
r8_m060_same,8,same,4,60,decomposition,query,nodes,194,camera,axis_1,58,SAT,9,12,2,2,0,5,2,5.058,5.058
r8_m060_same,8,same,4,60,decomposition,query,branches,194,camera,axis_1,58,SAT,9,12,2,2,0,5,2,5.058,5.058
r8_m060_same,8,same,4,60,decomposition,query,us,2101,camera,axis_6,631,SAT,1,8,0,0,0,1,0,57.947,57.947
r8_m060_same,8,same,4,60,decomposition,query,raw_max_us,2101,camera,axis_6,631,SAT,1,8,0,0,0,1,0,57.947,57.947
r8_m060_same,8,same,4,60,fixed_hit,feasibility,nodes,2938,camera,oblique_1,2493,SAT,7,12,3,1,2,3,2,13.601,16.485
r8_m060_same,8,same,4,60,fixed_hit,feasibility,branches,2938,camera,oblique_1,2493,SAT,7,12,3,1,2,3,2,13.601,16.485
r8_m060_same,8,same,4,60,fixed_hit,feasibility,us,3924,camera,oblique_2,3199,SAT,7,12,2,1,1,2,1,17.847,18.628
r8_m060_same,8,same,4,60,fixed_hit,feasibility,raw_max_us,4279,camera,oblique_2,2857,SAT,3,10,0,0,0,1,0,11.687,2094.866
r8_m060_same,8,same,4,60,fixed_hit,projection,nodes,204,camera,axis_1,40,SAT,81,16,2,4,0,9,0,21.632,22.965
r8_m060_same,8,same,4,60,fixed_hit,projection,branches,3162,camera,oblique_1,2502,SAT,14,13,3,1,2,9,4,39.199,40.261
r8_m060_same,8,same,4,60,fixed_hit,projection,us,2576,camera,axis_6,1000,SAT,35,16,8,1,0,9,0,75.875,78.478
r8_m060_same,8,same,4,60,fixed_hit,projection,raw_max_us,2544,camera,axis_6,2316,SAT,5,11,3,1,0,3,0,22.814,774.171
r8_m060_same,8,same,4,60,fixed_hit,query,nodes,3063,camera,oblique_1,2245,SAT,4,11,2,1,1,2,1,9.824,9.824
r8_m060_same,8,same,4,60,fixed_hit,query,branches,3063,camera,oblique_1,2245,SAT,4,11,2,1,1,2,1,9.824,9.824
r8_m060_same,8,same,4,60,fixed_hit,query,us,1907,camera,axis_6,1260,SAT,2,9,0,0,0,1,0,48.203,48.203
r8_m060_same,8,same,4,60,fixed_hit,query,raw_max_us,1907,camera,axis_6,1260,SAT,2,9,0,0,0,1,0,48.203,48.203
r8_m060_same,8,same,4,60,both,feasibility,nodes,2938,camera,oblique_1,2493,SAT,7,12,3,1,2,3,2,13.38,13.441
r8_m060_same,8,same,4,60,both,feasibility,branches,2938,camera,oblique_1,2493,SAT,7,12,3,1,2,3,2,13.38,13.441
r8_m060_same,8,same,4,60,both,feasibility,us,3924,camera,oblique_2,3199,SAT,7,12,2,1,1,2,1,17.977,29.385
r8_m060_same,8,same,4,60,both,feasibility,raw_max_us,642,camera,axis_2,2748,SAT,1,8,0,0,0,1,0,3.225,276.078
r8_m060_same,8,same,4,60,both,projection,nodes,204,camera,axis_1,40,SAT,81,16,2,4,0,9,0,21.442,21.943
r8_m060_same,8,same,4,60,both,projection,branches,3162,camera,oblique_1,2502,SAT,14,13,3,1,2,9,4,37.878,38.959
r8_m060_same,8,same,4,60,both,projection,us,2576,camera,axis_6,1000,SAT,35,16,8,1,0,9,0,75.494,76.556
r8_m060_same,8,same,4,60,both,projection,raw_max_us,4270,camera,oblique_2,2452,SAT,2,9,0,0,0,2,0,19.31,2102.893
r8_m060_same,8,same,4,60,both,query,nodes,3063,camera,oblique_1,2245,SAT,4,11,2,1,1,2,1,10.746,10.746
r8_m060_same,8,same,4,60,both,query,branches,3063,camera,oblique_1,2245,SAT,4,11,2,1,1,2,1,10.746,10.746
r8_m060_same,8,same,4,60,both,query,us,848,camera,axis_3,0,SAT,1,8,0,0,0,1,0,44.287,44.287
r8_m060_same,8,same,4,60,both,query,raw_max_us,848,camera,axis_3,0,SAT,1,8,0,0,0,1,0,44.287,44.287
r8_m060_split,8,split,4,60,search,feasibility,nodes,204,camera,axis_1,40,SAT,81,16,2,4,0,5,4,9.855,16.345
r8_m060_split,8,split,4,60,search,feasibility,branches,204,camera,axis_1,40,SAT,81,16,2,4,0,5,4,9.855,16.345
r8_m060_split,8,split,4,60,search,feasibility,us,2800,camera,axis_6,1000,SAT,35,16,8,1,0,3,2,20.651,30.276
r8_m060_split,8,split,4,60,search,feasibility,raw_max_us,4591,camera,oblique_2,1287,SAT,1,8,0,0,0,1,0,8.803,396.42
r8_m060_split,8,split,4,60,search,projection,nodes,204,camera,axis_1,40,SAT,81,16,2,4,0,21,16,35.454,53.702
r8_m060_split,8,split,4,60,search,projection,branches,204,camera,axis_1,40,SAT,81,16,2,4,0,21,16,35.454,53.702
r8_m060_split,8,split,4,60,search,projection,us,2800,camera,axis_6,1000,SAT,35,16,8,1,0,10,6,66.791,75.835
r8_m060_split,8,split,4,60,search,projection,raw_max_us,3985,camera,oblique_2,2386,SAT,1,8,0,0,0,1,0,11.678,3162.116
r8_m060_split,8,split,4,60,search,query,nodes,260,perturb_4,axis_1,3036,SAT,27,14,2,3,0,4,3,7.371,7.371
r8_m060_split,8,split,4,60,search,query,branches,260,perturb_4,axis_1,3036,SAT,27,14,2,3,0,4,3,7.371,7.371
r8_m060_split,8,split,4,60,search,query,us,4203,camera,oblique_2,984,SAT,1,8,0,0,0,1,0,37.697,37.697
r8_m060_split,8,split,4,60,search,query,raw_max_us,4203,camera,oblique_2,984,SAT,1,8,0,0,0,1,0,37.697,37.697
r8_m060_split,8,split,4,60,decomposition,feasibility,nodes,204,camera,axis_1,40,SAT,81,16,2,4,0,9,4,7.642,8.243
r8_m060_split,8,split,4,60,decomposition,feasibility,branches,204,camera,axis_1,40,SAT,81,16,2,4,0,9,4,7.642,8.243
r8_m060_split,8,split,4,60,decomposition,feasibility,us,3990,camera,oblique_2,604,SAT,1,8,0,0,0,1,0,27.111,51.548
r8_m060_split,8,split,4,60,decomposition,feasibility,raw_max_us,4596,camera,oblique_2,2745,SAT,1,8,0,0,0,1,0,8.312,216.858
r8_m060_split,8,split,4,60,decomposition,projection,nodes,204,camera,axis_1,40,SAT,81,16,2,4,0,37,16,28.743,29.705
r8_m060_split,8,split,4,60,decomposition,projection,branches,204,camera,axis_1,40,SAT,81,16,2,4,0,37,16,28.743,29.705
r8_m060_split,8,split,4,60,decomposition,projection,us,2800,camera,axis_6,1000,SAT,35,16,8,1,0,10,6,67.833,67.933
r8_m060_split,8,split,4,60,decomposition,projection,raw_max_us,883,camera,axis_2,588,SAT,1,8,0,0,0,1,0,4.627,1616.147
r8_m060_split,8,split,4,60,decomposition,query,nodes,260,perturb_4,axis_1,3036,SAT,27,14,2,3,0,7,3,6.199,6.199
r8_m060_split,8,split,4,60,decomposition,query,branches,260,perturb_4,axis_1,3036,SAT,27,14,2,3,0,7,3,6.199,6.199
r8_m060_split,8,split,4,60,decomposition,query,us,361,camera,axis_2,666,UNSAT,1,8,0,0,0,1,0,163.467,163.467
r8_m060_split,8,split,4,60,decomposition,query,raw_max_us,361,camera,axis_2,666,UNSAT,1,8,0,0,0,1,0,163.467,163.467
r8_m060_split,8,split,4,60,fixed_hit,feasibility,nodes,3327,camera,oblique_1,2226,SAT,4,11,2,1,1,2,1,9.314,9.364
r8_m060_split,8,split,4,60,fixed_hit,feasibility,branches,3327,camera,oblique_1,2226,SAT,4,11,2,1,1,2,1,9.314,9.364
r8_m060_split,8,split,4,60,fixed_hit,feasibility,us,4766,camera,oblique_2,75,SAT,1,8,0,0,0,1,0,16.985,31.968
r8_m060_split,8,split,4,60,fixed_hit,feasibility,raw_max_us,4585,camera,oblique_2,2988,SAT,1,8,0,0,0,1,0,8.283,856.206
r8_m060_split,8,split,4,60,fixed_hit,projection,nodes,204,camera,axis_1,40,SAT,81,16,2,4,0,9,0,20.922,22.664
r8_m060_split,8,split,4,60,fixed_hit,projection,branches,3652,camera,oblique_1,2235,SAT,8,12,2,1,1,6,2,24.707,32.469
r8_m060_split,8,split,4,60,fixed_hit,projection,us,2800,camera,axis_6,1000,SAT,35,16,8,1,0,9,0,74.122,77.026
r8_m060_split,8,split,4,60,fixed_hit,projection,raw_max_us,870,camera,axis_2,2602,SAT,3,10,2,1,0,3,0,8.533,1465.678
r8_m060_split,8,split,4,60,fixed_hit,query,nodes,0,camera,axis_1,0,SAT,1,8,0,0,0,1,0,2.244,2.244
r8_m060_split,8,split,4,60,fixed_hit,query,branches,0,camera,axis_1,0,SAT,1,8,0,0,0,1,0,2.244,2.244
r8_m060_split,8,split,4,60,fixed_hit,query,us,261,perturb_5,axis_1,1326,UNSAT,0,0,0,0,0,1,0,32.689,32.689
r8_m060_split,8,split,4,60,fixed_hit,query,raw_max_us,261,perturb_5,axis_1,1326,UNSAT,0,0,0,0,0,1,0,32.689,32.689
r8_m060_split,8,split,4,60,both,feasibility,nodes,3327,camera,oblique_1,2226,SAT,4,11,2,1,1,2,1,9.905,13.381
r8_m060_split,8,split,4,60,both,feasibility,branches,3327,camera,oblique_1,2226,SAT,4,11,2,1,1,2,1,9.905,13.381
r8_m060_split,8,split,4,60,both,feasibility,us,2688,camera,axis_6,1056,SAT,1,8,0,0,0,1,0,52.269,85.019
r8_m060_split,8,split,4,60,both,feasibility,raw_max_us,4315,camera,oblique_2,3187,SAT,1,8,0,0,0,1,0,9.254,893.022
r8_m060_split,8,split,4,60,both,projection,nodes,204,camera,axis_1,40,SAT,81,16,2,4,0,9,0,20.871,21.282
r8_m060_split,8,split,4,60,both,projection,branches,3652,camera,oblique_1,2235,SAT,8,12,2,1,1,6,2,24.897,25.058
r8_m060_split,8,split,4,60,both,projection,us,2800,camera,axis_6,1000,SAT,35,16,8,1,0,9,0,74.102,89.956
r8_m060_split,8,split,4,60,both,projection,raw_max_us,3979,camera,oblique_2,2278,SAT,1,8,0,0,0,1,0,11.478,1689.267
r8_m060_split,8,split,4,60,both,query,nodes,0,camera,axis_1,0,SAT,1,8,0,0,0,1,0,2.284,2.284
r8_m060_split,8,split,4,60,both,query,branches,0,camera,axis_1,0,SAT,1,8,0,0,0,1,0,2.284,2.284
r8_m060_split,8,split,4,60,both,query,us,2839,camera,axis_6,478,SAT,1,8,0,0,0,1,0,80.151,80.151
r8_m060_split,8,split,4,60,both,query,raw_max_us,2839,camera,axis_6,478,SAT,1,8,0,0,0,1,0,80.151,80.151
r16_m060_same,16,same,4,60,search,feasibility,nodes,5011,camera,oblique_1,3208,SAT,16,13,3,1,1,3,2,34.582,36.425
r16_m060_same,16,same,4,60,search,feasibility,branches,5011,camera,oblique_1,3208,SAT,16,13,3,1,1,3,2,34.582,36.425
r16_m060_same,16,same,4,60,search,feasibility,us,6232,camera,oblique_2,3199,SAT,8,12,2,1,0,2,1,194.174,248.626
r16_m060_same,16,same,4,60,search,feasibility,raw_max_us,5812,camera,oblique_2,2964,SAT,1,8,0,0,0,1,0,17.997,2072.667
r16_m060_same,16,same,4,60,search,projection,nodes,5011,camera,oblique_1,3208,SAT,16,13,3,1,1,8,3,86.861,88.684
r16_m060_same,16,same,4,60,search,projection,branches,5011,camera,oblique_1,3208,SAT,16,13,3,1,1,8,3,86.861,88.684
r16_m060_same,16,same,4,60,search,projection,us,4993,camera,oblique_1,1021,SAT,3,10,0,0,0,3,0,215.637,248.516
r16_m060_same,16,same,4,60,search,projection,raw_max_us,5831,camera,oblique_2,1425,SAT,1,8,0,0,0,1,0,28.573,2098.346
r16_m060_same,16,same,4,60,search,query,nodes,0,camera,axis_1,0,SAT,1,8,0,0,0,1,0,3.205,3.205
r16_m060_same,16,same,4,60,search,query,branches,0,camera,axis_1,0,SAT,1,8,0,0,0,1,0,3.205,3.205
r16_m060_same,16,same,4,60,search,query,us,6134,camera,oblique_2,427,SAT,1,8,0,0,0,1,0,86.201,86.201
r16_m060_same,16,same,4,60,search,query,raw_max_us,6134,camera,oblique_2,427,SAT,1,8,0,0,0,1,0,86.201,86.201
r16_m060_same,16,same,4,60,decomposition,feasibility,nodes,5011,camera,oblique_1,3208,SAT,16,13,3,1,1,3,2,34.823,35.524
r16_m060_same,16,same,4,60,decomposition,feasibility,branches,5011,camera,oblique_1,3208,SAT,16,13,3,1,1,3,2,34.823,35.524
r16_m060_same,16,same,4,60,decomposition,feasibility,us,5485,camera,oblique_2,1234,SAT,1,8,0,0,0,1,0,59.34,1243.271
r16_m060_same,16,same,4,60,decomposition,feasibility,raw_max_us,5821,camera,oblique_2,1290,SAT,1,8,0,0,0,1,0,18.608,2059.738
r16_m060_same,16,same,4,60,decomposition,projection,nodes,5011,camera,oblique_1,3208,SAT,16,13,3,1,1,8,3,86.611,100.873
r16_m060_same,16,same,4,60,decomposition,projection,branches,5011,camera,oblique_1,3208,SAT,16,13,3,1,1,8,3,86.611,100.873
r16_m060_same,16,same,4,60,decomposition,projection,us,6197,camera,oblique_2,1255,SAT,5,11,2,1,0,4,1,103.547,242.827
r16_m060_same,16,same,4,60,decomposition,projection,raw_max_us,5789,camera,oblique_2,156,SAT,1,8,0,0,0,1,0,70.827,1940.057
r16_m060_same,16,same,4,60,decomposition,query,nodes,0,camera,axis_1,0,SAT,1,8,0,0,0,1,0,3.004,3.004
r16_m060_same,16,same,4,60,decomposition,query,branches,0,camera,axis_1,0,SAT,1,8,0,0,0,1,0,3.004,3.004
r16_m060_same,16,same,4,60,decomposition,query,us,4201,camera,oblique_1,0,UNSAT,1,8,0,0,0,1,0,74.102,74.102
r16_m060_same,16,same,4,60,decomposition,query,raw_max_us,4201,camera,oblique_1,0,UNSAT,1,8,0,0,0,1,0,74.102,74.102
r16_m060_same,16,same,4,60,fixed_hit,feasibility,nodes,4958,camera,oblique_1,3217,SAT,8,12,3,1,2,3,2,44.488,50.417
r16_m060_same,16,same,4,60,fixed_hit,feasibility,branches,4958,camera,oblique_1,3217,SAT,8,12,3,1,2,3,2,44.488,50.417
r16_m060_same,16,same,4,60,fixed_hit,feasibility,us,5744,camera,oblique_2,246,SAT,1,8,0,0,0,1,0,52.3,52.89
r16_m060_same,16,same,4,60,fixed_hit,feasibility,raw_max_us,5759,camera,oblique_2,1164,SAT,1,8,0,0,0,1,0,15.573,1765.483
r16_m060_same,16,same,4,60,fixed_hit,projection,nodes,4958,camera,oblique_1,3217,SAT,8,12,3,1,2,7,3,73.401,77.147
r16_m060_same,16,same,4,60,fixed_hit,projection,branches,4958,camera,oblique_1,3217,SAT,8,12,3,1,2,7,3,73.401,77.147
r16_m060_same,16,same,4,60,fixed_hit,projection,us,6197,camera,oblique_2,1255,SAT,5,11,2,1,0,4,0,94.663,151.92
r16_m060_same,16,same,4,60,fixed_hit,projection,raw_max_us,5844,camera,oblique_2,2721,SAT,1,8,0,0,0,1,0,28.253,3104.318
r16_m060_same,16,same,4,60,fixed_hit,query,nodes,0,camera,axis_1,0,SAT,1,8,0,0,0,1,0,3.005,3.005
r16_m060_same,16,same,4,60,fixed_hit,query,branches,0,camera,axis_1,0,SAT,1,8,0,0,0,1,0,3.005,3.005
r16_m060_same,16,same,4,60,fixed_hit,query,us,5746,camera,oblique_2,300,UNSAT,1,8,0,0,0,1,0,481.449,481.449
r16_m060_same,16,same,4,60,fixed_hit,query,raw_max_us,5746,camera,oblique_2,300,UNSAT,1,8,0,0,0,1,0,481.449,481.449
r16_m060_same,16,same,4,60,both,feasibility,nodes,4958,camera,oblique_1,3217,SAT,8,12,3,1,2,3,2,31.989,33
r16_m060_same,16,same,4,60,both,feasibility,branches,4958,camera,oblique_1,3217,SAT,8,12,3,1,2,3,2,31.989,33
r16_m060_same,16,same,4,60,both,feasibility,us,5052,camera,oblique_1,2605,SAT,4,10,0,0,0,1,0,52.039,75.804
r16_m060_same,16,same,4,60,both,feasibility,raw_max_us,5807,camera,oblique_2,2343,SAT,1,8,0,0,0,1,0,18.918,2080.399
r16_m060_same,16,same,4,60,both,projection,nodes,4958,camera,oblique_1,3217,SAT,8,12,3,1,2,7,3,73.602,73.852
r16_m060_same,16,same,4,60,both,projection,branches,4958,camera,oblique_1,3217,SAT,8,12,3,1,2,7,3,73.602,73.852
r16_m060_same,16,same,4,60,both,projection,us,5739,camera,oblique_2,3432,SAT,1,8,0,0,0,1,0,107.362,141.383
r16_m060_same,16,same,4,60,both,projection,raw_max_us,1575,camera,axis_2,2389,SAT,2,9,0,0,0,2,0,7.691,1082.228
r16_m060_same,16,same,4,60,both,query,nodes,0,camera,axis_1,0,SAT,1,8,0,0,0,1,0,2.945,2.945
r16_m060_same,16,same,4,60,both,query,branches,0,camera,axis_1,0,SAT,1,8,0,0,0,1,0,2.945,2.945
r16_m060_same,16,same,4,60,both,query,us,4589,camera,oblique_1,3412,SAT,1,8,0,0,0,1,0,79.019,79.019
r16_m060_same,16,same,4,60,both,query,raw_max_us,4589,camera,oblique_1,3412,SAT,1,8,0,0,0,1,0,79.019,79.019
r16_m060_split,16,split,4,60,search,feasibility,nodes,5099,camera,oblique_1,2479,SAT,4,11,2,1,0,2,1,22.975,24.136
r16_m060_split,16,split,4,60,search,feasibility,branches,5099,camera,oblique_1,2479,SAT,4,11,2,1,0,2,1,22.975,24.136
r16_m060_split,16,split,4,60,search,feasibility,us,5624,camera,oblique_2,1342,SAT,1,8,0,0,0,1,0,86.691,117.297
r16_m060_split,16,split,4,60,search,feasibility,raw_max_us,1758,camera,axis_3,513,SAT,1,8,0,0,0,1,0,4.877,1909.219
r16_m060_split,16,split,4,60,search,projection,nodes,549,camera,axis_1,40,SAT,16,12,0,0,0,5,0,10.896,10.986
r16_m060_split,16,split,4,60,search,projection,branches,5099,camera,oblique_1,2479,SAT,4,11,2,1,0,4,1,45.839,46.791
r16_m060_split,16,split,4,60,search,projection,us,5704,camera,oblique_2,2845,SAT,1,8,0,0,0,1,0,142.225,183.567
r16_m060_split,16,split,4,60,search,projection,raw_max_us,6417,camera,oblique_2,3415,SAT,1,8,0,0,0,1,0,27.642,2149.733
r16_m060_split,16,split,4,60,search,query,nodes,0,camera,axis_1,0,SAT,1,8,0,0,0,1,0,3.235,3.235
r16_m060_split,16,split,4,60,search,query,branches,0,camera,axis_1,0,SAT,1,8,0,0,0,1,0,3.235,3.235
r16_m060_split,16,split,4,60,search,query,us,6242,camera,oblique_2,3190,SAT,1,8,0,0,0,1,0,80.992,80.992
r16_m060_split,16,split,4,60,search,query,raw_max_us,6242,camera,oblique_2,3190,SAT,1,8,0,0,0,1,0,80.992,80.992
r16_m060_split,16,split,4,60,decomposition,feasibility,nodes,5099,camera,oblique_1,2479,SAT,4,11,2,1,0,2,1,22.924,79.58
r16_m060_split,16,split,4,60,decomposition,feasibility,branches,5099,camera,oblique_1,2479,SAT,4,11,2,1,0,2,1,22.924,79.58
r16_m060_split,16,split,4,60,decomposition,feasibility,us,5768,camera,oblique_2,2503,SAT,1,8,0,0,0,1,0,76.916,176.488
r16_m060_split,16,split,4,60,decomposition,feasibility,raw_max_us,1752,camera,axis_3,3456,SAT,1,8,0,0,0,1,0,4.857,2011.385
r16_m060_split,16,split,4,60,decomposition,projection,nodes,549,camera,axis_1,40,SAT,16,12,0,0,0,5,0,10.817,11.557
r16_m060_split,16,split,4,60,decomposition,projection,branches,5099,camera,oblique_1,2479,SAT,4,11,2,1,0,4,1,45.929,46.751
r16_m060_split,16,split,4,60,decomposition,projection,us,5484,camera,oblique_2,3222,SAT,1,8,0,0,0,1,0,89.055,107.813
r16_m060_split,16,split,4,60,decomposition,projection,raw_max_us,4970,camera,oblique_1,598,SAT,1,8,0,0,0,1,0,17.807,1895.909
r16_m060_split,16,split,4,60,decomposition,query,nodes,0,camera,axis_1,0,SAT,1,8,0,0,0,1,0,3.015,3.015
r16_m060_split,16,split,4,60,decomposition,query,branches,0,camera,axis_1,0,SAT,1,8,0,0,0,1,0,3.015,3.015
r16_m060_split,16,split,4,60,decomposition,query,us,4198,perturb_5,axis_6,2802,UNSAT,0,0,0,0,0,1,0,416.981,416.981
r16_m060_split,16,split,4,60,decomposition,query,raw_max_us,4198,perturb_5,axis_6,2802,UNSAT,0,0,0,0,0,1,0,416.981,416.981
r16_m060_split,16,split,4,60,fixed_hit,feasibility,nodes,0,camera,axis_1,0,SAT,1,8,0,0,0,1,0,3.105,3.154
r16_m060_split,16,split,4,60,fixed_hit,feasibility,branches,0,camera,axis_1,0,SAT,1,8,0,0,0,1,0,3.105,3.154
r16_m060_split,16,split,4,60,fixed_hit,feasibility,us,6325,camera,oblique_2,400,SAT,1,8,0,0,0,1,0,128.926,260.574
r16_m060_split,16,split,4,60,fixed_hit,feasibility,raw_max_us,4567,camera,oblique_1,3448,SAT,3,10,0,0,0,1,0,12.719,1801.766
r16_m060_split,16,split,4,60,fixed_hit,projection,nodes,549,camera,axis_1,40,SAT,16,12,0,0,0,5,0,11.127,11.277
r16_m060_split,16,split,4,60,fixed_hit,projection,branches,0,camera,axis_1,0,SAT,1,8,0,0,0,1,0,4.476,4.597
r16_m060_split,16,split,4,60,fixed_hit,projection,us,5700,camera,oblique_2,3466,SAT,1,8,0,0,0,1,0,109.425,248.987
r16_m060_split,16,split,4,60,fixed_hit,projection,raw_max_us,5102,camera,oblique_1,3208,SAT,4,11,2,1,0,4,0,47.933,2064.053
r16_m060_split,16,split,4,60,fixed_hit,query,nodes,0,camera,axis_1,0,SAT,1,8,0,0,0,1,0,3.165,3.165
r16_m060_split,16,split,4,60,fixed_hit,query,branches,0,camera,axis_1,0,SAT,1,8,0,0,0,1,0,3.165,3.165
r16_m060_split,16,split,4,60,fixed_hit,query,us,2247,camera,axis_3,478,UNSAT,1,8,0,0,0,1,0,238.331,238.331
r16_m060_split,16,split,4,60,fixed_hit,query,raw_max_us,2247,camera,axis_3,478,UNSAT,1,8,0,0,0,1,0,238.331,238.331
r16_m060_split,16,split,4,60,both,feasibility,nodes,0,camera,axis_1,0,SAT,1,8,0,0,0,1,0,3.055,215.426
r16_m060_split,16,split,4,60,both,feasibility,branches,0,camera,axis_1,0,SAT,1,8,0,0,0,1,0,3.055,215.426
r16_m060_split,16,split,4,60,both,feasibility,us,6071,camera,oblique_2,2955,SAT,1,8,0,0,0,1,0,61.463,77.287
r16_m060_split,16,split,4,60,both,feasibility,raw_max_us,2111,camera,axis_3,3475,SAT,1,8,0,0,0,1,0,7.101,2328.033
r16_m060_split,16,split,4,60,both,projection,nodes,549,camera,axis_1,40,SAT,16,12,0,0,0,5,0,11.077,11.297
r16_m060_split,16,split,4,60,both,projection,branches,0,camera,axis_1,0,SAT,1,8,0,0,0,1,0,4.377,5.318
r16_m060_split,16,split,4,60,both,projection,us,4653,camera,oblique_1,451,SAT,1,8,0,0,0,1,0,139.942,209.577
r16_m060_split,16,split,4,60,both,projection,raw_max_us,5484,camera,oblique_2,3222,SAT,1,8,0,0,0,1,0,27.702,1701.215
r16_m060_split,16,split,4,60,both,query,nodes,0,camera,axis_1,0,SAT,1,8,0,0,0,1,0,3.185,3.185
r16_m060_split,16,split,4,60,both,query,branches,0,camera,axis_1,0,SAT,1,8,0,0,0,1,0,3.185,3.185
r16_m060_split,16,split,4,60,both,query,us,5074,camera,oblique_1,1021,SAT,3,10,0,0,0,1,0,1577.899,1577.899
r16_m060_split,16,split,4,60,both,query,raw_max_us,5074,camera,oblique_1,1021,SAT,3,10,0,0,0,1,0,1577.899,1577.899
r8_m090_split,8,split,4,90,search,feasibility,nodes,204,camera,axis_1,40,SAT,81,16,2,4,0,5,4,9.645,11.568
r8_m090_split,8,split,4,90,search,feasibility,branches,204,camera,axis_1,40,SAT,81,16,2,4,0,5,4,9.645,11.568
r8_m090_split,8,split,4,90,search,feasibility,us,2800,camera,axis_6,1000,SAT,35,16,8,1,0,3,2,20.842,24.417
r8_m090_split,8,split,4,90,search,feasibility,raw_max_us,4474,camera,oblique_2,466,SAT,1,8,0,0,0,1,0,7.952,1170.531
r8_m090_split,8,split,4,90,search,projection,nodes,204,camera,axis_1,40,SAT,81,16,2,4,0,21,16,36.184,38.268
r8_m090_split,8,split,4,90,search,projection,branches,204,camera,axis_1,40,SAT,81,16,2,4,0,21,16,36.184,38.268
r8_m090_split,8,split,4,90,search,projection,us,2800,camera,axis_6,1000,SAT,35,16,8,1,0,10,6,66.551,73.071
r8_m090_split,8,split,4,90,search,projection,raw_max_us,4700,camera,oblique_2,13,SAT,1,8,0,0,0,1,0,11.667,8135.623
r8_m090_split,8,split,4,90,search,query,nodes,194,camera,axis_1,58,SAT,9,12,2,2,0,3,2,5.438,5.438
r8_m090_split,8,split,4,90,search,query,branches,194,camera,axis_1,58,SAT,9,12,2,2,0,3,2,5.438,5.438
r8_m090_split,8,split,4,90,search,query,us,3236,camera,oblique_1,813,SAT,1,8,0,0,0,1,0,211.751,211.751
r8_m090_split,8,split,4,90,search,query,raw_max_us,3236,camera,oblique_1,813,SAT,1,8,0,0,0,1,0,211.751,211.751
r8_m090_split,8,split,4,90,decomposition,feasibility,nodes,204,camera,axis_1,40,SAT,81,16,2,4,0,9,4,7.682,7.882
r8_m090_split,8,split,4,90,decomposition,feasibility,branches,204,camera,axis_1,40,SAT,81,16,2,4,0,9,4,7.682,7.882
r8_m090_split,8,split,4,90,decomposition,feasibility,us,2800,camera,axis_6,1000,SAT,35,16,8,1,0,3,2,20.691,21.523
r8_m090_split,8,split,4,90,decomposition,feasibility,raw_max_us,4690,camera,oblique_2,877,SAT,1,8,0,0,0,1,0,8.713,1257.517
r8_m090_split,8,split,4,90,decomposition,projection,nodes,204,camera,axis_1,40,SAT,81,16,2,4,0,37,16,29.845,91.418
r8_m090_split,8,split,4,90,decomposition,projection,branches,204,camera,axis_1,40,SAT,81,16,2,4,0,37,16,29.845,91.418
r8_m090_split,8,split,4,90,decomposition,projection,us,4465,camera,oblique_2,3252,SAT,2,9,0,0,0,2,0,154.383,246.598
r8_m090_split,8,split,4,90,decomposition,projection,raw_max_us,2700,camera,axis_6,1107,SAT,1,8,0,0,0,1,0,11.457,1792.052
r8_m090_split,8,split,4,90,decomposition,query,nodes,194,camera,axis_1,58,SAT,9,12,2,2,0,5,2,5.047,5.047
r8_m090_split,8,split,4,90,decomposition,query,branches,194,camera,axis_1,58,SAT,9,12,2,2,0,5,2,5.047,5.047
r8_m090_split,8,split,4,90,decomposition,query,us,1724,camera,axis_3,840,SAT,1,8,0,0,0,1,0,893.362,893.362
r8_m090_split,8,split,4,90,decomposition,query,raw_max_us,1724,camera,axis_3,840,SAT,1,8,0,0,0,1,0,893.362,893.362
r8_m090_split,8,split,4,90,fixed_hit,feasibility,nodes,3327,camera,oblique_1,2226,SAT,4,11,2,1,1,2,1,9.034,9.094
r8_m090_split,8,split,4,90,fixed_hit,feasibility,branches,3327,camera,oblique_1,2226,SAT,4,11,2,1,1,2,1,9.034,9.094
r8_m090_split,8,split,4,90,fixed_hit,feasibility,us,4494,camera,oblique_2,439,SAT,1,8,0,0,0,1,0,12.609,62.114
r8_m090_split,8,split,4,90,fixed_hit,feasibility,raw_max_us,2757,camera,axis_6,3676,SAT,1,8,0,0,0,1,0,10.466,1326.577
r8_m090_split,8,split,4,90,fixed_hit,projection,nodes,204,camera,axis_1,40,SAT,81,16,2,4,0,9,0,21.773,22.444
r8_m090_split,8,split,4,90,fixed_hit,projection,branches,3327,camera,oblique_1,2226,SAT,4,11,2,1,1,4,1,17.647,17.657
r8_m090_split,8,split,4,90,fixed_hit,projection,us,2800,camera,axis_6,1000,SAT,35,16,8,1,0,9,0,74.392,78.429
r8_m090_split,8,split,4,90,fixed_hit,projection,raw_max_us,4979,camera,oblique_2,4080,SAT,1,8,0,0,0,1,0,12.589,292.503
r8_m090_split,8,split,4,90,fixed_hit,query,nodes,0,camera,axis_1,0,SAT,1,8,0,0,0,1,0,2.233,2.233
r8_m090_split,8,split,4,90,fixed_hit,query,branches,0,camera,axis_1,0,SAT,1,8,0,0,0,1,0,2.233,2.233
r8_m090_split,8,split,4,90,fixed_hit,query,us,5166,perturb_0,oblique_2,1543,SAT,1,8,0,0,0,1,0,58.9,58.9
r8_m090_split,8,split,4,90,fixed_hit,query,raw_max_us,5166,perturb_0,oblique_2,1543,SAT,1,8,0,0,0,1,0,58.9,58.9
r8_m090_split,8,split,4,90,both,feasibility,nodes,3327,camera,oblique_1,2226,SAT,4,11,2,1,1,2,1,9.044,13.741
r8_m090_split,8,split,4,90,both,feasibility,branches,3327,camera,oblique_1,2226,SAT,4,11,2,1,1,2,1,9.044,13.741
r8_m090_split,8,split,4,90,both,feasibility,us,4221,camera,oblique_2,3165,SAT,1,8,0,0,0,1,0,1225.435,1591.809
r8_m090_split,8,split,4,90,both,feasibility,raw_max_us,4221,camera,oblique_2,3165,SAT,1,8,0,0,0,1,0,1225.435,1591.809
r8_m090_split,8,split,4,90,both,projection,nodes,204,camera,axis_1,40,SAT,81,16,2,4,0,9,0,21.522,21.643
r8_m090_split,8,split,4,90,both,projection,branches,3327,camera,oblique_1,2226,SAT,4,11,2,1,1,4,1,17.657,20.32
r8_m090_split,8,split,4,90,both,projection,us,2800,camera,axis_6,1000,SAT,35,16,8,1,0,9,0,73.752,75.283
r8_m090_split,8,split,4,90,both,projection,raw_max_us,2714,camera,axis_6,1110,SAT,1,8,0,0,0,1,0,10.125,1047.616
r8_m090_split,8,split,4,90,both,query,nodes,0,camera,axis_1,0,SAT,1,8,0,0,0,1,0,2.264,2.264
r8_m090_split,8,split,4,90,both,query,branches,0,camera,axis_1,0,SAT,1,8,0,0,0,1,0,2.264,2.264
r8_m090_split,8,split,4,90,both,query,us,4090,camera,oblique_2,730,UNSAT,1,8,0,0,0,1,0,177.689,177.689
r8_m090_split,8,split,4,90,both,query,raw_max_us,4090,camera,oblique_2,730,UNSAT,1,8,0,0,0,1,0,177.689,177.689
r8_m090_same,8,same,4,90,search,feasibility,nodes,204,camera,axis_1,40,SAT,81,16,2,4,0,5,4,9.645,10.937
r8_m090_same,8,same,4,90,search,feasibility,branches,204,camera,axis_1,40,SAT,81,16,2,4,0,5,4,9.645,10.937
r8_m090_same,8,same,4,90,search,feasibility,us,3895,camera,oblique_2,3027,SAT,1,8,0,0,0,1,0,29.405,112.42
r8_m090_same,8,same,4,90,search,feasibility,raw_max_us,4139,camera,oblique_2,877,SAT,2,9,0,0,0,1,0,11.527,312.813
r8_m090_same,8,same,4,90,search,projection,nodes,204,camera,axis_1,40,SAT,81,16,2,4,0,21,16,36.225,37.567
r8_m090_same,8,same,4,90,search,projection,branches,204,camera,axis_1,40,SAT,81,16,2,4,0,21,16,36.225,37.567
r8_m090_same,8,same,4,90,search,projection,us,2578,camera,axis_6,1000,SAT,35,16,8,1,0,10,6,69.335,72.38
r8_m090_same,8,same,4,90,search,projection,raw_max_us,4137,camera,oblique_2,769,SAT,3,10,0,0,0,3,0,24.457,257.64
r8_m090_same,8,same,4,90,search,query,nodes,194,camera,axis_1,58,SAT,9,12,2,2,0,3,2,5.388,5.388
r8_m090_same,8,same,4,90,search,query,branches,194,camera,axis_1,58,SAT,9,12,2,2,0,3,2,5.388,5.388
r8_m090_same,8,same,4,90,search,query,us,3492,camera,oblique_2,0,SAT,1,8,0,0,0,1,0,195.045,195.045
r8_m090_same,8,same,4,90,search,query,raw_max_us,3492,camera,oblique_2,0,SAT,1,8,0,0,0,1,0,195.045,195.045
r8_m090_same,8,same,4,90,decomposition,feasibility,nodes,204,camera,axis_1,40,SAT,81,16,2,4,0,9,4,7.662,7.972
r8_m090_same,8,same,4,90,decomposition,feasibility,branches,204,camera,axis_1,40,SAT,81,16,2,4,0,9,4,7.662,7.972
r8_m090_same,8,same,4,90,decomposition,feasibility,us,2578,camera,axis_6,1000,SAT,35,16,8,1,0,3,2,21.903,34.252
r8_m090_same,8,same,4,90,decomposition,feasibility,raw_max_us,3835,camera,oblique_2,3255,SAT,3,10,0,0,0,1,0,9.434,1243.061
r8_m090_same,8,same,4,90,decomposition,projection,nodes,204,camera,axis_1,40,SAT,81,16,2,4,0,37,16,29.474,29.705
r8_m090_same,8,same,4,90,decomposition,projection,branches,204,camera,axis_1,40,SAT,81,16,2,4,0,37,16,29.474,29.705
r8_m090_same,8,same,4,90,decomposition,projection,us,3380,camera,oblique_1,1675,SAT,1,8,0,0,0,1,0,71.227,170.949
r8_m090_same,8,same,4,90,decomposition,projection,raw_max_us,3532,camera,oblique_2,735,SAT,1,8,0,0,0,1,0,12.008,543.363
r8_m090_same,8,same,4,90,decomposition,query,nodes,194,camera,axis_1,58,SAT,9,12,2,2,0,5,2,5.138,5.138
r8_m090_same,8,same,4,90,decomposition,query,branches,194,camera,axis_1,58,SAT,9,12,2,2,0,5,2,5.138,5.138
r8_m090_same,8,same,4,90,decomposition,query,us,3451,camera,oblique_1,1522,SAT,3,10,0,0,0,1,0,63.917,63.917
r8_m090_same,8,same,4,90,decomposition,query,raw_max_us,3451,camera,oblique_1,1522,SAT,3,10,0,0,0,1,0,63.917,63.917
r8_m090_same,8,same,4,90,fixed_hit,feasibility,nodes,2869,camera,oblique_1,2976,SAT,3,10,2,1,1,2,1,10.185,10.386
r8_m090_same,8,same,4,90,fixed_hit,feasibility,branches,2869,camera,oblique_1,2976,SAT,3,10,2,1,1,2,1,10.185,10.386
r8_m090_same,8,same,4,90,fixed_hit,feasibility,us,4264,camera,oblique_2,3688,SAT,7,12,2,1,1,2,1,22.254,23.135
r8_m090_same,8,same,4,90,fixed_hit,feasibility,raw_max_us,4155,camera,oblique_2,3699,SAT,1,8,0,0,0,1,0,7.461,2980.431
r8_m090_same,8,same,4,90,fixed_hit,projection,nodes,204,camera,axis_1,40,SAT,81,16,2,4,0,9,0,21.603,22.454
r8_m090_same,8,same,4,90,fixed_hit,projection,branches,2869,camera,oblique_1,2976,SAT,3,10,2,1,1,3,1,15.925,15.985
r8_m090_same,8,same,4,90,fixed_hit,projection,us,2578,camera,axis_6,1000,SAT,35,16,8,1,0,9,0,75.945,81.824
r8_m090_same,8,same,4,90,fixed_hit,projection,raw_max_us,2139,camera,axis_6,3003,SAT,1,8,0,0,0,1,0,10.066,726.97
r8_m090_same,8,same,4,90,fixed_hit,query,nodes,2869,camera,oblique_1,2976,SAT,3,10,2,1,1,2,1,10.125,10.125
r8_m090_same,8,same,4,90,fixed_hit,query,branches,2869,camera,oblique_1,2976,SAT,3,10,2,1,1,2,1,10.125,10.125
r8_m090_same,8,same,4,90,fixed_hit,query,us,1624,camera,axis_3,1738,SAT,5,11,3,1,0,1,0,66.821,66.821
r8_m090_same,8,same,4,90,fixed_hit,query,raw_max_us,1624,camera,axis_3,1738,SAT,5,11,3,1,0,1,0,66.821,66.821
r8_m090_same,8,same,4,90,both,feasibility,nodes,2869,camera,oblique_1,2976,SAT,3,10,2,1,1,2,1,10.115,10.246
r8_m090_same,8,same,4,90,both,feasibility,branches,2869,camera,oblique_1,2976,SAT,3,10,2,1,1,2,1,10.115,10.246
r8_m090_same,8,same,4,90,both,feasibility,us,1700,camera,axis_3,3136,SAT,1,8,0,0,0,1,0,51.798,245.011
r8_m090_same,8,same,4,90,both,feasibility,raw_max_us,4149,camera,oblique_2,3199,SAT,7,12,2,1,1,2,1,17.046,1929.05
r8_m090_same,8,same,4,90,both,projection,nodes,204,camera,axis_1,40,SAT,81,16,2,4,0,9,0,21.352,21.432
r8_m090_same,8,same,4,90,both,projection,branches,2869,camera,oblique_1,2976,SAT,3,10,2,1,1,3,1,15.754,15.914
r8_m090_same,8,same,4,90,both,projection,us,2578,camera,axis_6,1000,SAT,35,16,8,1,0,9,0,76.686,77.417
r8_m090_same,8,same,4,90,both,projection,raw_max_us,1979,camera,axis_6,2268,SAT,1,8,0,0,0,1,0,9.745,823.557
r8_m090_same,8,same,4,90,both,query,nodes,2869,camera,oblique_1,2976,SAT,3,10,2,1,1,2,1,41.933,41.933
r8_m090_same,8,same,4,90,both,query,branches,2869,camera,oblique_1,2976,SAT,3,10,2,1,1,2,1,41.933,41.933
r8_m090_same,8,same,4,90,both,query,us,3783,camera,oblique_2,3246,SAT,3,10,0,0,0,1,0,50.717,50.717
r8_m090_same,8,same,4,90,both,query,raw_max_us,3783,camera,oblique_2,3246,SAT,3,10,0,0,0,1,0,50.717,50.717
r16_m090_split,16,split,4,90,search,feasibility,nodes,5232,camera,oblique_1,2470,SAT,3,10,2,1,0,2,1,22.774,28.133
r16_m090_split,16,split,4,90,search,feasibility,branches,5232,camera,oblique_1,2470,SAT,3,10,2,1,0,2,1,22.774,28.133
r16_m090_split,16,split,4,90,search,feasibility,us,5070,camera,oblique_1,3252,SAT,1,8,0,0,0,1,0,91.268,173.443
r16_m090_split,16,split,4,90,search,feasibility,raw_max_us,6154,camera,oblique_2,3135,SAT,1,8,0,0,0,1,0,15.474,2094.088
r16_m090_split,16,split,4,90,search,projection,nodes,598,camera,axis_1,40,SAT,16,12,0,0,0,5,0,10.816,10.947
r16_m090_split,16,split,4,90,search,projection,branches,5232,camera,oblique_1,2470,SAT,3,10,2,1,0,3,1,36.705,40.401
r16_m090_split,16,split,4,90,search,projection,us,5340,camera,oblique_2,1512,SAT,1,8,0,0,0,1,0,115.976,164.839
r16_m090_split,16,split,4,90,search,projection,raw_max_us,6095,camera,oblique_2,1846,SAT,1,8,0,0,0,1,0,29.545,1231.964
r16_m090_split,16,split,4,90,search,query,nodes,0,camera,axis_1,0,SAT,1,8,0,0,0,1,0,6.72,6.72
r16_m090_split,16,split,4,90,search,query,branches,0,camera,axis_1,0,SAT,1,8,0,0,0,1,0,6.72,6.72
r16_m090_split,16,split,4,90,search,query,us,5461,camera,oblique_2,1554,SAT,1,8,0,0,0,1,0,4080.255,4080.255
r16_m090_split,16,split,4,90,search,query,raw_max_us,5461,camera,oblique_2,1554,SAT,1,8,0,0,0,1,0,4080.255,4080.255
r16_m090_split,16,split,4,90,decomposition,feasibility,nodes,5232,camera,oblique_1,2470,SAT,3,10,2,1,0,2,1,22.905,23.465
r16_m090_split,16,split,4,90,decomposition,feasibility,branches,5232,camera,oblique_1,2470,SAT,3,10,2,1,0,2,1,22.905,23.465
r16_m090_split,16,split,4,90,decomposition,feasibility,us,6053,camera,oblique_2,367,SAT,1,8,0,0,0,1,0,120.262,148.435
r16_m090_split,16,split,4,90,decomposition,feasibility,raw_max_us,5205,camera,oblique_1,418,SAT,1,8,0,0,0,1,0,30.176,681.682
r16_m090_split,16,split,4,90,decomposition,projection,nodes,598,camera,axis_1,40,SAT,16,12,0,0,0,5,0,10.957,10.976
r16_m090_split,16,split,4,90,decomposition,projection,branches,5232,camera,oblique_1,2470,SAT,3,10,2,1,0,3,1,36.836,37.146
r16_m090_split,16,split,4,90,decomposition,projection,us,5028,camera,oblique_1,1038,SAT,2,9,0,0,0,2,0,94.814,106.421
r16_m090_split,16,split,4,90,decomposition,projection,raw_max_us,5467,camera,oblique_2,3654,SAT,1,8,0,0,0,1,0,26.56,3070.516
r16_m090_split,16,split,4,90,decomposition,query,nodes,0,camera,axis_1,0,SAT,1,8,0,0,0,1,0,3.055,3.055
r16_m090_split,16,split,4,90,decomposition,query,branches,0,camera,axis_1,0,SAT,1,8,0,0,0,1,0,3.055,3.055
r16_m090_split,16,split,4,90,decomposition,query,us,6554,perturb_1,oblique_2,3273,SAT,1,8,0,0,0,1,0,69.114,69.114
r16_m090_split,16,split,4,90,decomposition,query,raw_max_us,6554,perturb_1,oblique_2,3273,SAT,1,8,0,0,0,1,0,69.114,69.114
r16_m090_split,16,split,4,90,fixed_hit,feasibility,nodes,0,camera,axis_1,0,SAT,1,8,0,0,0,1,0,3.005,3.005
r16_m090_split,16,split,4,90,fixed_hit,feasibility,branches,0,camera,axis_1,0,SAT,1,8,0,0,0,1,0,3.005,3.005
r16_m090_split,16,split,4,90,fixed_hit,feasibility,us,5618,camera,oblique_2,987,SAT,1,8,0,0,0,1,0,69.074,71.008
r16_m090_split,16,split,4,90,fixed_hit,feasibility,raw_max_us,6099,camera,oblique_2,1738,SAT,1,8,0,0,0,1,0,21.333,3195.957
r16_m090_split,16,split,4,90,fixed_hit,projection,nodes,598,camera,axis_1,40,SAT,16,12,0,0,0,5,0,10.927,11.427
r16_m090_split,16,split,4,90,fixed_hit,projection,branches,0,camera,axis_1,0,SAT,1,8,0,0,0,1,0,4.327,4.467
r16_m090_split,16,split,4,90,fixed_hit,projection,us,5232,camera,oblique_1,2470,SAT,3,10,2,1,0,3,0,78.058,80.552
r16_m090_split,16,split,4,90,fixed_hit,projection,raw_max_us,5456,camera,oblique_2,1689,SAT,1,8,0,0,0,1,0,28.914,5050.833
r16_m090_split,16,split,4,90,fixed_hit,query,nodes,0,camera,axis_1,0,SAT,1,8,0,0,0,1,0,3.035,3.035
r16_m090_split,16,split,4,90,fixed_hit,query,branches,0,camera,axis_1,0,SAT,1,8,0,0,0,1,0,3.035,3.035
r16_m090_split,16,split,4,90,fixed_hit,query,us,6140,camera,oblique_2,813,SAT,1,8,0,0,0,1,0,875.575,875.575
r16_m090_split,16,split,4,90,fixed_hit,query,raw_max_us,6140,camera,oblique_2,813,SAT,1,8,0,0,0,1,0,875.575,875.575
r16_m090_split,16,split,4,90,both,feasibility,nodes,0,camera,axis_1,0,SAT,1,8,0,0,0,1,0,2.984,3.054
r16_m090_split,16,split,4,90,both,feasibility,branches,0,camera,axis_1,0,SAT,1,8,0,0,0,1,0,2.984,3.054
r16_m090_split,16,split,4,90,both,feasibility,us,5738,camera,oblique_2,3052,SAT,1,8,0,0,0,1,0,71.818,182.727
r16_m090_split,16,split,4,90,both,feasibility,raw_max_us,4075,camera,axis_6,3163,SAT,1,8,0,0,0,1,0,7.601,491.243
r16_m090_split,16,split,4,90,both,projection,nodes,598,camera,axis_1,40,SAT,16,12,0,0,0,5,0,11.037,11.186
r16_m090_split,16,split,4,90,both,projection,branches,0,camera,axis_1,0,SAT,1,8,0,0,0,1,0,4.266,4.296
r16_m090_split,16,split,4,90,both,projection,us,5365,camera,oblique_2,3753,SAT,1,8,0,0,0,1,0,81.874,120.552
r16_m090_split,16,split,4,90,both,projection,raw_max_us,3942,camera,axis_6,381,SAT,1,8,0,0,0,1,0,11.147,2554.776
r16_m090_split,16,split,4,90,both,query,nodes,0,camera,axis_1,0,SAT,1,8,0,0,0,1,0,2.875,2.875
r16_m090_split,16,split,4,90,both,query,branches,0,camera,axis_1,0,SAT,1,8,0,0,0,1,0,2.875,2.875
r16_m090_split,16,split,4,90,both,query,us,4229,perturb_4,axis_6,948,UNSAT,0,0,0,0,0,1,0,228.736,228.736
r16_m090_split,16,split,4,90,both,query,raw_max_us,4229,perturb_4,axis_6,948,UNSAT,0,0,0,0,0,1,0,228.736,228.736
r16_m090_same,16,same,4,90,search,feasibility,nodes,4542,camera,oblique_1,3222,SAT,3,10,2,1,0,2,1,22.124,76.025
r16_m090_same,16,same,4,90,search,feasibility,branches,4542,camera,oblique_1,3222,SAT,3,10,2,1,0,2,1,22.124,76.025
r16_m090_same,16,same,4,90,search,feasibility,us,5496,camera,oblique_2,3888,SAT,1,8,0,0,0,1,0,73.721,75.674
r16_m090_same,16,same,4,90,search,feasibility,raw_max_us,4865,camera,oblique_1,1906,SAT,1,8,0,0,0,1,0,16.334,5074.189
r16_m090_same,16,same,4,90,search,projection,nodes,598,camera,axis_1,40,SAT,16,12,0,0,0,5,0,11.057,14.853
r16_m090_same,16,same,4,90,search,projection,branches,4542,camera,oblique_1,3222,SAT,3,10,2,1,0,3,1,36.065,36.285
r16_m090_same,16,same,4,90,search,projection,us,5858,camera,oblique_2,3328,SAT,3,10,0,0,0,3,0,105.95,106.791
r16_m090_same,16,same,4,90,search,projection,raw_max_us,4890,camera,oblique_1,138,SAT,1,8,0,0,0,1,0,18.758,7076.098
r16_m090_same,16,same,4,90,search,query,nodes,0,camera,axis_1,0,SAT,1,8,0,0,0,1,0,3.215,3.215
r16_m090_same,16,same,4,90,search,query,branches,0,camera,axis_1,0,SAT,1,8,0,0,0,1,0,3.215,3.215
r16_m090_same,16,same,4,90,search,query,us,3511,camera,axis_6,2257,SAT,1,8,0,0,0,1,0,276.157,276.157
r16_m090_same,16,same,4,90,search,query,raw_max_us,3511,camera,axis_6,2257,SAT,1,8,0,0,0,1,0,276.157,276.157
r16_m090_same,16,same,4,90,decomposition,feasibility,nodes,4542,camera,oblique_1,3222,SAT,3,10,2,1,0,2,1,22.104,38.248
r16_m090_same,16,same,4,90,decomposition,feasibility,branches,4542,camera,oblique_1,3222,SAT,3,10,2,1,0,2,1,22.104,38.248
r16_m090_same,16,same,4,90,decomposition,feasibility,us,4662,camera,oblique_1,3652,SAT,1,8,0,0,0,1,0,69.225,86.081
r16_m090_same,16,same,4,90,decomposition,feasibility,raw_max_us,4854,camera,oblique_1,3202,SAT,8,12,2,1,0,2,1,24.216,3088.113
r16_m090_same,16,same,4,90,decomposition,projection,nodes,598,camera,axis_1,40,SAT,16,12,0,0,0,5,0,10.907,11.026
r16_m090_same,16,same,4,90,decomposition,projection,branches,4542,camera,oblique_1,3222,SAT,3,10,2,1,0,3,1,35.623,40.381
r16_m090_same,16,same,4,90,decomposition,projection,us,6321,camera,oblique_2,3199,SAT,8,12,2,1,0,5,1,107.423,120.272
r16_m090_same,16,same,4,90,decomposition,projection,raw_max_us,4755,camera,oblique_1,358,SAT,1,8,0,0,0,1,0,20.751,2262.203
r16_m090_same,16,same,4,90,decomposition,query,nodes,0,camera,axis_1,0,SAT,1,8,0,0,0,1,0,2.945,2.945
r16_m090_same,16,same,4,90,decomposition,query,branches,0,camera,axis_1,0,SAT,1,8,0,0,0,1,0,2.945,2.945
r16_m090_same,16,same,4,90,decomposition,query,us,1696,perturb_7,axis_2,3066,UNSAT,0,0,0,0,0,1,0,119.42,119.42
r16_m090_same,16,same,4,90,decomposition,query,raw_max_us,1696,perturb_7,axis_2,3066,UNSAT,0,0,0,0,0,1,0,119.42,119.42
r16_m090_same,16,same,4,90,fixed_hit,feasibility,nodes,4786,camera,oblique_1,3220,SAT,4,11,2,1,1,2,1,19.99,22.885
r16_m090_same,16,same,4,90,fixed_hit,feasibility,branches,4786,camera,oblique_1,3220,SAT,4,11,2,1,1,2,1,19.99,22.885
r16_m090_same,16,same,4,90,fixed_hit,feasibility,us,5664,camera,oblique_2,2383,SAT,1,8,0,0,0,1,0,63.837,183.618
r16_m090_same,16,same,4,90,fixed_hit,feasibility,raw_max_us,4806,camera,oblique_1,3889,SAT,1,8,0,0,0,1,0,9.905,3067.752
r16_m090_same,16,same,4,90,fixed_hit,projection,nodes,598,camera,axis_1,40,SAT,16,12,0,0,0,5,0,10.966,11.367
r16_m090_same,16,same,4,90,fixed_hit,projection,branches,4786,camera,oblique_1,3220,SAT,4,11,2,1,1,4,1,42.655,45.449
r16_m090_same,16,same,4,90,fixed_hit,projection,us,6321,camera,oblique_2,3199,SAT,8,12,2,1,0,4,0,92.099,208.806
r16_m090_same,16,same,4,90,fixed_hit,projection,raw_max_us,4609,camera,oblique_1,2944,SAT,1,8,0,0,0,1,0,16.034,7123.284
r16_m090_same,16,same,4,90,fixed_hit,query,nodes,0,camera,axis_1,0,SAT,1,8,0,0,0,1,0,2.935,2.935
r16_m090_same,16,same,4,90,fixed_hit,query,branches,0,camera,axis_1,0,SAT,1,8,0,0,0,1,0,2.935,2.935
r16_m090_same,16,same,4,90,fixed_hit,query,us,1215,camera,axis_2,3979,UNSAT,1,8,0,0,0,1,0,219.883,219.883
r16_m090_same,16,same,4,90,fixed_hit,query,raw_max_us,1215,camera,axis_2,3979,UNSAT,1,8,0,0,0,1,0,219.883,219.883
r16_m090_same,16,same,4,90,both,feasibility,nodes,4786,camera,oblique_1,3220,SAT,4,11,2,1,1,2,1,20.01,20.781
r16_m090_same,16,same,4,90,both,feasibility,branches,4786,camera,oblique_1,3220,SAT,4,11,2,1,1,2,1,20.01,20.781
r16_m090_same,16,same,4,90,both,feasibility,us,5947,camera,oblique_2,1765,SAT,2,9,0,0,0,1,0,27.081,32.259
r16_m090_same,16,same,4,90,both,feasibility,raw_max_us,4861,camera,oblique_1,1717,SAT,1,8,0,0,0,1,0,11.617,5061.079
r16_m090_same,16,same,4,90,both,projection,nodes,598,camera,axis_1,40,SAT,16,12,0,0,0,5,0,11.277,31.638
r16_m090_same,16,same,4,90,both,projection,branches,4786,camera,oblique_1,3220,SAT,4,11,2,1,1,4,1,42.845,43.465
r16_m090_same,16,same,4,90,both,projection,us,5943,camera,oblique_2,3202,SAT,8,12,2,1,0,4,0,89.345,98.269
r16_m090_same,16,same,4,90,both,projection,raw_max_us,4868,camera,oblique_1,3952,SAT,5,11,2,1,0,4,0,45.699,5123.113
r16_m090_same,16,same,4,90,both,query,nodes,0,camera,axis_1,0,SAT,1,8,0,0,0,1,0,2.905,2.905
r16_m090_same,16,same,4,90,both,query,branches,0,camera,axis_1,0,SAT,1,8,0,0,0,1,0,2.905,2.905
r16_m090_same,16,same,4,90,both,query,us,4815,camera,oblique_1,3976,SAT,2,9,0,0,0,1,0,3806.13,3806.13
r16_m090_same,16,same,4,90,both,query,raw_max_us,4815,camera,oblique_1,3976,SAT,2,9,0,0,0,1,0,3806.13,3806.13
r8_m031_same,8,same,5,31,search,feasibility,nodes,220,camera,axis_1,122,SAT,54,16,2,4,2,6,5,11.227,12.409
r8_m031_same,8,same,5,31,search,feasibility,branches,220,camera,axis_1,122,SAT,54,16,2,4,2,6,5,11.227,12.409
r8_m031_same,8,same,5,31,search,feasibility,us,3700,camera,axis_6,922,SAT,2,9,0,0,0,1,0,29.815,32.73
r8_m031_same,8,same,5,31,search,feasibility,raw_max_us,4556,camera,oblique_1,289,SAT,6,11,0,0,0,1,0,5.128,924.239
r8_m031_same,8,same,5,31,search,projection,nodes,220,camera,axis_1,122,SAT,54,16,2,4,2,27,20,43.336,45.87
r8_m031_same,8,same,5,31,search,projection,branches,220,camera,axis_1,122,SAT,54,16,2,4,2,27,20,43.336,45.87
r8_m031_same,8,same,5,31,search,projection,us,3571,camera,axis_6,1000,SAT,35,16,8,1,0,10,6,69.585,71.748
r8_m031_same,8,same,5,31,search,projection,raw_max_us,3043,camera,axis_6,1011,SAT,3,10,2,1,0,3,1,19.76,878.82
r8_m031_same,8,same,5,31,search,query,nodes,194,camera,axis_1,58,SAT,9,12,2,2,0,3,2,5.218,5.218
r8_m031_same,8,same,5,31,search,query,branches,194,camera,axis_1,58,SAT,9,12,2,2,0,3,2,5.218,5.218
r8_m031_same,8,same,5,31,search,query,us,4068,camera,oblique_1,2979,SAT,3,10,0,0,0,1,0,68.744,68.744
r8_m031_same,8,same,5,31,search,query,raw_max_us,4068,camera,oblique_1,2979,SAT,3,10,0,0,0,1,0,68.744,68.744
r8_m031_same,8,same,5,31,decomposition,feasibility,nodes,220,camera,axis_1,122,SAT,54,16,2,4,2,10,5,8.874,9.354
r8_m031_same,8,same,5,31,decomposition,feasibility,branches,220,camera,axis_1,122,SAT,54,16,2,4,2,10,5,8.874,9.354
r8_m031_same,8,same,5,31,decomposition,feasibility,us,3231,camera,axis_6,2408,SAT,1,8,0,0,0,1,0,53.24,62.594
r8_m031_same,8,same,5,31,decomposition,feasibility,raw_max_us,4381,camera,oblique_1,2381,SAT,2,9,0,0,0,1,0,27.111,772.469
r8_m031_same,8,same,5,31,decomposition,projection,nodes,220,camera,axis_1,122,SAT,54,16,2,4,2,43,20,35.814,36.906
r8_m031_same,8,same,5,31,decomposition,projection,branches,220,camera,axis_1,122,SAT,54,16,2,4,2,43,20,35.814,36.906
r8_m031_same,8,same,5,31,decomposition,projection,us,4851,camera,oblique_2,2231,SAT,2,9,0,0,0,2,0,150.638,237.369
r8_m031_same,8,same,5,31,decomposition,projection,raw_max_us,4366,camera,oblique_1,3164,SAT,2,9,0,0,0,2,0,11.508,843.957
r8_m031_same,8,same,5,31,decomposition,query,nodes,194,camera,axis_1,58,SAT,9,12,2,2,0,5,2,5.048,5.048
r8_m031_same,8,same,5,31,decomposition,query,branches,194,camera,axis_1,58,SAT,9,12,2,2,0,5,2,5.048,5.048
r8_m031_same,8,same,5,31,decomposition,query,us,0,camera,axis_1,0,SAT,1,8,0,0,0,1,0,58.689,58.689
r8_m031_same,8,same,5,31,decomposition,query,raw_max_us,0,camera,axis_1,0,SAT,1,8,0,0,0,1,0,58.689,58.689
r8_m031_same,8,same,5,31,fixed_hit,feasibility,nodes,80,camera,axis_1,83,SAT,2,10,2,1,2,3,2,4.256,4.357
r8_m031_same,8,same,5,31,fixed_hit,feasibility,branches,80,camera,axis_1,83,SAT,2,10,2,1,2,3,2,4.256,4.357
r8_m031_same,8,same,5,31,fixed_hit,feasibility,us,4845,camera,oblique_2,44,SAT,1,8,0,0,0,1,0,35.924,168.815
r8_m031_same,8,same,5,31,fixed_hit,feasibility,raw_max_us,5507,camera,oblique_2,2227,SAT,1,8,0,0,0,1,0,9.654,276.058
r8_m031_same,8,same,5,31,fixed_hit,projection,nodes,220,camera,axis_1,122,SAT,54,16,2,4,2,24,14,39.65,41.453
r8_m031_same,8,same,5,31,fixed_hit,projection,branches,220,camera,axis_1,122,SAT,54,16,2,4,2,24,14,39.65,41.453
r8_m031_same,8,same,5,31,fixed_hit,projection,us,3975,camera,oblique_1,3219,SAT,4,11,2,1,1,4,1,146.672,209.176
r8_m031_same,8,same,5,31,fixed_hit,projection,raw_max_us,4348,camera,oblique_1,2978,SAT,6,12,2,1,2,5,1,24.497,867.493
r8_m031_same,8,same,5,31,fixed_hit,query,nodes,555,camera,axis_2,161,SAT,2,10,2,1,2,2,1,4.998,4.998
r8_m031_same,8,same,5,31,fixed_hit,query,branches,555,camera,axis_2,161,SAT,2,10,2,1,2,2,1,4.998,4.998
r8_m031_same,8,same,5,31,fixed_hit,query,us,1914,camera,axis_3,989,UNSAT,1,8,0,0,0,1,0,56.155,56.155
r8_m031_same,8,same,5,31,fixed_hit,query,raw_max_us,1914,camera,axis_3,989,UNSAT,1,8,0,0,0,1,0,56.155,56.155
r8_m031_same,8,same,5,31,both,feasibility,nodes,220,camera,axis_1,122,SAT,54,16,2,4,2,7,2,7.862,8.032
r8_m031_same,8,same,5,31,both,feasibility,branches,80,camera,axis_1,83,SAT,2,10,2,1,2,3,2,4.286,4.287
r8_m031_same,8,same,5,31,both,feasibility,us,3105,camera,axis_6,416,SAT,1,8,0,0,0,1,0,53.951,131.128
r8_m031_same,8,same,5,31,both,feasibility,raw_max_us,3241,camera,axis_6,2667,SAT,1,8,0,0,0,1,0,6.76,1028.306
r8_m031_same,8,same,5,31,both,projection,nodes,220,camera,axis_1,122,SAT,54,16,2,4,2,46,14,47.682,48.473
r8_m031_same,8,same,5,31,both,projection,branches,220,camera,axis_1,122,SAT,54,16,2,4,2,46,14,47.682,48.473
r8_m031_same,8,same,5,31,both,projection,us,3571,camera,axis_6,1000,SAT,35,16,8,1,0,9,0,82.605,101.564
r8_m031_same,8,same,5,31,both,projection,raw_max_us,4329,camera,oblique_1,62,SAT,2,9,0,0,0,2,0,12.94,896.848
r8_m031_same,8,same,5,31,both,query,nodes,555,camera,axis_2,161,SAT,2,10,2,1,2,2,1,45.419,45.419
r8_m031_same,8,same,5,31,both,query,branches,555,camera,axis_2,161,SAT,2,10,2,1,2,2,1,45.419,45.419
r8_m031_same,8,same,5,31,both,query,us,6014,perturb_5,oblique_2,309,UNSAT,0,0,0,0,0,1,0,64.057,64.057
r8_m031_same,8,same,5,31,both,query,raw_max_us,6014,perturb_5,oblique_2,309,UNSAT,0,0,0,0,0,1,0,64.057,64.057
r8_m031_split,8,split,5,31,search,feasibility,nodes,220,camera,axis_1,122,SAT,54,16,2,4,2,6,5,11.607,12.89
r8_m031_split,8,split,5,31,search,feasibility,branches,220,camera,axis_1,122,SAT,54,16,2,4,2,6,5,11.607,12.89
r8_m031_split,8,split,5,31,search,feasibility,us,4985,camera,oblique_1,2950,SAT,1,8,0,0,0,1,0,26.03,137.668
r8_m031_split,8,split,5,31,search,feasibility,raw_max_us,4970,camera,oblique_1,1141,SAT,1,8,0,0,0,1,0,5.849,844.418
r8_m031_split,8,split,5,31,search,projection,nodes,220,camera,axis_1,122,SAT,54,16,2,4,2,27,20,44.347,46.06
r8_m031_split,8,split,5,31,search,projection,branches,220,camera,axis_1,122,SAT,54,16,2,4,2,27,20,44.347,46.06
r8_m031_split,8,split,5,31,search,projection,us,4040,camera,axis_6,1000,SAT,35,16,8,1,0,10,6,66.811,74.042
r8_m031_split,8,split,5,31,search,projection,raw_max_us,4962,camera,oblique_1,412,SAT,1,8,0,0,0,1,0,7.311,1555.584
r8_m031_split,8,split,5,31,search,query,nodes,194,camera,axis_1,58,SAT,9,12,2,2,0,3,2,5.458,5.458
r8_m031_split,8,split,5,31,search,query,branches,194,camera,axis_1,58,SAT,9,12,2,2,0,3,2,5.458,5.458
r8_m031_split,8,split,5,31,search,query,us,264,camera,axis_2,0,UNSAT,1,8,0,0,0,1,0,77.778,77.778
r8_m031_split,8,split,5,31,search,query,raw_max_us,264,camera,axis_2,0,UNSAT,1,8,0,0,0,1,0,77.778,77.778
r8_m031_split,8,split,5,31,decomposition,feasibility,nodes,220,camera,axis_1,122,SAT,54,16,2,4,2,10,5,8.943,9.234
r8_m031_split,8,split,5,31,decomposition,feasibility,branches,220,camera,axis_1,122,SAT,54,16,2,4,2,10,5,8.943,9.234
r8_m031_split,8,split,5,31,decomposition,feasibility,us,2581,camera,axis_3,122,SAT,1,8,0,0,0,1,0,44.918,92.41
r8_m031_split,8,split,5,31,decomposition,feasibility,raw_max_us,5173,camera,oblique_1,2953,SAT,3,10,0,0,0,1,0,5.218,874.644
r8_m031_split,8,split,5,31,decomposition,projection,nodes,220,camera,axis_1,122,SAT,54,16,2,4,2,43,20,36.145,36.335
r8_m031_split,8,split,5,31,decomposition,projection,branches,220,camera,axis_1,122,SAT,54,16,2,4,2,43,20,36.145,36.335
r8_m031_split,8,split,5,31,decomposition,projection,us,4040,camera,axis_6,1000,SAT,35,16,8,1,0,10,6,67.232,67.743
r8_m031_split,8,split,5,31,decomposition,projection,raw_max_us,6264,camera,oblique_2,2597,SAT,1,8,0,0,0,1,0,11.718,3066.2
r8_m031_split,8,split,5,31,decomposition,query,nodes,194,camera,axis_1,58,SAT,9,12,2,2,0,5,2,4.987,4.987
r8_m031_split,8,split,5,31,decomposition,query,branches,194,camera,axis_1,58,SAT,9,12,2,2,0,5,2,4.987,4.987
r8_m031_split,8,split,5,31,decomposition,query,us,5156,camera,oblique_1,2197,SAT,2,9,0,0,0,1,0,154.494,154.494
r8_m031_split,8,split,5,31,decomposition,query,raw_max_us,5156,camera,oblique_1,2197,SAT,2,9,0,0,0,1,0,154.494,154.494
r8_m031_split,8,split,5,31,fixed_hit,feasibility,nodes,80,camera,axis_1,83,SAT,2,10,2,1,2,3,2,4.297,4.407
r8_m031_split,8,split,5,31,fixed_hit,feasibility,branches,80,camera,axis_1,83,SAT,2,10,2,1,2,3,2,4.297,4.407
r8_m031_split,8,split,5,31,fixed_hit,feasibility,us,5075,camera,oblique_1,3217,SAT,3,10,0,0,0,1,0,66.611,74.252
r8_m031_split,8,split,5,31,fixed_hit,feasibility,raw_max_us,763,camera,axis_2,77,SAT,1,8,0,0,0,1,0,3.666,1163.23
r8_m031_split,8,split,5,31,fixed_hit,projection,nodes,220,camera,axis_1,122,SAT,54,16,2,4,2,24,14,40.421,41.433
r8_m031_split,8,split,5,31,fixed_hit,projection,branches,220,camera,axis_1,122,SAT,54,16,2,4,2,24,14,40.421,41.433
r8_m031_split,8,split,5,31,fixed_hit,projection,us,3018,camera,axis_6,942,SAT,2,9,0,0,0,2,0,137.959,175.596
r8_m031_split,8,split,5,31,fixed_hit,projection,raw_max_us,3345,camera,axis_6,2285,SAT,2,9,0,0,0,2,0,16.365,1331.725
r8_m031_split,8,split,5,31,fixed_hit,query,nodes,0,camera,axis_1,0,SAT,1,8,0,0,0,1,0,2.304,2.304
r8_m031_split,8,split,5,31,fixed_hit,query,branches,0,camera,axis_1,0,SAT,1,8,0,0,0,1,0,2.304,2.304
r8_m031_split,8,split,5,31,fixed_hit,query,us,1231,perturb_5,axis_2,3257,UNSAT,0,0,0,0,0,1,0,84.348,84.348
r8_m031_split,8,split,5,31,fixed_hit,query,raw_max_us,1231,perturb_5,axis_2,3257,UNSAT,0,0,0,0,0,1,0,84.348,84.348
r8_m031_split,8,split,5,31,both,feasibility,nodes,220,camera,axis_1,122,SAT,54,16,2,4,2,7,2,7.822,8.002
r8_m031_split,8,split,5,31,both,feasibility,branches,80,camera,axis_1,83,SAT,2,10,2,1,2,3,2,4.246,4.286
r8_m031_split,8,split,5,31,both,feasibility,us,6791,camera,oblique_2,53,SAT,1,8,0,0,0,1,0,61.703,72.88
r8_m031_split,8,split,5,31,both,feasibility,raw_max_us,4252,camera,axis_6,1077,SAT,1,8,0,0,0,1,0,6.5,1722.848
r8_m031_split,8,split,5,31,both,projection,nodes,220,camera,axis_1,122,SAT,54,16,2,4,2,46,14,47.833,48.494
r8_m031_split,8,split,5,31,both,projection,branches,220,camera,axis_1,122,SAT,54,16,2,4,2,46,14,47.833,48.494
r8_m031_split,8,split,5,31,both,projection,us,4040,camera,axis_6,1000,SAT,35,16,8,1,0,9,0,73.842,75.334
r8_m031_split,8,split,5,31,both,projection,raw_max_us,1304,camera,axis_3,965,SAT,1,8,0,0,0,1,0,6.059,988.095
r8_m031_split,8,split,5,31,both,query,nodes,0,camera,axis_1,0,SAT,1,8,0,0,0,1,0,2.264,2.264
r8_m031_split,8,split,5,31,both,query,branches,0,camera,axis_1,0,SAT,1,8,0,0,0,1,0,2.264,2.264
r8_m031_split,8,split,5,31,both,query,us,2856,camera,axis_6,2198,SAT,1,8,0,0,0,1,0,116.236,116.236
r8_m031_split,8,split,5,31,both,query,raw_max_us,2856,camera,axis_6,2198,SAT,1,8,0,0,0,1,0,116.236,116.236
r8_m248_split,8,split,5,248,search,feasibility,nodes,206,camera,axis_1,2254,SAT,54,16,2,4,2,6,5,11.517,12.158
r8_m248_split,8,split,5,248,search,feasibility,branches,206,camera,axis_1,2254,SAT,54,16,2,4,2,6,5,11.517,12.158
r8_m248_split,8,split,5,248,search,feasibility,us,3980,camera,axis_6,1000,SAT,35,16,8,1,0,3,2,24.918,37.437
r8_m248_split,8,split,5,248,search,feasibility,raw_max_us,194,camera,axis_1,58,SAT,27,14,2,3,0,4,3,8.192,786.54
r8_m248_split,8,split,5,248,search,projection,nodes,206,camera,axis_1,2254,SAT,54,16,2,4,2,27,20,45.969,47.652
r8_m248_split,8,split,5,248,search,projection,branches,206,camera,axis_1,2254,SAT,54,16,2,4,2,27,20,45.969,47.652
r8_m248_split,8,split,5,248,search,projection,us,3980,camera,axis_6,1000,SAT,35,16,8,1,0,10,6,69.546,74.263
r8_m248_split,8,split,5,248,search,projection,raw_max_us,1856,camera,axis_3,1008,SAT,2,9,0,0,0,2,0,9.545,790.446
r8_m248_split,8,split,5,248,search,query,nodes,260,perturb_4,axis_1,4033,SAT,18,14,2,3,2,5,4,9.294,9.294
r8_m248_split,8,split,5,248,search,query,branches,260,perturb_4,axis_1,4033,SAT,18,14,2,3,2,5,4,9.294,9.294
r8_m248_split,8,split,5,248,search,query,us,3096,camera,axis_6,2377,UNSAT,1,8,0,0,0,1,0,46.27,46.27
r8_m248_split,8,split,5,248,search,query,raw_max_us,3096,camera,axis_6,2377,UNSAT,1,8,0,0,0,1,0,46.27,46.27
r8_m248_split,8,split,5,248,decomposition,feasibility,nodes,206,camera,axis_1,2254,SAT,54,16,2,4,2,10,5,8.823,9.053
r8_m248_split,8,split,5,248,decomposition,feasibility,branches,206,camera,axis_1,2254,SAT,54,16,2,4,2,10,5,8.823,9.053
r8_m248_split,8,split,5,248,decomposition,feasibility,us,4015,camera,axis_6,2334,SAT,9,12,4,1,0,2,1,21.302,41.723
r8_m248_split,8,split,5,248,decomposition,feasibility,raw_max_us,288,camera,axis_2,2187,SAT,1,8,0,0,0,1,0,3.095,826.261
r8_m248_split,8,split,5,248,decomposition,projection,nodes,206,camera,axis_1,2254,SAT,54,16,2,4,2,43,20,36.776,37.117
r8_m248_split,8,split,5,248,decomposition,projection,branches,206,camera,axis_1,2254,SAT,54,16,2,4,2,43,20,36.776,37.117
r8_m248_split,8,split,5,248,decomposition,projection,us,3980,camera,axis_6,1000,SAT,35,16,8,1,0,10,6,69.706,70.246
r8_m248_split,8,split,5,248,decomposition,projection,raw_max_us,99,camera,axis_1,1999,SAT,9,12,2,2,0,9,4,11.508,962.277
r8_m248_split,8,split,5,248,decomposition,query,nodes,260,perturb_4,axis_1,4033,SAT,18,14,2,3,2,8,4,7.461,7.461
r8_m248_split,8,split,5,248,decomposition,query,branches,260,perturb_4,axis_1,4033,SAT,18,14,2,3,2,8,4,7.461,7.461
r8_m248_split,8,split,5,248,decomposition,query,us,3581,camera,axis_6,441,SAT,1,8,0,0,0,1,0,94.634,94.634
r8_m248_split,8,split,5,248,decomposition,query,raw_max_us,3581,camera,axis_6,441,SAT,1,8,0,0,0,1,0,94.634,94.634
r8_m248_split,8,split,5,248,fixed_hit,feasibility,nodes,10,camera,axis_1,2241,SAT,2,10,2,1,2,3,2,4.727,5.539
r8_m248_split,8,split,5,248,fixed_hit,feasibility,branches,10,camera,axis_1,2241,SAT,2,10,2,1,2,3,2,4.727,5.539
r8_m248_split,8,split,5,248,fixed_hit,feasibility,us,4001,camera,axis_6,4494,SAT,2,9,0,0,0,1,0,25.008,215.737
r8_m248_split,8,split,5,248,fixed_hit,feasibility,raw_max_us,2819,camera,axis_6,540,SAT,1,8,0,0,0,1,0,5.959,770.185
r8_m248_split,8,split,5,248,fixed_hit,projection,nodes,206,camera,axis_1,2254,SAT,54,16,2,4,2,24,14,43.786,63.636
r8_m248_split,8,split,5,248,fixed_hit,projection,branches,206,camera,axis_1,2254,SAT,54,16,2,4,2,24,14,43.786,63.636
r8_m248_split,8,split,5,248,fixed_hit,projection,us,3980,camera,axis_6,1000,SAT,35,16,8,1,0,9,0,76.476,79.19
r8_m248_split,8,split,5,248,fixed_hit,projection,raw_max_us,6672,camera,oblique_2,5079,SAT,1,8,0,0,0,1,0,36.265,751.337
r8_m248_split,8,split,5,248,fixed_hit,query,nodes,260,perturb_4,axis_1,4033,SAT,18,14,2,3,2,3,2,5.589,5.589
r8_m248_split,8,split,5,248,fixed_hit,query,branches,260,perturb_4,axis_1,4033,SAT,18,14,2,3,2,3,2,5.589,5.589
r8_m248_split,8,split,5,248,fixed_hit,query,us,5008,camera,oblique_1,5625,SAT,3,10,0,0,0,1,0,192.752,192.752
r8_m248_split,8,split,5,248,fixed_hit,query,raw_max_us,5008,camera,oblique_1,5625,SAT,3,10,0,0,0,1,0,192.752,192.752
r8_m248_split,8,split,5,248,both,feasibility,nodes,206,camera,axis_1,2254,SAT,54,16,2,4,2,7,2,7.952,43.506
r8_m248_split,8,split,5,248,both,feasibility,branches,10,camera,axis_1,2241,SAT,2,10,2,1,2,3,2,4.587,4.818
r8_m248_split,8,split,5,248,both,feasibility,us,3588,camera,axis_6,1659,SAT,1,8,0,0,0,1,0,27.932,57.367
r8_m248_split,8,split,5,248,both,feasibility,raw_max_us,3610,camera,axis_6,3387,SAT,1,8,0,0,0,1,0,7.551,833.962
r8_m248_split,8,split,5,248,both,projection,nodes,206,camera,axis_1,2254,SAT,54,16,2,4,2,46,14,49.074,50.987
r8_m248_split,8,split,5,248,both,projection,branches,206,camera,axis_1,2254,SAT,54,16,2,4,2,46,14,49.074,50.987
r8_m248_split,8,split,5,248,both,projection,us,6049,camera,oblique_2,1002,SAT,1,8,0,0,0,1,0,84.698,219.892
r8_m248_split,8,split,5,248,both,projection,raw_max_us,1042,camera,axis_2,463,SAT,3,10,2,1,0,3,0,8.623,794.373
r8_m248_split,8,split,5,248,both,query,nodes,260,perturb_4,axis_1,4033,SAT,18,14,2,3,2,6,2,6.731,6.731
r8_m248_split,8,split,5,248,both,query,branches,260,perturb_4,axis_1,4033,SAT,18,14,2,3,2,5,2,5.899,5.899
r8_m248_split,8,split,5,248,both,query,us,5625,perturb_0,oblique_1,931,UNSAT,2,9,0,0,0,1,0,104.979,104.979
r8_m248_split,8,split,5,248,both,query,raw_max_us,5625,perturb_0,oblique_1,931,UNSAT,2,9,0,0,0,1,0,104.979,104.979
r8_m248_same,8,same,5,248,search,feasibility,nodes,206,camera,axis_1,2254,SAT,54,16,2,4,2,6,5,11.227,11.958
r8_m248_same,8,same,5,248,search,feasibility,branches,206,camera,axis_1,2254,SAT,54,16,2,4,2,6,5,11.227,11.958
r8_m248_same,8,same,5,248,search,feasibility,us,3707,camera,axis_6,3874,SAT,1,8,0,0,0,1,0,38.798,69.094
r8_m248_same,8,same,5,248,search,feasibility,raw_max_us,4517,camera,oblique_1,6240,SAT,1,8,0,0,0,1,0,5.058,795.143
r8_m248_same,8,same,5,248,search,projection,nodes,206,camera,axis_1,2254,SAT,54,16,2,4,2,27,20,44.437,46.23
r8_m248_same,8,same,5,248,search,projection,branches,206,camera,axis_1,2254,SAT,54,16,2,4,2,27,20,44.437,46.23
r8_m248_same,8,same,5,248,search,projection,us,6157,camera,oblique_2,1794,SAT,1,8,0,0,0,1,0,77.688,102.516
r8_m248_same,8,same,5,248,search,projection,raw_max_us,62,camera,axis_1,2898,SAT,6,12,2,2,2,11,6,15.793,3094.603
r8_m248_same,8,same,5,248,search,query,nodes,260,perturb_4,axis_1,4033,SAT,18,14,2,3,2,5,4,8.853,8.853
r8_m248_same,8,same,5,248,search,query,branches,260,perturb_4,axis_1,4033,SAT,18,14,2,3,2,5,4,8.853,8.853
r8_m248_same,8,same,5,248,search,query,us,5256,camera,oblique_2,3144,SAT,1,8,0,0,0,1,0,66.591,66.591
r8_m248_same,8,same,5,248,search,query,raw_max_us,5256,camera,oblique_2,3144,SAT,1,8,0,0,0,1,0,66.591,66.591
r8_m248_same,8,same,5,248,decomposition,feasibility,nodes,206,camera,axis_1,2254,SAT,54,16,2,4,2,10,5,8.653,8.893
r8_m248_same,8,same,5,248,decomposition,feasibility,branches,206,camera,axis_1,2254,SAT,54,16,2,4,2,10,5,8.653,8.893
r8_m248_same,8,same,5,248,decomposition,feasibility,us,3598,camera,axis_6,5872,SAT,1,8,0,0,0,1,0,52.269,60.712
r8_m248_same,8,same,5,248,decomposition,feasibility,raw_max_us,4773,camera,oblique_2,486,SAT,1,8,0,0,0,1,0,10.185,815.224
r8_m248_same,8,same,5,248,decomposition,projection,nodes,206,camera,axis_1,2254,SAT,54,16,2,4,2,43,20,36.245,84.077
r8_m248_same,8,same,5,248,decomposition,projection,branches,206,camera,axis_1,2254,SAT,54,16,2,4,2,43,20,36.245,84.077
r8_m248_same,8,same,5,248,decomposition,projection,us,1427,camera,axis_3,4240,SAT,1,8,0,0,0,1,0,71.088,126.221
r8_m248_same,8,same,5,248,decomposition,projection,raw_max_us,6021,camera,oblique_2,6237,SAT,1,8,0,0,0,1,0,12.68,1355.641
r8_m248_same,8,same,5,248,decomposition,query,nodes,260,perturb_4,axis_1,4033,SAT,18,14,2,3,2,8,4,7.381,7.381
r8_m248_same,8,same,5,248,decomposition,query,branches,260,perturb_4,axis_1,4033,SAT,18,14,2,3,2,8,4,7.381,7.381
r8_m248_same,8,same,5,248,decomposition,query,us,6323,camera,oblique_2,6412,SAT,1,8,0,0,0,1,0,138.56,138.56
r8_m248_same,8,same,5,248,decomposition,query,raw_max_us,6323,camera,oblique_2,6412,SAT,1,8,0,0,0,1,0,138.56,138.56
r8_m248_same,8,same,5,248,fixed_hit,feasibility,nodes,10,camera,axis_1,2241,SAT,2,10,2,1,2,3,2,4.597,5.648
r8_m248_same,8,same,5,248,fixed_hit,feasibility,branches,10,camera,axis_1,2241,SAT,2,10,2,1,2,3,2,4.597,5.648
r8_m248_same,8,same,5,248,fixed_hit,feasibility,us,2998,camera,axis_6,1461,SAT,1,8,0,0,0,1,0,28.504,55.504
r8_m248_same,8,same,5,248,fixed_hit,feasibility,raw_max_us,4490,camera,oblique_1,4212,SAT,1,8,0,0,0,1,0,4.837,278.221
r8_m248_same,8,same,5,248,fixed_hit,projection,nodes,206,camera,axis_1,2254,SAT,54,16,2,4,2,24,14,42.415,44.317
r8_m248_same,8,same,5,248,fixed_hit,projection,branches,206,camera,axis_1,2254,SAT,54,16,2,4,2,24,14,42.415,44.317
r8_m248_same,8,same,5,248,fixed_hit,projection,us,4442,camera,oblique_1,5386,SAT,15,13,2,1,1,8,3,81.603,231.861
r8_m248_same,8,same,5,248,fixed_hit,projection,raw_max_us,5088,camera,oblique_2,441,SAT,1,8,0,0,0,1,0,12.629,1113.895
r8_m248_same,8,same,5,248,fixed_hit,query,nodes,260,perturb_4,axis_1,4033,SAT,18,14,2,3,2,3,2,5.438,5.438
r8_m248_same,8,same,5,248,fixed_hit,query,branches,260,perturb_4,axis_1,4033,SAT,18,14,2,3,2,3,2,5.438,5.438
r8_m248_same,8,same,5,248,fixed_hit,query,us,5644,camera,oblique_2,5511,UNSAT,1,8,0,0,0,1,0,245.832,245.832
r8_m248_same,8,same,5,248,fixed_hit,query,raw_max_us,5644,camera,oblique_2,5511,UNSAT,1,8,0,0,0,1,0,245.832,245.832
r8_m248_same,8,same,5,248,both,feasibility,nodes,206,camera,axis_1,2254,SAT,54,16,2,4,2,7,2,7.692,8.392
r8_m248_same,8,same,5,248,both,feasibility,branches,10,camera,axis_1,2241,SAT,2,10,2,1,2,3,2,4.487,4.767
r8_m248_same,8,same,5,248,both,feasibility,us,6023,camera,oblique_2,1755,SAT,1,8,0,0,0,1,0,144.158,497.994
r8_m248_same,8,same,5,248,both,feasibility,raw_max_us,6023,camera,oblique_2,1755,SAT,1,8,0,0,0,1,0,144.158,497.994
r8_m248_same,8,same,5,248,both,projection,nodes,206,camera,axis_1,2254,SAT,54,16,2,4,2,46,14,48.093,49.365
r8_m248_same,8,same,5,248,both,projection,branches,206,camera,axis_1,2254,SAT,54,16,2,4,2,46,14,48.093,49.365
r8_m248_same,8,same,5,248,both,projection,us,4422,camera,oblique_1,4681,SAT,6,11,3,1,2,7,2,110.116,231.531
r8_m248_same,8,same,5,248,both,projection,raw_max_us,5095,camera,oblique_2,3195,SAT,2,9,0,0,0,2,0,19.51,881.414
r8_m248_same,8,same,5,248,both,query,nodes,260,perturb_4,axis_1,4033,SAT,18,14,2,3,2,6,2,6.64,6.64
r8_m248_same,8,same,5,248,both,query,branches,260,perturb_4,axis_1,4033,SAT,18,14,2,3,2,5,2,5.689,5.689
r8_m248_same,8,same,5,248,both,query,us,256,perturb_0,axis_1,6436,SAT,3,10,2,1,0,1,0,172.752,172.752
r8_m248_same,8,same,5,248,both,query,raw_max_us,256,perturb_0,axis_1,6436,SAT,3,10,2,1,0,1,0,172.752,172.752
r8_m103_same,8,same,5,103,search,feasibility,nodes,119,camera,axis_1,1024,SAT,36,16,2,4,4,7,6,11.828,12.92
r8_m103_same,8,same,5,103,search,feasibility,branches,119,camera,axis_1,1024,SAT,36,16,2,4,4,7,6,11.828,12.92
r8_m103_same,8,same,5,103,search,feasibility,us,3278,camera,axis_6,1000,SAT,35,16,8,1,0,3,2,20.641,21.613
r8_m103_same,8,same,5,103,search,feasibility,raw_max_us,1133,camera,axis_3,2692,SAT,1,8,0,0,0,1,0,4.987,247.715
r8_m103_same,8,same,5,103,search,projection,nodes,119,camera,axis_1,1024,SAT,36,16,2,4,4,33,24,52.359,75.454
r8_m103_same,8,same,5,103,search,projection,branches,119,camera,axis_1,1024,SAT,36,16,2,4,4,33,24,52.359,75.454
r8_m103_same,8,same,5,103,search,projection,us,3269,camera,axis_6,2200,SAT,2,9,0,0,0,2,0,81.303,240.313
r8_m103_same,8,same,5,103,search,projection,raw_max_us,99,camera,axis_1,751,SAT,18,14,2,3,2,18,12,29.064,886.051
r8_m103_same,8,same,5,103,search,query,nodes,97,camera,axis_1,22,SAT,27,14,2,3,0,4,3,7.12,7.12
r8_m103_same,8,same,5,103,search,query,branches,97,camera,axis_1,22,SAT,27,14,2,3,0,4,3,7.12,7.12
r8_m103_same,8,same,5,103,search,query,us,3669,camera,oblique_1,1083,SAT,3,10,2,1,1,2,1,40.161,40.161
r8_m103_same,8,same,5,103,search,query,raw_max_us,3669,camera,oblique_1,1083,SAT,3,10,2,1,1,2,1,40.161,40.161
r8_m103_same,8,same,5,103,decomposition,feasibility,nodes,119,camera,axis_1,1024,SAT,36,16,2,4,4,11,6,9.244,9.264
r8_m103_same,8,same,5,103,decomposition,feasibility,branches,119,camera,axis_1,1024,SAT,36,16,2,4,4,11,6,9.244,9.264
r8_m103_same,8,same,5,103,decomposition,feasibility,us,3505,camera,axis_6,3504,SAT,2,9,0,0,0,1,0,63.707,88.414
r8_m103_same,8,same,5,103,decomposition,feasibility,raw_max_us,5694,camera,oblique_2,1997,SAT,1,8,0,0,0,1,0,11.427,802.545
r8_m103_same,8,same,5,103,decomposition,projection,nodes,119,camera,axis_1,1024,SAT,36,16,2,4,4,49,24,42.123,42.253
r8_m103_same,8,same,5,103,decomposition,projection,branches,119,camera,axis_1,1024,SAT,36,16,2,4,4,49,24,42.123,42.253
r8_m103_same,8,same,5,103,decomposition,projection,us,115,camera,axis_1,997,SAT,12,14,2,3,4,32,15,80.572,86.34
r8_m103_same,8,same,5,103,decomposition,projection,raw_max_us,5350,camera,oblique_2,1071,SAT,1,8,0,0,0,1,0,11.818,888.054
r8_m103_same,8,same,5,103,decomposition,query,nodes,97,camera,axis_1,22,SAT,27,14,2,3,0,7,3,6.399,6.399
r8_m103_same,8,same,5,103,decomposition,query,branches,97,camera,axis_1,22,SAT,27,14,2,3,0,7,3,6.399,6.399
r8_m103_same,8,same,5,103,decomposition,query,us,3565,perturb_1,axis_6,3510,SAT,1,8,0,0,0,1,0,146.953,146.953
r8_m103_same,8,same,5,103,decomposition,query,raw_max_us,3565,perturb_1,axis_6,3510,SAT,1,8,0,0,0,1,0,146.953,146.953
r8_m103_same,8,same,5,103,fixed_hit,feasibility,nodes,83,camera,axis_1,996,SAT,4,12,2,2,4,5,4,6.971,7.431
r8_m103_same,8,same,5,103,fixed_hit,feasibility,branches,83,camera,axis_1,996,SAT,4,12,2,2,4,5,4,6.971,7.431
r8_m103_same,8,same,5,103,fixed_hit,feasibility,us,2818,camera,axis_6,2285,SAT,5,11,3,1,0,1,0,14.081,62.525
r8_m103_same,8,same,5,103,fixed_hit,feasibility,raw_max_us,4068,camera,oblique_1,19,SAT,1,8,0,0,0,1,0,5.058,924.039
r8_m103_same,8,same,5,103,fixed_hit,projection,nodes,119,camera,axis_1,1024,SAT,36,16,2,4,4,35,24,53.531,55.033
r8_m103_same,8,same,5,103,fixed_hit,projection,branches,119,camera,axis_1,1024,SAT,36,16,2,4,4,35,24,53.531,55.033
r8_m103_same,8,same,5,103,fixed_hit,projection,us,3523,camera,axis_6,1079,SAT,1,8,0,0,0,1,0,131.899,142.025
r8_m103_same,8,same,5,103,fixed_hit,projection,raw_max_us,5890,camera,oblique_2,1587,SAT,1,8,0,0,0,1,0,16.244,862.154
r8_m103_same,8,same,5,103,fixed_hit,query,nodes,621,camera,axis_2,997,SAT,12,14,4,2,4,4,3,9.224,9.224
r8_m103_same,8,same,5,103,fixed_hit,query,branches,621,camera,axis_2,997,SAT,12,14,4,2,4,4,3,9.224,9.224
r8_m103_same,8,same,5,103,fixed_hit,query,us,1618,camera,axis_3,3903,SAT,2,9,0,0,0,1,0,354.296,354.296
r8_m103_same,8,same,5,103,fixed_hit,query,raw_max_us,1618,camera,axis_3,3903,SAT,2,9,0,0,0,1,0,354.296,354.296
r8_m103_same,8,same,5,103,both,feasibility,nodes,119,camera,axis_1,1024,SAT,36,16,2,4,4,9,4,8.663,8.994
r8_m103_same,8,same,5,103,both,feasibility,branches,83,camera,axis_1,996,SAT,4,12,2,2,4,7,4,7.261,7.281
r8_m103_same,8,same,5,103,both,feasibility,us,3078,camera,axis_6,3183,SAT,1,8,0,0,0,1,0,29.615,54.061
r8_m103_same,8,same,5,103,both,feasibility,raw_max_us,4692,camera,oblique_2,827,SAT,1,8,0,0,0,1,0,9.114,258.952
r8_m103_same,8,same,5,103,both,projection,nodes,119,camera,axis_1,1024,SAT,36,16,2,4,4,57,24,54.633,56.075
r8_m103_same,8,same,5,103,both,projection,branches,119,camera,axis_1,1024,SAT,36,16,2,4,4,57,24,54.633,56.075
r8_m103_same,8,same,5,103,both,projection,us,3278,camera,axis_6,1000,SAT,35,16,8,1,0,9,0,75.574,75.635
r8_m103_same,8,same,5,103,both,projection,raw_max_us,2365,camera,axis_6,1558,SAT,1,8,0,0,0,1,0,10.866,1077.4
r8_m103_same,8,same,5,103,both,query,nodes,621,camera,axis_2,997,SAT,12,14,4,2,4,6,3,8.603,8.603
r8_m103_same,8,same,5,103,both,query,branches,621,camera,axis_2,997,SAT,12,14,4,2,4,6,3,8.603,8.603
r8_m103_same,8,same,5,103,both,query,us,3960,camera,oblique_1,2197,UNSAT,1,8,0,0,0,1,0,183.788,183.788
r8_m103_same,8,same,5,103,both,query,raw_max_us,3960,camera,oblique_1,2197,UNSAT,1,8,0,0,0,1,0,183.788,183.788
r8_m103_split,8,split,5,103,search,feasibility,nodes,119,camera,axis_1,1024,SAT,36,16,2,4,4,7,6,11.878,12.789
r8_m103_split,8,split,5,103,search,feasibility,branches,119,camera,axis_1,1024,SAT,36,16,2,4,4,7,6,11.878,12.789
r8_m103_split,8,split,5,103,search,feasibility,us,3919,camera,axis_6,2758,SAT,1,8,0,0,0,1,0,41.023,62.745
r8_m103_split,8,split,5,103,search,feasibility,raw_max_us,3941,camera,axis_6,1834,SAT,1,8,0,0,0,1,0,7.201,473.207
r8_m103_split,8,split,5,103,search,projection,nodes,119,camera,axis_1,1024,SAT,36,16,2,4,4,33,24,49.665,52.119
r8_m103_split,8,split,5,103,search,projection,branches,119,camera,axis_1,1024,SAT,36,16,2,4,4,33,24,49.665,52.119
r8_m103_split,8,split,5,103,search,projection,us,733,camera,axis_2,93,SAT,7,12,4,1,0,5,2,106.851,236.608
r8_m103_split,8,split,5,103,search,projection,raw_max_us,5988,camera,oblique_2,2685,SAT,1,8,0,0,0,1,0,16.065,653.609
r8_m103_split,8,split,5,103,search,query,nodes,97,camera,axis_1,22,SAT,27,14,2,3,0,4,3,7.151,7.151
r8_m103_split,8,split,5,103,search,query,branches,97,camera,axis_1,22,SAT,27,14,2,3,0,4,3,7.151,7.151
r8_m103_split,8,split,5,103,search,query,us,5815,camera,oblique_2,999,UNSAT,1,8,0,0,0,1,0,56.556,56.556
r8_m103_split,8,split,5,103,search,query,raw_max_us,5815,camera,oblique_2,999,UNSAT,1,8,0,0,0,1,0,56.556,56.556
r8_m103_split,8,split,5,103,decomposition,feasibility,nodes,119,camera,axis_1,1024,SAT,36,16,2,4,4,11,6,9.174,9.344
r8_m103_split,8,split,5,103,decomposition,feasibility,branches,119,camera,axis_1,1024,SAT,36,16,2,4,4,11,6,9.174,9.344
r8_m103_split,8,split,5,103,decomposition,feasibility,us,3752,camera,axis_6,1000,SAT,35,16,8,1,0,3,2,20.992,21.082
r8_m103_split,8,split,5,103,decomposition,feasibility,raw_max_us,6343,camera,oblique_2,506,SAT,1,8,0,0,0,1,0,9.264,513.788
r8_m103_split,8,split,5,103,decomposition,projection,nodes,119,camera,axis_1,1024,SAT,36,16,2,4,4,49,24,41.803,42.554
r8_m103_split,8,split,5,103,decomposition,projection,branches,119,camera,axis_1,1024,SAT,36,16,2,4,4,49,24,41.803,42.554
r8_m103_split,8,split,5,103,decomposition,projection,us,3752,camera,axis_6,1000,SAT,35,16,8,1,0,10,6,68.103,68.574
r8_m103_split,8,split,5,103,decomposition,projection,raw_max_us,6335,camera,oblique_2,2724,SAT,1,8,0,0,0,1,0,12.359,982.707
r8_m103_split,8,split,5,103,decomposition,query,nodes,97,camera,axis_1,22,SAT,27,14,2,3,0,7,3,6.249,6.249
r8_m103_split,8,split,5,103,decomposition,query,branches,97,camera,axis_1,22,SAT,27,14,2,3,0,7,3,6.249,6.249
r8_m103_split,8,split,5,103,decomposition,query,us,6300,camera,oblique_2,1260,SAT,1,8,0,0,0,1,0,64.117,64.117
r8_m103_split,8,split,5,103,decomposition,query,raw_max_us,6300,camera,oblique_2,1260,SAT,1,8,0,0,0,1,0,64.117,64.117
r8_m103_split,8,split,5,103,fixed_hit,feasibility,nodes,83,camera,axis_1,996,SAT,4,12,2,2,4,5,4,6.901,7.321
r8_m103_split,8,split,5,103,fixed_hit,feasibility,branches,83,camera,axis_1,996,SAT,4,12,2,2,4,5,4,6.901,7.321
r8_m103_split,8,split,5,103,fixed_hit,feasibility,us,3998,camera,axis_6,2766,SAT,9,12,4,1,0,1,0,12.349,13.82
r8_m103_split,8,split,5,103,fixed_hit,feasibility,raw_max_us,6342,camera,oblique_2,2936,SAT,1,8,0,0,0,1,0,10.566,624.756
r8_m103_split,8,split,5,103,fixed_hit,projection,nodes,119,camera,axis_1,1024,SAT,36,16,2,4,4,35,24,55.223,81.353
r8_m103_split,8,split,5,103,fixed_hit,projection,branches,119,camera,axis_1,1024,SAT,36,16,2,4,4,35,24,55.223,81.353
r8_m103_split,8,split,5,103,fixed_hit,projection,us,3752,camera,axis_6,1000,SAT,35,16,8,1,0,9,0,77.678,87.673
r8_m103_split,8,split,5,103,fixed_hit,projection,raw_max_us,1772,camera,axis_3,2435,SAT,1,8,0,0,0,1,0,6.069,955.907
r8_m103_split,8,split,5,103,fixed_hit,query,nodes,0,camera,axis_1,0,SAT,1,8,0,0,0,1,0,2.073,2.073
r8_m103_split,8,split,5,103,fixed_hit,query,branches,0,camera,axis_1,0,SAT,1,8,0,0,0,1,0,2.073,2.073
r8_m103_split,8,split,5,103,fixed_hit,query,us,2433,perturb_4,axis_3,1828,UNSAT,0,0,0,0,0,1,0,81.193,81.193
r8_m103_split,8,split,5,103,fixed_hit,query,raw_max_us,2433,perturb_4,axis_3,1828,UNSAT,0,0,0,0,0,1,0,81.193,81.193
r8_m103_split,8,split,5,103,both,feasibility,nodes,119,camera,axis_1,1024,SAT,36,16,2,4,4,9,4,8.643,8.903
r8_m103_split,8,split,5,103,both,feasibility,branches,83,camera,axis_1,996,SAT,4,12,2,2,4,7,4,7.442,8.473
r8_m103_split,8,split,5,103,both,feasibility,us,6675,camera,oblique_2,130,SAT,1,8,0,0,0,1,0,11.667,95.044
r8_m103_split,8,split,5,103,both,feasibility,raw_max_us,6345,camera,oblique_2,1235,SAT,1,8,0,0,0,1,0,11.197,2357.669
r8_m103_split,8,split,5,103,both,projection,nodes,119,camera,axis_1,1024,SAT,36,16,2,4,4,57,24,54.172,56.326
r8_m103_split,8,split,5,103,both,projection,branches,119,camera,axis_1,1024,SAT,36,16,2,4,4,57,24,54.172,56.326
r8_m103_split,8,split,5,103,both,projection,us,3752,camera,axis_6,1000,SAT,35,16,8,1,0,9,0,73.791,75.384
r8_m103_split,8,split,5,103,both,projection,raw_max_us,6336,camera,oblique_2,3453,SAT,1,8,0,0,0,1,0,13.7,2377.869
r8_m103_split,8,split,5,103,both,query,nodes,0,camera,axis_1,0,SAT,1,8,0,0,0,1,0,2.063,2.063
r8_m103_split,8,split,5,103,both,query,branches,0,camera,axis_1,0,SAT,1,8,0,0,0,1,0,2.063,2.063
r8_m103_split,8,split,5,103,both,query,us,815,camera,axis_2,570,UNSAT,1,8,0,0,0,1,0,299.663,299.663
r8_m103_split,8,split,5,103,both,query,raw_max_us,815,camera,axis_2,570,UNSAT,1,8,0,0,0,1,0,299.663,299.663
r8_m173_split,8,split,5,173,search,feasibility,nodes,206,camera,axis_1,2254,SAT,54,16,2,4,2,6,5,11.247,11.978
r8_m173_split,8,split,5,173,search,feasibility,branches,206,camera,axis_1,2254,SAT,54,16,2,4,2,6,5,11.247,11.978
r8_m173_split,8,split,5,173,search,feasibility,us,6756,camera,oblique_2,5387,SAT,1,8,0,0,0,1,0,62.304,194.314
r8_m173_split,8,split,5,173,search,feasibility,raw_max_us,5278,camera,oblique_1,5188,SAT,1,8,0,0,0,1,0,5.268,234.385
r8_m173_split,8,split,5,173,search,projection,nodes,206,camera,axis_1,2254,SAT,54,16,2,4,2,27,20,44.658,47.022
r8_m173_split,8,split,5,173,search,projection,branches,206,camera,axis_1,2254,SAT,54,16,2,4,2,27,20,44.658,47.022
r8_m173_split,8,split,5,173,search,projection,us,4012,camera,axis_6,1000,SAT,35,16,8,1,0,10,6,85.779,108.364
r8_m173_split,8,split,5,173,search,projection,raw_max_us,2191,camera,axis_3,319,SAT,1,8,0,0,0,1,0,6.821,788.864
r8_m173_split,8,split,5,173,search,query,nodes,194,camera,axis_1,58,SAT,27,14,2,3,0,4,3,7.391,7.391
r8_m173_split,8,split,5,173,search,query,branches,194,camera,axis_1,58,SAT,27,14,2,3,0,4,3,7.391,7.391
r8_m173_split,8,split,5,173,search,query,us,6739,camera,oblique_2,5684,UNSAT,1,8,0,0,0,1,0,59.21,59.21
r8_m173_split,8,split,5,173,search,query,raw_max_us,6739,camera,oblique_2,5684,UNSAT,1,8,0,0,0,1,0,59.21,59.21
r8_m173_split,8,split,5,173,decomposition,feasibility,nodes,206,camera,axis_1,2254,SAT,54,16,2,4,2,10,5,8.893,9.174
r8_m173_split,8,split,5,173,decomposition,feasibility,branches,206,camera,axis_1,2254,SAT,54,16,2,4,2,10,5,8.893,9.174
r8_m173_split,8,split,5,173,decomposition,feasibility,us,4012,camera,axis_6,1000,SAT,35,16,8,1,0,3,2,26.61,26.831
r8_m173_split,8,split,5,173,decomposition,feasibility,raw_max_us,2142,camera,axis_3,22,SAT,1,8,0,0,0,1,0,4.197,384.091
r8_m173_split,8,split,5,173,decomposition,projection,nodes,206,camera,axis_1,2254,SAT,54,16,2,4,2,43,20,36.055,36.655
r8_m173_split,8,split,5,173,decomposition,projection,branches,206,camera,axis_1,2254,SAT,54,16,2,4,2,43,20,36.055,36.655
r8_m173_split,8,split,5,173,decomposition,projection,us,6848,camera,oblique_2,5359,SAT,1,8,0,0,0,1,0,84.829,135.225
r8_m173_split,8,split,5,173,decomposition,projection,raw_max_us,6857,camera,oblique_2,2691,SAT,1,8,0,0,0,1,0,12.158,1037.881
r8_m173_split,8,split,5,173,decomposition,query,nodes,194,camera,axis_1,58,SAT,27,14,2,3,0,7,3,6.049,6.049
r8_m173_split,8,split,5,173,decomposition,query,branches,194,camera,axis_1,58,SAT,27,14,2,3,0,7,3,6.049,6.049
r8_m173_split,8,split,5,173,decomposition,query,us,6254,camera,oblique_2,2512,SAT,1,8,0,0,0,1,0,259.192,259.192
r8_m173_split,8,split,5,173,decomposition,query,raw_max_us,6254,camera,oblique_2,2512,SAT,1,8,0,0,0,1,0,259.192,259.192
r8_m173_split,8,split,5,173,fixed_hit,feasibility,nodes,10,camera,axis_1,2241,SAT,2,10,2,1,2,3,2,4.447,5.758
r8_m173_split,8,split,5,173,fixed_hit,feasibility,branches,10,camera,axis_1,2241,SAT,2,10,2,1,2,3,2,4.447,5.758
r8_m173_split,8,split,5,173,fixed_hit,feasibility,us,3919,camera,axis_6,5502,SAT,1,8,0,0,0,1,0,18.278,18.518
r8_m173_split,8,split,5,173,fixed_hit,feasibility,raw_max_us,5666,camera,oblique_2,3033,SAT,1,8,0,0,0,1,0,13.059,766.23
r8_m173_split,8,split,5,173,fixed_hit,projection,nodes,206,camera,axis_1,2254,SAT,54,16,2,4,2,24,14,42.564,46.21
r8_m173_split,8,split,5,173,fixed_hit,projection,branches,206,camera,axis_1,2254,SAT,54,16,2,4,2,24,14,42.564,46.21
r8_m173_split,8,split,5,173,fixed_hit,projection,us,4012,camera,axis_6,1000,SAT,35,16,8,1,0,9,0,84.999,95.214
r8_m173_split,8,split,5,173,fixed_hit,projection,raw_max_us,5770,camera,oblique_2,2323,SAT,1,8,0,0,0,1,0,17.747,266.453
r8_m173_split,8,split,5,173,fixed_hit,query,nodes,0,camera,axis_1,0,SAT,1,8,0,0,0,1,0,2.163,2.163
r8_m173_split,8,split,5,173,fixed_hit,query,branches,0,camera,axis_1,0,SAT,1,8,0,0,0,1,0,2.163,2.163
r8_m173_split,8,split,5,173,fixed_hit,query,us,2320,camera,axis_3,2556,SAT,1,8,0,0,0,1,0,251.731,251.731
r8_m173_split,8,split,5,173,fixed_hit,query,raw_max_us,2320,camera,axis_3,2556,SAT,1,8,0,0,0,1,0,251.731,251.731
r8_m173_split,8,split,5,173,both,feasibility,nodes,206,camera,axis_1,2254,SAT,54,16,2,4,2,7,2,7.802,30.306
r8_m173_split,8,split,5,173,both,feasibility,branches,10,camera,axis_1,2241,SAT,2,10,2,1,2,3,2,4.637,26.229
r8_m173_split,8,split,5,173,both,feasibility,us,167,camera,axis_1,1290,SAT,3,10,2,1,0,1,0,17.417,44.408
r8_m173_split,8,split,5,173,both,feasibility,raw_max_us,6196,camera,oblique_2,2930,SAT,1,8,0,0,0,1,0,7.882,236.468
r8_m173_split,8,split,5,173,both,projection,nodes,206,camera,axis_1,2254,SAT,54,16,2,4,2,46,14,48.173,56.656
r8_m173_split,8,split,5,173,both,projection,branches,206,camera,axis_1,2254,SAT,54,16,2,4,2,46,14,48.173,56.656
r8_m173_split,8,split,5,173,both,projection,us,4012,camera,axis_6,1000,SAT,35,16,8,1,0,9,0,85.469,95.284
r8_m173_split,8,split,5,173,both,projection,raw_max_us,398,camera,axis_2,2736,SAT,1,8,0,0,0,1,0,4.848,909.411
r8_m173_split,8,split,5,173,both,query,nodes,0,camera,axis_1,0,SAT,1,8,0,0,0,1,0,2.163,2.163
r8_m173_split,8,split,5,173,both,query,branches,0,camera,axis_1,0,SAT,1,8,0,0,0,1,0,2.163,2.163
r8_m173_split,8,split,5,173,both,query,us,7418,camera,oblique_2,5747,SAT,1,8,0,0,0,1,0,189.838,189.838
r8_m173_split,8,split,5,173,both,query,raw_max_us,7418,camera,oblique_2,5747,SAT,1,8,0,0,0,1,0,189.838,189.838
r8_m173_same,8,same,5,173,search,feasibility,nodes,206,camera,axis_1,2254,SAT,54,16,2,4,2,6,5,11.187,11.858
r8_m173_same,8,same,5,173,search,feasibility,branches,206,camera,axis_1,2254,SAT,54,16,2,4,2,6,5,11.187,11.858
r8_m173_same,8,same,5,173,search,feasibility,us,4564,camera,oblique_1,101,SAT,1,8,0,0,0,1,0,28.864,51.417
r8_m173_same,8,same,5,173,search,feasibility,raw_max_us,1378,camera,axis_3,1297,SAT,1,8,0,0,0,1,0,4.417,926.001
r8_m173_same,8,same,5,173,search,projection,nodes,206,camera,axis_1,2254,SAT,54,16,2,4,2,27,20,44.077,46.561
r8_m173_same,8,same,5,173,search,projection,branches,206,camera,axis_1,2254,SAT,54,16,2,4,2,27,20,44.077,46.561
r8_m173_same,8,same,5,173,search,projection,us,6074,camera,oblique_2,2966,SAT,2,9,0,0,0,2,0,419.965,993.022
r8_m173_same,8,same,5,173,search,projection,raw_max_us,6074,camera,oblique_2,2966,SAT,2,9,0,0,0,2,0,419.965,993.022
r8_m173_same,8,same,5,173,search,query,nodes,194,camera,axis_1,58,SAT,27,14,2,3,0,4,3,7.652,7.652
r8_m173_same,8,same,5,173,search,query,branches,194,camera,axis_1,58,SAT,27,14,2,3,0,4,3,7.652,7.652
r8_m173_same,8,same,5,173,search,query,us,5934,camera,oblique_2,48,UNSAT,1,8,0,0,0,1,0,188.455,188.455
r8_m173_same,8,same,5,173,search,query,raw_max_us,5934,camera,oblique_2,48,UNSAT,1,8,0,0,0,1,0,188.455,188.455
r8_m173_same,8,same,5,173,decomposition,feasibility,nodes,206,camera,axis_1,2254,SAT,54,16,2,4,2,10,5,8.613,8.833
r8_m173_same,8,same,5,173,decomposition,feasibility,branches,206,camera,axis_1,2254,SAT,54,16,2,4,2,10,5,8.613,8.833
r8_m173_same,8,same,5,173,decomposition,feasibility,us,840,camera,axis_2,3054,SAT,6,12,4,1,2,3,2,81.303,157.959
r8_m173_same,8,same,5,173,decomposition,feasibility,raw_max_us,5356,camera,oblique_2,824,SAT,1,8,0,0,0,1,0,9.855,1255.25
r8_m173_same,8,same,5,173,decomposition,projection,nodes,206,camera,axis_1,2254,SAT,54,16,2,4,2,43,20,35.944,36.646
r8_m173_same,8,same,5,173,decomposition,projection,branches,206,camera,axis_1,2254,SAT,54,16,2,4,2,43,20,35.944,36.646
r8_m173_same,8,same,5,173,decomposition,projection,us,3116,camera,axis_6,1011,SAT,3,10,2,1,0,3,1,104.929,218.851
r8_m173_same,8,same,5,173,decomposition,projection,raw_max_us,6036,camera,oblique_2,319,SAT,1,8,0,0,0,1,0,14.382,850.087
r8_m173_same,8,same,5,173,decomposition,query,nodes,194,camera,axis_1,58,SAT,27,14,2,3,0,7,3,6.069,6.069
r8_m173_same,8,same,5,173,decomposition,query,branches,194,camera,axis_1,58,SAT,27,14,2,3,0,7,3,6.069,6.069
r8_m173_same,8,same,5,173,decomposition,query,us,943,perturb_7,axis_2,2299,SAT,2,9,0,0,0,1,0,105.199,105.199
r8_m173_same,8,same,5,173,decomposition,query,raw_max_us,943,perturb_7,axis_2,2299,SAT,2,9,0,0,0,1,0,105.199,105.199
r8_m173_same,8,same,5,173,fixed_hit,feasibility,nodes,10,camera,axis_1,2241,SAT,2,10,2,1,2,3,2,4.506,6.179
r8_m173_same,8,same,5,173,fixed_hit,feasibility,branches,10,camera,axis_1,2241,SAT,2,10,2,1,2,3,2,4.506,6.179
r8_m173_same,8,same,5,173,fixed_hit,feasibility,us,5733,camera,oblique_2,4900,SAT,1,8,0,0,0,1,0,33.41,50.917
r8_m173_same,8,same,5,173,fixed_hit,feasibility,raw_max_us,3464,camera,axis_6,868,SAT,1,8,0,0,0,1,0,7.882,3070.407
r8_m173_same,8,same,5,173,fixed_hit,projection,nodes,206,camera,axis_1,2254,SAT,54,16,2,4,2,24,14,42.344,45.308
r8_m173_same,8,same,5,173,fixed_hit,projection,branches,206,camera,axis_1,2254,SAT,54,16,2,4,2,24,14,42.344,45.308
r8_m173_same,8,same,5,173,fixed_hit,projection,us,2948,camera,axis_6,3475,SAT,1,8,0,0,0,1,0,153.372,204.83
r8_m173_same,8,same,5,173,fixed_hit,projection,raw_max_us,3457,camera,axis_6,5347,SAT,2,9,0,0,0,2,0,14.782,2094.53
r8_m173_same,8,same,5,173,fixed_hit,query,nodes,940,perturb_4,axis_2,4979,SAT,14,14,4,2,2,2,1,5.498,5.498
r8_m173_same,8,same,5,173,fixed_hit,query,branches,940,perturb_4,axis_2,4979,SAT,14,14,4,2,2,2,1,5.498,5.498
r8_m173_same,8,same,5,173,fixed_hit,query,us,1623,camera,axis_3,2244,SAT,1,8,0,0,0,1,0,907.633,907.633
r8_m173_same,8,same,5,173,fixed_hit,query,raw_max_us,1623,camera,axis_3,2244,SAT,1,8,0,0,0,1,0,907.633,907.633
r8_m173_same,8,same,5,173,both,feasibility,nodes,206,camera,axis_1,2254,SAT,54,16,2,4,2,7,2,7.622,8.533
r8_m173_same,8,same,5,173,both,feasibility,branches,10,camera,axis_1,2241,SAT,2,10,2,1,2,3,2,4.507,4.928
r8_m173_same,8,same,5,173,both,feasibility,us,1333,camera,axis_3,2999,SAT,1,8,0,0,0,1,0,47.031,55.504
r8_m173_same,8,same,5,173,both,feasibility,raw_max_us,3445,camera,axis_6,976,SAT,2,9,0,0,0,1,0,7.231,2632.665
r8_m173_same,8,same,5,173,both,projection,nodes,206,camera,axis_1,2254,SAT,54,16,2,4,2,46,14,49.505,49.625
r8_m173_same,8,same,5,173,both,projection,branches,206,camera,axis_1,2254,SAT,54,16,2,4,2,46,14,49.505,49.625
r8_m173_same,8,same,5,173,both,projection,us,1621,camera,axis_3,2478,SAT,1,8,0,0,0,1,0,126.772,310.47
r8_m173_same,8,same,5,173,both,projection,raw_max_us,3262,camera,axis_6,779,SAT,1,8,0,0,0,1,0,10.526,993.053
r8_m173_same,8,same,5,173,both,query,nodes,940,perturb_4,axis_2,4979,SAT,14,14,4,2,2,4,1,7.171,7.171
r8_m173_same,8,same,5,173,both,query,branches,940,perturb_4,axis_2,4979,SAT,14,14,4,2,2,2,1,5.468,5.468
r8_m173_same,8,same,5,173,both,query,us,1332,camera,axis_3,2342,SAT,1,8,0,0,0,1,0,202.436,202.436
r8_m173_same,8,same,5,173,both,query,raw_max_us,1332,camera,axis_3,2342,SAT,1,8,0,0,0,1,0,202.436,202.436
r8_m063_same,8,same,6,63,search,feasibility,nodes,252,camera,axis_1,368,SAT,36,16,2,4,4,7,6,12.269,13.25
r8_m063_same,8,same,6,63,search,feasibility,branches,252,camera,axis_1,368,SAT,36,16,2,4,4,7,6,12.269,13.25
r8_m063_same,8,same,6,63,search,feasibility,us,5168,camera,axis_6,2617,SAT,2,12,4,1,4,2,1,72.49,73.1
r8_m063_same,8,same,6,63,search,feasibility,raw_max_us,6034,camera,oblique_1,2240,SAT,14,13,2,1,1,2,1,11.507,947.474
r8_m063_same,8,same,6,63,search,projection,nodes,252,camera,axis_1,368,SAT,36,16,2,4,4,33,24,49.925,65.76
r8_m063_same,8,same,6,63,search,projection,branches,252,camera,axis_1,368,SAT,36,16,2,4,4,33,24,49.925,65.76
r8_m063_same,8,same,6,63,search,projection,us,5939,camera,oblique_1,2454,SAT,36,14,0,0,0,7,0,268.055,873.241
r8_m063_same,8,same,6,63,search,projection,raw_max_us,8040,camera,oblique_2,3425,SAT,9,12,0,0,0,5,0,42.775,1255.42
r8_m063_same,8,same,6,63,search,query,nodes,263,perturb_7,axis_1,3524,SAT,18,14,2,3,2,5,4,8.523,8.523
r8_m063_same,8,same,6,63,search,query,branches,263,perturb_7,axis_1,3524,SAT,18,14,2,3,2,5,4,8.523,8.523
r8_m063_same,8,same,6,63,search,query,us,7031,camera,oblique_2,3009,UNSAT,2,9,0,0,0,1,0,78.168,78.168
r8_m063_same,8,same,6,63,search,query,raw_max_us,7031,camera,oblique_2,3009,UNSAT,2,9,0,0,0,1,0,78.168,78.168
r8_m063_same,8,same,6,63,decomposition,feasibility,nodes,252,camera,axis_1,368,SAT,36,16,2,4,4,11,6,9.865,10.255
r8_m063_same,8,same,6,63,decomposition,feasibility,branches,252,camera,axis_1,368,SAT,36,16,2,4,4,11,6,9.865,10.255
r8_m063_same,8,same,6,63,decomposition,feasibility,us,3220,camera,axis_6,2394,SAT,1,8,0,0,0,1,0,40.061,113.522
r8_m063_same,8,same,6,63,decomposition,feasibility,raw_max_us,4573,camera,axis_6,714,SAT,1,8,0,0,0,1,0,9.624,1763.118
r8_m063_same,8,same,6,63,decomposition,projection,nodes,252,camera,axis_1,368,SAT,36,16,2,4,4,49,24,42.705,43.436
r8_m063_same,8,same,6,63,decomposition,projection,branches,252,camera,axis_1,368,SAT,36,16,2,4,4,49,24,42.705,43.436
r8_m063_same,8,same,6,63,decomposition,projection,us,4699,camera,axis_6,397,SAT,3,10,2,1,0,3,1,93.331,148.685
r8_m063_same,8,same,6,63,decomposition,projection,raw_max_us,6579,camera,oblique_2,3004,SAT,5,11,2,1,1,4,0,33.771,1175.208
r8_m063_same,8,same,6,63,decomposition,query,nodes,263,perturb_7,axis_1,3524,SAT,18,14,2,3,2,8,4,7.361,7.361
r8_m063_same,8,same,6,63,decomposition,query,branches,263,perturb_7,axis_1,3524,SAT,18,14,2,3,2,8,4,7.361,7.361
r8_m063_same,8,same,6,63,decomposition,query,us,5208,camera,oblique_1,0,SAT,1,8,0,0,0,1,0,88.303,88.303
r8_m063_same,8,same,6,63,decomposition,query,raw_max_us,5208,camera,oblique_1,0,SAT,1,8,0,0,0,1,0,88.303,88.303
r8_m063_same,8,same,6,63,fixed_hit,feasibility,nodes,240,camera,axis_1,332,SAT,4,12,2,2,4,5,4,7.101,7.151
r8_m063_same,8,same,6,63,fixed_hit,feasibility,branches,240,camera,axis_1,332,SAT,4,12,2,2,4,5,4,7.101,7.151
r8_m063_same,8,same,6,63,fixed_hit,feasibility,us,7988,camera,oblique_2,3208,SAT,1,8,0,0,0,1,0,38.649,134.333
r8_m063_same,8,same,6,63,fixed_hit,feasibility,raw_max_us,6254,camera,oblique_2,177,SAT,1,8,0,0,0,1,0,11.417,1081.366
r8_m063_same,8,same,6,63,fixed_hit,projection,nodes,252,camera,axis_1,368,SAT,36,16,2,4,4,35,24,54.092,55.614
r8_m063_same,8,same,6,63,fixed_hit,projection,branches,252,camera,axis_1,368,SAT,36,16,2,4,4,35,24,54.092,55.614
r8_m063_same,8,same,6,63,fixed_hit,projection,us,3221,camera,axis_6,2396,SAT,1,8,0,0,0,1,0,82.354,170.357
r8_m063_same,8,same,6,63,fixed_hit,projection,raw_max_us,4580,camera,axis_6,474,SAT,2,9,0,0,0,2,0,27.532,968.355
r8_m063_same,8,same,6,63,fixed_hit,query,nodes,1040,camera,axis_2,359,SAT,12,14,4,2,4,4,3,9.795,9.795
r8_m063_same,8,same,6,63,fixed_hit,query,branches,1040,camera,axis_2,359,SAT,12,14,4,2,4,4,3,9.795,9.795
r8_m063_same,8,same,6,63,fixed_hit,query,us,361,camera,axis_2,540,SAT,2,9,0,0,0,1,0,198.401,198.401
r8_m063_same,8,same,6,63,fixed_hit,query,raw_max_us,361,camera,axis_2,540,SAT,2,9,0,0,0,1,0,198.401,198.401
r8_m063_same,8,same,6,63,both,feasibility,nodes,252,camera,axis_1,368,SAT,36,16,2,4,4,9,4,9.274,9.374
r8_m063_same,8,same,6,63,both,feasibility,branches,240,camera,axis_1,332,SAT,4,12,2,2,4,7,4,7.14,7.281
r8_m063_same,8,same,6,63,both,feasibility,us,8013,camera,oblique_2,806,SAT,3,10,0,0,0,1,0,32.669,69.375
r8_m063_same,8,same,6,63,both,feasibility,raw_max_us,6865,camera,oblique_2,2609,SAT,3,10,0,0,0,1,0,12.809,1020.114
r8_m063_same,8,same,6,63,both,projection,nodes,252,camera,axis_1,368,SAT,36,16,2,4,4,57,24,55.153,55.294
r8_m063_same,8,same,6,63,both,projection,branches,252,camera,axis_1,368,SAT,36,16,2,4,4,57,24,55.153,55.294
r8_m063_same,8,same,6,63,both,projection,us,6190,camera,oblique_2,900,SAT,1,8,0,0,0,1,0,87.683,102.175
r8_m063_same,8,same,6,63,both,projection,raw_max_us,6661,camera,oblique_2,529,SAT,1,8,0,0,0,1,0,14.662,1292.105
r8_m063_same,8,same,6,63,both,query,nodes,263,perturb_7,axis_1,3524,SAT,18,14,2,3,2,6,2,7.111,7.111
r8_m063_same,8,same,6,63,both,query,branches,1040,camera,axis_2,359,SAT,12,14,4,2,4,6,3,10.015,10.015
r8_m063_same,8,same,6,63,both,query,us,7613,camera,oblique_2,3502,SAT,2,9,0,0,0,1,0,916.047,916.047
r8_m063_same,8,same,6,63,both,query,raw_max_us,7613,camera,oblique_2,3502,SAT,2,9,0,0,0,1,0,916.047,916.047
r8_m063_split,8,split,6,63,search,feasibility,nodes,252,camera,axis_1,368,SAT,36,16,2,4,4,7,6,12.559,13.831
r8_m063_split,8,split,6,63,search,feasibility,branches,252,camera,axis_1,368,SAT,36,16,2,4,4,7,6,12.559,13.831
r8_m063_split,8,split,6,63,search,feasibility,us,2529,camera,axis_3,2995,SAT,1,8,0,0,0,1,0,57.898,103.126
r8_m063_split,8,split,6,63,search,feasibility,raw_max_us,4786,camera,axis_6,2763,SAT,2,9,0,0,0,1,0,8.172,1854.286
r8_m063_split,8,split,6,63,search,projection,nodes,252,camera,axis_1,368,SAT,36,16,2,4,4,33,24,55.294,96.025
r8_m063_split,8,split,6,63,search,projection,branches,252,camera,axis_1,368,SAT,36,16,2,4,4,33,24,55.294,96.025
r8_m063_split,8,split,6,63,search,projection,us,8821,camera,oblique_2,2493,SAT,1,8,0,0,0,1,0,83.266,86.751
r8_m063_split,8,split,6,63,search,projection,raw_max_us,7656,camera,oblique_1,672,SAT,1,8,0,0,0,1,0,8.993,1480.901
r8_m063_split,8,split,6,63,search,query,nodes,263,perturb_7,axis_1,3524,SAT,18,14,2,3,2,5,4,8.523,8.523
r8_m063_split,8,split,6,63,search,query,branches,263,perturb_7,axis_1,3524,SAT,18,14,2,3,2,5,4,8.523,8.523
r8_m063_split,8,split,6,63,search,query,us,10203,camera,oblique_2,100,UNSAT,1,8,0,0,0,1,0,1079.354,1079.354
r8_m063_split,8,split,6,63,search,query,raw_max_us,10203,camera,oblique_2,100,UNSAT,1,8,0,0,0,1,0,1079.354,1079.354
r8_m063_split,8,split,6,63,decomposition,feasibility,nodes,252,camera,axis_1,368,SAT,36,16,2,4,4,11,6,9.985,11.097
r8_m063_split,8,split,6,63,decomposition,feasibility,branches,252,camera,axis_1,368,SAT,36,16,2,4,4,11,6,9.985,11.097
r8_m063_split,8,split,6,63,decomposition,feasibility,us,10744,camera,oblique_2,2884,SAT,1,8,0,0,0,1,0,72.29,90.968
r8_m063_split,8,split,6,63,decomposition,feasibility,raw_max_us,4928,camera,axis_6,898,SAT,1,8,0,0,0,1,0,6.51,2319.16
r8_m063_split,8,split,6,63,decomposition,projection,nodes,252,camera,axis_1,368,SAT,36,16,2,4,4,49,24,43.085,43.596
r8_m063_split,8,split,6,63,decomposition,projection,branches,252,camera,axis_1,368,SAT,36,16,2,4,4,49,24,43.085,43.596
r8_m063_split,8,split,6,63,decomposition,projection,us,4412,camera,axis_6,3624,SAT,1,8,0,0,0,1,0,102.666,199.051
r8_m063_split,8,split,6,63,decomposition,projection,raw_max_us,4939,camera,axis_6,916,SAT,1,8,0,0,0,1,0,9.845,1398.797
r8_m063_split,8,split,6,63,decomposition,query,nodes,263,perturb_7,axis_1,3524,SAT,18,14,2,3,2,8,4,7.381,7.381
r8_m063_split,8,split,6,63,decomposition,query,branches,263,perturb_7,axis_1,3524,SAT,18,14,2,3,2,8,4,7.381,7.381
r8_m063_split,8,split,6,63,decomposition,query,us,8554,camera,oblique_2,3403,UNSAT,1,8,0,0,0,1,0,103.456,103.456
r8_m063_split,8,split,6,63,decomposition,query,raw_max_us,8554,camera,oblique_2,3403,UNSAT,1,8,0,0,0,1,0,103.456,103.456
r8_m063_split,8,split,6,63,fixed_hit,feasibility,nodes,240,camera,axis_1,332,SAT,4,12,2,2,4,5,4,7.121,7.471
r8_m063_split,8,split,6,63,fixed_hit,feasibility,branches,240,camera,axis_1,332,SAT,4,12,2,2,4,5,4,7.121,7.471
r8_m063_split,8,split,6,63,fixed_hit,feasibility,us,10247,camera,oblique_2,2664,SAT,1,8,0,0,0,1,0,167.934,185.04
r8_m063_split,8,split,6,63,fixed_hit,feasibility,raw_max_us,7605,camera,oblique_1,2713,SAT,3,10,0,0,0,1,0,6.58,1170.011
r8_m063_split,8,split,6,63,fixed_hit,projection,nodes,252,camera,axis_1,368,SAT,36,16,2,4,4,35,24,55.644,59.399
r8_m063_split,8,split,6,63,fixed_hit,projection,branches,252,camera,axis_1,368,SAT,36,16,2,4,4,35,24,55.644,59.399
r8_m063_split,8,split,6,63,fixed_hit,projection,us,10187,camera,oblique_2,2206,SAT,1,8,0,0,0,1,0,174.925,326.194
r8_m063_split,8,split,6,63,fixed_hit,projection,raw_max_us,10235,camera,oblique_2,2448,SAT,1,8,0,0,0,1,0,12.108,1429.012
r8_m063_split,8,split,6,63,fixed_hit,query,nodes,263,perturb_7,axis_1,3524,SAT,18,14,2,3,2,3,2,5.499,5.499
r8_m063_split,8,split,6,63,fixed_hit,query,branches,263,perturb_7,axis_1,3524,SAT,18,14,2,3,2,3,2,5.499,5.499
r8_m063_split,8,split,6,63,fixed_hit,query,us,7867,perturb_0,oblique_1,1022,SAT,4,10,0,0,0,1,0,131.609,131.609
r8_m063_split,8,split,6,63,fixed_hit,query,raw_max_us,7867,perturb_0,oblique_1,1022,SAT,4,10,0,0,0,1,0,131.609,131.609
r8_m063_split,8,split,6,63,both,feasibility,nodes,252,camera,axis_1,368,SAT,36,16,2,4,4,9,4,9.795,84.728
r8_m063_split,8,split,6,63,both,feasibility,branches,240,camera,axis_1,332,SAT,4,12,2,2,4,7,4,7.101,7.261
r8_m063_split,8,split,6,63,both,feasibility,us,9868,camera,oblique_2,3609,SAT,1,8,0,0,0,1,0,134.905,173.342
r8_m063_split,8,split,6,63,both,feasibility,raw_max_us,10237,camera,oblique_2,2610,SAT,1,8,0,0,0,1,0,8.213,2999.88
r8_m063_split,8,split,6,63,both,projection,nodes,252,camera,axis_1,368,SAT,36,16,2,4,4,57,24,55.744,56.245
r8_m063_split,8,split,6,63,both,projection,branches,252,camera,axis_1,368,SAT,36,16,2,4,4,57,24,55.744,56.245
r8_m063_split,8,split,6,63,both,projection,us,6327,camera,axis_6,2813,SAT,1,8,0,0,0,1,0,270.179,331.161
r8_m063_split,8,split,6,63,both,projection,raw_max_us,10229,camera,oblique_2,2800,SAT,1,8,0,0,0,1,0,79.34,1806.765
r8_m063_split,8,split,6,63,both,query,nodes,263,perturb_7,axis_1,3524,SAT,18,14,2,3,2,6,2,6.961,6.961
r8_m063_split,8,split,6,63,both,query,branches,263,perturb_7,axis_1,3524,SAT,18,14,2,3,2,6,2,6.961,6.961
r8_m063_split,8,split,6,63,both,query,us,10770,perturb_5,oblique_2,2741,UNSAT,0,0,0,0,0,1,0,60.261,60.261
r8_m063_split,8,split,6,63,both,query,raw_max_us,10770,perturb_5,oblique_2,2741,UNSAT,0,0,0,0,0,1,0,60.261,60.261
r8_m252_split,8,split,6,252,search,feasibility,nodes,207,camera,axis_1,2992,SAT,36,16,2,4,4,7,6,13.29,13.841
r8_m252_split,8,split,6,252,search,feasibility,branches,207,camera,axis_1,2992,SAT,36,16,2,4,4,7,6,13.29,13.841
r8_m252_split,8,split,6,252,search,feasibility,us,10692,camera,oblique_2,3901,SAT,1,8,0,0,0,1,0,51.918,78.219
r8_m252_split,8,split,6,252,search,feasibility,raw_max_us,9763,camera,oblique_2,5941,SAT,1,8,0,0,0,1,0,8.042,1423.685
r8_m252_split,8,split,6,252,search,projection,nodes,207,camera,axis_1,2992,SAT,36,16,2,4,4,33,24,57.377,71.358
r8_m252_split,8,split,6,252,search,projection,branches,207,camera,axis_1,2992,SAT,36,16,2,4,4,33,24,57.377,71.358
r8_m252_split,8,split,6,252,search,projection,us,87,camera,axis_1,964,SAT,6,12,2,2,2,11,6,114.443,205.091
r8_m252_split,8,split,6,252,search,projection,raw_max_us,10562,camera,oblique_2,1588,SAT,1,8,0,0,0,1,0,13.771,2171.536
r8_m252_split,8,split,6,252,search,query,nodes,194,camera,axis_1,58,SAT,27,14,2,3,0,4,3,7.461,7.461
r8_m252_split,8,split,6,252,search,query,branches,194,camera,axis_1,58,SAT,27,14,2,3,0,4,3,7.461,7.461
r8_m252_split,8,split,6,252,search,query,us,10695,perturb_0,oblique_2,3663,SAT,1,8,0,0,0,1,0,2370.763,2370.763
r8_m252_split,8,split,6,252,search,query,raw_max_us,10695,perturb_0,oblique_2,3663,SAT,1,8,0,0,0,1,0,2370.763,2370.763
r8_m252_split,8,split,6,252,decomposition,feasibility,nodes,207,camera,axis_1,2992,SAT,36,16,2,4,4,11,6,9.985,10.036
r8_m252_split,8,split,6,252,decomposition,feasibility,branches,207,camera,axis_1,2992,SAT,36,16,2,4,4,11,6,9.985,10.036
r8_m252_split,8,split,6,252,decomposition,feasibility,us,3857,camera,axis_6,4914,SAT,1,8,0,0,0,1,0,133.331,866.952
r8_m252_split,8,split,6,252,decomposition,feasibility,raw_max_us,7344,camera,oblique_1,1503,SAT,3,10,0,0,0,1,0,5.558,2062.111
r8_m252_split,8,split,6,252,decomposition,projection,nodes,207,camera,axis_1,2992,SAT,36,16,2,4,4,49,24,45.428,45.549
r8_m252_split,8,split,6,252,decomposition,projection,branches,207,camera,axis_1,2992,SAT,36,16,2,4,4,49,24,45.428,45.549
r8_m252_split,8,split,6,252,decomposition,projection,us,5669,camera,axis_6,5454,SAT,1,8,0,0,0,1,0,93.882,93.912
r8_m252_split,8,split,6,252,decomposition,projection,raw_max_us,3727,camera,axis_6,5895,SAT,1,8,0,0,0,1,0,11.988,1822.829
r8_m252_split,8,split,6,252,decomposition,query,nodes,194,camera,axis_1,58,SAT,27,14,2,3,0,7,3,6.409,6.409
r8_m252_split,8,split,6,252,decomposition,query,branches,194,camera,axis_1,58,SAT,27,14,2,3,0,7,3,6.409,6.409
r8_m252_split,8,split,6,252,decomposition,query,us,4371,camera,axis_6,4950,SAT,1,8,0,0,0,1,0,237.82,237.82
r8_m252_split,8,split,6,252,decomposition,query,raw_max_us,4371,camera,axis_6,4950,SAT,1,8,0,0,0,1,0,237.82,237.82
r8_m252_split,8,split,6,252,fixed_hit,feasibility,nodes,15,camera,axis_1,2988,SAT,4,12,2,2,4,5,4,23.024,29.465
r8_m252_split,8,split,6,252,fixed_hit,feasibility,branches,15,camera,axis_1,2988,SAT,4,12,2,2,4,5,4,23.024,29.465
r8_m252_split,8,split,6,252,fixed_hit,feasibility,us,6480,camera,oblique_1,784,SAT,3,10,0,0,0,1,0,92.89,97.318
r8_m252_split,8,split,6,252,fixed_hit,feasibility,raw_max_us,6077,camera,axis_6,3469,SAT,1,8,0,0,0,1,0,8.563,1449.053
r8_m252_split,8,split,6,252,fixed_hit,projection,nodes,207,camera,axis_1,2992,SAT,36,16,2,4,4,35,24,60.261,61.553
r8_m252_split,8,split,6,252,fixed_hit,projection,branches,207,camera,axis_1,2992,SAT,36,16,2,4,4,35,24,60.261,61.553
r8_m252_split,8,split,6,252,fixed_hit,projection,us,5634,camera,axis_6,1000,SAT,35,16,8,1,0,9,0,77.577,82.775
r8_m252_split,8,split,6,252,fixed_hit,projection,raw_max_us,3349,camera,axis_3,472,SAT,1,8,0,0,0,1,0,6.991,943.347
r8_m252_split,8,split,6,252,fixed_hit,query,nodes,0,camera,axis_1,0,SAT,1,8,0,0,0,1,0,2.404,2.404
r8_m252_split,8,split,6,252,fixed_hit,query,branches,0,camera,axis_1,0,SAT,1,8,0,0,0,1,0,2.404,2.404
r8_m252_split,8,split,6,252,fixed_hit,query,us,6162,perturb_0,axis_6,6093,SAT,1,8,0,0,0,1,0,203.488,203.488
r8_m252_split,8,split,6,252,fixed_hit,query,raw_max_us,6162,perturb_0,axis_6,6093,SAT,1,8,0,0,0,1,0,203.488,203.488
r8_m252_split,8,split,6,252,both,feasibility,nodes,207,camera,axis_1,2992,SAT,36,16,2,4,4,9,4,9.184,9.314
r8_m252_split,8,split,6,252,both,feasibility,branches,15,camera,axis_1,2988,SAT,4,12,2,2,4,7,4,7.462,7.601
r8_m252_split,8,split,6,252,both,feasibility,us,6143,camera,axis_6,688,SAT,1,8,0,0,0,1,0,73.191,178.219
r8_m252_split,8,split,6,252,both,feasibility,raw_max_us,4753,camera,axis_6,2487,SAT,1,8,0,0,0,1,0,6.81,982.396
r8_m252_split,8,split,6,252,both,projection,nodes,207,camera,axis_1,2992,SAT,36,16,2,4,4,57,24,57.708,57.737
r8_m252_split,8,split,6,252,both,projection,branches,207,camera,axis_1,2992,SAT,36,16,2,4,4,57,24,57.708,57.737
r8_m252_split,8,split,6,252,both,projection,us,8591,camera,oblique_2,3550,SAT,1,8,0,0,0,1,0,144.919,478.014
r8_m252_split,8,split,6,252,both,projection,raw_max_us,4509,camera,axis_6,3466,SAT,1,8,0,0,0,1,0,11.067,1307.789
r8_m252_split,8,split,6,252,both,query,nodes,0,camera,axis_1,0,SAT,1,8,0,0,0,1,0,2.404,2.404
r8_m252_split,8,split,6,252,both,query,branches,0,camera,axis_1,0,SAT,1,8,0,0,0,1,0,2.404,2.404
r8_m252_split,8,split,6,252,both,query,us,8206,camera,oblique_2,219,SAT,1,8,0,0,0,1,0,356.449,356.449
r8_m252_split,8,split,6,252,both,query,raw_max_us,8206,camera,oblique_2,219,SAT,1,8,0,0,0,1,0,356.449,356.449
r8_m252_same,8,same,6,252,search,feasibility,nodes,207,camera,axis_1,2992,SAT,36,16,2,4,4,7,6,13.18,13.641
r8_m252_same,8,same,6,252,search,feasibility,branches,207,camera,axis_1,2992,SAT,36,16,2,4,4,7,6,13.18,13.641
r8_m252_same,8,same,6,252,search,feasibility,us,12,camera,axis_1,36,SAT,9,12,2,2,0,3,2,113.261,122.025
r8_m252_same,8,same,6,252,search,feasibility,raw_max_us,7933,camera,oblique_2,4275,SAT,1,8,0,0,0,1,0,8.944,1526.911
r8_m252_same,8,same,6,252,search,projection,nodes,207,camera,axis_1,2992,SAT,36,16,2,4,4,33,24,56.265,60.612
r8_m252_same,8,same,6,252,search,projection,branches,207,camera,axis_1,2992,SAT,36,16,2,4,4,33,24,56.265,60.612
r8_m252_same,8,same,6,252,search,projection,us,7411,camera,oblique_2,3582,SAT,1,8,0,0,0,1,0,102.415,959.703
r8_m252_same,8,same,6,252,search,projection,raw_max_us,7754,camera,oblique_2,1458,SAT,1,8,0,0,0,1,0,14.552,1148.208
r8_m252_same,8,same,6,252,search,query,nodes,194,camera,axis_1,58,SAT,27,14,2,3,0,4,3,7.492,7.492
r8_m252_same,8,same,6,252,search,query,branches,194,camera,axis_1,58,SAT,27,14,2,3,0,4,3,7.492,7.492
r8_m252_same,8,same,6,252,search,query,us,4102,camera,axis_6,2478,UNSAT,1,8,0,0,0,1,0,200.734,200.734
r8_m252_same,8,same,6,252,search,query,raw_max_us,4102,camera,axis_6,2478,UNSAT,1,8,0,0,0,1,0,200.734,200.734
r8_m252_same,8,same,6,252,decomposition,feasibility,nodes,207,camera,axis_1,2992,SAT,36,16,2,4,4,11,6,9.905,56.826
r8_m252_same,8,same,6,252,decomposition,feasibility,branches,207,camera,axis_1,2992,SAT,36,16,2,4,4,11,6,9.905,56.826
r8_m252_same,8,same,6,252,decomposition,feasibility,us,8531,camera,oblique_2,6052,SAT,1,8,0,0,0,1,0,34.973,804.287
r8_m252_same,8,same,6,252,decomposition,feasibility,raw_max_us,326,camera,axis_2,2979,SAT,2,10,2,1,2,2,1,6.12,852.69
r8_m252_same,8,same,6,252,decomposition,projection,nodes,207,camera,axis_1,2992,SAT,36,16,2,4,4,49,24,44.857,45.88
r8_m252_same,8,same,6,252,decomposition,projection,branches,207,camera,axis_1,2992,SAT,36,16,2,4,4,49,24,44.857,45.88
r8_m252_same,8,same,6,252,decomposition,projection,us,7729,camera,oblique_2,1318,SAT,4,10,0,0,0,3,0,92.46,177.609
r8_m252_same,8,same,6,252,decomposition,projection,raw_max_us,4933,camera,axis_6,2398,SAT,1,8,0,0,0,1,0,14.832,3944.63
r8_m252_same,8,same,6,252,decomposition,query,nodes,194,camera,axis_1,58,SAT,27,14,2,3,0,7,3,6.33,6.33
r8_m252_same,8,same,6,252,decomposition,query,branches,194,camera,axis_1,58,SAT,27,14,2,3,0,7,3,6.33,6.33
r8_m252_same,8,same,6,252,decomposition,query,us,3093,camera,axis_3,2839,SAT,1,8,0,0,0,1,0,193.683,193.683
r8_m252_same,8,same,6,252,decomposition,query,raw_max_us,3093,camera,axis_3,2839,SAT,1,8,0,0,0,1,0,193.683,193.683
r8_m252_same,8,same,6,252,fixed_hit,feasibility,nodes,15,camera,axis_1,2988,SAT,4,12,2,2,4,5,4,7.712,7.731
r8_m252_same,8,same,6,252,fixed_hit,feasibility,branches,15,camera,axis_1,2988,SAT,4,12,2,2,4,5,4,7.712,7.731
r8_m252_same,8,same,6,252,fixed_hit,feasibility,us,7928,camera,oblique_2,6381,SAT,1,8,0,0,0,1,0,141.755,1841.227
r8_m252_same,8,same,6,252,fixed_hit,feasibility,raw_max_us,7928,camera,oblique_2,6381,SAT,1,8,0,0,0,1,0,141.755,1841.227
r8_m252_same,8,same,6,252,fixed_hit,projection,nodes,207,camera,axis_1,2992,SAT,36,16,2,4,4,35,24,60.431,61.313
r8_m252_same,8,same,6,252,fixed_hit,projection,branches,207,camera,axis_1,2992,SAT,36,16,2,4,4,35,24,60.431,61.313
r8_m252_same,8,same,6,252,fixed_hit,projection,us,8541,camera,oblique_2,6484,SAT,3,10,0,0,0,3,0,114.262,119.681
r8_m252_same,8,same,6,252,fixed_hit,projection,raw_max_us,4915,camera,axis_6,1207,SAT,2,9,0,0,0,2,0,18.888,1730.469
r8_m252_same,8,same,6,252,fixed_hit,query,nodes,555,camera,axis_2,5338,SAT,2,10,2,1,2,3,2,5.749,5.749
r8_m252_same,8,same,6,252,fixed_hit,query,branches,555,camera,axis_2,5338,SAT,2,10,2,1,2,3,2,5.749,5.749
r8_m252_same,8,same,6,252,fixed_hit,query,us,5596,camera,oblique_1,4401,SAT,1,8,0,0,0,1,0,224.55,224.55
r8_m252_same,8,same,6,252,fixed_hit,query,raw_max_us,5596,camera,oblique_1,4401,SAT,1,8,0,0,0,1,0,224.55,224.55
r8_m252_same,8,same,6,252,both,feasibility,nodes,207,camera,axis_1,2992,SAT,36,16,2,4,4,9,4,9.565,59.32
r8_m252_same,8,same,6,252,both,feasibility,branches,15,camera,axis_1,2988,SAT,4,12,2,2,4,7,4,7.161,7.712
r8_m252_same,8,same,6,252,both,feasibility,us,5374,camera,oblique_1,2493,SAT,7,12,3,1,2,3,2,53.201,194.504
r8_m252_same,8,same,6,252,both,feasibility,raw_max_us,4922,camera,axis_6,2596,SAT,1,8,0,0,0,1,0,7.572,1432.819
r8_m252_same,8,same,6,252,both,projection,nodes,207,camera,axis_1,2992,SAT,36,16,2,4,4,57,24,58.298,73.682
r8_m252_same,8,same,6,252,both,projection,branches,207,camera,axis_1,2992,SAT,36,16,2,4,4,57,24,58.298,73.682
r8_m252_same,8,same,6,252,both,projection,us,4597,camera,axis_6,1756,SAT,35,16,8,1,0,9,0,78.529,80.582
r8_m252_same,8,same,6,252,both,projection,raw_max_us,6021,camera,oblique_1,1641,SAT,1,8,0,0,0,1,0,10.406,1735.987
r8_m252_same,8,same,6,252,both,query,nodes,555,camera,axis_2,5338,SAT,2,10,2,1,2,3,2,6.3,6.3
r8_m252_same,8,same,6,252,both,query,branches,555,camera,axis_2,5338,SAT,2,10,2,1,2,3,2,6.3,6.3
r8_m252_same,8,same,6,252,both,query,us,2317,camera,axis_3,6276,UNSAT,1,8,0,0,0,1,0,198.17,198.17
r8_m252_same,8,same,6,252,both,query,raw_max_us,2317,camera,axis_3,6276,UNSAT,1,8,0,0,0,1,0,198.17,198.17
r8_m219_same,8,same,6,219,search,feasibility,nodes,222,camera,axis_1,2336,SAT,36,16,2,4,4,7,6,12.399,13.06
r8_m219_same,8,same,6,219,search,feasibility,branches,222,camera,axis_1,2336,SAT,36,16,2,4,4,7,6,12.399,13.06
r8_m219_same,8,same,6,219,search,feasibility,us,3035,camera,axis_3,1082,SAT,5,11,3,1,0,2,1,69.826,73.391
r8_m219_same,8,same,6,219,search,feasibility,raw_max_us,11,camera,axis_1,3699,SAT,2,10,2,1,2,3,2,4.647,1438.607
r8_m219_same,8,same,6,219,search,projection,nodes,222,camera,axis_1,2336,SAT,36,16,2,4,4,33,24,50.466,53.471
r8_m219_same,8,same,6,219,search,projection,branches,222,camera,axis_1,2336,SAT,36,16,2,4,4,33,24,50.466,53.471
r8_m219_same,8,same,6,219,search,projection,us,4606,camera,axis_6,1170,SAT,3,10,2,1,0,3,1,79.621,326.033
r8_m219_same,8,same,6,219,search,projection,raw_max_us,8903,camera,oblique_2,6271,SAT,2,9,0,0,0,2,0,20.231,686.328
r8_m219_same,8,same,6,219,search,query,nodes,194,camera,axis_1,58,SAT,27,14,2,3,0,4,3,7.442,7.442
r8_m219_same,8,same,6,219,search,query,branches,194,camera,axis_1,58,SAT,27,14,2,3,0,4,3,7.442,7.442
r8_m219_same,8,same,6,219,search,query,us,0,camera,axis_1,0,SAT,1,8,0,0,0,1,0,3172.822,3172.822
r8_m219_same,8,same,6,219,search,query,raw_max_us,0,camera,axis_1,0,SAT,1,8,0,0,0,1,0,3172.822,3172.822
r8_m219_same,8,same,6,219,decomposition,feasibility,nodes,222,camera,axis_1,2336,SAT,36,16,2,4,4,11,6,9.584,9.945
r8_m219_same,8,same,6,219,decomposition,feasibility,branches,222,camera,axis_1,2336,SAT,36,16,2,4,4,11,6,9.584,9.945
r8_m219_same,8,same,6,219,decomposition,feasibility,us,5077,camera,axis_6,3055,SAT,5,11,3,1,0,2,1,108.814,783.827
r8_m219_same,8,same,6,219,decomposition,feasibility,raw_max_us,8658,camera,oblique_2,1896,SAT,1,8,0,0,0,1,0,11.397,925.14
r8_m219_same,8,same,6,219,decomposition,projection,nodes,222,camera,axis_1,2336,SAT,36,16,2,4,4,49,24,42.495,43.356
r8_m219_same,8,same,6,219,decomposition,projection,branches,222,camera,axis_1,2336,SAT,36,16,2,4,4,49,24,42.495,43.356
r8_m219_same,8,same,6,219,decomposition,projection,us,4142,camera,axis_6,4431,SAT,1,8,0,0,0,1,0,123.527,150.097
r8_m219_same,8,same,6,219,decomposition,projection,raw_max_us,3398,camera,axis_6,1685,SAT,1,8,0,0,0,1,0,10.025,1180.892
r8_m219_same,8,same,6,219,decomposition,query,nodes,194,camera,axis_1,58,SAT,27,14,2,3,0,7,3,6.45,6.45
r8_m219_same,8,same,6,219,decomposition,query,branches,194,camera,axis_1,58,SAT,27,14,2,3,0,7,3,6.45,6.45
r8_m219_same,8,same,6,219,decomposition,query,us,6466,camera,oblique_1,3672,SAT,1,8,0,0,0,1,0,824.458,824.458
r8_m219_same,8,same,6,219,decomposition,query,raw_max_us,6466,camera,oblique_1,3672,SAT,1,8,0,0,0,1,0,824.458,824.458
r8_m219_same,8,same,6,219,fixed_hit,feasibility,nodes,90,camera,axis_1,2324,SAT,4,12,2,2,4,5,4,7.04,7.752
r8_m219_same,8,same,6,219,fixed_hit,feasibility,branches,90,camera,axis_1,2324,SAT,4,12,2,2,4,5,4,7.04,7.752
r8_m219_same,8,same,6,219,fixed_hit,feasibility,us,5456,camera,axis_6,4057,SAT,1,8,0,0,0,1,0,54.723,166.011
r8_m219_same,8,same,6,219,fixed_hit,feasibility,raw_max_us,1560,camera,axis_3,3762,SAT,1,8,0,0,0,1,0,4.697,1455.272
r8_m219_same,8,same,6,219,fixed_hit,projection,nodes,222,camera,axis_1,2336,SAT,36,16,2,4,4,35,24,54.683,57.156
r8_m219_same,8,same,6,219,fixed_hit,projection,branches,222,camera,axis_1,2336,SAT,36,16,2,4,4,35,24,54.683,57.156
r8_m219_same,8,same,6,219,fixed_hit,projection,us,4574,camera,axis_6,4109,SAT,1,8,0,0,0,1,0,181.906,382.108
r8_m219_same,8,same,6,219,fixed_hit,projection,raw_max_us,25,camera,axis_1,1487,SAT,9,12,2,2,0,5,0,16.896,2165.818
r8_m219_same,8,same,6,219,fixed_hit,query,nodes,555,camera,axis_2,1550,SAT,2,10,2,1,2,3,2,5.378,5.378
r8_m219_same,8,same,6,219,fixed_hit,query,branches,555,camera,axis_2,1550,SAT,2,10,2,1,2,3,2,5.378,5.378
r8_m219_same,8,same,6,219,fixed_hit,query,us,7462,camera,oblique_2,2600,SAT,3,10,0,0,0,1,0,137.458,137.458
r8_m219_same,8,same,6,219,fixed_hit,query,raw_max_us,7462,camera,oblique_2,2600,SAT,3,10,0,0,0,1,0,137.458,137.458
r8_m219_same,8,same,6,219,both,feasibility,nodes,222,camera,axis_1,2336,SAT,36,16,2,4,4,9,4,9.023,9.334
r8_m219_same,8,same,6,219,both,feasibility,branches,90,camera,axis_1,2324,SAT,4,12,2,2,4,7,4,6.921,7.651
r8_m219_same,8,same,6,219,both,feasibility,us,5452,camera,axis_6,1817,SAT,1,8,0,0,0,1,0,47.793,159.271
r8_m219_same,8,same,6,219,both,feasibility,raw_max_us,574,camera,axis_2,1577,SAT,2,10,2,1,2,3,2,5.989,1188.098
r8_m219_same,8,same,6,219,both,projection,nodes,222,camera,axis_1,2336,SAT,36,16,2,4,4,57,24,55.234,55.784
r8_m219_same,8,same,6,219,both,projection,branches,222,camera,axis_1,2336,SAT,36,16,2,4,4,57,24,55.234,55.784
r8_m219_same,8,same,6,219,both,projection,us,4114,camera,axis_6,2365,SAT,5,11,3,1,0,3,0,148.916,155.095
r8_m219_same,8,same,6,219,both,projection,raw_max_us,5461,camera,axis_6,2653,SAT,1,8,0,0,0,1,0,10.566,808.013
r8_m219_same,8,same,6,219,both,query,nodes,1040,camera,axis_2,359,SAT,6,12,2,2,2,4,1,6.5,6.5
r8_m219_same,8,same,6,219,both,query,branches,555,camera,axis_2,1550,SAT,2,10,2,1,2,3,2,5.638,5.638
r8_m219_same,8,same,6,219,both,query,us,6466,camera,oblique_1,3672,SAT,1,8,0,0,0,1,0,142.626,142.626
r8_m219_same,8,same,6,219,both,query,raw_max_us,6466,camera,oblique_1,3672,SAT,1,8,0,0,0,1,0,142.626,142.626
r8_m219_split,8,split,6,219,search,feasibility,nodes,222,camera,axis_1,2336,SAT,36,16,2,4,4,7,6,12.87,13.451
r8_m219_split,8,split,6,219,search,feasibility,branches,222,camera,axis_1,2336,SAT,36,16,2,4,4,7,6,12.87,13.451
r8_m219_split,8,split,6,219,search,feasibility,us,1110,camera,axis_2,303,SAT,3,10,2,1,0,2,1,26.991,27.462
r8_m219_split,8,split,6,219,search,feasibility,raw_max_us,6965,camera,oblique_1,2279,SAT,1,8,0,0,0,1,0,5.278,807.081
r8_m219_split,8,split,6,219,search,projection,nodes,222,camera,axis_1,2336,SAT,36,16,2,4,4,33,24,54.432,60.411
r8_m219_split,8,split,6,219,search,projection,branches,222,camera,axis_1,2336,SAT,36,16,2,4,4,33,24,54.432,60.411
r8_m219_split,8,split,6,219,search,projection,us,150,camera,axis_1,68,SAT,81,16,2,4,0,21,16,153.843,179.602
r8_m219_split,8,split,6,219,search,projection,raw_max_us,4816,camera,axis_6,205,SAT,1,8,0,0,0,1,0,102.185,916.798
r8_m219_split,8,split,6,219,search,query,nodes,194,camera,axis_1,58,SAT,27,14,2,3,0,4,3,7.431,7.431
r8_m219_split,8,split,6,219,search,query,branches,194,camera,axis_1,58,SAT,27,14,2,3,0,4,3,7.431,7.431
r8_m219_split,8,split,6,219,search,query,us,8405,perturb_5,oblique_1,6184,UNSAT,0,0,0,0,0,1,0,102.896,102.896
r8_m219_split,8,split,6,219,search,query,raw_max_us,8405,perturb_5,oblique_1,6184,UNSAT,0,0,0,0,0,1,0,102.896,102.896
r8_m219_split,8,split,6,219,decomposition,feasibility,nodes,222,camera,axis_1,2336,SAT,36,16,2,4,4,11,6,9.976,10.126
r8_m219_split,8,split,6,219,decomposition,feasibility,branches,222,camera,axis_1,2336,SAT,36,16,2,4,4,11,6,9.976,10.126
r8_m219_split,8,split,6,219,decomposition,feasibility,us,3662,camera,axis_3,1823,SAT,1,8,0,0,0,1,0,36.195,123.477
r8_m219_split,8,split,6,219,decomposition,feasibility,raw_max_us,9196,camera,oblique_2,12,SAT,1,8,0,0,0,1,0,8.382,1559.07
r8_m219_split,8,split,6,219,decomposition,projection,nodes,222,camera,axis_1,2336,SAT,36,16,2,4,4,49,24,43.115,43.536
r8_m219_split,8,split,6,219,decomposition,projection,branches,222,camera,axis_1,2336,SAT,36,16,2,4,4,49,24,43.115,43.536
r8_m219_split,8,split,6,219,decomposition,projection,us,8079,camera,oblique_1,1922,SAT,1,8,0,0,0,1,0,77.657,296.108
r8_m219_split,8,split,6,219,decomposition,projection,raw_max_us,2985,camera,axis_3,5352,SAT,1,8,0,0,0,1,0,6.65,761.242
r8_m219_split,8,split,6,219,decomposition,query,nodes,194,camera,axis_1,58,SAT,27,14,2,3,0,7,3,6.21,6.21
r8_m219_split,8,split,6,219,decomposition,query,branches,194,camera,axis_1,58,SAT,27,14,2,3,0,7,3,6.21,6.21
r8_m219_split,8,split,6,219,decomposition,query,us,3907,perturb_4,axis_3,334,UNSAT,0,0,0,0,0,1,0,55.093,55.093
r8_m219_split,8,split,6,219,decomposition,query,raw_max_us,3907,perturb_4,axis_3,334,UNSAT,0,0,0,0,0,1,0,55.093,55.093
r8_m219_split,8,split,6,219,fixed_hit,feasibility,nodes,90,camera,axis_1,2324,SAT,4,12,2,2,4,5,4,7.131,7.832
r8_m219_split,8,split,6,219,fixed_hit,feasibility,branches,90,camera,axis_1,2324,SAT,4,12,2,2,4,5,4,7.131,7.832
r8_m219_split,8,split,6,219,fixed_hit,feasibility,us,5495,camera,axis_6,1014,SAT,2,9,0,0,0,1,0,136.727,302.198
r8_m219_split,8,split,6,219,fixed_hit,feasibility,raw_max_us,6565,camera,oblique_1,897,SAT,1,8,0,0,0,1,0,5.739,955.776
r8_m219_split,8,split,6,219,fixed_hit,projection,nodes,222,camera,axis_1,2336,SAT,36,16,2,4,4,35,24,56.275,81.573
r8_m219_split,8,split,6,219,fixed_hit,projection,branches,222,camera,axis_1,2336,SAT,36,16,2,4,4,35,24,56.275,81.573
r8_m219_split,8,split,6,219,fixed_hit,projection,us,187,camera,axis_1,3950,SAT,6,12,2,2,2,12,6,92.58,218.901
r8_m219_split,8,split,6,219,fixed_hit,projection,raw_max_us,4458,camera,axis_6,838,SAT,2,9,0,0,0,2,0,15.523,806.661
r8_m219_split,8,split,6,219,fixed_hit,query,nodes,0,camera,axis_1,0,SAT,1,8,0,0,0,1,0,2.304,2.304
r8_m219_split,8,split,6,219,fixed_hit,query,branches,0,camera,axis_1,0,SAT,1,8,0,0,0,1,0,2.304,2.304
r8_m219_split,8,split,6,219,fixed_hit,query,us,3664,camera,axis_3,3820,UNSAT,2,9,0,0,0,1,0,186.352,186.352
r8_m219_split,8,split,6,219,fixed_hit,query,raw_max_us,3664,camera,axis_3,3820,UNSAT,2,9,0,0,0,1,0,186.352,186.352
r8_m219_split,8,split,6,219,both,feasibility,nodes,222,camera,axis_1,2336,SAT,36,16,2,4,4,9,4,9.194,9.865
r8_m219_split,8,split,6,219,both,feasibility,branches,90,camera,axis_1,2324,SAT,4,12,2,2,4,7,4,7.04,7.602
r8_m219_split,8,split,6,219,both,feasibility,us,925,camera,axis_2,3897,SAT,1,8,0,0,0,1,0,127.413,185.891
r8_m219_split,8,split,6,219,both,feasibility,raw_max_us,4824,camera,axis_6,2392,SAT,1,8,0,0,0,1,0,8.482,853.612
r8_m219_split,8,split,6,219,both,projection,nodes,222,camera,axis_1,2336,SAT,36,16,2,4,4,57,24,55.975,56.636
r8_m219_split,8,split,6,219,both,projection,branches,222,camera,axis_1,2336,SAT,36,16,2,4,4,57,24,55.975,56.636
r8_m219_split,8,split,6,219,both,projection,us,5927,camera,axis_6,1000,SAT,35,16,8,1,0,9,0,76.757,135.896
r8_m219_split,8,split,6,219,both,projection,raw_max_us,1309,camera,axis_2,120,SAT,7,12,4,1,0,3,0,9.995,870.878
r8_m219_split,8,split,6,219,both,query,nodes,0,camera,axis_1,0,SAT,1,8,0,0,0,1,0,2.294,2.294
r8_m219_split,8,split,6,219,both,query,branches,0,camera,axis_1,0,SAT,1,8,0,0,0,1,0,2.294,2.294
r8_m219_split,8,split,6,219,both,query,us,1522,perturb_0,axis_2,3244,SAT,14,13,4,1,0,1,0,142.787,142.787
r8_m219_split,8,split,6,219,both,query,raw_max_us,1522,perturb_0,axis_2,3244,SAT,14,13,4,1,0,1,0,142.787,142.787
r8_m231_split,8,split,6,231,search,feasibility,nodes,237,camera,axis_1,1024,SAT,36,16,2,4,4,7,6,12.679,13.28
r8_m231_split,8,split,6,231,search,feasibility,branches,237,camera,axis_1,1024,SAT,36,16,2,4,4,7,6,12.679,13.28
r8_m231_split,8,split,6,231,search,feasibility,us,6731,camera,oblique_1,1298,SAT,1,8,0,0,0,1,0,73.972,86.671
r8_m231_split,8,split,6,231,search,feasibility,raw_max_us,10117,camera,oblique_2,536,SAT,1,8,0,0,0,1,0,8.854,1354.479
r8_m231_split,8,split,6,231,search,projection,nodes,237,camera,axis_1,1024,SAT,36,16,2,4,4,33,24,52.76,54.613
r8_m231_split,8,split,6,231,search,projection,branches,237,camera,axis_1,1024,SAT,36,16,2,4,4,33,24,52.76,54.613
r8_m231_split,8,split,6,231,search,projection,us,5927,camera,axis_6,1000,SAT,35,16,8,1,0,10,6,67.913,70.728
r8_m231_split,8,split,6,231,search,projection,raw_max_us,1076,camera,axis_2,1236,SAT,1,8,0,0,0,1,0,4.607,804.568
r8_m231_split,8,split,6,231,search,query,nodes,97,camera,axis_1,25,SAT,27,14,2,3,0,4,3,7.652,7.652
r8_m231_split,8,split,6,231,search,query,branches,97,camera,axis_1,25,SAT,27,14,2,3,0,4,3,7.652,7.652
r8_m231_split,8,split,6,231,search,query,us,263,perturb_7,axis_1,587,UNSAT,3,10,2,1,0,1,0,173.402,173.402
r8_m231_split,8,split,6,231,search,query,raw_max_us,263,perturb_7,axis_1,587,UNSAT,3,10,2,1,0,1,0,173.402,173.402
r8_m231_split,8,split,6,231,decomposition,feasibility,nodes,237,camera,axis_1,1024,SAT,36,16,2,4,4,11,6,10.025,10.285
r8_m231_split,8,split,6,231,decomposition,feasibility,branches,237,camera,axis_1,1024,SAT,36,16,2,4,4,11,6,10.025,10.285
r8_m231_split,8,split,6,231,decomposition,feasibility,us,3094,camera,axis_3,5372,SAT,1,8,0,0,0,1,0,37.757,50.977
r8_m231_split,8,split,6,231,decomposition,feasibility,raw_max_us,10331,camera,oblique_2,3696,SAT,1,8,0,0,0,1,0,8.473,1186.166
r8_m231_split,8,split,6,231,decomposition,projection,nodes,237,camera,axis_1,1024,SAT,36,16,2,4,4,49,24,43.887,45.368
r8_m231_split,8,split,6,231,decomposition,projection,branches,237,camera,axis_1,1024,SAT,36,16,2,4,4,49,24,43.887,45.368
r8_m231_split,8,split,6,231,decomposition,projection,us,256,perturb_0,axis_1,1792,SAT,18,14,2,3,2,23,9,78.849,81.333
r8_m231_split,8,split,6,231,decomposition,projection,raw_max_us,4113,camera,axis_6,6351,SAT,1,8,0,0,0,1,0,10.135,884.269
r8_m231_split,8,split,6,231,decomposition,query,nodes,97,camera,axis_1,25,SAT,27,14,2,3,0,7,3,6.379,6.379
r8_m231_split,8,split,6,231,decomposition,query,branches,97,camera,axis_1,25,SAT,27,14,2,3,0,7,3,6.379,6.379
r8_m231_split,8,split,6,231,decomposition,query,us,4396,camera,axis_6,5203,SAT,1,8,0,0,0,1,0,98.96,98.96
r8_m231_split,8,split,6,231,decomposition,query,raw_max_us,4396,camera,axis_6,5203,SAT,1,8,0,0,0,1,0,98.96,98.96
r8_m231_split,8,split,6,231,fixed_hit,feasibility,nodes,165,camera,axis_1,996,SAT,4,12,2,2,4,5,4,7.171,7.481
r8_m231_split,8,split,6,231,fixed_hit,feasibility,branches,165,camera,axis_1,996,SAT,4,12,2,2,4,5,4,7.171,7.481
r8_m231_split,8,split,6,231,fixed_hit,feasibility,us,11174,camera,oblique_2,3929,SAT,1,8,0,0,0,1,0,22.504,55.034
r8_m231_split,8,split,6,231,fixed_hit,feasibility,raw_max_us,11229,camera,oblique_2,2056,SAT,1,8,0,0,0,1,0,11.257,922.185
r8_m231_split,8,split,6,231,fixed_hit,projection,nodes,237,camera,axis_1,1024,SAT,36,16,2,4,4,35,24,58.418,111.298
r8_m231_split,8,split,6,231,fixed_hit,projection,branches,237,camera,axis_1,1024,SAT,36,16,2,4,4,35,24,58.418,111.298
r8_m231_split,8,split,6,231,fixed_hit,projection,us,5927,camera,axis_6,1000,SAT,35,16,8,1,0,9,0,74.213,102.946
r8_m231_split,8,split,6,231,fixed_hit,projection,raw_max_us,11221,camera,oblique_2,1543,SAT,1,8,0,0,0,1,0,14.251,1288.53
r8_m231_split,8,split,6,231,fixed_hit,query,nodes,846,camera,axis_2,5690,SAT,2,10,2,1,2,3,2,6.119,6.119
r8_m231_split,8,split,6,231,fixed_hit,query,branches,846,camera,axis_2,5690,SAT,2,10,2,1,2,3,2,6.119,6.119
r8_m231_split,8,split,6,231,fixed_hit,query,us,7835,camera,oblique_1,5613,SAT,2,9,0,0,0,1,0,589.943,589.943
r8_m231_split,8,split,6,231,fixed_hit,query,raw_max_us,7835,camera,oblique_1,5613,SAT,2,9,0,0,0,1,0,589.943,589.943
r8_m231_split,8,split,6,231,both,feasibility,nodes,237,camera,axis_1,1024,SAT,36,16,2,4,4,9,4,9.404,9.485
r8_m231_split,8,split,6,231,both,feasibility,branches,165,camera,axis_1,996,SAT,4,12,2,2,4,7,4,7.181,7.221
r8_m231_split,8,split,6,231,both,feasibility,us,10234,camera,oblique_2,4239,SAT,1,8,0,0,0,1,0,51.207,156.777
r8_m231_split,8,split,6,231,both,feasibility,raw_max_us,2620,camera,axis_3,614,SAT,1,8,0,0,0,1,0,9.905,1224.514
r8_m231_split,8,split,6,231,both,projection,nodes,237,camera,axis_1,1024,SAT,36,16,2,4,4,57,24,56.806,57.417
r8_m231_split,8,split,6,231,both,projection,branches,237,camera,axis_1,1024,SAT,36,16,2,4,4,57,24,56.806,57.417
r8_m231_split,8,split,6,231,both,projection,us,5927,camera,axis_6,1000,SAT,35,16,8,1,0,9,0,73.532,81.834
r8_m231_split,8,split,6,231,both,projection,raw_max_us,6853,camera,oblique_1,1328,SAT,1,8,0,0,0,1,0,7.331,1358.225
r8_m231_split,8,split,6,231,both,query,nodes,256,perturb_0,axis_1,1792,SAT,18,14,2,3,2,5,1,6.289,6.289
r8_m231_split,8,split,6,231,both,query,branches,846,camera,axis_2,5690,SAT,2,10,2,1,2,3,2,5.829,5.829
r8_m231_split,8,split,6,231,both,query,us,9671,camera,oblique_2,4892,SAT,1,8,0,0,0,1,0,84.939,84.939
r8_m231_split,8,split,6,231,both,query,raw_max_us,9671,camera,oblique_2,4892,SAT,1,8,0,0,0,1,0,84.939,84.939
r8_m231_same,8,same,6,231,search,feasibility,nodes,237,camera,axis_1,1024,SAT,36,16,2,4,4,7,6,12.959,13.08
r8_m231_same,8,same,6,231,search,feasibility,branches,237,camera,axis_1,1024,SAT,36,16,2,4,4,7,6,12.959,13.08
r8_m231_same,8,same,6,231,search,feasibility,us,3022,camera,axis_3,1957,SAT,1,8,0,0,0,1,0,56.946,257.7
r8_m231_same,8,same,6,231,search,feasibility,raw_max_us,3048,camera,axis_3,6091,SAT,2,9,0,0,0,1,0,7.131,399.865
r8_m231_same,8,same,6,231,search,projection,nodes,237,camera,axis_1,1024,SAT,36,16,2,4,4,33,24,51.579,53.081
r8_m231_same,8,same,6,231,search,projection,branches,237,camera,axis_1,1024,SAT,36,16,2,4,4,33,24,51.579,53.081
r8_m231_same,8,same,6,231,search,projection,us,2051,camera,axis_3,1565,SAT,1,8,0,0,0,1,0,79.971,907.233
r8_m231_same,8,same,6,231,search,projection,raw_max_us,2051,camera,axis_3,1565,SAT,1,8,0,0,0,1,0,79.971,907.233
r8_m231_same,8,same,6,231,search,query,nodes,97,camera,axis_1,25,SAT,27,14,2,3,0,4,3,7.492,7.492
r8_m231_same,8,same,6,231,search,query,branches,97,camera,axis_1,25,SAT,27,14,2,3,0,4,3,7.492,7.492
r8_m231_same,8,same,6,231,search,query,us,1055,perturb_7,axis_2,3282,SAT,30,15,4,2,2,4,3,734.492,734.492
r8_m231_same,8,same,6,231,search,query,raw_max_us,1055,perturb_7,axis_2,3282,SAT,30,15,4,2,2,4,3,734.492,734.492
r8_m231_same,8,same,6,231,decomposition,feasibility,nodes,237,camera,axis_1,1024,SAT,36,16,2,4,4,11,6,9.925,9.966
r8_m231_same,8,same,6,231,decomposition,feasibility,branches,237,camera,axis_1,1024,SAT,36,16,2,4,4,11,6,9.925,9.966
r8_m231_same,8,same,6,231,decomposition,feasibility,us,9174,camera,oblique_2,3988,SAT,1,8,0,0,0,1,0,101.023,188.896
r8_m231_same,8,same,6,231,decomposition,feasibility,raw_max_us,1181,camera,axis_3,4398,SAT,1,8,0,0,0,1,0,4.427,1427.831
r8_m231_same,8,same,6,231,decomposition,projection,nodes,237,camera,axis_1,1024,SAT,36,16,2,4,4,49,24,43.236,44.076
r8_m231_same,8,same,6,231,decomposition,projection,branches,237,camera,axis_1,1024,SAT,36,16,2,4,4,49,24,43.236,44.076
r8_m231_same,8,same,6,231,decomposition,projection,us,8802,camera,oblique_2,6370,SAT,1,8,0,0,0,1,0,97.998,106.742
r8_m231_same,8,same,6,231,decomposition,projection,raw_max_us,1820,camera,axis_3,52,SAT,1,8,0,0,0,1,0,6.781,902.866
r8_m231_same,8,same,6,231,decomposition,query,nodes,97,camera,axis_1,25,SAT,27,14,2,3,0,7,3,6.319,6.319
r8_m231_same,8,same,6,231,decomposition,query,branches,97,camera,axis_1,25,SAT,27,14,2,3,0,7,3,6.319,6.319
r8_m231_same,8,same,6,231,decomposition,query,us,1052,perturb_4,axis_2,5713,SAT,3,10,2,1,0,1,0,345.278,345.278
r8_m231_same,8,same,6,231,decomposition,query,raw_max_us,1052,perturb_4,axis_2,5713,SAT,3,10,2,1,0,1,0,345.278,345.278
r8_m231_same,8,same,6,231,fixed_hit,feasibility,nodes,165,camera,axis_1,996,SAT,4,12,2,2,4,5,4,7.001,7.461
r8_m231_same,8,same,6,231,fixed_hit,feasibility,branches,165,camera,axis_1,996,SAT,4,12,2,2,4,5,4,7.001,7.461
r8_m231_same,8,same,6,231,fixed_hit,feasibility,us,7079,camera,oblique_2,2216,SAT,1,8,0,0,0,1,0,35.283,38.048
r8_m231_same,8,same,6,231,fixed_hit,feasibility,raw_max_us,2399,camera,axis_3,4424,SAT,1,8,0,0,0,1,0,4.727,1741.395
r8_m231_same,8,same,6,231,fixed_hit,projection,nodes,237,camera,axis_1,1024,SAT,36,16,2,4,4,35,24,55.524,56.024
r8_m231_same,8,same,6,231,fixed_hit,projection,branches,237,camera,axis_1,1024,SAT,36,16,2,4,4,35,24,55.524,56.024
r8_m231_same,8,same,6,231,fixed_hit,projection,us,2136,camera,axis_3,1325,SAT,12,13,5,1,0,4,0,185.882,596.242
r8_m231_same,8,same,6,231,fixed_hit,projection,raw_max_us,2483,camera,axis_3,6090,SAT,1,8,0,0,0,1,0,8.683,2036.006
r8_m231_same,8,same,6,231,fixed_hit,query,nodes,555,camera,axis_2,3044,SAT,2,10,2,1,2,3,2,5.689,5.689
r8_m231_same,8,same,6,231,fixed_hit,query,branches,555,camera,axis_2,3044,SAT,2,10,2,1,2,3,2,5.689,5.689
r8_m231_same,8,same,6,231,fixed_hit,query,us,2802,camera,axis_3,5943,UNSAT,2,9,0,0,0,1,0,137.187,137.187
r8_m231_same,8,same,6,231,fixed_hit,query,raw_max_us,2802,camera,axis_3,5943,UNSAT,2,9,0,0,0,1,0,137.187,137.187
r8_m231_same,8,same,6,231,both,feasibility,nodes,237,camera,axis_1,1024,SAT,36,16,2,4,4,9,4,9.164,9.315
r8_m231_same,8,same,6,231,both,feasibility,branches,165,camera,axis_1,996,SAT,4,12,2,2,4,7,4,6.941,7.041
r8_m231_same,8,same,6,231,both,feasibility,us,6117,camera,oblique_1,4625,SAT,1,8,0,0,0,1,0,79.01,348.097
r8_m231_same,8,same,6,231,both,feasibility,raw_max_us,2037,camera,axis_3,5956,SAT,1,8,0,0,0,1,0,6.089,2511.451
r8_m231_same,8,same,6,231,both,projection,nodes,237,camera,axis_1,1024,SAT,36,16,2,4,4,57,24,56.295,125.219
r8_m231_same,8,same,6,231,both,projection,branches,237,camera,axis_1,1024,SAT,36,16,2,4,4,57,24,56.295,125.219
r8_m231_same,8,same,6,231,both,projection,us,856,camera,axis_2,1736,SAT,12,13,4,1,2,13,6,102.556,127.774
r8_m231_same,8,same,6,231,both,projection,raw_max_us,2063,camera,axis_3,4967,SAT,2,9,0,0,0,2,0,8.963,2065.816
r8_m231_same,8,same,6,231,both,query,nodes,256,perturb_0,axis_1,1792,SAT,18,14,2,3,2,5,1,6.2,6.2
r8_m231_same,8,same,6,231,both,query,branches,555,camera,axis_2,3044,SAT,2,10,2,1,2,3,2,5.929,5.929
r8_m231_same,8,same,6,231,both,query,us,3955,camera,axis_6,1320,SAT,1,8,0,0,0,1,0,1219.176,1219.176
r8_m231_same,8,same,6,231,both,query,raw_max_us,3955,camera,axis_6,1320,SAT,1,8,0,0,0,1,0,1219.176,1219.176
r8_m127_same,8,same,7,127,search,feasibility,nodes,253,camera,axis_1,1106,SAT,24,16,2,4,6,8,7,13.089,13.34
r8_m127_same,8,same,7,127,search,feasibility,branches,253,camera,axis_1,1106,SAT,24,16,2,4,6,8,7,13.089,13.34
r8_m127_same,8,same,7,127,search,feasibility,us,10128,camera,oblique_2,1255,SAT,5,11,2,1,0,2,1,44.477,87.642
r8_m127_same,8,same,7,127,search,feasibility,raw_max_us,7141,camera,axis_6,1354,SAT,1,8,0,0,0,1,0,7.841,979.703
r8_m127_same,8,same,7,127,search,projection,nodes,253,camera,axis_1,1106,SAT,24,16,2,4,6,39,28,56.866,58.779
r8_m127_same,8,same,7,127,search,projection,branches,253,camera,axis_1,1106,SAT,24,16,2,4,6,39,28,56.866,58.779
r8_m127_same,8,same,7,127,search,projection,us,7385,camera,axis_6,1168,SAT,14,16,8,1,4,14,6,88.814,102.134
r8_m127_same,8,same,7,127,search,projection,raw_max_us,3921,camera,axis_3,1823,SAT,1,8,0,0,0,1,0,8.633,1986.556
r8_m127_same,8,same,7,127,search,query,nodes,256,perturb_0,axis_1,4037,SAT,12,14,2,3,4,5,4,8.824,8.824
r8_m127_same,8,same,7,127,search,query,branches,256,perturb_0,axis_1,4037,SAT,12,14,2,3,4,5,4,8.824,8.824
r8_m127_same,8,same,7,127,search,query,us,5748,camera,axis_6,3557,SAT,2,9,0,0,0,1,0,243.478,243.478
r8_m127_same,8,same,7,127,search,query,raw_max_us,5748,camera,axis_6,3557,SAT,2,9,0,0,0,1,0,243.478,243.478
r8_m127_same,8,same,7,127,decomposition,feasibility,nodes,253,camera,axis_1,1106,SAT,24,16,2,4,6,12,7,10.886,24.367
r8_m127_same,8,same,7,127,decomposition,feasibility,branches,253,camera,axis_1,1106,SAT,24,16,2,4,6,12,7,10.886,24.367
r8_m127_same,8,same,7,127,decomposition,feasibility,us,11298,camera,oblique_2,1926,SAT,1,8,0,0,0,1,0,36.946,72.169
r8_m127_same,8,same,7,127,decomposition,feasibility,raw_max_us,9211,camera,oblique_2,2690,SAT,3,10,0,0,0,1,0,10.355,1983.918
r8_m127_same,8,same,7,127,decomposition,projection,nodes,253,camera,axis_1,1106,SAT,24,16,2,4,6,55,28,49.795,50.777
r8_m127_same,8,same,7,127,decomposition,projection,branches,253,camera,axis_1,1106,SAT,24,16,2,4,6,55,28,49.795,50.777
r8_m127_same,8,same,7,127,decomposition,projection,us,7638,camera,oblique_1,2493,SAT,7,12,3,1,2,5,1,92.74,232.291
r8_m127_same,8,same,7,127,decomposition,projection,raw_max_us,1608,camera,axis_3,713,SAT,3,10,2,1,0,3,1,12.98,560.538
r8_m127_same,8,same,7,127,decomposition,query,nodes,256,perturb_0,axis_1,4037,SAT,12,14,2,3,4,8,4,7.982,7.982
r8_m127_same,8,same,7,127,decomposition,query,branches,256,perturb_0,axis_1,4037,SAT,12,14,2,3,4,8,4,7.982,7.982
r8_m127_same,8,same,7,127,decomposition,query,us,943,camera,axis_2,429,SAT,14,14,4,2,2,5,2,86.641,86.641
r8_m127_same,8,same,7,127,decomposition,query,raw_max_us,943,camera,axis_2,429,SAT,14,14,4,2,2,5,2,86.641,86.641
r8_m127_same,8,same,7,127,fixed_hit,feasibility,nodes,245,camera,axis_1,1079,SAT,8,14,2,3,6,7,6,10.176,10.646
r8_m127_same,8,same,7,127,fixed_hit,feasibility,branches,245,camera,axis_1,1079,SAT,8,14,2,3,6,7,6,10.176,10.646
r8_m127_same,8,same,7,127,fixed_hit,feasibility,us,9411,camera,oblique_2,2689,SAT,3,10,0,0,0,1,0,31.878,291.832
r8_m127_same,8,same,7,127,fixed_hit,feasibility,raw_max_us,9547,camera,oblique_2,3215,SAT,5,11,2,1,0,1,0,11.096,835.935
r8_m127_same,8,same,7,127,fixed_hit,projection,nodes,253,camera,axis_1,1106,SAT,24,16,2,4,6,42,30,60.972,63.046
r8_m127_same,8,same,7,127,fixed_hit,projection,branches,253,camera,axis_1,1106,SAT,24,16,2,4,6,42,30,60.972,63.046
r8_m127_same,8,same,7,127,fixed_hit,projection,us,1157,camera,axis_2,1106,SAT,24,16,4,2,6,40,28,78.689,80.802
r8_m127_same,8,same,7,127,fixed_hit,projection,raw_max_us,1096,camera,axis_2,2522,SAT,6,12,4,1,2,10,4,21.102,910.718
r8_m127_same,8,same,7,127,fixed_hit,query,nodes,256,perturb_0,axis_1,4037,SAT,12,14,2,3,4,4,3,6.47,6.47
r8_m127_same,8,same,7,127,fixed_hit,query,branches,256,perturb_0,axis_1,4037,SAT,12,14,2,3,4,4,3,6.47,6.47
r8_m127_same,8,same,7,127,fixed_hit,query,us,3496,camera,axis_3,3399,SAT,2,9,0,0,0,1,0,187.173,187.173
r8_m127_same,8,same,7,127,fixed_hit,query,raw_max_us,3496,camera,axis_3,3399,SAT,2,9,0,0,0,1,0,187.173,187.173
r8_m127_same,8,same,7,127,both,feasibility,nodes,253,camera,axis_1,1106,SAT,24,16,2,4,6,11,6,10.245,10.355
r8_m127_same,8,same,7,127,both,feasibility,branches,245,camera,axis_1,1079,SAT,8,14,2,3,6,10,6,9.345,9.384
r8_m127_same,8,same,7,127,both,feasibility,us,10487,camera,oblique_2,1050,SAT,1,8,0,0,0,1,0,36.145,219.302
r8_m127_same,8,same,7,127,both,feasibility,raw_max_us,8679,camera,oblique_1,1814,SAT,2,9,0,0,0,1,0,7.682,325.603
r8_m127_same,8,same,7,127,both,projection,nodes,253,camera,axis_1,1106,SAT,24,16,2,4,6,61,30,57.236,68.203
r8_m127_same,8,same,7,127,both,projection,branches,253,camera,axis_1,1106,SAT,24,16,2,4,6,61,30,57.236,68.203
r8_m127_same,8,same,7,127,both,projection,us,1078,camera,axis_2,335,SAT,6,12,4,1,2,10,4,87.122,211.2
r8_m127_same,8,same,7,127,both,projection,raw_max_us,7011,camera,axis_6,3785,SAT,4,10,0,0,0,3,0,23.435,792.99
r8_m127_same,8,same,7,127,both,query,nodes,256,perturb_0,axis_1,4037,SAT,12,14,2,3,4,7,3,7.501,7.501
r8_m127_same,8,same,7,127,both,query,branches,256,perturb_0,axis_1,4037,SAT,12,14,2,3,4,6,3,6.38,6.38
r8_m127_same,8,same,7,127,both,query,us,10842,camera,oblique_2,2031,SAT,1,8,0,0,0,1,0,313.405,313.405
r8_m127_same,8,same,7,127,both,query,raw_max_us,10842,camera,oblique_2,2031,SAT,1,8,0,0,0,1,0,313.405,313.405
r8_m127_split,8,split,7,127,search,feasibility,nodes,253,camera,axis_1,1106,SAT,24,16,2,4,6,8,7,13.12,13.35
r8_m127_split,8,split,7,127,search,feasibility,branches,253,camera,axis_1,1106,SAT,24,16,2,4,6,8,7,13.12,13.35
r8_m127_split,8,split,7,127,search,feasibility,us,8171,camera,axis_6,985,SAT,3,10,2,1,0,2,1,35.243,77.637
r8_m127_split,8,split,7,127,search,feasibility,raw_max_us,8472,camera,axis_6,1189,SAT,1,8,0,0,0,1,0,12.509,2497.761
r8_m127_split,8,split,7,127,search,projection,nodes,253,camera,axis_1,1106,SAT,24,16,2,4,6,39,28,57.307,80.742
r8_m127_split,8,split,7,127,search,projection,branches,253,camera,axis_1,1106,SAT,24,16,2,4,6,39,28,57.307,80.742
r8_m127_split,8,split,7,127,search,projection,us,5245,camera,axis_3,1115,SAT,1,8,0,0,0,1,0,387.346,1006.583
r8_m127_split,8,split,7,127,search,projection,raw_max_us,2911,camera,axis_3,2103,SAT,1,8,0,0,0,1,0,6.55,2244.417
r8_m127_split,8,split,7,127,search,query,nodes,256,perturb_0,axis_1,4037,SAT,12,14,2,3,4,5,4,8.863,8.863
r8_m127_split,8,split,7,127,search,query,branches,256,perturb_0,axis_1,4037,SAT,12,14,2,3,4,5,4,8.863,8.863
r8_m127_split,8,split,7,127,search,query,us,13301,camera,oblique_2,796,UNSAT,1,8,0,0,0,1,0,126.361,126.361
r8_m127_split,8,split,7,127,search,query,raw_max_us,13301,camera,oblique_2,796,UNSAT,1,8,0,0,0,1,0,126.361,126.361
r8_m127_split,8,split,7,127,decomposition,feasibility,nodes,253,camera,axis_1,1106,SAT,24,16,2,4,6,12,7,10.867,10.936
r8_m127_split,8,split,7,127,decomposition,feasibility,branches,253,camera,axis_1,1106,SAT,24,16,2,4,6,12,7,10.867,10.936
r8_m127_split,8,split,7,127,decomposition,feasibility,us,2337,camera,axis_3,497,SAT,1,8,0,0,0,1,0,59,75.103
r8_m127_split,8,split,7,127,decomposition,feasibility,raw_max_us,14541,camera,oblique_2,1635,SAT,1,8,0,0,0,1,0,7.581,1404.776
r8_m127_split,8,split,7,127,decomposition,projection,nodes,253,camera,axis_1,1106,SAT,24,16,2,4,6,55,28,49.555,50.837
r8_m127_split,8,split,7,127,decomposition,projection,branches,253,camera,axis_1,1106,SAT,24,16,2,4,6,55,28,49.555,50.837
r8_m127_split,8,split,7,127,decomposition,projection,us,8165,camera,axis_6,814,SAT,1,8,0,0,0,1,0,132.14,246.703
r8_m127_split,8,split,7,127,decomposition,projection,raw_max_us,844,camera,axis_2,160,SAT,3,10,2,1,0,3,1,8.403,1409.163
r8_m127_split,8,split,7,127,decomposition,query,nodes,256,perturb_0,axis_1,4037,SAT,12,14,2,3,4,8,4,8.032,8.032
r8_m127_split,8,split,7,127,decomposition,query,branches,256,perturb_0,axis_1,4037,SAT,12,14,2,3,4,8,4,8.032,8.032
r8_m127_split,8,split,7,127,decomposition,query,us,15789,perturb_1,oblique_2,4098,SAT,1,8,0,0,0,1,0,2456.879,2456.879
r8_m127_split,8,split,7,127,decomposition,query,raw_max_us,15789,perturb_1,oblique_2,4098,SAT,1,8,0,0,0,1,0,2456.879,2456.879
r8_m127_split,8,split,7,127,fixed_hit,feasibility,nodes,245,camera,axis_1,1079,SAT,8,14,2,3,6,7,6,11.237,31.218
r8_m127_split,8,split,7,127,fixed_hit,feasibility,branches,245,camera,axis_1,1079,SAT,8,14,2,3,6,7,6,11.237,31.218
r8_m127_split,8,split,7,127,fixed_hit,feasibility,us,3258,camera,axis_3,4275,SAT,1,8,0,0,0,1,0,43.096,64.548
r8_m127_split,8,split,7,127,fixed_hit,feasibility,raw_max_us,12041,camera,oblique_2,3409,SAT,1,8,0,0,0,1,0,7.742,810.667
r8_m127_split,8,split,7,127,fixed_hit,projection,nodes,253,camera,axis_1,1106,SAT,24,16,2,4,6,42,30,63.076,63.225
r8_m127_split,8,split,7,127,fixed_hit,projection,branches,253,camera,axis_1,1106,SAT,24,16,2,4,6,42,30,63.076,63.225
r8_m127_split,8,split,7,127,fixed_hit,projection,us,2243,camera,axis_3,3411,SAT,1,8,0,0,0,1,0,295.587,998.752
r8_m127_split,8,split,7,127,fixed_hit,projection,raw_max_us,3894,camera,axis_3,2372,SAT,1,8,0,0,0,1,0,13.22,1745.292
r8_m127_split,8,split,7,127,fixed_hit,query,nodes,256,perturb_0,axis_1,4037,SAT,12,14,2,3,4,4,3,6.38,6.38
r8_m127_split,8,split,7,127,fixed_hit,query,branches,256,perturb_0,axis_1,4037,SAT,12,14,2,3,4,4,3,6.38,6.38
r8_m127_split,8,split,7,127,fixed_hit,query,us,7219,camera,axis_6,2502,SAT,1,8,0,0,0,1,0,106.321,106.321
r8_m127_split,8,split,7,127,fixed_hit,query,raw_max_us,7219,camera,axis_6,2502,SAT,1,8,0,0,0,1,0,106.321,106.321
r8_m127_split,8,split,7,127,both,feasibility,nodes,253,camera,axis_1,1106,SAT,24,16,2,4,6,11,6,10.456,10.576
r8_m127_split,8,split,7,127,both,feasibility,branches,245,camera,axis_1,1079,SAT,8,14,2,3,6,10,6,9.605,10.016
r8_m127_split,8,split,7,127,both,feasibility,us,14551,camera,oblique_2,3741,SAT,1,8,0,0,0,1,0,123.777,132.51
r8_m127_split,8,split,7,127,both,feasibility,raw_max_us,2243,camera,axis_3,3411,SAT,1,8,0,0,0,1,0,5.889,923.498
r8_m127_split,8,split,7,127,both,projection,nodes,253,camera,axis_1,1106,SAT,24,16,2,4,6,61,30,57.587,67.883
r8_m127_split,8,split,7,127,both,projection,branches,253,camera,axis_1,1106,SAT,24,16,2,4,6,61,30,57.587,67.883
r8_m127_split,8,split,7,127,both,projection,us,10028,camera,oblique_1,358,SAT,1,8,0,0,0,1,0,415.959,737.156
r8_m127_split,8,split,7,127,both,projection,raw_max_us,1178,camera,axis_2,167,SAT,1,8,0,0,0,1,0,4.476,1021.877
r8_m127_split,8,split,7,127,both,query,nodes,256,perturb_0,axis_1,4037,SAT,12,14,2,3,4,7,3,7.571,7.571
r8_m127_split,8,split,7,127,both,query,branches,256,perturb_0,axis_1,4037,SAT,12,14,2,3,4,6,3,6.269,6.269
r8_m127_split,8,split,7,127,both,query,us,9880,camera,oblique_1,1232,SAT,3,10,0,0,0,1,0,963.138,963.138
r8_m127_split,8,split,7,127,both,query,raw_max_us,9880,camera,oblique_1,1232,SAT,3,10,0,0,0,1,0,963.138,963.138
r8_m254_split,8,split,7,254,search,feasibility,nodes,239,camera,axis_1,3238,SAT,24,16,2,4,6,8,7,14.302,15.283
r8_m254_split,8,split,7,254,search,feasibility,branches,239,camera,axis_1,3238,SAT,24,16,2,4,6,8,7,14.302,15.283
r8_m254_split,8,split,7,254,search,feasibility,us,6734,camera,axis_6,3795,SAT,1,8,0,0,0,1,0,73.481,129.926
r8_m254_split,8,split,7,254,search,feasibility,raw_max_us,2350,camera,axis_3,3636,SAT,1,8,0,0,0,1,0,5.999,2267.902
r8_m254_split,8,split,7,254,search,projection,nodes,239,camera,axis_1,3238,SAT,24,16,2,4,6,39,28,62.745,64.487
r8_m254_split,8,split,7,254,search,projection,branches,239,camera,axis_1,3238,SAT,24,16,2,4,6,39,28,62.745,64.487
r8_m254_split,8,split,7,254,search,projection,us,44,camera,axis_1,42,SAT,27,14,2,3,0,13,9,84.207,185.351
r8_m254_split,8,split,7,254,search,projection,raw_max_us,14435,camera,oblique_2,6343,SAT,1,8,0,0,0,1,0,29.224,860.453
r8_m254_split,8,split,7,254,search,query,nodes,97,camera,axis_1,25,SAT,27,14,2,3,0,4,3,7.391,7.391
r8_m254_split,8,split,7,254,search,query,branches,97,camera,axis_1,25,SAT,27,14,2,3,0,4,3,7.391,7.391
r8_m254_split,8,split,7,254,search,query,us,14368,camera,oblique_2,1594,SAT,1,8,0,0,0,1,0,185.901,185.901
r8_m254_split,8,split,7,254,search,query,raw_max_us,14368,camera,oblique_2,1594,SAT,1,8,0,0,0,1,0,185.901,185.901
r8_m254_split,8,split,7,254,decomposition,feasibility,nodes,239,camera,axis_1,3238,SAT,24,16,2,4,6,12,7,10.797,10.886
r8_m254_split,8,split,7,254,decomposition,feasibility,branches,239,camera,axis_1,3238,SAT,24,16,2,4,6,12,7,10.797,10.886
r8_m254_split,8,split,7,254,decomposition,feasibility,us,13512,camera,oblique_2,1369,SAT,1,8,0,0,0,1,0,41.703,46.59
r8_m254_split,8,split,7,254,decomposition,feasibility,raw_max_us,14532,camera,oblique_2,2098,SAT,1,8,0,0,0,1,0,9.505,792.379
r8_m254_split,8,split,7,254,decomposition,projection,nodes,239,camera,axis_1,3238,SAT,24,16,2,4,6,55,28,53.5,63.576
r8_m254_split,8,split,7,254,decomposition,projection,branches,239,camera,axis_1,3238,SAT,24,16,2,4,6,55,28,53.5,63.576
r8_m254_split,8,split,7,254,decomposition,projection,us,12156,camera,oblique_2,2568,SAT,1,8,0,0,0,1,0,167.343,183.678
r8_m254_split,8,split,7,254,decomposition,projection,raw_max_us,163,camera,axis_1,321,SAT,18,14,2,3,2,27,12,24.968,4985.265
r8_m254_split,8,split,7,254,decomposition,query,nodes,97,camera,axis_1,25,SAT,27,14,2,3,0,7,3,6.39,6.39
r8_m254_split,8,split,7,254,decomposition,query,branches,97,camera,axis_1,25,SAT,27,14,2,3,0,7,3,6.39,6.39
r8_m254_split,8,split,7,254,decomposition,query,us,1137,camera,axis_2,4422,SAT,1,8,0,0,0,1,0,214.765,214.765
r8_m254_split,8,split,7,254,decomposition,query,raw_max_us,1137,camera,axis_2,4422,SAT,1,8,0,0,0,1,0,214.765,214.765
r8_m254_split,8,split,7,254,fixed_hit,feasibility,nodes,175,camera,axis_1,3237,SAT,8,14,2,3,6,7,6,10.696,10.897
r8_m254_split,8,split,7,254,fixed_hit,feasibility,branches,175,camera,axis_1,3237,SAT,8,14,2,3,6,7,6,10.696,10.897
r8_m254_split,8,split,7,254,fixed_hit,feasibility,us,15619,camera,oblique_2,2011,SAT,1,8,0,0,0,1,0,31.287,99.781
r8_m254_split,8,split,7,254,fixed_hit,feasibility,raw_max_us,6458,camera,axis_6,2293,SAT,1,8,0,0,0,1,0,28.223,1081.807
r8_m254_split,8,split,7,254,fixed_hit,projection,nodes,239,camera,axis_1,3238,SAT,24,16,2,4,6,42,30,65.389,66.932
r8_m254_split,8,split,7,254,fixed_hit,projection,branches,239,camera,axis_1,3238,SAT,24,16,2,4,6,42,30,65.389,66.932
r8_m254_split,8,split,7,254,fixed_hit,projection,us,8344,camera,axis_6,2605,SAT,3,10,2,1,0,3,0,76.446,137.788
r8_m254_split,8,split,7,254,fixed_hit,projection,raw_max_us,15265,camera,oblique_2,1759,SAT,1,8,0,0,0,1,0,17.186,2209.976
r8_m254_split,8,split,7,254,fixed_hit,query,nodes,256,perturb_0,axis_1,937,SAT,6,12,2,2,2,3,2,5.419,5.419
r8_m254_split,8,split,7,254,fixed_hit,query,branches,256,perturb_0,axis_1,937,SAT,6,12,2,2,2,3,2,5.419,5.419
r8_m254_split,8,split,7,254,fixed_hit,query,us,15532,camera,oblique_2,3694,SAT,1,8,0,0,0,1,0,85.018,85.018
r8_m254_split,8,split,7,254,fixed_hit,query,raw_max_us,15532,camera,oblique_2,3694,SAT,1,8,0,0,0,1,0,85.018,85.018
r8_m254_split,8,split,7,254,both,feasibility,nodes,239,camera,axis_1,3238,SAT,24,16,2,4,6,11,6,10.506,19.69
r8_m254_split,8,split,7,254,both,feasibility,branches,175,camera,axis_1,3237,SAT,8,14,2,3,6,10,6,9.435,9.534
r8_m254_split,8,split,7,254,both,feasibility,us,7389,camera,axis_6,4116,SAT,1,8,0,0,0,1,0,54.613,60.652
r8_m254_split,8,split,7,254,both,feasibility,raw_max_us,14263,camera,oblique_2,6063,SAT,1,8,0,0,0,1,0,9.905,905.17
r8_m254_split,8,split,7,254,both,projection,nodes,239,camera,axis_1,3238,SAT,24,16,2,4,6,61,30,59.67,131.719
r8_m254_split,8,split,7,254,both,projection,branches,239,camera,axis_1,3238,SAT,24,16,2,4,6,61,30,59.67,131.719
r8_m254_split,8,split,7,254,both,projection,us,8115,camera,axis_6,1000,SAT,35,16,8,1,0,9,0,75.754,82.215
r8_m254_split,8,split,7,254,both,projection,raw_max_us,6455,camera,axis_6,3670,SAT,1,8,0,0,0,1,0,10.596,999.233
r8_m254_split,8,split,7,254,both,query,nodes,256,perturb_0,axis_1,937,SAT,6,12,2,2,2,5,2,5.618,5.618
r8_m254_split,8,split,7,254,both,query,branches,256,perturb_0,axis_1,937,SAT,6,12,2,2,2,5,2,5.618,5.618
r8_m254_split,8,split,7,254,both,query,us,4421,camera,axis_3,2245,SAT,1,8,0,0,0,1,0,202.025,202.025
r8_m254_split,8,split,7,254,both,query,raw_max_us,4421,camera,axis_3,2245,SAT,1,8,0,0,0,1,0,202.025,202.025
r8_m254_same,8,same,7,254,search,feasibility,nodes,239,camera,axis_1,3238,SAT,24,16,2,4,6,8,7,14.512,36.655
r8_m254_same,8,same,7,254,search,feasibility,branches,239,camera,axis_1,3238,SAT,24,16,2,4,6,8,7,14.512,36.655
r8_m254_same,8,same,7,254,search,feasibility,us,2572,camera,axis_3,4282,SAT,2,12,4,1,4,3,2,70.346,104.117
r8_m254_same,8,same,7,254,search,feasibility,raw_max_us,9012,camera,oblique_2,2403,SAT,1,8,0,0,0,1,0,8.853,1078.252
r8_m254_same,8,same,7,254,search,projection,nodes,239,camera,axis_1,3238,SAT,24,16,2,4,6,39,28,82.364,4015.487
r8_m254_same,8,same,7,254,search,projection,branches,239,camera,axis_1,3238,SAT,24,16,2,4,6,39,28,82.364,4015.487
r8_m254_same,8,same,7,254,search,projection,us,705,camera,axis_2,612,SAT,49,16,4,2,0,13,8,123.086,304.902
r8_m254_same,8,same,7,254,search,projection,raw_max_us,239,camera,axis_1,3238,SAT,24,16,2,4,6,39,28,82.364,4015.487
r8_m254_same,8,same,7,254,search,query,nodes,97,camera,axis_1,25,SAT,27,14,2,3,0,4,3,7.412,7.412
r8_m254_same,8,same,7,254,search,query,branches,97,camera,axis_1,25,SAT,27,14,2,3,0,4,3,7.412,7.412
r8_m254_same,8,same,7,254,search,query,us,257,perturb_1,axis_1,1675,SAT,3,10,2,1,0,2,1,1102.348,1102.348
r8_m254_same,8,same,7,254,search,query,raw_max_us,257,perturb_1,axis_1,1675,SAT,3,10,2,1,0,2,1,1102.348,1102.348
r8_m254_same,8,same,7,254,decomposition,feasibility,nodes,239,camera,axis_1,3238,SAT,24,16,2,4,6,12,7,11.788,14.331
r8_m254_same,8,same,7,254,decomposition,feasibility,branches,239,camera,axis_1,3238,SAT,24,16,2,4,6,12,7,11.788,14.331
r8_m254_same,8,same,7,254,decomposition,feasibility,us,11607,camera,oblique_2,6261,SAT,1,8,0,0,0,1,0,81.694,105.339
r8_m254_same,8,same,7,254,decomposition,feasibility,raw_max_us,218,camera,axis_1,2407,SAT,6,12,2,2,2,6,3,7.612,1505.108
r8_m254_same,8,same,7,254,decomposition,projection,nodes,239,camera,axis_1,3238,SAT,24,16,2,4,6,55,28,52.189,854.483
r8_m254_same,8,same,7,254,decomposition,projection,branches,239,camera,axis_1,3238,SAT,24,16,2,4,6,55,28,52.189,854.483
r8_m254_same,8,same,7,254,decomposition,projection,us,11305,camera,oblique_2,3706,SAT,1,8,0,0,0,1,0,604.164,629.123
r8_m254_same,8,same,7,254,decomposition,projection,raw_max_us,4189,camera,axis_3,1141,SAT,1,8,0,0,0,1,0,7.342,2839.328
r8_m254_same,8,same,7,254,decomposition,query,nodes,97,camera,axis_1,25,SAT,27,14,2,3,0,7,3,6.259,6.259
r8_m254_same,8,same,7,254,decomposition,query,branches,97,camera,axis_1,25,SAT,27,14,2,3,0,7,3,6.259,6.259
r8_m254_same,8,same,7,254,decomposition,query,us,11416,camera,oblique_2,5209,SAT,1,8,0,0,0,1,0,230.198,230.198
r8_m254_same,8,same,7,254,decomposition,query,raw_max_us,11416,camera,oblique_2,5209,SAT,1,8,0,0,0,1,0,230.198,230.198
r8_m254_same,8,same,7,254,fixed_hit,feasibility,nodes,175,camera,axis_1,3237,SAT,8,14,2,3,6,7,6,10.396,10.516
r8_m254_same,8,same,7,254,fixed_hit,feasibility,branches,175,camera,axis_1,3237,SAT,8,14,2,3,6,7,6,10.396,10.516
r8_m254_same,8,same,7,254,fixed_hit,feasibility,us,10559,camera,oblique_2,2773,SAT,1,8,0,0,0,1,0,117.238,777.107
r8_m254_same,8,same,7,254,fixed_hit,feasibility,raw_max_us,11352,camera,oblique_2,4231,SAT,2,9,0,0,0,1,0,9.946,2418.24
r8_m254_same,8,same,7,254,fixed_hit,projection,nodes,239,camera,axis_1,3238,SAT,24,16,2,4,6,42,30,72.109,116.747
r8_m254_same,8,same,7,254,fixed_hit,projection,branches,239,camera,axis_1,3238,SAT,24,16,2,4,6,42,30,72.109,116.747
r8_m254_same,8,same,7,254,fixed_hit,projection,us,6842,camera,axis_6,3792,SAT,14,16,8,1,4,11,4,189.607,365.604
r8_m254_same,8,same,7,254,fixed_hit,projection,raw_max_us,236,camera,axis_1,286,SAT,54,16,2,4,2,24,14,65.038,4723.409
r8_m254_same,8,same,7,254,fixed_hit,query,nodes,256,perturb_0,axis_1,937,SAT,6,12,2,2,2,3,2,5.288,5.288
r8_m254_same,8,same,7,254,fixed_hit,query,branches,256,perturb_0,axis_1,937,SAT,6,12,2,2,2,3,2,5.288,5.288
r8_m254_same,8,same,7,254,fixed_hit,query,us,4584,camera,axis_6,2733,SAT,1,8,0,0,0,1,0,198.501,198.501
r8_m254_same,8,same,7,254,fixed_hit,query,raw_max_us,4584,camera,axis_6,2733,SAT,1,8,0,0,0,1,0,198.501,198.501
r8_m254_same,8,same,7,254,both,feasibility,nodes,239,camera,axis_1,3238,SAT,24,16,2,4,6,11,6,10.516,11.037
r8_m254_same,8,same,7,254,both,feasibility,branches,175,camera,axis_1,3237,SAT,8,14,2,3,6,10,6,9.284,9.414
r8_m254_same,8,same,7,254,both,feasibility,us,12223,camera,oblique_2,1849,SAT,2,9,0,0,0,1,0,67.292,92.009
r8_m254_same,8,same,7,254,both,feasibility,raw_max_us,6936,camera,axis_6,3856,SAT,1,8,0,0,0,1,0,11.918,940.904
r8_m254_same,8,same,7,254,both,projection,nodes,239,camera,axis_1,3238,SAT,24,16,2,4,6,61,30,59.59,59.691
r8_m254_same,8,same,7,254,both,projection,branches,239,camera,axis_1,3238,SAT,24,16,2,4,6,61,30,59.59,59.691
r8_m254_same,8,same,7,254,both,projection,us,6390,camera,axis_6,2499,SAT,1,8,0,0,0,1,0,161.164,238.521
r8_m254_same,8,same,7,254,both,projection,raw_max_us,10576,camera,oblique_2,1369,SAT,2,9,0,0,0,2,0,20.461,972.181
r8_m254_same,8,same,7,254,both,query,nodes,256,perturb_0,axis_1,937,SAT,6,12,2,2,2,5,2,5.478,5.478
r8_m254_same,8,same,7,254,both,query,branches,256,perturb_0,axis_1,937,SAT,6,12,2,2,2,5,2,5.478,5.478
r8_m254_same,8,same,7,254,both,query,us,10834,camera,oblique_2,1132,SAT,2,9,0,0,0,1,0,167.253,167.253
r8_m254_same,8,same,7,254,both,query,raw_max_us,10834,camera,oblique_2,1132,SAT,2,9,0,0,0,1,0,167.253,167.253
r8_m191_same,8,same,7,191,search,feasibility,nodes,254,camera,axis_1,2582,SAT,24,16,2,4,6,8,7,13.491,13.66
r8_m191_same,8,same,7,191,search,feasibility,branches,254,camera,axis_1,2582,SAT,24,16,2,4,6,8,7,13.491,13.66
r8_m191_same,8,same,7,191,search,feasibility,us,2490,camera,axis_3,718,SAT,1,8,0,0,0,1,0,49.735,54.002
r8_m191_same,8,same,7,191,search,feasibility,raw_max_us,1563,camera,axis_3,720,SAT,1,8,0,0,0,1,0,5.689,1179.816
r8_m191_same,8,same,7,191,search,projection,nodes,254,camera,axis_1,2582,SAT,24,16,2,4,6,39,28,58.338,59.98
r8_m191_same,8,same,7,191,search,projection,branches,254,camera,axis_1,2582,SAT,24,16,2,4,6,39,28,58.338,59.98
r8_m191_same,8,same,7,191,search,projection,us,7385,camera,axis_6,1168,SAT,14,16,8,1,4,14,6,85.309,101.143
r8_m191_same,8,same,7,191,search,projection,raw_max_us,2112,camera,axis_3,151,SAT,1,8,0,0,0,1,0,7.11,1180.547
r8_m191_same,8,same,7,191,search,query,nodes,194,camera,axis_1,58,SAT,27,14,2,3,0,4,3,7.441,7.441
r8_m191_same,8,same,7,191,search,query,branches,194,camera,axis_1,58,SAT,27,14,2,3,0,4,3,7.441,7.441
r8_m191_same,8,same,7,191,search,query,us,7806,camera,oblique_1,1087,SAT,6,11,2,1,1,2,1,100.031,100.031
r8_m191_same,8,same,7,191,search,query,raw_max_us,7806,camera,oblique_1,1087,SAT,6,11,2,1,1,2,1,100.031,100.031
r8_m191_same,8,same,7,191,decomposition,feasibility,nodes,254,camera,axis_1,2582,SAT,24,16,2,4,6,12,7,10.817,11.027
r8_m191_same,8,same,7,191,decomposition,feasibility,branches,254,camera,axis_1,2582,SAT,24,16,2,4,6,12,7,10.817,11.027
r8_m191_same,8,same,7,191,decomposition,feasibility,us,6909,camera,axis_6,913,SAT,1,8,0,0,0,1,0,56.365,60.061
r8_m191_same,8,same,7,191,decomposition,feasibility,raw_max_us,7147,camera,axis_6,1033,SAT,2,9,0,0,0,1,0,8.352,321.887
r8_m191_same,8,same,7,191,decomposition,projection,nodes,254,camera,axis_1,2582,SAT,24,16,2,4,6,55,28,50.046,50.406
r8_m191_same,8,same,7,191,decomposition,projection,branches,254,camera,axis_1,2582,SAT,24,16,2,4,6,55,28,50.046,50.406
r8_m191_same,8,same,7,191,decomposition,projection,us,7385,camera,axis_6,1168,SAT,14,16,8,1,4,14,6,100.181,334.837
r8_m191_same,8,same,7,191,decomposition,projection,raw_max_us,7144,camera,axis_6,394,SAT,1,8,0,0,0,1,0,11.628,1120.806
r8_m191_same,8,same,7,191,decomposition,query,nodes,194,camera,axis_1,58,SAT,27,14,2,3,0,7,3,6.26,6.26
r8_m191_same,8,same,7,191,decomposition,query,branches,194,camera,axis_1,58,SAT,27,14,2,3,0,7,3,6.26,6.26
r8_m191_same,8,same,7,191,decomposition,query,us,2138,camera,axis_3,5596,SAT,1,8,0,0,0,1,0,253.894,253.894
r8_m191_same,8,same,7,191,decomposition,query,raw_max_us,2138,camera,axis_3,5596,SAT,1,8,0,0,0,1,0,253.894,253.894
r8_m191_same,8,same,7,191,fixed_hit,feasibility,nodes,250,camera,axis_1,2573,SAT,8,14,2,3,6,7,6,10.637,11.358
r8_m191_same,8,same,7,191,fixed_hit,feasibility,branches,250,camera,axis_1,2573,SAT,8,14,2,3,6,7,6,10.637,11.358
r8_m191_same,8,same,7,191,fixed_hit,feasibility,us,6933,camera,axis_6,1109,SAT,1,8,0,0,0,1,0,34.693,190.668
r8_m191_same,8,same,7,191,fixed_hit,feasibility,raw_max_us,9346,camera,oblique_2,637,SAT,1,8,0,0,0,1,0,13.53,1214.248
r8_m191_same,8,same,7,191,fixed_hit,projection,nodes,254,camera,axis_1,2582,SAT,24,16,2,4,6,42,30,62.585,64.718
r8_m191_same,8,same,7,191,fixed_hit,projection,branches,254,camera,axis_1,2582,SAT,24,16,2,4,6,42,30,62.585,64.718
r8_m191_same,8,same,7,191,fixed_hit,projection,us,1005,camera,axis_2,156,SAT,2,9,0,0,0,2,0,132.26,210.078
r8_m191_same,8,same,7,191,fixed_hit,projection,raw_max_us,10608,camera,oblique_2,4702,SAT,1,8,0,0,0,1,0,12.729,848.204
r8_m191_same,8,same,7,191,fixed_hit,query,nodes,749,camera,axis_2,5690,SAT,2,10,2,1,2,3,2,6.109,6.109
r8_m191_same,8,same,7,191,fixed_hit,query,branches,749,camera,axis_2,5690,SAT,2,10,2,1,2,3,2,6.109,6.109
r8_m191_same,8,same,7,191,fixed_hit,query,us,1167,perturb_7,axis_2,4867,UNSAT,0,0,0,0,0,1,0,202.086,202.086
r8_m191_same,8,same,7,191,fixed_hit,query,raw_max_us,1167,perturb_7,axis_2,4867,UNSAT,0,0,0,0,0,1,0,202.086,202.086
r8_m191_same,8,same,7,191,both,feasibility,nodes,254,camera,axis_1,2582,SAT,24,16,2,4,6,11,6,10.406,10.676
r8_m191_same,8,same,7,191,both,feasibility,branches,250,camera,axis_1,2573,SAT,8,14,2,3,6,10,6,9.945,12.999
r8_m191_same,8,same,7,191,both,feasibility,us,7362,camera,axis_6,457,SAT,2,12,4,1,4,2,1,43.226,75.554
r8_m191_same,8,same,7,191,both,feasibility,raw_max_us,4837,camera,axis_6,1413,SAT,3,10,2,1,0,1,0,10.166,932.722
r8_m191_same,8,same,7,191,both,projection,nodes,254,camera,axis_1,2582,SAT,24,16,2,4,6,61,30,58.879,70.827
r8_m191_same,8,same,7,191,both,projection,branches,254,camera,axis_1,2582,SAT,24,16,2,4,6,61,30,58.879,70.827
r8_m191_same,8,same,7,191,both,projection,us,1784,camera,axis_3,829,SAT,1,8,0,0,0,1,0,185.411,813.171
r8_m191_same,8,same,7,191,both,projection,raw_max_us,88,camera,axis_1,110,SAT,6,12,2,2,2,14,6,16.485,1474.872
r8_m191_same,8,same,7,191,both,query,nodes,1160,perturb_0,axis_2,2665,SAT,6,12,2,2,2,4,1,5.488,5.488
r8_m191_same,8,same,7,191,both,query,branches,749,camera,axis_2,5690,SAT,2,10,2,1,2,3,2,6.099,6.099
r8_m191_same,8,same,7,191,both,query,us,6039,camera,axis_6,5270,SAT,1,8,0,0,0,1,0,257.28,257.28
r8_m191_same,8,same,7,191,both,query,raw_max_us,6039,camera,axis_6,5270,SAT,1,8,0,0,0,1,0,257.28,257.28
r8_m191_split,8,split,7,191,search,feasibility,nodes,254,camera,axis_1,2582,SAT,24,16,2,4,6,8,7,13.571,13.601
r8_m191_split,8,split,7,191,search,feasibility,branches,254,camera,axis_1,2582,SAT,24,16,2,4,6,8,7,13.571,13.601
r8_m191_split,8,split,7,191,search,feasibility,us,12471,camera,oblique_2,1118,SAT,1,8,0,0,0,1,0,34.592,61.362
r8_m191_split,8,split,7,191,search,feasibility,raw_max_us,6669,camera,axis_6,2266,SAT,1,8,0,0,0,1,0,7.221,4887.356
r8_m191_split,8,split,7,191,search,projection,nodes,254,camera,axis_1,2582,SAT,24,16,2,4,6,39,28,58.138,59.38
r8_m191_split,8,split,7,191,search,projection,branches,254,camera,axis_1,2582,SAT,24,16,2,4,6,39,28,58.138,59.38
r8_m191_split,8,split,7,191,search,projection,us,11415,camera,oblique_2,3456,SAT,1,8,0,0,0,1,0,190.268,1046.904
r8_m191_split,8,split,7,191,search,projection,raw_max_us,6308,camera,axis_6,146,SAT,1,8,0,0,0,1,0,10.135,4710.39
r8_m191_split,8,split,7,191,search,query,nodes,194,camera,axis_1,58,SAT,27,14,2,3,0,4,3,7.452,7.452
r8_m191_split,8,split,7,191,search,query,branches,194,camera,axis_1,58,SAT,27,14,2,3,0,4,3,7.452,7.452
r8_m191_split,8,split,7,191,search,query,us,11870,camera,oblique_2,2306,SAT,1,8,0,0,0,1,0,318.783,318.783
r8_m191_split,8,split,7,191,search,query,raw_max_us,11870,camera,oblique_2,2306,SAT,1,8,0,0,0,1,0,318.783,318.783
r8_m191_split,8,split,7,191,decomposition,feasibility,nodes,254,camera,axis_1,2582,SAT,24,16,2,4,6,12,7,10.866,10.876
r8_m191_split,8,split,7,191,decomposition,feasibility,branches,254,camera,axis_1,2582,SAT,24,16,2,4,6,12,7,10.866,10.876
r8_m191_split,8,split,7,191,decomposition,feasibility,us,6063,camera,axis_6,1268,SAT,1,8,0,0,0,1,0,207.795,302.448
r8_m191_split,8,split,7,191,decomposition,feasibility,raw_max_us,15265,camera,oblique_2,5148,SAT,1,8,0,0,0,1,0,8.673,2052.296
r8_m191_split,8,split,7,191,decomposition,projection,nodes,254,camera,axis_1,2582,SAT,24,16,2,4,6,55,28,49.805,50.105
r8_m191_split,8,split,7,191,decomposition,projection,branches,254,camera,axis_1,2582,SAT,24,16,2,4,6,55,28,49.805,50.105
r8_m191_split,8,split,7,191,decomposition,projection,us,11503,camera,oblique_2,1410,SAT,1,8,0,0,0,1,0,250.539,342.298
r8_m191_split,8,split,7,191,decomposition,projection,raw_max_us,6496,camera,axis_6,879,SAT,1,8,0,0,0,1,0,30.586,3805.389
r8_m191_split,8,split,7,191,decomposition,query,nodes,194,camera,axis_1,58,SAT,27,14,2,3,0,7,3,6.309,6.309
r8_m191_split,8,split,7,191,decomposition,query,branches,194,camera,axis_1,58,SAT,27,14,2,3,0,7,3,6.309,6.309
r8_m191_split,8,split,7,191,decomposition,query,us,1525,camera,axis_2,103,UNSAT,1,8,0,0,0,1,0,550.133,550.133
r8_m191_split,8,split,7,191,decomposition,query,raw_max_us,1525,camera,axis_2,103,UNSAT,1,8,0,0,0,1,0,550.133,550.133
r8_m191_split,8,split,7,191,fixed_hit,feasibility,nodes,250,camera,axis_1,2573,SAT,8,14,2,3,6,7,6,10.326,11.297
r8_m191_split,8,split,7,191,fixed_hit,feasibility,branches,250,camera,axis_1,2573,SAT,8,14,2,3,6,7,6,10.326,11.297
r8_m191_split,8,split,7,191,fixed_hit,feasibility,us,14069,camera,oblique_2,5603,SAT,1,8,0,0,0,1,0,64.738,198.611
r8_m191_split,8,split,7,191,fixed_hit,feasibility,raw_max_us,6553,camera,axis_6,5734,SAT,1,8,0,0,0,1,0,10.556,7385.447
r8_m191_split,8,split,7,191,fixed_hit,projection,nodes,254,camera,axis_1,2582,SAT,24,16,2,4,6,42,30,62.674,64.398
r8_m191_split,8,split,7,191,fixed_hit,projection,branches,254,camera,axis_1,2582,SAT,24,16,2,4,6,42,30,62.674,64.398
r8_m191_split,8,split,7,191,fixed_hit,projection,us,7011,camera,axis_6,3598,SAT,2,9,0,0,0,2,0,168.184,213.984
r8_m191_split,8,split,7,191,fixed_hit,projection,raw_max_us,9520,camera,oblique_1,2496,SAT,3,10,0,0,0,3,0,14.703,2778.786
r8_m191_split,8,split,7,191,fixed_hit,query,nodes,257,perturb_1,axis_1,4757,SAT,8,12,2,1,2,2,1,3.576,3.576
r8_m191_split,8,split,7,191,fixed_hit,query,branches,257,perturb_1,axis_1,4757,SAT,8,12,2,1,2,2,1,3.576,3.576
r8_m191_split,8,split,7,191,fixed_hit,query,us,10753,camera,oblique_1,5603,UNSAT,3,10,0,0,0,1,0,116.927,116.927
r8_m191_split,8,split,7,191,fixed_hit,query,raw_max_us,10753,camera,oblique_1,5603,UNSAT,3,10,0,0,0,1,0,116.927,116.927
r8_m191_split,8,split,7,191,both,feasibility,nodes,254,camera,axis_1,2582,SAT,24,16,2,4,6,11,6,10.286,10.706
r8_m191_split,8,split,7,191,both,feasibility,branches,250,camera,axis_1,2573,SAT,8,14,2,3,6,10,6,9.324,9.635
r8_m191_split,8,split,7,191,both,feasibility,us,14369,camera,oblique_2,564,SAT,1,8,0,0,0,1,0,45.669,209.657
r8_m191_split,8,split,7,191,both,feasibility,raw_max_us,6491,camera,axis_6,870,SAT,1,8,0,0,0,1,0,7.05,3856.257
r8_m191_split,8,split,7,191,both,projection,nodes,254,camera,axis_1,2582,SAT,24,16,2,4,6,61,30,58.438,74.132
r8_m191_split,8,split,7,191,both,projection,branches,254,camera,axis_1,2582,SAT,24,16,2,4,6,61,30,58.438,74.132
r8_m191_split,8,split,7,191,both,projection,us,11571,camera,oblique_2,1305,SAT,1,8,0,0,0,1,0,84.338,247.094
r8_m191_split,8,split,7,191,both,projection,raw_max_us,6241,camera,axis_6,846,SAT,1,8,0,0,0,1,0,15.383,5195.954
r8_m191_split,8,split,7,191,both,query,nodes,257,perturb_1,axis_1,4757,SAT,8,12,2,1,2,2,1,3.556,3.556
r8_m191_split,8,split,7,191,both,query,branches,257,perturb_1,axis_1,4757,SAT,8,12,2,1,2,2,1,3.556,3.556
r8_m191_split,8,split,7,191,both,query,us,6055,camera,axis_6,3584,SAT,1,8,0,0,0,1,0,737.215,737.215
r8_m191_split,8,split,7,191,both,query,raw_max_us,6055,camera,axis_6,3584,SAT,1,8,0,0,0,1,0,737.215,737.215
r8_m223_split,8,split,7,223,search,feasibility,nodes,223,camera,axis_1,3074,SAT,24,16,2,4,6,8,7,14.172,38.688
r8_m223_split,8,split,7,223,search,feasibility,branches,223,camera,axis_1,3074,SAT,24,16,2,4,6,8,7,14.172,38.688
r8_m223_split,8,split,7,223,search,feasibility,us,13367,camera,oblique_2,155,SAT,1,8,0,0,0,1,0,117.418,236.298
r8_m223_split,8,split,7,223,search,feasibility,raw_max_us,1849,camera,axis_3,3690,SAT,1,8,0,0,0,1,0,7.832,1192.375
r8_m223_split,8,split,7,223,search,projection,nodes,223,camera,axis_1,3074,SAT,24,16,2,4,6,39,28,60.922,119.471
r8_m223_split,8,split,7,223,search,projection,branches,223,camera,axis_1,3074,SAT,24,16,2,4,6,39,28,60.922,119.471
r8_m223_split,8,split,7,223,search,projection,us,1850,camera,axis_3,2241,SAT,1,8,0,0,0,1,0,210.097,428.128
r8_m223_split,8,split,7,223,search,projection,raw_max_us,1293,camera,axis_2,2255,SAT,4,12,4,1,2,6,2,14.922,2070.984
r8_m223_split,8,split,7,223,search,query,nodes,194,camera,axis_1,58,SAT,27,14,2,3,0,4,3,7.341,7.341
r8_m223_split,8,split,7,223,search,query,branches,194,camera,axis_1,58,SAT,27,14,2,3,0,4,3,7.341,7.341
r8_m223_split,8,split,7,223,search,query,us,6643,camera,axis_6,2433,UNSAT,1,8,0,0,0,1,0,540.749,540.749
r8_m223_split,8,split,7,223,search,query,raw_max_us,6643,camera,axis_6,2433,UNSAT,1,8,0,0,0,1,0,540.749,540.749
r8_m223_split,8,split,7,223,decomposition,feasibility,nodes,223,camera,axis_1,3074,SAT,24,16,2,4,6,12,7,10.997,11.017
r8_m223_split,8,split,7,223,decomposition,feasibility,branches,223,camera,axis_1,3074,SAT,24,16,2,4,6,12,7,10.997,11.017
r8_m223_split,8,split,7,223,decomposition,feasibility,us,1851,camera,axis_3,4401,SAT,1,8,0,0,0,1,0,459.966,515.14
r8_m223_split,8,split,7,223,decomposition,feasibility,raw_max_us,7665,camera,axis_6,5543,SAT,1,8,0,0,0,1,0,7.762,2157.465
r8_m223_split,8,split,7,223,decomposition,projection,nodes,223,camera,axis_1,3074,SAT,24,16,2,4,6,55,28,51.067,92.64
r8_m223_split,8,split,7,223,decomposition,projection,branches,223,camera,axis_1,3074,SAT,24,16,2,4,6,55,28,51.067,92.64
r8_m223_split,8,split,7,223,decomposition,projection,us,1849,camera,axis_3,3690,SAT,1,8,0,0,0,1,0,546.677,1116.53
r8_m223_split,8,split,7,223,decomposition,projection,raw_max_us,12031,camera,oblique_2,362,SAT,1,8,0,0,0,1,0,142.426,4627.784
r8_m223_split,8,split,7,223,decomposition,query,nodes,194,camera,axis_1,58,SAT,27,14,2,3,0,7,3,6.459,6.459
r8_m223_split,8,split,7,223,decomposition,query,branches,194,camera,axis_1,58,SAT,27,14,2,3,0,7,3,6.459,6.459
r8_m223_split,8,split,7,223,decomposition,query,us,7516,camera,axis_6,6101,SAT,3,10,2,1,0,2,1,603.293,603.293
r8_m223_split,8,split,7,223,decomposition,query,raw_max_us,7516,camera,axis_6,6101,SAT,3,10,2,1,0,2,1,603.293,603.293
r8_m223_split,8,split,7,223,fixed_hit,feasibility,nodes,95,camera,axis_1,3071,SAT,8,14,2,3,6,7,6,10.436,10.606
r8_m223_split,8,split,7,223,fixed_hit,feasibility,branches,95,camera,axis_1,3071,SAT,8,14,2,3,6,7,6,10.436,10.606
r8_m223_split,8,split,7,223,fixed_hit,feasibility,us,1587,camera,axis_2,3232,SAT,4,12,4,1,2,3,2,110.377,113.081
r8_m223_split,8,split,7,223,fixed_hit,feasibility,raw_max_us,1851,camera,axis_3,4401,SAT,1,8,0,0,0,1,0,4.457,3665.848
r8_m223_split,8,split,7,223,fixed_hit,projection,nodes,223,camera,axis_1,3074,SAT,24,16,2,4,6,42,30,63.897,66.681
r8_m223_split,8,split,7,223,fixed_hit,projection,branches,223,camera,axis_1,3074,SAT,24,16,2,4,6,42,30,63.897,66.681
r8_m223_split,8,split,7,223,fixed_hit,projection,us,1851,camera,axis_3,4401,SAT,1,8,0,0,0,1,0,443.401,1075.177
r8_m223_split,8,split,7,223,fixed_hit,projection,raw_max_us,6236,camera,axis_6,4524,SAT,1,8,0,0,0,1,0,15.904,2576.118
r8_m223_split,8,split,7,223,fixed_hit,query,nodes,943,camera,axis_2,916,SAT,2,10,2,1,2,3,2,5.499,5.499
r8_m223_split,8,split,7,223,fixed_hit,query,branches,943,camera,axis_2,916,SAT,2,10,2,1,2,3,2,5.499,5.499
r8_m223_split,8,split,7,223,fixed_hit,query,us,15239,camera,oblique_2,3713,SAT,1,8,0,0,0,1,0,133.411,133.411
r8_m223_split,8,split,7,223,fixed_hit,query,raw_max_us,15239,camera,oblique_2,3713,SAT,1,8,0,0,0,1,0,133.411,133.411
r8_m223_split,8,split,7,223,both,feasibility,nodes,223,camera,axis_1,3074,SAT,24,16,2,4,6,11,6,10.405,10.616
r8_m223_split,8,split,7,223,both,feasibility,branches,95,camera,axis_1,3071,SAT,8,14,2,3,6,10,6,9.294,63.666
r8_m223_split,8,split,7,223,both,feasibility,us,5819,camera,axis_6,5967,SAT,1,8,0,0,0,1,0,80.452,107.813
r8_m223_split,8,split,7,223,both,feasibility,raw_max_us,1355,camera,axis_2,260,SAT,1,8,0,0,0,1,0,3.546,2283.976
r8_m223_split,8,split,7,223,both,projection,nodes,223,camera,axis_1,3074,SAT,24,16,2,4,6,61,30,58.278,59.289
r8_m223_split,8,split,7,223,both,projection,branches,223,camera,axis_1,3074,SAT,24,16,2,4,6,61,30,58.278,59.289
r8_m223_split,8,split,7,223,both,projection,us,1850,camera,axis_3,2241,SAT,1,8,0,0,0,1,0,242.437,475.7
r8_m223_split,8,split,7,223,both,projection,raw_max_us,1838,camera,axis_3,2187,SAT,1,8,0,0,0,1,0,120.923,4029.809
r8_m223_split,8,split,7,223,both,query,nodes,943,camera,axis_2,916,SAT,2,10,2,1,2,3,2,5.759,5.759
r8_m223_split,8,split,7,223,both,query,branches,943,camera,axis_2,916,SAT,2,10,2,1,2,3,2,5.759,5.759
r8_m223_split,8,split,7,223,both,query,us,9304,camera,oblique_1,1061,SAT,1,8,0,0,0,1,0,476.982,476.982
r8_m223_split,8,split,7,223,both,query,raw_max_us,9304,camera,oblique_1,1061,SAT,1,8,0,0,0,1,0,476.982,476.982
r8_m223_same,8,same,7,223,search,feasibility,nodes,223,camera,axis_1,3074,SAT,24,16,2,4,6,8,7,14.322,14.892
r8_m223_same,8,same,7,223,search,feasibility,branches,223,camera,axis_1,3074,SAT,24,16,2,4,6,8,7,14.322,14.892
r8_m223_same,8,same,7,223,search,feasibility,us,5637,camera,axis_6,2244,SAT,1,8,0,0,0,1,0,132.691,461.067
r8_m223_same,8,same,7,223,search,feasibility,raw_max_us,7137,camera,axis_6,3794,SAT,4,13,5,1,4,3,2,87.182,2097.765
r8_m223_same,8,same,7,223,search,projection,nodes,223,camera,axis_1,3074,SAT,24,16,2,4,6,39,28,61.733,63.636
r8_m223_same,8,same,7,223,search,projection,branches,223,camera,axis_1,3074,SAT,24,16,2,4,6,39,28,61.733,63.636
r8_m223_same,8,same,7,223,search,projection,us,5735,camera,axis_6,425,SAT,1,8,0,0,0,1,0,123.537,543.503
r8_m223_same,8,same,7,223,search,projection,raw_max_us,7981,camera,oblique_1,793,SAT,3,10,0,0,0,3,0,15.734,1355.151
r8_m223_same,8,same,7,223,search,query,nodes,194,camera,axis_1,58,SAT,27,14,2,3,0,4,3,7.601,7.601
r8_m223_same,8,same,7,223,search,query,branches,194,camera,axis_1,58,SAT,27,14,2,3,0,4,3,7.601,7.601
r8_m223_same,8,same,7,223,search,query,us,12389,perturb_0,oblique_2,1513,UNSAT,1,8,0,0,0,1,0,61.142,61.142
r8_m223_same,8,same,7,223,search,query,raw_max_us,12389,perturb_0,oblique_2,1513,UNSAT,1,8,0,0,0,1,0,61.142,61.142
r8_m223_same,8,same,7,223,decomposition,feasibility,nodes,223,camera,axis_1,3074,SAT,24,16,2,4,6,12,7,10.716,10.887
r8_m223_same,8,same,7,223,decomposition,feasibility,branches,223,camera,axis_1,3074,SAT,24,16,2,4,6,12,7,10.716,10.887
r8_m223_same,8,same,7,223,decomposition,feasibility,us,7137,camera,axis_6,3794,SAT,4,13,5,1,4,3,2,34.823,190.208
r8_m223_same,8,same,7,223,decomposition,feasibility,raw_max_us,7074,camera,axis_6,2522,SAT,2,9,0,0,0,1,0,8.273,1916.841
r8_m223_same,8,same,7,223,decomposition,projection,nodes,223,camera,axis_1,3074,SAT,24,16,2,4,6,55,28,77.177,93.501
r8_m223_same,8,same,7,223,decomposition,projection,branches,223,camera,axis_1,3074,SAT,24,16,2,4,6,55,28,77.177,93.501
r8_m223_same,8,same,7,223,decomposition,projection,us,8526,camera,oblique_1,3834,SAT,1,8,0,0,0,1,0,92.199,100.332
r8_m223_same,8,same,7,223,decomposition,projection,raw_max_us,8139,camera,oblique_1,4653,SAT,3,10,0,0,0,3,0,14.222,1122.189
r8_m223_same,8,same,7,223,decomposition,query,nodes,194,camera,axis_1,58,SAT,27,14,2,3,0,7,3,6.43,6.43
r8_m223_same,8,same,7,223,decomposition,query,branches,194,camera,axis_1,58,SAT,27,14,2,3,0,7,3,6.43,6.43
r8_m223_same,8,same,7,223,decomposition,query,us,3593,camera,axis_3,1570,SAT,1,8,0,0,0,1,0,144.809,144.809
r8_m223_same,8,same,7,223,decomposition,query,raw_max_us,3593,camera,axis_3,1570,SAT,1,8,0,0,0,1,0,144.809,144.809
r8_m223_same,8,same,7,223,fixed_hit,feasibility,nodes,95,camera,axis_1,3071,SAT,8,14,2,3,6,7,6,10.716,10.806
r8_m223_same,8,same,7,223,fixed_hit,feasibility,branches,95,camera,axis_1,3071,SAT,8,14,2,3,6,7,6,10.716,10.806
r8_m223_same,8,same,7,223,fixed_hit,feasibility,us,3590,camera,axis_3,1489,SAT,1,8,0,0,0,1,0,37.467,804.268
r8_m223_same,8,same,7,223,fixed_hit,feasibility,raw_max_us,3590,camera,axis_3,1489,SAT,1,8,0,0,0,1,0,37.467,804.268
r8_m223_same,8,same,7,223,fixed_hit,projection,nodes,223,camera,axis_1,3074,SAT,24,16,2,4,6,42,30,66.891,67.573
r8_m223_same,8,same,7,223,fixed_hit,projection,branches,223,camera,axis_1,3074,SAT,24,16,2,4,6,42,30,66.891,67.573
r8_m223_same,8,same,7,223,fixed_hit,projection,us,10408,camera,oblique_2,5427,SAT,1,8,0,0,0,1,0,112.821,786.471
r8_m223_same,8,same,7,223,fixed_hit,projection,raw_max_us,9654,camera,oblique_2,270,SAT,1,8,0,0,0,1,0,69.485,926.763
r8_m223_same,8,same,7,223,fixed_hit,query,nodes,555,camera,axis_2,5176,SAT,6,12,4,1,2,3,2,6.39,6.39
r8_m223_same,8,same,7,223,fixed_hit,query,branches,555,camera,axis_2,5176,SAT,6,12,4,1,2,3,2,6.39,6.39
r8_m223_same,8,same,7,223,fixed_hit,query,us,2138,camera,axis_3,5208,UNSAT,2,9,0,0,0,1,0,767.842,767.842
r8_m223_same,8,same,7,223,fixed_hit,query,raw_max_us,2138,camera,axis_3,5208,UNSAT,2,9,0,0,0,1,0,767.842,767.842
r8_m223_same,8,same,7,223,both,feasibility,nodes,223,camera,axis_1,3074,SAT,24,16,2,4,6,11,6,10.877,10.896
r8_m223_same,8,same,7,223,both,feasibility,branches,95,camera,axis_1,3071,SAT,8,14,2,3,6,10,6,9.435,9.565
r8_m223_same,8,same,7,223,both,feasibility,us,9510,camera,oblique_2,179,SAT,1,8,0,0,0,1,0,201.314,378.182
r8_m223_same,8,same,7,223,both,feasibility,raw_max_us,9036,camera,oblique_1,1730,SAT,1,8,0,0,0,1,0,5.658,1139.555
r8_m223_same,8,same,7,223,both,projection,nodes,223,camera,axis_1,3074,SAT,24,16,2,4,6,61,30,59.871,59.951
r8_m223_same,8,same,7,223,both,projection,branches,223,camera,axis_1,3074,SAT,24,16,2,4,6,61,30,59.871,59.951
r8_m223_same,8,same,7,223,both,projection,us,7071,camera,axis_6,2665,SAT,2,9,0,0,0,2,0,201.656,365.393
r8_m223_same,8,same,7,223,both,projection,raw_max_us,5640,camera,axis_6,4647,SAT,1,8,0,0,0,1,0,10.406,996.228
r8_m223_same,8,same,7,223,both,query,nodes,943,camera,axis_2,1052,SAT,18,14,4,2,2,5,2,8.703,8.703
r8_m223_same,8,same,7,223,both,query,branches,555,camera,axis_2,5176,SAT,6,12,4,1,2,3,2,6.64,6.64
r8_m223_same,8,same,7,223,both,query,us,6524,camera,axis_6,3239,SAT,1,8,0,0,0,1,0,226.853,226.853
r8_m223_same,8,same,7,223,both,query,raw_max_us,6524,camera,axis_6,3239,SAT,1,8,0,0,0,1,0,226.853,226.853
r8_m255_same,8,same,8,255,search,feasibility,nodes,255,camera,axis_1,3320,SAT,16,16,2,4,8,9,8,14.361,14.623
r8_m255_same,8,same,8,255,search,feasibility,branches,255,camera,axis_1,3320,SAT,16,16,2,4,8,9,8,14.361,14.623
r8_m255_same,8,same,8,255,search,feasibility,us,6496,camera,axis_6,2142,SAT,1,8,0,0,0,1,0,288.247,808.895
r8_m255_same,8,same,8,255,search,feasibility,raw_max_us,964,camera,axis_2,417,SAT,7,12,4,1,0,2,1,6.85,2945.147
r8_m255_same,8,same,8,255,search,projection,nodes,255,camera,axis_1,3320,SAT,16,16,2,4,8,45,32,66.12,282.007
r8_m255_same,8,same,8,255,search,projection,branches,255,camera,axis_1,3320,SAT,16,16,2,4,8,45,32,66.12,282.007
r8_m255_same,8,same,8,255,search,projection,us,103,camera,axis_1,808,SAT,54,16,2,4,2,27,20,193.293,217.479
r8_m255_same,8,same,8,255,search,projection,raw_max_us,14369,camera,oblique_2,942,SAT,1,8,0,0,0,1,0,14.142,3079.051
r8_m255_same,8,same,8,255,search,query,nodes,260,perturb_4,axis_1,3076,SAT,54,16,2,4,2,5,4,9.384,9.384
r8_m255_same,8,same,8,255,search,query,branches,260,perturb_4,axis_1,3076,SAT,54,16,2,4,2,5,4,9.384,9.384
r8_m255_same,8,same,8,255,search,query,us,16445,camera,oblique_2,4747,UNSAT,2,9,0,0,0,1,0,220.364,220.364
r8_m255_same,8,same,8,255,search,query,raw_max_us,16445,camera,oblique_2,4747,UNSAT,2,9,0,0,0,1,0,220.364,220.364
r8_m255_same,8,same,8,255,decomposition,feasibility,nodes,255,camera,axis_1,3320,SAT,16,16,2,4,8,13,8,11.648,13.741
r8_m255_same,8,same,8,255,decomposition,feasibility,branches,255,camera,axis_1,3320,SAT,16,16,2,4,8,13,8,11.648,13.741
r8_m255_same,8,same,8,255,decomposition,feasibility,us,104,camera,axis_1,34,SAT,27,14,2,3,0,7,3,81.664,216.467
r8_m255_same,8,same,8,255,decomposition,feasibility,raw_max_us,125,camera,axis_1,863,SAT,36,16,2,4,4,11,6,12.489,2152.758
r8_m255_same,8,same,8,255,decomposition,projection,nodes,255,camera,axis_1,3320,SAT,16,16,2,4,8,61,32,57.367,125.36
r8_m255_same,8,same,8,255,decomposition,projection,branches,255,camera,axis_1,3320,SAT,16,16,2,4,8,61,32,57.367,125.36
r8_m255_same,8,same,8,255,decomposition,projection,us,8555,camera,axis_6,3713,SAT,2,12,4,1,4,5,1,174.765,314.766
r8_m255_same,8,same,8,255,decomposition,projection,raw_max_us,14364,camera,oblique_2,591,SAT,1,8,0,0,0,1,0,14.952,3072.481
r8_m255_same,8,same,8,255,decomposition,query,nodes,260,perturb_4,axis_1,3076,SAT,54,16,2,4,2,8,4,53.09,53.09
r8_m255_same,8,same,8,255,decomposition,query,branches,260,perturb_4,axis_1,3076,SAT,54,16,2,4,2,8,4,53.09,53.09
r8_m255_same,8,same,8,255,decomposition,query,us,13244,camera,oblique_2,3009,UNSAT,2,9,0,0,0,1,0,240.995,240.995
r8_m255_same,8,same,8,255,decomposition,query,raw_max_us,13244,camera,oblique_2,3009,UNSAT,2,9,0,0,0,1,0,240.995,240.995
r8_m255_same,8,same,8,255,fixed_hit,feasibility,nodes,255,camera,axis_1,3320,SAT,16,16,2,4,8,9,8,14.382,15.214
r8_m255_same,8,same,8,255,fixed_hit,feasibility,branches,255,camera,axis_1,3320,SAT,16,16,2,4,8,9,8,14.382,15.214
r8_m255_same,8,same,8,255,fixed_hit,feasibility,us,14438,camera,oblique_2,533,SAT,1,8,0,0,0,1,0,67.963,74.223
r8_m255_same,8,same,8,255,fixed_hit,feasibility,raw_max_us,8036,camera,axis_6,4836,SAT,1,8,0,0,0,1,0,11.337,3114.614
r8_m255_same,8,same,8,255,fixed_hit,projection,nodes,255,camera,axis_1,3320,SAT,16,16,2,4,8,45,32,64.748,66.881
r8_m255_same,8,same,8,255,fixed_hit,projection,branches,255,camera,axis_1,3320,SAT,16,16,2,4,8,45,32,64.748,66.881
r8_m255_same,8,same,8,255,fixed_hit,projection,us,1284,camera,axis_2,368,SAT,36,16,4,2,4,31,20,124.068,193.212
r8_m255_same,8,same,8,255,fixed_hit,projection,raw_max_us,811,camera,axis_2,641,SAT,42,16,4,2,2,22,12,52.389,2136.774
r8_m255_same,8,same,8,255,fixed_hit,query,nodes,1040,camera,axis_2,2490,SAT,4,12,4,1,4,5,4,8.392,8.392
r8_m255_same,8,same,8,255,fixed_hit,query,branches,1040,camera,axis_2,2490,SAT,4,12,4,1,4,5,4,8.392,8.392
r8_m255_same,8,same,8,255,fixed_hit,query,us,14311,camera,oblique_2,882,SAT,1,8,0,0,0,1,0,1124.983,1124.983
r8_m255_same,8,same,8,255,fixed_hit,query,raw_max_us,14311,camera,oblique_2,882,SAT,1,8,0,0,0,1,0,1124.983,1124.983
r8_m255_same,8,same,8,255,both,feasibility,nodes,255,camera,axis_1,3320,SAT,16,16,2,4,8,13,8,11.798,16.676
r8_m255_same,8,same,8,255,both,feasibility,branches,255,camera,axis_1,3320,SAT,16,16,2,4,8,13,8,11.798,16.676
r8_m255_same,8,same,8,255,both,feasibility,us,15075,camera,oblique_2,6471,SAT,1,8,0,0,0,1,0,76.696,282.558
r8_m255_same,8,same,8,255,both,feasibility,raw_max_us,15931,camera,oblique_2,6113,SAT,3,10,0,0,0,1,0,49.665,1415.822
r8_m255_same,8,same,8,255,both,projection,nodes,127,camera,axis_1,3077,SAT,24,16,2,4,6,61,30,58.698,60.832
r8_m255_same,8,same,8,255,both,projection,branches,255,camera,axis_1,3320,SAT,16,16,2,4,8,61,32,57.708,117.317
r8_m255_same,8,same,8,255,both,projection,us,239,camera,axis_1,3238,SAT,24,16,2,4,6,61,30,192.101,1144.502
r8_m255_same,8,same,8,255,both,projection,raw_max_us,14286,camera,oblique_2,2205,SAT,1,8,0,0,0,1,0,15.443,3292.444
r8_m255_same,8,same,8,255,both,query,nodes,260,perturb_4,axis_1,3076,SAT,54,16,2,4,2,6,2,6.49,6.49
r8_m255_same,8,same,8,255,both,query,branches,1040,camera,axis_2,2490,SAT,4,12,4,1,4,5,4,8.263,8.263
r8_m255_same,8,same,8,255,both,query,us,3915,camera,axis_3,2370,SAT,1,8,0,0,0,1,0,494.639,494.639
r8_m255_same,8,same,8,255,both,query,raw_max_us,3915,camera,axis_3,2370,SAT,1,8,0,0,0,1,0,494.639,494.639
r8_m255_split,8,split,8,255,search,feasibility,nodes,255,camera,axis_1,3320,SAT,16,16,2,4,8,9,8,14.772,15.163
r8_m255_split,8,split,8,255,search,feasibility,branches,255,camera,axis_1,3320,SAT,16,16,2,4,8,9,8,14.772,15.163
r8_m255_split,8,split,8,255,search,feasibility,us,1570,camera,axis_2,3864,SAT,4,12,4,1,2,2,1,57.607,148.245
r8_m255_split,8,split,8,255,search,feasibility,raw_max_us,16331,camera,oblique_2,918,SAT,1,8,0,0,0,1,0,8.313,2141.361
r8_m255_split,8,split,8,255,search,projection,nodes,255,camera,axis_1,3320,SAT,16,16,2,4,8,45,32,66.51,98.759
r8_m255_split,8,split,8,255,search,projection,branches,255,camera,axis_1,3320,SAT,16,16,2,4,8,45,32,66.51,98.759
r8_m255_split,8,split,8,255,search,projection,us,21362,camera,oblique_2,4002,SAT,1,8,0,0,0,1,0,235.177,872.16
r8_m255_split,8,split,8,255,search,projection,raw_max_us,3584,camera,axis_3,2386,SAT,3,10,2,1,0,3,1,12.078,2073.97
r8_m255_split,8,split,8,255,search,query,nodes,260,perturb_4,axis_1,3076,SAT,54,16,2,4,2,5,4,9.234,9.234
r8_m255_split,8,split,8,255,search,query,branches,260,perturb_4,axis_1,3076,SAT,54,16,2,4,2,5,4,9.234,9.234
r8_m255_split,8,split,8,255,search,query,us,17063,camera,oblique_2,610,SAT,1,8,0,0,0,1,0,754.412,754.412
r8_m255_split,8,split,8,255,search,query,raw_max_us,17063,camera,oblique_2,610,SAT,1,8,0,0,0,1,0,754.412,754.412
r8_m255_split,8,split,8,255,decomposition,feasibility,nodes,255,camera,axis_1,3320,SAT,16,16,2,4,8,13,8,11.658,11.908
r8_m255_split,8,split,8,255,decomposition,feasibility,branches,255,camera,axis_1,3320,SAT,16,16,2,4,8,13,8,11.658,11.908
r8_m255_split,8,split,8,255,decomposition,feasibility,us,17817,camera,oblique_2,2282,SAT,1,8,0,0,0,1,0,134.073,207.644
r8_m255_split,8,split,8,255,decomposition,feasibility,raw_max_us,3594,camera,axis_3,3764,SAT,1,8,0,0,0,1,0,5.829,2075.04
r8_m255_split,8,split,8,255,decomposition,projection,nodes,255,camera,axis_1,3320,SAT,16,16,2,4,8,61,32,57.227,58.058
r8_m255_split,8,split,8,255,decomposition,projection,branches,255,camera,axis_1,3320,SAT,16,16,2,4,8,61,32,57.227,58.058
r8_m255_split,8,split,8,255,decomposition,projection,us,18123,camera,oblique_2,472,SAT,1,8,0,0,0,1,0,279.773,447.617
r8_m255_split,8,split,8,255,decomposition,projection,raw_max_us,16340,camera,oblique_2,3051,SAT,1,8,0,0,0,1,0,14.822,2112.127
r8_m255_split,8,split,8,255,decomposition,query,nodes,260,perturb_4,axis_1,3076,SAT,54,16,2,4,2,8,4,7.492,7.492
r8_m255_split,8,split,8,255,decomposition,query,branches,260,perturb_4,axis_1,3076,SAT,54,16,2,4,2,8,4,7.492,7.492
r8_m255_split,8,split,8,255,decomposition,query,us,11680,camera,axis_6,4478,SAT,1,8,0,0,0,1,0,277.44,277.44
r8_m255_split,8,split,8,255,decomposition,query,raw_max_us,11680,camera,axis_6,4478,SAT,1,8,0,0,0,1,0,277.44,277.44
r8_m255_split,8,split,8,255,fixed_hit,feasibility,nodes,255,camera,axis_1,3320,SAT,16,16,2,4,8,9,8,14.562,14.782
r8_m255_split,8,split,8,255,fixed_hit,feasibility,branches,255,camera,axis_1,3320,SAT,16,16,2,4,8,9,8,14.562,14.782
r8_m255_split,8,split,8,255,fixed_hit,feasibility,us,18124,camera,oblique_2,310,SAT,1,8,0,0,0,1,0,94.953,154.103
r8_m255_split,8,split,8,255,fixed_hit,feasibility,raw_max_us,16029,camera,oblique_1,4453,SAT,6,11,0,0,0,1,0,7.05,3076.296
r8_m255_split,8,split,8,255,fixed_hit,projection,nodes,255,camera,axis_1,3320,SAT,16,16,2,4,8,45,32,64.277,65.479
r8_m255_split,8,split,8,255,fixed_hit,projection,branches,255,camera,axis_1,3320,SAT,16,16,2,4,8,45,32,64.277,65.479
r8_m255_split,8,split,8,255,fixed_hit,projection,us,7830,camera,axis_6,2000,SAT,35,16,8,1,0,9,0,90.717,99.22
r8_m255_split,8,split,8,255,fixed_hit,projection,raw_max_us,16568,camera,oblique_2,3039,SAT,1,8,0,0,0,1,0,16.996,3508.951
r8_m255_split,8,split,8,255,fixed_hit,query,nodes,260,perturb_4,axis_1,3076,SAT,54,16,2,4,2,3,2,5.809,5.809
r8_m255_split,8,split,8,255,fixed_hit,query,branches,260,perturb_4,axis_1,3076,SAT,54,16,2,4,2,3,2,5.809,5.809
r8_m255_split,8,split,8,255,fixed_hit,query,us,18130,camera,oblique_2,796,SAT,1,8,0,0,0,1,0,194.364,194.364
r8_m255_split,8,split,8,255,fixed_hit,query,raw_max_us,18130,camera,oblique_2,796,SAT,1,8,0,0,0,1,0,194.364,194.364
r8_m255_split,8,split,8,255,both,feasibility,nodes,255,camera,axis_1,3320,SAT,16,16,2,4,8,13,8,11.678,11.948
r8_m255_split,8,split,8,255,both,feasibility,branches,255,camera,axis_1,3320,SAT,16,16,2,4,8,13,8,11.678,11.948
r8_m255_split,8,split,8,255,both,feasibility,us,5130,camera,axis_3,4097,SAT,1,8,0,0,0,1,0,55.093,209.026
r8_m255_split,8,split,8,255,both,feasibility,raw_max_us,12561,camera,axis_6,4315,SAT,1,8,0,0,0,1,0,7.802,1680.664
r8_m255_split,8,split,8,255,both,projection,nodes,127,camera,axis_1,3077,SAT,24,16,2,4,6,61,30,59.53,60.531
r8_m255_split,8,split,8,255,both,projection,branches,255,camera,axis_1,3320,SAT,16,16,2,4,8,61,32,57.186,58.299
r8_m255_split,8,split,8,255,both,projection,us,125,camera,axis_1,863,SAT,36,16,2,4,4,57,24,100.603,127.303
r8_m255_split,8,split,8,255,both,projection,raw_max_us,16317,camera,oblique_2,3456,SAT,1,8,0,0,0,1,0,12.469,3089.637
r8_m255_split,8,split,8,255,both,query,nodes,260,perturb_4,axis_1,3076,SAT,54,16,2,4,2,6,2,6.42,6.42
r8_m255_split,8,split,8,255,both,query,branches,260,perturb_4,axis_1,3076,SAT,54,16,2,4,2,6,2,6.42,6.42
r8_m255_split,8,split,8,255,both,query,us,18130,camera,oblique_2,796,SAT,1,8,0,0,0,1,0,376.119,376.119
r8_m255_split,8,split,8,255,both,query,raw_max_us,18130,camera,oblique_2,796,SAT,1,8,0,0,0,1,0,376.119,376.119
r16_m255_same,16,same,8,255,search,feasibility,nodes,3009,camera,axis_2,728,SAT,9,12,2,2,0,3,2,10.125,10.335
r16_m255_same,16,same,8,255,search,feasibility,branches,3009,camera,axis_2,728,SAT,9,12,2,2,0,3,2,10.125,10.335
r16_m255_same,16,same,8,255,search,feasibility,us,11490,camera,axis_3,158,SAT,1,8,0,0,0,1,0,749.465,918.7
r16_m255_same,16,same,8,255,search,feasibility,raw_max_us,22736,camera,oblique_1,274,SAT,1,8,0,0,0,1,0,20.03,2403.097
r16_m255_same,16,same,8,255,search,projection,nodes,22623,camera,oblique_1,3209,SAT,16,13,3,1,1,8,3,88.344,90.447
r16_m255_same,16,same,8,255,search,projection,branches,3009,camera,axis_2,728,SAT,9,12,2,2,0,7,4,22.273,22.625
r16_m255_same,16,same,8,255,search,projection,us,20103,camera,oblique_1,5642,SAT,8,12,2,1,0,5,1,304.591,1015.308
r16_m255_same,16,same,8,255,search,projection,raw_max_us,3053,camera,axis_2,2420,SAT,6,11,2,1,0,5,2,18.458,4456.756
r16_m255_same,16,same,8,255,search,query,nodes,2894,camera,axis_2,537,SAT,3,10,2,1,0,2,1,7.031,7.031
r16_m255_same,16,same,8,255,search,query,branches,2894,camera,axis_2,537,SAT,3,10,2,1,0,2,1,7.031,7.031
r16_m255_same,16,same,8,255,search,query,us,26604,camera,oblique_2,3232,SAT,1,8,0,0,0,1,0,264.671,264.671
r16_m255_same,16,same,8,255,search,query,raw_max_us,26604,camera,oblique_2,3232,SAT,1,8,0,0,0,1,0,264.671,264.671
r16_m255_same,16,same,8,255,decomposition,feasibility,nodes,3009,camera,axis_2,728,SAT,9,12,2,2,0,5,2,7.591,9.835
r16_m255_same,16,same,8,255,decomposition,feasibility,branches,3009,camera,axis_2,728,SAT,9,12,2,2,0,5,2,7.591,9.835
r16_m255_same,16,same,8,255,decomposition,feasibility,us,23979,camera,oblique_2,6414,SAT,3,10,0,0,0,1,0,66.14,147.583
r16_m255_same,16,same,8,255,decomposition,feasibility,raw_max_us,18441,camera,axis_6,1768,SAT,1,8,0,0,0,1,0,8.032,4077.926
r16_m255_same,16,same,8,255,decomposition,projection,nodes,3009,camera,axis_2,728,SAT,9,12,2,2,0,9,4,19.239,21.442
r16_m255_same,16,same,8,255,decomposition,projection,branches,3009,camera,axis_2,728,SAT,9,12,2,2,0,9,4,19.239,21.442
r16_m255_same,16,same,8,255,decomposition,projection,us,28125,camera,oblique_2,130,SAT,1,8,0,0,0,1,0,290.73,1718.14
r16_m255_same,16,same,8,255,decomposition,projection,raw_max_us,3045,camera,axis_2,2924,SAT,4,10,0,0,0,3,0,14.112,3543.494
r16_m255_same,16,same,8,255,decomposition,query,nodes,2894,camera,axis_2,537,SAT,3,10,2,1,0,2,1,6.87,6.87
r16_m255_same,16,same,8,255,decomposition,query,branches,2894,camera,axis_2,537,SAT,3,10,2,1,0,2,1,6.87,6.87
r16_m255_same,16,same,8,255,decomposition,query,us,23985,camera,oblique_2,4167,SAT,2,9,0,0,0,1,0,165.79,165.79
r16_m255_same,16,same,8,255,decomposition,query,raw_max_us,23985,camera,oblique_2,4167,SAT,2,9,0,0,0,1,0,165.79,165.79
r16_m255_same,16,same,8,255,fixed_hit,feasibility,nodes,22465,camera,oblique_1,3218,SAT,8,12,3,1,2,3,2,32.39,34.552
r16_m255_same,16,same,8,255,fixed_hit,feasibility,branches,22465,camera,oblique_1,3218,SAT,8,12,3,1,2,3,2,32.39,34.552
r16_m255_same,16,same,8,255,fixed_hit,feasibility,us,24142,camera,oblique_2,5078,SAT,1,8,0,0,0,1,0,77.107,136.937
r16_m255_same,16,same,8,255,fixed_hit,feasibility,raw_max_us,22772,camera,oblique_1,1165,SAT,1,8,0,0,0,1,0,17.887,2061.961
r16_m255_same,16,same,8,255,fixed_hit,projection,nodes,22465,camera,oblique_1,3218,SAT,8,12,3,1,2,7,3,73.551,75.354
r16_m255_same,16,same,8,255,fixed_hit,projection,branches,22465,camera,oblique_1,3218,SAT,8,12,3,1,2,7,3,73.551,75.354
r16_m255_same,16,same,8,255,fixed_hit,projection,us,23346,camera,oblique_2,5940,SAT,1,8,0,0,0,1,0,204.539,251.821
r16_m255_same,16,same,8,255,fixed_hit,projection,raw_max_us,24022,camera,oblique_2,899,SAT,1,8,0,0,0,1,0,30.566,2112.989
r16_m255_same,16,same,8,255,fixed_hit,query,nodes,22433,camera,oblique_1,5405,SAT,3,10,2,1,1,2,1,26.129,26.129
r16_m255_same,16,same,8,255,fixed_hit,query,branches,22433,camera,oblique_1,5405,SAT,3,10,2,1,1,2,1,26.129,26.129
r16_m255_same,16,same,8,255,fixed_hit,query,us,28253,camera,oblique_2,1156,SAT,1,8,0,0,0,1,0,784.067,784.067
r16_m255_same,16,same,8,255,fixed_hit,query,raw_max_us,28253,camera,oblique_2,1156,SAT,1,8,0,0,0,1,0,784.067,784.067
r16_m255_same,16,same,8,255,both,feasibility,nodes,22465,camera,oblique_1,3218,SAT,8,12,3,1,2,3,2,32.309,32.489
r16_m255_same,16,same,8,255,both,feasibility,branches,22465,camera,oblique_1,3218,SAT,8,12,3,1,2,3,2,32.309,32.489
r16_m255_same,16,same,8,255,both,feasibility,us,4836,camera,axis_2,3238,SAT,1,8,0,0,0,1,0,101.303,103.727
r16_m255_same,16,same,8,255,both,feasibility,raw_max_us,3097,camera,axis_2,810,SAT,1,8,0,0,0,1,0,4.437,6883.499
r16_m255_same,16,same,8,255,both,projection,nodes,22465,camera,oblique_1,3218,SAT,8,12,3,1,2,7,3,73.751,73.802
r16_m255_same,16,same,8,255,both,projection,branches,22465,camera,oblique_1,3218,SAT,8,12,3,1,2,7,3,73.751,73.802
r16_m255_same,16,same,8,255,both,projection,us,27760,camera,oblique_2,3209,SAT,8,12,2,1,0,4,0,134.393,155.506
r16_m255_same,16,same,8,255,both,projection,raw_max_us,3078,camera,axis_2,530,SAT,3,10,2,1,0,3,0,12.369,5083.014
r16_m255_same,16,same,8,255,both,query,nodes,22433,camera,oblique_1,5405,SAT,3,10,2,1,1,2,1,26.009,26.009
r16_m255_same,16,same,8,255,both,query,branches,22433,camera,oblique_1,5405,SAT,3,10,2,1,1,2,1,26.009,26.009
r16_m255_same,16,same,8,255,both,query,us,26022,camera,oblique_2,694,SAT,1,8,0,0,0,1,0,718.427,718.427
r16_m255_same,16,same,8,255,both,query,raw_max_us,26022,camera,oblique_2,694,SAT,1,8,0,0,0,1,0,718.427,718.427
r16_m255_split,16,split,8,255,search,feasibility,nodes,3105,camera,axis_2,728,SAT,9,12,2,2,0,3,2,10.136,10.206
r16_m255_split,16,split,8,255,search,feasibility,branches,3105,camera,axis_2,728,SAT,9,12,2,2,0,3,2,10.136,10.206
r16_m255_split,16,split,8,255,search,feasibility,us,25738,camera,oblique_2,5717,SAT,1,8,0,0,0,1,0,309.058,858.229
r16_m255_split,16,split,8,255,search,feasibility,raw_max_us,20708,camera,oblique_1,2726,SAT,3,10,0,0,0,1,0,12.88,2018.808
r16_m255_split,16,split,8,255,search,projection,nodes,3105,camera,axis_2,728,SAT,9,12,2,2,0,7,4,22.194,22.905
r16_m255_split,16,split,8,255,search,projection,branches,3105,camera,axis_2,728,SAT,9,12,2,2,0,7,4,22.194,22.905
r16_m255_split,16,split,8,255,search,projection,us,21503,camera,oblique_1,2504,SAT,3,10,0,0,0,3,0,101.313,291.382
r16_m255_split,16,split,8,255,search,projection,raw_max_us,29876,camera,oblique_2,5711,SAT,1,8,0,0,0,1,0,32.67,2256.175
r16_m255_split,16,split,8,255,search,query,nodes,3088,camera,axis_2,188,SAT,3,10,2,1,0,2,1,7.521,7.521
r16_m255_split,16,split,8,255,search,query,branches,3088,camera,axis_2,188,SAT,3,10,2,1,0,2,1,7.521,7.521
r16_m255_split,16,split,8,255,search,query,us,8616,camera,axis_3,3168,UNSAT,1,8,0,0,0,1,0,260.434,260.434
r16_m255_split,16,split,8,255,search,query,raw_max_us,8616,camera,axis_3,3168,UNSAT,1,8,0,0,0,1,0,260.434,260.434
r16_m255_split,16,split,8,255,decomposition,feasibility,nodes,3105,camera,axis_2,728,SAT,9,12,2,2,0,5,2,7.562,9.935
r16_m255_split,16,split,8,255,decomposition,feasibility,branches,3105,camera,axis_2,728,SAT,9,12,2,2,0,5,2,7.562,9.935
r16_m255_split,16,split,8,255,decomposition,feasibility,us,21352,camera,oblique_1,5516,SAT,1,8,0,0,0,1,0,93.631,116.806
r16_m255_split,16,split,8,255,decomposition,feasibility,raw_max_us,20716,camera,oblique_1,4205,SAT,3,10,0,0,0,1,0,12.048,2112.259
r16_m255_split,16,split,8,255,decomposition,projection,nodes,3105,camera,axis_2,728,SAT,9,12,2,2,0,9,4,19.339,20.822
r16_m255_split,16,split,8,255,decomposition,projection,branches,3105,camera,axis_2,728,SAT,9,12,2,2,0,9,4,19.339,20.822
r16_m255_split,16,split,8,255,decomposition,projection,us,28873,camera,oblique_2,2937,SAT,1,8,0,0,0,1,0,220.915,327.236
r16_m255_split,16,split,8,255,decomposition,projection,raw_max_us,14831,camera,axis_6,1574,SAT,1,8,0,0,0,1,0,12.298,2078.145
r16_m255_split,16,split,8,255,decomposition,query,nodes,3088,camera,axis_2,188,SAT,3,10,2,1,0,2,1,7.121,7.121
r16_m255_split,16,split,8,255,decomposition,query,branches,3088,camera,axis_2,188,SAT,3,10,2,1,0,2,1,7.121,7.121
r16_m255_split,16,split,8,255,decomposition,query,us,9586,camera,axis_3,2926,SAT,1,8,0,0,0,1,0,242.877,242.877
r16_m255_split,16,split,8,255,decomposition,query,raw_max_us,9586,camera,axis_3,2926,SAT,1,8,0,0,0,1,0,242.877,242.877
r16_m255_split,16,split,8,255,fixed_hit,feasibility,nodes,0,camera,axis_1,0,SAT,1,8,0,0,0,1,0,3.576,3.595
r16_m255_split,16,split,8,255,fixed_hit,feasibility,branches,0,camera,axis_1,0,SAT,1,8,0,0,0,1,0,3.576,3.595
r16_m255_split,16,split,8,255,fixed_hit,feasibility,us,20664,camera,oblique_1,6020,SAT,1,8,0,0,0,1,0,501.099,3564.94
r16_m255_split,16,split,8,255,fixed_hit,feasibility,raw_max_us,20664,camera,oblique_1,6020,SAT,1,8,0,0,0,1,0,501.099,3564.94
r16_m255_split,16,split,8,255,fixed_hit,projection,nodes,400,camera,axis_1,80,SAT,16,12,0,0,0,5,0,11.778,11.787
r16_m255_split,16,split,8,255,fixed_hit,projection,branches,0,camera,axis_1,0,SAT,1,8,0,0,0,1,0,4.958,5.038
r16_m255_split,16,split,8,255,fixed_hit,projection,us,23694,camera,oblique_1,5873,SAT,3,10,0,0,0,3,0,197.6,222.567
r16_m255_split,16,split,8,255,fixed_hit,projection,raw_max_us,20664,camera,oblique_1,6020,SAT,1,8,0,0,0,1,0,23.035,3615.196
r16_m255_split,16,split,8,255,fixed_hit,query,nodes,0,camera,axis_1,0,SAT,1,8,0,0,0,1,0,3.485,3.485
r16_m255_split,16,split,8,255,fixed_hit,query,branches,0,camera,axis_1,0,SAT,1,8,0,0,0,1,0,3.485,3.485
r16_m255_split,16,split,8,255,fixed_hit,query,us,7646,camera,axis_3,2400,SAT,1,8,0,0,0,1,0,2446.583,2446.583
r16_m255_split,16,split,8,255,fixed_hit,query,raw_max_us,7646,camera,axis_3,2400,SAT,1,8,0,0,0,1,0,2446.583,2446.583
r16_m255_split,16,split,8,255,both,feasibility,nodes,0,camera,axis_1,0,SAT,1,8,0,0,0,1,0,3.596,3.776
r16_m255_split,16,split,8,255,both,feasibility,branches,0,camera,axis_1,0,SAT,1,8,0,0,0,1,0,3.596,3.776
r16_m255_split,16,split,8,255,both,feasibility,us,20798,camera,oblique_1,4877,SAT,1,8,0,0,0,1,0,208.545,243.699
r16_m255_split,16,split,8,255,both,feasibility,raw_max_us,20696,camera,oblique_1,2753,SAT,3,10,0,0,0,1,0,13.992,2026.6
r16_m255_split,16,split,8,255,both,projection,nodes,400,camera,axis_1,80,SAT,16,12,0,0,0,5,0,11.638,11.658
r16_m255_split,16,split,8,255,both,projection,branches,0,camera,axis_1,0,SAT,1,8,0,0,0,1,0,4.867,5.038
r16_m255_split,16,split,8,255,both,projection,us,28872,camera,oblique_2,2208,SAT,1,8,0,0,0,1,0,142.175,614.971
r16_m255_split,16,split,8,255,both,projection,raw_max_us,22846,camera,oblique_1,3648,SAT,1,8,0,0,0,1,0,15.804,3181.565
r16_m255_split,16,split,8,255,both,query,nodes,0,camera,axis_1,0,SAT,1,8,0,0,0,1,0,3.435,3.435
r16_m255_split,16,split,8,255,both,query,branches,0,camera,axis_1,0,SAT,1,8,0,0,0,1,0,3.435,3.435
r16_m255_split,16,split,8,255,both,query,us,13616,camera,axis_6,6396,SAT,1,8,0,0,0,1,0,1033.755,1033.755
r16_m255_split,16,split,8,255,both,query,raw_max_us,13616,camera,axis_6,6396,SAT,1,8,0,0,0,1,0,1033.755,1033.755
structured_split,8,split,8,255,search,feasibility,nodes,3,structured,path_plus_triangle,0,UNSAT,0,0,3,2,6,10,9,15.133,15.774
structured_split,8,split,8,255,search,feasibility,branches,3,structured,path_plus_triangle,0,UNSAT,0,0,3,2,6,10,9,15.133,15.774
structured_split,8,split,8,255,search,feasibility,us,3,structured,path_plus_triangle,0,UNSAT,0,0,3,2,6,10,9,15.133,15.774
structured_split,8,split,8,255,search,feasibility,raw_max_us,3,structured,path_plus_triangle,0,UNSAT,0,0,3,2,6,10,9,15.133,15.774
structured_split,8,split,8,255,search,projection,nodes,2,structured,two_paths,0,SAT,4,14,3,2,6,17,8,22.845,23.496
structured_split,8,split,8,255,search,projection,branches,3,structured,path_plus_triangle,0,UNSAT,0,0,3,2,6,10,9,17.126,17.557
structured_split,8,split,8,255,search,projection,us,2,structured,two_paths,0,SAT,4,14,3,2,6,17,8,22.845,23.496
structured_split,8,split,8,255,search,projection,raw_max_us,2,structured,two_paths,0,SAT,4,14,3,2,6,17,8,22.845,23.496
structured_split,8,split,8,255,search,query,nodes,3,structured,path_plus_triangle,0,UNSAT,0,0,3,2,6,10,9,16.465,16.465
structured_split,8,split,8,255,search,query,branches,3,structured,path_plus_triangle,0,UNSAT,0,0,3,2,6,10,9,16.465,16.465
structured_split,8,split,8,255,search,query,us,3,structured,path_plus_triangle,0,UNSAT,0,0,3,2,6,4,3,19.179,19.179
structured_split,8,split,8,255,search,query,raw_max_us,3,structured,path_plus_triangle,0,UNSAT,0,0,3,2,6,4,3,19.179,19.179
structured_split,8,split,8,255,decomposition,feasibility,nodes,3,structured,path_plus_triangle,0,UNSAT,0,0,3,2,6,8,5,11.387,12.489
structured_split,8,split,8,255,decomposition,feasibility,branches,3,structured,path_plus_triangle,0,UNSAT,0,0,3,2,6,8,5,11.387,12.489
structured_split,8,split,8,255,decomposition,feasibility,us,3,structured,path_plus_triangle,0,UNSAT,0,0,3,2,6,8,5,11.387,12.489
structured_split,8,split,8,255,decomposition,feasibility,raw_max_us,3,structured,path_plus_triangle,0,UNSAT,0,0,3,2,6,8,5,11.387,12.489
structured_split,8,split,8,255,decomposition,projection,nodes,2,structured,two_paths,0,SAT,4,14,3,2,6,19,8,24.607,49.185
structured_split,8,split,8,255,decomposition,projection,branches,2,structured,two_paths,0,SAT,4,14,3,2,6,19,8,24.607,49.185
structured_split,8,split,8,255,decomposition,projection,us,2,structured,two_paths,0,SAT,4,14,3,2,6,19,8,24.607,49.185
structured_split,8,split,8,255,decomposition,projection,raw_max_us,2,structured,two_paths,0,SAT,4,14,3,2,6,19,8,24.607,49.185
structured_split,8,split,8,255,decomposition,query,nodes,3,structured,path_plus_triangle,0,UNSAT,0,0,3,2,6,8,5,11.828,11.828
structured_split,8,split,8,255,decomposition,query,branches,3,structured,path_plus_triangle,0,UNSAT,0,0,3,2,6,8,5,11.828,11.828
structured_split,8,split,8,255,decomposition,query,us,3,structured,path_plus_triangle,0,UNSAT,0,0,3,2,6,8,5,11.828,11.828
structured_split,8,split,8,255,decomposition,query,raw_max_us,3,structured,path_plus_triangle,0,UNSAT,0,0,3,2,6,8,5,11.828,11.828
structured_split,8,split,8,255,fixed_hit,feasibility,nodes,3,structured,path_plus_triangle,0,UNSAT,0,0,3,2,6,10,9,15.213,15.403
structured_split,8,split,8,255,fixed_hit,feasibility,branches,3,structured,path_plus_triangle,0,UNSAT,0,0,3,2,6,10,9,15.213,15.403
structured_split,8,split,8,255,fixed_hit,feasibility,us,3,structured,path_plus_triangle,0,UNSAT,0,0,3,2,6,10,9,15.213,15.403
structured_split,8,split,8,255,fixed_hit,feasibility,raw_max_us,3,structured,path_plus_triangle,0,UNSAT,0,0,3,2,6,10,9,15.213,15.403
structured_split,8,split,8,255,fixed_hit,projection,nodes,2,structured,two_paths,0,SAT,4,14,3,2,6,17,8,22.804,24.567
structured_split,8,split,8,255,fixed_hit,projection,branches,3,structured,path_plus_triangle,0,UNSAT,0,0,3,2,6,10,9,17.136,17.427
structured_split,8,split,8,255,fixed_hit,projection,us,2,structured,two_paths,0,SAT,4,14,3,2,6,17,8,22.804,24.567
structured_split,8,split,8,255,fixed_hit,projection,raw_max_us,2,structured,two_paths,0,SAT,4,14,3,2,6,17,8,22.804,24.567
structured_split,8,split,8,255,fixed_hit,query,nodes,3,structured,path_plus_triangle,0,UNSAT,0,0,3,2,6,10,9,15.143,15.143
structured_split,8,split,8,255,fixed_hit,query,branches,3,structured,path_plus_triangle,0,UNSAT,0,0,3,2,6,10,9,15.143,15.143
structured_split,8,split,8,255,fixed_hit,query,us,2,structured,two_paths,0,SAT,4,14,3,2,6,5,4,24.718,24.718
structured_split,8,split,8,255,fixed_hit,query,raw_max_us,2,structured,two_paths,0,SAT,4,14,3,2,6,5,4,24.718,24.718
structured_split,8,split,8,255,both,feasibility,nodes,3,structured,path_plus_triangle,0,UNSAT,0,0,3,2,6,8,5,11.257,12.869
structured_split,8,split,8,255,both,feasibility,branches,3,structured,path_plus_triangle,0,UNSAT,0,0,3,2,6,8,5,11.257,12.869
structured_split,8,split,8,255,both,feasibility,us,3,structured,path_plus_triangle,0,UNSAT,0,0,3,2,6,8,5,11.257,12.869
structured_split,8,split,8,255,both,feasibility,raw_max_us,3,structured,path_plus_triangle,0,UNSAT,0,0,3,2,6,8,5,11.257,12.869
structured_split,8,split,8,255,both,projection,nodes,2,structured,two_paths,0,SAT,4,14,3,2,6,19,8,25.96,35.905
structured_split,8,split,8,255,both,projection,branches,2,structured,two_paths,0,SAT,4,14,3,2,6,19,8,25.96,35.905
structured_split,8,split,8,255,both,projection,us,2,structured,two_paths,0,SAT,4,14,3,2,6,19,8,25.96,35.905
structured_split,8,split,8,255,both,projection,raw_max_us,2,structured,two_paths,0,SAT,4,14,3,2,6,19,8,25.96,35.905
structured_split,8,split,8,255,both,query,nodes,3,structured,path_plus_triangle,0,UNSAT,0,0,3,2,6,8,5,11.778,11.778
structured_split,8,split,8,255,both,query,branches,3,structured,path_plus_triangle,0,UNSAT,0,0,3,2,6,8,5,11.778,11.778
structured_split,8,split,8,255,both,query,us,3,structured,path_plus_triangle,0,UNSAT,0,0,3,2,6,8,5,11.778,11.778
structured_split,8,split,8,255,both,query,raw_max_us,3,structured,path_plus_triangle,0,UNSAT,0,0,3,2,6,8,5,11.778,11.778
structured_same,8,same,8,255,search,feasibility,nodes,3,structured,path_plus_triangle,0,UNSAT,0,0,3,2,6,10,9,14.993,15.373
structured_same,8,same,8,255,search,feasibility,branches,3,structured,path_plus_triangle,0,UNSAT,0,0,3,2,6,10,9,14.993,15.373
structured_same,8,same,8,255,search,feasibility,us,3,structured,path_plus_triangle,0,UNSAT,0,0,3,2,6,10,9,14.993,15.373
structured_same,8,same,8,255,search,feasibility,raw_max_us,3,structured,path_plus_triangle,0,UNSAT,0,0,3,2,6,10,9,14.993,15.373
structured_same,8,same,8,255,search,projection,nodes,5,structured,fixed_plus_path,0,SAT,16,15,3,2,3,18,10,20.101,96.807
structured_same,8,same,8,255,search,projection,branches,5,structured,fixed_plus_path,0,SAT,16,15,3,2,3,18,10,20.101,96.807
structured_same,8,same,8,255,search,projection,us,2,structured,two_paths,0,SAT,4,14,3,2,6,17,8,22.985,66.15
structured_same,8,same,8,255,search,projection,raw_max_us,5,structured,fixed_plus_path,0,SAT,16,15,3,2,3,18,10,20.101,96.807
structured_same,8,same,8,255,search,query,nodes,3,structured,path_plus_triangle,0,UNSAT,0,0,3,2,6,10,9,15.253,15.253
structured_same,8,same,8,255,search,query,branches,3,structured,path_plus_triangle,0,UNSAT,0,0,3,2,6,10,9,15.253,15.253
structured_same,8,same,8,255,search,query,us,2,structured,two_paths,0,UNSAT,4,14,3,2,6,1,0,34.402,34.402
structured_same,8,same,8,255,search,query,raw_max_us,2,structured,two_paths,0,UNSAT,4,14,3,2,6,1,0,34.402,34.402
structured_same,8,same,8,255,decomposition,feasibility,nodes,3,structured,path_plus_triangle,0,UNSAT,0,0,3,2,6,8,5,11.117,11.508
structured_same,8,same,8,255,decomposition,feasibility,branches,3,structured,path_plus_triangle,0,UNSAT,0,0,3,2,6,8,5,11.117,11.508
structured_same,8,same,8,255,decomposition,feasibility,us,3,structured,path_plus_triangle,0,UNSAT,0,0,3,2,6,8,5,11.117,11.508
structured_same,8,same,8,255,decomposition,feasibility,raw_max_us,0,structured,physical_path,0,SAT,2,11,3,1,3,3,2,3.115,60.973
structured_same,8,same,8,255,decomposition,projection,nodes,5,structured,fixed_plus_path,0,SAT,16,15,3,2,3,20,10,22.655,23.175
structured_same,8,same,8,255,decomposition,projection,branches,5,structured,fixed_plus_path,0,SAT,16,15,3,2,3,20,10,22.655,23.175
structured_same,8,same,8,255,decomposition,projection,us,2,structured,two_paths,0,SAT,4,14,3,2,6,19,8,24.437,259.733
structured_same,8,same,8,255,decomposition,projection,raw_max_us,2,structured,two_paths,0,SAT,4,14,3,2,6,19,8,24.437,259.733
structured_same,8,same,8,255,decomposition,query,nodes,3,structured,path_plus_triangle,0,UNSAT,0,0,3,2,6,8,5,11.277,11.277
structured_same,8,same,8,255,decomposition,query,branches,3,structured,path_plus_triangle,0,UNSAT,0,0,3,2,6,8,5,11.277,11.277
structured_same,8,same,8,255,decomposition,query,us,3,structured,path_plus_triangle,0,UNSAT,0,0,3,2,6,8,5,11.277,11.277
structured_same,8,same,8,255,decomposition,query,raw_max_us,3,structured,path_plus_triangle,0,UNSAT,0,0,3,2,6,8,5,11.277,11.277
structured_same,8,same,8,255,fixed_hit,feasibility,nodes,3,structured,path_plus_triangle,0,UNSAT,0,0,3,2,6,10,9,14.953,15.063
structured_same,8,same,8,255,fixed_hit,feasibility,branches,3,structured,path_plus_triangle,0,UNSAT,0,0,3,2,6,10,9,14.953,15.063
structured_same,8,same,8,255,fixed_hit,feasibility,us,3,structured,path_plus_triangle,0,UNSAT,0,0,3,2,6,10,9,14.953,15.063
structured_same,8,same,8,255,fixed_hit,feasibility,raw_max_us,3,structured,path_plus_triangle,0,UNSAT,0,0,3,2,6,10,9,14.953,15.063
structured_same,8,same,8,255,fixed_hit,projection,nodes,2,structured,two_paths,0,SAT,4,14,3,2,6,17,8,22.624,24.547
structured_same,8,same,8,255,fixed_hit,projection,branches,3,structured,path_plus_triangle,0,UNSAT,0,0,3,2,6,10,9,17.095,17.366
structured_same,8,same,8,255,fixed_hit,projection,us,2,structured,two_paths,0,SAT,4,14,3,2,6,17,8,22.624,24.547
structured_same,8,same,8,255,fixed_hit,projection,raw_max_us,5,structured,fixed_plus_path,0,SAT,16,15,3,2,3,16,8,19.069,37.477
structured_same,8,same,8,255,fixed_hit,query,nodes,3,structured,path_plus_triangle,0,UNSAT,0,0,3,2,6,10,9,14.873,14.873
structured_same,8,same,8,255,fixed_hit,query,branches,3,structured,path_plus_triangle,0,UNSAT,0,0,3,2,6,10,9,14.873,14.873
structured_same,8,same,8,255,fixed_hit,query,us,1,structured,physical_triangle,0,UNSAT,0,0,3,1,3,4,3,151.8,151.8
structured_same,8,same,8,255,fixed_hit,query,raw_max_us,1,structured,physical_triangle,0,UNSAT,0,0,3,1,3,4,3,151.8,151.8
structured_same,8,same,8,255,both,feasibility,nodes,3,structured,path_plus_triangle,0,UNSAT,0,0,3,2,6,8,5,10.997,12.91
structured_same,8,same,8,255,both,feasibility,branches,3,structured,path_plus_triangle,0,UNSAT,0,0,3,2,6,8,5,10.997,12.91
structured_same,8,same,8,255,both,feasibility,us,3,structured,path_plus_triangle,0,UNSAT,0,0,3,2,6,8,5,10.997,12.91
structured_same,8,same,8,255,both,feasibility,raw_max_us,3,structured,path_plus_triangle,0,UNSAT,0,0,3,2,6,8,5,10.997,12.91
structured_same,8,same,8,255,both,projection,nodes,2,structured,two_paths,0,SAT,4,14,3,2,6,19,8,25.018,25.979
structured_same,8,same,8,255,both,projection,branches,2,structured,two_paths,0,SAT,4,14,3,2,6,19,8,25.018,25.979
structured_same,8,same,8,255,both,projection,us,2,structured,two_paths,0,SAT,4,14,3,2,6,19,8,25.018,25.979
structured_same,8,same,8,255,both,projection,raw_max_us,2,structured,two_paths,0,SAT,4,14,3,2,6,19,8,25.018,25.979
structured_same,8,same,8,255,both,query,nodes,3,structured,path_plus_triangle,0,UNSAT,0,0,3,2,6,8,5,11.507,11.507
structured_same,8,same,8,255,both,query,branches,3,structured,path_plus_triangle,0,UNSAT,0,0,3,2,6,8,5,11.507,11.507
structured_same,8,same,8,255,both,query,us,3,structured,path_plus_triangle,0,UNSAT,0,0,3,2,6,8,5,11.507,11.507
structured_same,8,same,8,255,both,query,raw_max_us,3,structured,path_plus_triangle,0,UNSAT,0,0,3,2,6,8,5,11.507,11.507
